line	occurrenceID	filename	output_path	ok	status	bytes	static_flickr_url	flickr_page	title	elapsed_ms	error
7442	e805e4cd-bef6-4e1c-8e75-60c5ea619698	7612632098.jpg	/Users/seltmann/Documents/kummel/work/flickr_recovered_missing_media_20260730_150821/7612632098.jpg	yes	200	370470	https://live.staticflickr.com/8159/7612632098_b2f8df3f99_c.jpg	https://www.flickr.com/photos/treebeard/7612632098/	Perfectly camouflaged Ambush Bug (Phymatidae, Hemiptera) on new summer flowers of California Buckwheat (Eriogonum fasciculatum, Polygonaceae) - probably Pacific Ambush Bug (Phymata pacifica)	791	
7443	ce086965-5f5a-43fa-afee-27b062777cc8	7612705248.jpg	/Users/seltmann/Documents/kummel/work/flickr_recovered_missing_media_20260730_150821/7612705248.jpg	yes	200	408488	https://live.staticflickr.com/8164/7612705248_097a9800cb_c.jpg	https://www.flickr.com/photos/treebeard/7612705248/	Ambush Bug (Phymatidae, Hemiptera) with much-larger Cabbage White (Pieris rapae) butterfly	826	
7444	29b8fd28-61b2-4794-831d-fe79e34eccd5	7612769340.jpg	/Users/seltmann/Documents/kummel/work/flickr_recovered_missing_media_20260730_150821/7612769340.jpg	yes	200	367763	https://live.staticflickr.com/7126/7612769340_7f2f0378ce_c.jpg	https://www.flickr.com/photos/treebeard/7612769340/	Ambush Bug (Phymatidae, Hemiptera) with much-larger Cabbage White (Pieris rapae) butterfly	812	
7445	2a6a53e3-dc7d-4102-b07c-c56aa12d13ba	7624466542.jpg	/Users/seltmann/Documents/kummel/work/flickr_recovered_missing_media_20260730_150821/7624466542.jpg	yes	200	278772	https://live.staticflickr.com/7114/7624466542_efe6dafd3e_b.jpg	https://www.flickr.com/photos/treebeard/7624466542/	New growth of Salt Grass (Distichlis spicata, Poacea) on the beach	851	
7446	f5b642b6-8dd5-4192-819d-bb559fb6130a	7624574818.jpg	/Users/seltmann/Documents/kummel/work/flickr_recovered_missing_media_20260730_150821/7624574818.jpg	yes	200	349262	https://live.staticflickr.com/8141/7624574818_91a63e78fe_c.jpg	https://www.flickr.com/photos/treebeard/7624574818/	Flower heads of Sneezeweed (Helenium puberulum, Asteraceae)	841	
7447	d973094e-0f39-4435-bf03-9b4010b5419b	7624625176.jpg	/Users/seltmann/Documents/kummel/work/flickr_recovered_missing_media_20260730_150821/7624625176.jpg	yes	200	364520	https://live.staticflickr.com/8141/7624625176_0a1dd76029_c.jpg	https://www.flickr.com/photos/treebeard/7624625176/	Sticky Baccharis (Baccharis douglasii, Asteraceae) near the beach	798	
7448	a4cea56b-0457-42e2-be72-a2d41f3ab460	7624807448.jpg	/Users/seltmann/Documents/kummel/work/flickr_recovered_missing_media_20260730_150821/7624807448.jpg	yes	200	365229	https://live.staticflickr.com/7272/7624807448_1a9c1c5fca_c.jpg	https://www.flickr.com/photos/treebeard/7624807448/	Complicated flowers of Narrow-leaved Milkweed (Asclepias fascicularis, Asclepiadaceae)	823	
7449	e8805cce-2dc5-4927-a549-3a8ad6bbdb99	7625671542.jpg	/Users/seltmann/Documents/kummel/work/flickr_recovered_missing_media_20260730_150821/7625671542.jpg	yes	200	115488	https://live.staticflickr.com/7139/7625671542_a1c55b2640_b.jpg	https://www.flickr.com/photos/treebeard/7625671542/	Bristly new seeds of native Narrowleaf Bedstraw (Galium angustifolium, Rubiaceae)	840	
7450	5e9173a6-eb37-4a0e-90d2-a5d59e8035eb	7625757774.jpg	/Users/seltmann/Documents/kummel/work/flickr_recovered_missing_media_20260730_150821/7625757774.jpg	yes	200	417420	https://live.staticflickr.com/7115/7625757774_dac97866a8_c.jpg	https://www.flickr.com/photos/treebeard/7625757774/	Carpenter Bee (Xylocopa, Anthophoridae, Hymenoptera) on Branching Phacelia (Phacelia ramosissima var. latifolia, Hydrophyllaceae)	266	
7451	bd87f5e6-2985-4107-961a-11ad635fc306	7625839694.jpg	/Users/seltmann/Documents/kummel/work/flickr_recovered_missing_media_20260730_150821/7625839694.jpg	yes	200	406950	https://live.staticflickr.com/7116/7625839694_81c9a7a901_c.jpg	https://www.flickr.com/photos/treebeard/7625839694/	Beautiful little Wild Bee (Anthophila, Hymenoptera) warming up on a new Aster flower in the Asteraceae	268	
7452	caec67d0-57d9-49be-8016-2558044b257b	7625914896.jpg	/Users/seltmann/Documents/kummel/work/flickr_recovered_missing_media_20260730_150821/7625914896.jpg	yes	200	361422	https://live.staticflickr.com/8009/7625914896_002dc36157_c.jpg	https://www.flickr.com/photos/treebeard/7625914896/	Anna's Hummingbird (Calypte anna) cleaning its toes in the garden	283	
7453	2254c4e6-3e0c-4f31-aff4-da0b615335ad	7626042112.jpg	/Users/seltmann/Documents/kummel/work/flickr_recovered_missing_media_20260730_150821/7626042112.jpg	yes	200	400112	https://live.staticflickr.com/8421/7626042112_d6731f8feb_c.jpg	https://www.flickr.com/photos/treebeard/7626042112/	Drone Fly (Eristalis tenax, Syrphidae, Diptera) on non-native Butterfly Bush (Buddleia davidii)	266	
7454	a39bc9e9-4940-41ce-bea9-11bb8311c280	7626125114.jpg	/Users/seltmann/Documents/kummel/work/flickr_recovered_missing_media_20260730_150821/7626125114.jpg	yes	200	78171	https://live.staticflickr.com/8290/7626125114_7c989522a5_b.jpg	https://www.flickr.com/photos/treebeard/7626125114/	"Amazing proboscis of ""true bug"" Closterocoris amoenus (Miridae, Hemiptera) on Squash (Cucurbita) flowers"	198	
7455	13491e61-f2af-47d8-8394-2fe43c50ac4d	7626311566.jpg	/Users/seltmann/Documents/kummel/work/flickr_recovered_missing_media_20260730_150821/7626311566.jpg	yes	200	397518	https://live.staticflickr.com/7280/7626311566_42f01c3eb6_c.jpg	https://www.flickr.com/photos/treebeard/7626311566/	Spider Wasp (Pompilidae, Hymenoptera) with spider prey	225	
7456	808b0e5a-be65-40d6-bb4d-87789de97bee	7626395282.jpg	/Users/seltmann/Documents/kummel/work/flickr_recovered_missing_media_20260730_150821/7626395282.jpg	yes	200	422595	https://live.staticflickr.com/7123/7626395282_0be03d929f_c.jpg	https://www.flickr.com/photos/treebeard/7626395282/	Common Checkered-Skipper (Pyrgus communis) butterfly on English Lavender (Lavandula angustifolia, Lamiaceae)	328	
7457	72443c0e-76c5-43ce-bd20-2a35074e800b	7633432656.jpg	/Users/seltmann/Documents/kummel/work/flickr_recovered_missing_media_20260730_150821/7633432656.jpg	yes	200	120373	https://live.staticflickr.com/7136/7633432656_df207fe728_b.jpg	https://www.flickr.com/photos/treebeard/7633432656/	Female California Dogface (Colias eurydice) butterfly on Purple Coneflower (Echinaceae purpurea, Asteraceae)	249	
7458	48cee66f-7953-4021-9d00-8da9e38ecfca	7633479732.jpg	/Users/seltmann/Documents/kummel/work/flickr_recovered_missing_media_20260730_150821/7633479732.jpg	yes	200	162578	https://live.staticflickr.com/8430/7633479732_a0a3c8bb8a_b.jpg	https://www.flickr.com/photos/treebeard/7633479732/	American Lady (Vanessa virginensis) butterfly perched in our garden	230	
7459	75add262-5bc2-4790-be54-c7c14070894f	7633574332.jpg	/Users/seltmann/Documents/kummel/work/flickr_recovered_missing_media_20260730_150821/7633574332.jpg	yes	200	224306	https://live.staticflickr.com/7112/7633574332_40f5fe2e9c_b.jpg	https://www.flickr.com/photos/treebeard/7633574332/	"California Sister (Adelpha bredowii) butterfly ""puddling"" - taking moisture from damp soil in our garden"	313	
7460	6d6ff3e9-0ba4-4c07-8a46-2abda1abcad1	7633614968.jpg	/Users/seltmann/Documents/kummel/work/flickr_recovered_missing_media_20260730_150821/7633614968.jpg	yes	200	182336	https://live.staticflickr.com/7247/7633614968_4a2520eb14_b.jpg	https://www.flickr.com/photos/treebeard/7633614968/	Mournful Duskywing (Erynnis tristis) butterfly - with faint white-fringe on its hindwings	257	
7461	8f54e905-1aeb-42c8-9d4c-75348fa16994	7633660018.jpg	/Users/seltmann/Documents/kummel/work/flickr_recovered_missing_media_20260730_150821/7633660018.jpg	yes	200	374798	https://live.staticflickr.com/8286/7633660018_71e11df0a4_c.jpg	https://www.flickr.com/photos/treebeard/7633660018/	Perfect little Short-horned Grasshopper (Acrididae, Orthoptera) on Sawtooth Goldenbush (Hazardia squarrosa, Asteraceae)	334	
7462	2e24454c-fe1b-4f96-84f6-39b10ab143cc	7633758712.jpg	/Users/seltmann/Documents/kummel/work/flickr_recovered_missing_media_20260730_150821/7633758712.jpg	yes	200	403123	https://live.staticflickr.com/7253/7633758712_7ce37f5631_c.jpg	https://www.flickr.com/photos/treebeard/7633758712/	"Clutch of small ""true bugs"" (Hemiptera) on non-native Yellow Star Thistle (Centaurea solstitialis, Asteraceae)"	309	
7463	385b86c5-9488-4a6d-8491-78a7651ba200	7633852608.jpg	/Users/seltmann/Documents/kummel/work/flickr_recovered_missing_media_20260730_150821/7633852608.jpg	yes	200	397210	https://live.staticflickr.com/8426/7633852608_320c735748_c.jpg	https://www.flickr.com/photos/treebeard/7633852608/	"""Yellow-form"" Ambush Bug (Phymatidae, Hemiptera) - probably the Pacific Ambush Bug (Phymata pacifica)"	324	
7464	9794cf4e-3743-4e5f-93b8-32168a21e6ef	7633924828.jpg	/Users/seltmann/Documents/kummel/work/flickr_recovered_missing_media_20260730_150821/7633924828.jpg	yes	200	162644	https://live.staticflickr.com/7120/7633924828_d7daa8e2dc_b.jpg	https://www.flickr.com/photos/treebeard/7633924828/	Fantastic summer flower of Weed's Mariposa Lily (Calochortus weedii var. vestus, aka Calochortus fimbriata, Liliaceae)	329	
7465	4f090bea-abaf-4239-b62d-cb1d4693fd21	7640440672.jpg	/Users/seltmann/Documents/kummel/work/flickr_recovered_missing_media_20260730_150821/7640440672.jpg	yes	200	141875	https://live.staticflickr.com/8283/7640440672_01728cfc6c_c.jpg	https://www.flickr.com/photos/treebeard/7640440672/	Web of tiny Variable Checkerspot (Euphydryas chalcedona) butterfly caterpillars on Climbing Penstemon (Keckiella cordifolia, Scrophulariaceae)	312	
7466	0b4e40ad-77fe-43a0-9565-5fbec308b027	7640481340.jpg	/Users/seltmann/Documents/kummel/work/flickr_recovered_missing_media_20260730_150821/7640481340.jpg	yes	200	436753	https://live.staticflickr.com/8426/7640481340_1afe712a25_c.jpg	https://www.flickr.com/photos/treebeard/7640481340/	Orb-Weaver Spider (Araneidae) with tiny fly (Diptera) on Canyon Sunflower (Venegasia carpesioides, Asteraceae)	298	
7467	b1db52fb-c5ce-4155-b19f-b9d75a828f24	7640604092.jpg	/Users/seltmann/Documents/kummel/work/flickr_recovered_missing_media_20260730_150821/7640604092.jpg	yes	200	418307	https://live.staticflickr.com/7121/7640604092_66f9860ffb_c.jpg	https://www.flickr.com/photos/treebeard/7640604092/	Black and white Wild Bee (Anthophila, Hymenoptera) on Aloe (Aloaceae) flower	357	
7468	61a620ed-6771-41f4-935d-dfa34b092f50	7640724774.jpg	/Users/seltmann/Documents/kummel/work/flickr_recovered_missing_media_20260730_150821/7640724774.jpg	yes	200	468646	https://live.staticflickr.com/8148/7640724774_8388d565cd_c.jpg	https://www.flickr.com/photos/treebeard/7640724774/	Bumblebee-like fly (Diptera) on a leaf of Butterfly Bush (Buddleia davidii) - maybe a Syrphid Flower Fly (Syrphidae), genus Merodon	316	
7469	59ee343f-e694-4064-aa48-0a48b1508b42	7640852608.jpg	/Users/seltmann/Documents/kummel/work/flickr_recovered_missing_media_20260730_150821/7640852608.jpg	yes	200	121734	https://live.staticflickr.com/8283/7640852608_c9292312f6_b.jpg	https://www.flickr.com/photos/treebeard/7640852608/	Green Lacewing (Chrysopidae, Neuroptera) - dead, but look at its eye!	313	
7470	2e61982d-639f-4ed8-b213-34d8932e9e87	7640943100.jpg	/Users/seltmann/Documents/kummel/work/flickr_recovered_missing_media_20260730_150821/7640943100.jpg	yes	200	347254	https://live.staticflickr.com/8163/7640943100_aca1261b56_c.jpg	https://www.flickr.com/photos/treebeard/7640943100/	Dead Green Lacewing (Chrysopidae, Neuroptera) - amazing eye	381	
7471	efe5ab00-ad5b-4768-965c-44eeb363c404	7641029082.jpg	/Users/seltmann/Documents/kummel/work/flickr_recovered_missing_media_20260730_150821/7641029082.jpg	yes	200	424259	https://live.staticflickr.com/8429/7641029082_03b8f4c100_c.jpg	https://www.flickr.com/photos/treebeard/7641029082/	Planthopper (Fulgoroidea, Homoptera) on leaf of Wild Blackberry (Rubus ursinus, Rosaceae) - Issid Planthopper (Issidae), maybe genus Thionia?	361	
7472	41ae4b22-470e-4aa5-b11d-6fc7885bfd34	7641142198.jpg	/Users/seltmann/Documents/kummel/work/flickr_recovered_missing_media_20260730_150821/7641142198.jpg	yes	200	135782	https://live.staticflickr.com/7257/7641142198_8cd0d8451a_b.jpg	https://www.flickr.com/photos/treebeard/7641142198/	Planthopper (Fulgoroidea, Homoptera) on leaf of Wild Blackberry (Rubus ursinus, Rosaceae) - Issid Planthopper (Issidae), maybe genus Thionia?	271	
7473	be55833c-def6-446c-8139-9230cb02dee0	7647200552.jpg	/Users/seltmann/Documents/kummel/work/flickr_recovered_missing_media_20260730_150821/7647200552.jpg	yes	200	264248	https://live.staticflickr.com/7254/7647200552_e77fe91748_b.jpg	https://www.flickr.com/photos/treebeard/7647200552/	Dried out black-spored mushroom on dry river bed - I guess the Gastroid Coprinus (Montagnea arenarius, Coprinaceae)	285	
7474	9406cc45-5540-404f-adde-e7d5d0c4f253	7647258720.jpg	/Users/seltmann/Documents/kummel/work/flickr_recovered_missing_media_20260730_150821/7647258720.jpg	yes	200	111534	https://live.staticflickr.com/8158/7647258720_b216733261_b.jpg	https://www.flickr.com/photos/treebeard/7647258720/	Slender Buckwheat (Eriogonum gracile, Polygonaceae) on sandy flat by the river	284	
7475	3ed71af6-3302-4b99-a3a5-727c4e63ba7c	7647426894.jpg	/Users/seltmann/Documents/kummel/work/flickr_recovered_missing_media_20260730_150821/7647426894.jpg	yes	200	430315	https://live.staticflickr.com/7249/7647426894_475eb41a2c_c.jpg	https://www.flickr.com/photos/treebeard/7647426894/	New summer flowers of Creek Clematis (Clematis ligusticifolia, Ranunculaceae)	435	
7476	c186259a-1606-4ec3-9a92-e73146236565	7647496574.jpg	/Users/seltmann/Documents/kummel/work/flickr_recovered_missing_media_20260730_150821/7647496574.jpg	yes	200	446749	https://live.staticflickr.com/7119/7647496574_0100796aca_c.jpg	https://www.flickr.com/photos/treebeard/7647496574/	Leaf galls of the Willow Gall Mite (Aculops tetanothrix, Eriophyidae, Acarina) on Willow (Salix, Salicaceae)	356	
7477	73f6e1e8-165f-464e-9c59-0e97300f70a6	7647590838.jpg	/Users/seltmann/Documents/kummel/work/flickr_recovered_missing_media_20260730_150821/7647590838.jpg	yes	200	471737	https://live.staticflickr.com/7268/7647590838_2126058f9b_c.jpg	https://www.flickr.com/photos/treebeard/7647590838/	New flowers of native Southern Goldenrod (Solidago confinis, Asteraceae)	358	
7478	de987af5-9c93-465c-a20d-a2bfbdbdcf92	7647647130.jpg	/Users/seltmann/Documents/kummel/work/flickr_recovered_missing_media_20260730_150821/7647647130.jpg	yes	200	356468	https://live.staticflickr.com/8153/7647647130_f1fe35fe8f_c.jpg	https://www.flickr.com/photos/treebeard/7647647130/	New flowers of non-native Water Speedwell (Veronica anagallis-aquatica, Scrophulariaceae) at the river	319	
7479	88bc39c8-9948-475d-b8e4-7176414a3d1e	7647757262.jpg	/Users/seltmann/Documents/kummel/work/flickr_recovered_missing_media_20260730_150821/7647757262.jpg	yes	200	381884	https://live.staticflickr.com/8144/7647757262_f471ecf09e_c.jpg	https://www.flickr.com/photos/treebeard/7647757262/	Wild Bee (Anthophila, Hymenoptera) on flower of native California Loosestrife (Lythrum californicum, Lythraceae)	361	
7480	7ddfaea8-7489-4a8e-9962-56d42077ce19	7647814640.jpg	/Users/seltmann/Documents/kummel/work/flickr_recovered_missing_media_20260730_150821/7647814640.jpg	yes	200	313489	https://live.staticflickr.com/8010/7647814640_2ef0aff7fb_b.jpg	https://www.flickr.com/photos/treebeard/7647814640/	Mama Mule Deer (Odocoileus hemionus) with fawn, in a thicket of White Sweet Clover (Melilotus albus, Fabaceae)	296	
7481	36caaf19-5afc-4d32-bfda-05ca78c29510	7653428302.jpg	/Users/seltmann/Documents/kummel/work/flickr_recovered_missing_media_20260730_150821/7653428302.jpg	yes	200	117415	https://live.staticflickr.com/8155/7653428302_d5c61f885e_b.jpg	https://www.flickr.com/photos/treebeard/7653428302/	"Scarlet Monkeyflower (Mimulus cardinalis, Scrophulariaceae) in our ""water garden"""	275	
7482	aaa47f5f-daaa-43f0-a40f-aa18acdb9ec5	7653513358.jpg	/Users/seltmann/Documents/kummel/work/flickr_recovered_missing_media_20260730_150821/7653513358.jpg	yes	200	119786	https://live.staticflickr.com/7273/7653513358_81959d2c66_b.jpg	https://www.flickr.com/photos/treebeard/7653513358/	Late-instar Short-horned Grasshopper (Acrididae, Orthoptera) on Scrub Oak (Quercus berberidifolia, Fagaceae)	310	
7483	7d024216-91c3-4588-aae4-33738496ae50	7653550412.jpg	/Users/seltmann/Documents/kummel/work/flickr_recovered_missing_media_20260730_150821/7653550412.jpg	yes	200	167596	https://live.staticflickr.com/8018/7653550412_d39a28b6b2_b.jpg	https://www.flickr.com/photos/treebeard/7653550412/	Treehopper (Membracidae, Homoptera) on Coast Live Oak (Quercus agrifolia, Fagaceae)	265	
7484	28c3407d-67f4-4e88-8d54-b6db040553ee	7653596310.jpg	/Users/seltmann/Documents/kummel/work/flickr_recovered_missing_media_20260730_150821/7653596310.jpg	yes	200	407914	https://live.staticflickr.com/7140/7653596310_5c18782e08_c.jpg	https://www.flickr.com/photos/treebeard/7653596310/	Face-to-face with a Treehopper (Membracidae, Homoptera) on Coast Live Oak (Quercus agrifolia, Fagaceae)	303	
7485	5e162a8e-8027-448b-8b62-6fa415a46d6e	7653618662.jpg	/Users/seltmann/Documents/kummel/work/flickr_recovered_missing_media_20260730_150821/7653618662.jpg	yes	200	441107	https://live.staticflickr.com/8434/7653618662_c17e6dba7a_c.jpg	https://www.flickr.com/photos/treebeard/7653618662/	Insect galls on seed head of Trask's Yerba Santa (Eriodictyon traskiae, Hydrophyllaceae) - like little volcanoes	281	
7486	1e2a4cfe-1400-4931-8f4e-ab5780fc5ce5	7653711368.jpg	/Users/seltmann/Documents/kummel/work/flickr_recovered_missing_media_20260730_150821/7653711368.jpg	yes	200	426977	https://live.staticflickr.com/7135/7653711368_c5642f7ae5_c.jpg	https://www.flickr.com/photos/treebeard/7653711368/	Beautiful gall of a Beaked Twig Gall Wasp (Disholcaspis plumbella, Cynipidae, Hymenoptera) on Scrub Oak (Quercus berberidifolia, Fagaceae)	364	
7487	81e7a0f2-8532-4e46-ad59-774f6b6a3454	7653749234.jpg	/Users/seltmann/Documents/kummel/work/flickr_recovered_missing_media_20260730_150821/7653749234.jpg	yes	200	423238	https://live.staticflickr.com/7121/7653749234_15a98d6f58_c.jpg	https://www.flickr.com/photos/treebeard/7653749234/	"A ""Lumpy Gall"" on Goldencup Oak (Quercus chrysolepis, Fagaceae), with galled catkins"	394	
7488	e8264a29-3d9d-47a5-9bf5-3d507f29f9bc	7653847284.jpg	/Users/seltmann/Documents/kummel/work/flickr_recovered_missing_media_20260730_150821/7653847284.jpg	yes	200	430353	https://live.staticflickr.com/7270/7653847284_eabd88079c_c.jpg	https://www.flickr.com/photos/treebeard/7653847284/	"""Galls"" of Mottled Acorn Gall Wasp (Callirhytis carmelensis, Cynipidae, Hymenoptera) on Scrub Oak (Quercus berberidifolia, Fagaceae)"	551	
7489	09547465-f4ec-4b52-a4ab-bd136ee5f1df	7659004510.jpg	/Users/seltmann/Documents/kummel/work/flickr_recovered_missing_media_20260730_150821/7659004510.jpg	yes	200	122297	https://live.staticflickr.com/8162/7659004510_5a89f942a3_b.jpg	https://www.flickr.com/photos/treebeard/7659004510/	New acorns on Coast Live Oak (Quercus agrifolia, Fagaceae)	276	
7490	29c6c856-1828-4b2d-90e6-168068cf0726	7659068286.jpg	/Users/seltmann/Documents/kummel/work/flickr_recovered_missing_media_20260730_150821/7659068286.jpg	yes	200	408291	https://live.staticflickr.com/8149/7659068286_9b1a4bbc21_c.jpg	https://www.flickr.com/photos/treebeard/7659068286/	New acorn of Goldencup Oak aka Canyon Live Oak (Quercus chrysolepis, Fagaceae)	424	
7491	a6a97553-e860-4765-a56b-96d68644753f	7659144610.jpg	/Users/seltmann/Documents/kummel/work/flickr_recovered_missing_media_20260730_150821/7659144610.jpg	yes	200	366337	https://live.staticflickr.com/8294/7659144610_837b4a1fd6_c.jpg	https://www.flickr.com/photos/treebeard/7659144610/	New leaf galls on Goldencup Oak aka Canyon Live Oak (Quercus chrysolepis, Fagaceae)	293	
7492	c693f931-185c-4391-a36b-dbdb3affab3b	7659201586.jpg	/Users/seltmann/Documents/kummel/work/flickr_recovered_missing_media_20260730_150821/7659201586.jpg	yes	200	801300	https://live.staticflickr.com/8025/7659201586_8da810cc71_c.jpg	https://www.flickr.com/photos/treebeard/7659201586/	Giant Rye Grass (Leymus condensatus, Poaceae) - our largest native grass	370	
7493	e24660a3-c008-4e68-bfc1-bdc032fa92aa	7659278350.jpg	/Users/seltmann/Documents/kummel/work/flickr_recovered_missing_media_20260730_150821/7659278350.jpg	yes	200	157721	https://live.staticflickr.com/8166/7659278350_66b68bb11e_b.jpg	https://www.flickr.com/photos/treebeard/7659278350/	Seed plumes of native Mountain Mahogany (Cercocarpus betuloides, Rosaceae)	303	
7494	c291c8af-1e53-48c5-8c8a-d1247dab26f3	7659357064.jpg	/Users/seltmann/Documents/kummel/work/flickr_recovered_missing_media_20260730_150821/7659357064.jpg	yes	200	159187	https://live.staticflickr.com/7128/7659357064_9644e95ec6_b.jpg	https://www.flickr.com/photos/treebeard/7659357064/	"""Mid-summer Mugwort Beetle"" (Coleoptera) - maybe the Willow Borer (Xylotrechus insignis, Cerambycidae)"	308	
7495	1c671330-6952-48f8-b6d7-a972382119ac	7659596940.jpg	/Users/seltmann/Documents/kummel/work/flickr_recovered_missing_media_20260730_150821/7659596940.jpg	yes	200	359407	https://live.staticflickr.com/8147/7659596940_9389b29da8_c.jpg	https://www.flickr.com/photos/treebeard/7659596940/	Mexican Cactus Fly (Copestylum mexicanum, Syrphidae, Diptera) on Butterfly Bush (Buddleia davidii)	309	
7496	469470bd-1073-4f1f-9356-03419bb7fd10	7659651192.jpg	/Users/seltmann/Documents/kummel/work/flickr_recovered_missing_media_20260730_150821/7659651192.jpg	yes	200	403980	https://live.staticflickr.com/7107/7659651192_a65a7d16bc_c.jpg	https://www.flickr.com/photos/treebeard/7659651192/	Mexican Cactus Fly (Copestylum mexicanum, Syrphidae, Diptera) on Butterfly Bush (Buddleia davidii, Scrophulariaceae)	278	
7497	d4b0b650-659f-4397-b3cb-09aff66d9c0f	7665245114.jpg	/Users/seltmann/Documents/kummel/work/flickr_recovered_missing_media_20260730_150821/7665245114.jpg	yes	200	155146	https://live.staticflickr.com/7108/7665245114_52ab99763f_b.jpg	https://www.flickr.com/photos/treebeard/7665245114/	First summer flower of Late-flowered Mariposa Lily (Calochortus fimbriata, Liliaceae) in our canyon	329	
7498	74a6138b-23b1-4499-a2f6-d38da1e022c2	7665333586.jpg	/Users/seltmann/Documents/kummel/work/flickr_recovered_missing_media_20260730_150821/7665333586.jpg	yes	200	127832	https://live.staticflickr.com/7265/7665333586_5dc744a359_b.jpg	https://www.flickr.com/photos/treebeard/7665333586/	Green Lynx Spider (Peucetia viridans, Oxyopidae) on a summer flower of Woolly Blue Curls (Trichostema lanatum, Lamiaceae)	249	
7499	9b40c56b-890c-4102-a6e2-2f5537e97e29	7665384040.jpg	/Users/seltmann/Documents/kummel/work/flickr_recovered_missing_media_20260730_150821/7665384040.jpg	yes	200	454000	https://live.staticflickr.com/7250/7665384040_d963cb7513_c.jpg	https://www.flickr.com/photos/treebeard/7665384040/	Green Lynx Spider (Peucetia viridans, Oxyopidae) on Coyote Mint (Monardella hypoleuca, Lamiaceae)	271	
7500	4f47cd57-f769-4918-989e-3f68e2a352bc	7665443478.jpg	/Users/seltmann/Documents/kummel/work/flickr_recovered_missing_media_20260730_150821/7665443478.jpg	yes	200	440831	https://live.staticflickr.com/8010/7665443478_5c8c19eff6_c.jpg	https://www.flickr.com/photos/treebeard/7665443478/	Grass-Skipper (Hesperia, Hesperiidae) butterfly making loops on flowers of Butterfly Bush (Buddleia davidii)	371	
7501	8a2ec719-091b-4caf-8317-9c6e815d3927	7665526286.jpg	/Users/seltmann/Documents/kummel/work/flickr_recovered_missing_media_20260730_150821/7665526286.jpg	yes	200	127974	https://live.staticflickr.com/8291/7665526286_a8df64923a_b.jpg	https://www.flickr.com/photos/treebeard/7665526286/	Marine Blue (Leptotes marina) butterfly making loops on White Sweet Clover (Melilotus albus, Fabaceae)	318	
7502	d09a45ba-1f26-4371-9127-78d1c51f3ad6	7665568168.jpg	/Users/seltmann/Documents/kummel/work/flickr_recovered_missing_media_20260730_150821/7665568168.jpg	yes	200	187668	https://live.staticflickr.com/8291/7665568168_7624b445eb_b.jpg	https://www.flickr.com/photos/treebeard/7665568168/	"Female California Dogface (Colias eurydice) butterfly ""puddling"" - taking moisture - on damp soil in our garden"	306	
7503	d0338863-4bd2-4632-8126-3636435496fe	7665632210.jpg	/Users/seltmann/Documents/kummel/work/flickr_recovered_missing_media_20260730_150821/7665632210.jpg	yes	200	132659	https://live.staticflickr.com/8282/7665632210_8e4ba7b4f5_b.jpg	https://www.flickr.com/photos/treebeard/7665632210/	Tiny Planthopper insect (Fulgoroidea, Homoptera) - maybe nymph of Issid Planthopper (Issidae), genus Thionia?	339	
7504	bbb89614-1531-4e63-8e05-ed6b02411083	7665695268.jpg	/Users/seltmann/Documents/kummel/work/flickr_recovered_missing_media_20260730_150821/7665695268.jpg	yes	200	397378	https://live.staticflickr.com/8153/7665695268_941464a7fc_c.jpg	https://www.flickr.com/photos/treebeard/7665695268/	Goofy-looking Chaparral Monkey Grasshopper (Morsea californica, Eumastacidae, Orthoptera) on Coyote Bush (Baccharis pilularis, Asteraceae)	336	
7505	5ba0cbf2-2ca7-48f9-b048-7e22504cacdd	7672755866.jpg	/Users/seltmann/Documents/kummel/work/flickr_recovered_missing_media_20260730_150821/7672755866.jpg	yes	200	360762	https://live.staticflickr.com/7272/7672755866_1e5f84a9eb_c.jpg	https://www.flickr.com/photos/treebeard/7672755866/	Different goofy-looking Chaparral Monkey Grasshopper (Morsea californica, Eumastacidae, Orthoptera) on foliage of Coyote Bush (Baccharis pilularis, Asteraceae)	289	
7506	58c7a745-12ef-47bf-890b-4a8bf17d73b2	7672920656.jpg	/Users/seltmann/Documents/kummel/work/flickr_recovered_missing_media_20260730_150821/7672920656.jpg	yes	200	369597	https://live.staticflickr.com/7247/7672920656_b532a91e6a_c.jpg	https://www.flickr.com/photos/treebeard/7672920656/	"Little beetles (Coleoptera) ""doing it"" - maybe Case-bearing Leaf Beetles (Chrysomelidae)"	400	
7507	24cb5227-95ac-437a-b75b-10bd9e385c8e	7673102600.jpg	/Users/seltmann/Documents/kummel/work/flickr_recovered_missing_media_20260730_150821/7673102600.jpg	yes	200	109723	https://live.staticflickr.com/8427/7673102600_b697f41a47_b.jpg	https://www.flickr.com/photos/treebeard/7673102600/	Tree Cricket (Oecanthus, Gryllidae, Orthoptera) hiding under a leaf of Bitter Gooseberry (Ribes amarum, Grossulariaceae)	289	
7508	ca79f620-68c1-48eb-ac18-cb79988c0457	7673171722.jpg	/Users/seltmann/Documents/kummel/work/flickr_recovered_missing_media_20260730_150821/7673171722.jpg	yes	200	405869	https://live.staticflickr.com/8430/7673171722_c61ccedd90_c.jpg	https://www.flickr.com/photos/treebeard/7673171722/	Spider on fluffy nest of American Lady (Vanessa virginensis) butterfly on white Cudweed (Gnaphalium stramineum or G. luteo-album, Asteraceae)	299	
7509	cebcf2f4-a0eb-4779-b728-6da90103b5b3	7673313332.jpg	/Users/seltmann/Documents/kummel/work/flickr_recovered_missing_media_20260730_150821/7673313332.jpg	yes	200	421850	https://live.staticflickr.com/8289/7673313332_0bacfa57d1_c.jpg	https://www.flickr.com/photos/treebeard/7673313332/	Wild Bee (Anthophila, Hymenoptera) on unknown flower in the garden - so blue it's black	290	
7510	c02d8404-3b7e-48f0-9de2-769c9acaf095	7673541088.jpg	/Users/seltmann/Documents/kummel/work/flickr_recovered_missing_media_20260730_150821/7673541088.jpg	yes	200	151183	https://live.staticflickr.com/7267/7673541088_ea18f5b8c3_b.jpg	https://www.flickr.com/photos/treebeard/7673541088/	Pale Swallowtail (Papilio eurymedon) butterfly (I think) on Butterfly Bush (Buddleia davidii)	289	
7511	fe6a94e2-a154-4920-8c25-a7ef2e236876	7673656130.jpg	/Users/seltmann/Documents/kummel/work/flickr_recovered_missing_media_20260730_150821/7673656130.jpg	yes	200	409497	https://live.staticflickr.com/7119/7673656130_c2bec0cb75_c.jpg	https://www.flickr.com/photos/treebeard/7673656130/	Ambush Bug (Phymatidae, Hemiptera) with Honey Bee (Apis mellifera, Hymenoptera) on California Buckwheat (Eriogonum fasciculatum, Polygonaceae)	313	
7512	050c6b25-a963-4fad-a1f5-0d6bd5ff04b4	7673735852.jpg	/Users/seltmann/Documents/kummel/work/flickr_recovered_missing_media_20260730_150821/7673735852.jpg	yes	200	144413	https://live.staticflickr.com/8433/7673735852_743cab3fc8_b.jpg	https://www.flickr.com/photos/treebeard/7673735852/	Closterocoris amoenus (Miridae, Hemiptera) on flower of Chile Manzano aka Rocoto (Capsicum pubescens, Solanaceae)	296	
7513	d0b6230d-1ef9-43e5-89e8-8dc7a24d8b55	7680559656.jpg	/Users/seltmann/Documents/kummel/work/flickr_recovered_missing_media_20260730_150821/7680559656.jpg	yes	200	387955	https://live.staticflickr.com/8284/7680559656_509ffc20e0_c.jpg	https://www.flickr.com/photos/treebeard/7680559656/	Tiny Crab Spider (Thomisidae) on a leaf of Butterfly Bush (Buddleia davidii)	365	
7514	a7073330-e4ea-477f-8c15-1be25efced92	7680646464.jpg	/Users/seltmann/Documents/kummel/work/flickr_recovered_missing_media_20260730_150821/7680646464.jpg	yes	200	435689	https://live.staticflickr.com/7260/7680646464_0fac4d8f5b_c.jpg	https://www.flickr.com/photos/treebeard/7680646464/	Large fly - maybe a Flesh Fly (Sarcophagidae, Diptera)	261	
7515	e0f3800e-2005-4143-a74e-7bb29b0e4573	7680746196.jpg	/Users/seltmann/Documents/kummel/work/flickr_recovered_missing_media_20260730_150821/7680746196.jpg	yes	200	465242	https://live.staticflickr.com/7127/7680746196_2ff0830e63_c.jpg	https://www.flickr.com/photos/treebeard/7680746196/	Short-Horned Grasshopper (Ensifera, Orthoptera) munching seeds of Canyon Sunflower (Venegasia carpesioides, Asteraceae)	80	
7516	039f646e-fa39-4c42-a70d-9c29e9c731e5	7680854128.jpg	/Users/seltmann/Documents/kummel/work/flickr_recovered_missing_media_20260730_150821/7680854128.jpg	yes	200	383756	https://live.staticflickr.com/7246/7680854128_5d067f131f_c.jpg	https://www.flickr.com/photos/treebeard/7680854128/	Short-Horned Grasshopper (Acrididae, Orthoptera) looking back at me!	315	
7517	b85f82ab-8dda-4515-ba38-fa99c0897f67	7680931658.jpg	/Users/seltmann/Documents/kummel/work/flickr_recovered_missing_media_20260730_150821/7680931658.jpg	yes	200	393134	https://live.staticflickr.com/7122/7680931658_e220a48d65_c.jpg	https://www.flickr.com/photos/treebeard/7680931658/	Sand Wasp (Steniolia, Bembicini, Apoidea, Hymenoptera) on last flower of Cobweb Thistle (Cirsium occidentale, Asteraceae)	306	
7518	692b350e-e24b-4aba-8423-967e64cae0cf	7681063110.jpg	/Users/seltmann/Documents/kummel/work/flickr_recovered_missing_media_20260730_150821/7681063110.jpg	yes	200	443381	https://live.staticflickr.com/8027/7681063110_d233b9dc9a_c.jpg	https://www.flickr.com/photos/treebeard/7681063110/	Cabbage White (Pieris rapae) butterfly on Blue Throatwort (Trachelium caerulum, Campanulaceae)	350	
7519	c7a0a03a-6290-4e74-8107-b9d3b0484620	7681221248.jpg	/Users/seltmann/Documents/kummel/work/flickr_recovered_missing_media_20260730_150821/7681221248.jpg	yes	200	449744	https://live.staticflickr.com/7119/7681221248_7404e0c9eb_c.jpg	https://www.flickr.com/photos/treebeard/7681221248/	Two-fer of male California Dogface (Colias eurydice) butterflies on old-fashioned Geranium (Pelargonium, Geraniaceae)	322	
7520	e957a516-c5b6-42db-92d3-9471cdf25c7e	7681300656.jpg	/Users/seltmann/Documents/kummel/work/flickr_recovered_missing_media_20260730_150821/7681300656.jpg	yes	200	137529	https://live.staticflickr.com/8025/7681300656_024dd827c8_b.jpg	https://www.flickr.com/photos/treebeard/7681300656/	Male California Dogface (Colias eurydice) butterflies on old-fashioned Geranium (Pelargonium, Geraniaceae)	308	
7521	a080b682-52d7-4540-9d7f-31ecda383b24	7687735084.jpg	/Users/seltmann/Documents/kummel/work/flickr_recovered_missing_media_20260730_150821/7687735084.jpg	yes	200	148179	https://live.staticflickr.com/7262/7687735084_a8f3eb3070_b.jpg	https://www.flickr.com/photos/treebeard/7687735084/	"Male California Dogface (Colias eurydice) butterfly showing its ""dog face"" - on old-fashioned Geranium (Pelargonium, Geraniaceae)"	387	
7522	45e7f449-db1c-4950-b1ca-5922cd8e14f3	7687770362.jpg	/Users/seltmann/Documents/kummel/work/flickr_recovered_missing_media_20260730_150821/7687770362.jpg	yes	200	379806	https://live.staticflickr.com/8028/7687770362_59d04abb95_c.jpg	https://www.flickr.com/photos/treebeard/7687770362/	Tiny Orb-Weaver Spider (Araneidae) on orange Milkweed (Asclepiadaceae) in the garden	370	
7523	83252206-e18d-4327-83b3-bd59bf082b5f	7687906270.jpg	/Users/seltmann/Documents/kummel/work/flickr_recovered_missing_media_20260730_150821/7687906270.jpg	yes	200	315169	https://live.staticflickr.com/7280/7687906270_d046618fbc_c.jpg	https://www.flickr.com/photos/treebeard/7687906270/	"Tiny beetles (Coleoptera) ""doing it"" - making more tiny beetles - on a flower of California Buckwheat (Eriogonum fasciculatum, Polygonaceae)"	331	
7524	fd747757-8884-42e3-9bc5-ad2fb26935d4	7687986382.jpg	/Users/seltmann/Documents/kummel/work/flickr_recovered_missing_media_20260730_150821/7687986382.jpg	yes	200	179159	https://live.staticflickr.com/8291/7687986382_5043e4dde2_b.jpg	https://www.flickr.com/photos/treebeard/7687986382/	"Gray granite-colored Short-Horned Grasshopper (Acrididae, Orthoptera) on gray rock - ""Thalassica Grasshopper"" (Trimerotropis thalassica)"	286	
7525	509c2c43-c0bd-4387-98ea-2338a0b6635d	7688071694.jpg	/Users/seltmann/Documents/kummel/work/flickr_recovered_missing_media_20260730_150821/7688071694.jpg	yes	200	409212	https://live.staticflickr.com/8159/7688071694_2ffc1daf3a_c.jpg	https://www.flickr.com/photos/treebeard/7688071694/	"Carpenter Bee (Xylocopa, Anthophoridae, Hymenoptera) doing ""nectar theft"" on hybrid ""Waverly Sage"" (Salvia ""Waverly"", Lamiaceae)"	610	
7526	e2490173-360c-47be-9a33-ebccb9fc5591	7688113190.jpg	/Users/seltmann/Documents/kummel/work/flickr_recovered_missing_media_20260730_150821/7688113190.jpg	yes	200	318238	https://live.staticflickr.com/8023/7688113190_1b74338948_c.jpg	https://www.flickr.com/photos/treebeard/7688113190/	Black and white Wild Bee (Anthophila, Hymenoptera) on Aloe (Aloaceae) flower	350	
7527	f907e28a-9312-4e5a-a79b-5e3858d90973	7688223342.jpg	/Users/seltmann/Documents/kummel/work/flickr_recovered_missing_media_20260730_150821/7688223342.jpg	yes	200	384515	https://live.staticflickr.com/7260/7688223342_80ff894f10_c.jpg	https://www.flickr.com/photos/treebeard/7688223342/	Iridescent green Long-legged Fly (Dolichopodidae, Diptera)	285	
7528	47e68bb3-9cbe-4976-8864-ae6ed796cb38	7688260052.jpg	/Users/seltmann/Documents/kummel/work/flickr_recovered_missing_media_20260730_150821/7688260052.jpg	yes	200	137009	https://live.staticflickr.com/7126/7688260052_e9c4845115_b.jpg	https://www.flickr.com/photos/treebeard/7688260052/	Spider Wasp (Pompilidae, Hymenoptera) taking moisture from a leaf in the garden	318	
7529	ed5c8e16-b00d-45da-bd53-ea58954cdfae	7694806772.jpg	/Users/seltmann/Documents/kummel/work/flickr_recovered_missing_media_20260730_150821/7694806772.jpg	yes	200	351357	https://live.staticflickr.com/7272/7694806772_3f6094cf5d_b.jpg	https://www.flickr.com/photos/treebeard/7694806772/	Native summer flowers of Longstem Buckwheat (Eriogonum elongatum, Polygonaceae)	319	
7530	c8c403f9-942e-4031-99f7-50836494ab55	7694855946.jpg	/Users/seltmann/Documents/kummel/work/flickr_recovered_missing_media_20260730_150821/7694855946.jpg	yes	200	105257	https://live.staticflickr.com/7258/7694855946_bc877126d1_b.jpg	https://www.flickr.com/photos/treebeard/7694855946/	Handsome little Damselfly (Zygoptera, Odonata) on a stem of California Buckwheat (Eriogonum fasciculatum, Polygonaceae)	304	
7531	e01e6486-ff98-4a30-9d1b-72f8f7dea286	7694876856.jpg	/Users/seltmann/Documents/kummel/work/flickr_recovered_missing_media_20260730_150821/7694876856.jpg	yes	200	411832	https://live.staticflickr.com/8287/7694876856_934ea174a0_c.jpg	https://www.flickr.com/photos/treebeard/7694876856/	Handsome little Bee Fly (Bombyliidae, Diptera) on flowers of California Buckwheat (Eriogonum fasciculatum, Polygonaceae)	298	
7532	a69fe69d-95a9-443a-9ac0-977120238897	7694939228.jpg	/Users/seltmann/Documents/kummel/work/flickr_recovered_missing_media_20260730_150821/7694939228.jpg	yes	200	421739	https://live.staticflickr.com/8288/7694939228_684a0aae2b_c.jpg	https://www.flickr.com/photos/treebeard/7694939228/	Bumblebee (Bombus, Hymenoptera) on flowers of Butterfly Bush (Buddleia davidii) in the garden	381	
7533	adc5ed68-c490-418a-941e-e780f3044e12	7695042376.jpg	/Users/seltmann/Documents/kummel/work/flickr_recovered_missing_media_20260730_150821/7695042376.jpg	yes	200	388862	https://live.staticflickr.com/8166/7695042376_8f84791405_c.jpg	https://www.flickr.com/photos/treebeard/7695042376/	Male California Dogface (Colias eurydice) - collected on 14 August 1981	357	
7534	15ff9dae-f154-4dc9-a7fb-84e17d8701cf	7695238192.jpg	/Users/seltmann/Documents/kummel/work/flickr_recovered_missing_media_20260730_150821/7695238192.jpg	yes	200	170038	https://live.staticflickr.com/8424/7695238192_bc8f4d9d69_b.jpg	https://www.flickr.com/photos/treebeard/7695238192/	Male California Dogface (Colias eurydice) - collected on 14 August 1981	298	
7535	2695fcd7-2ff0-430e-9df2-6483591eb42c	7695305606.jpg	/Users/seltmann/Documents/kummel/work/flickr_recovered_missing_media_20260730_150821/7695305606.jpg	yes	200	132019	https://live.staticflickr.com/7133/7695305606_43bb29b090_b.jpg	https://www.flickr.com/photos/treebeard/7695305606/	Greenish female California Dogface (Colias eurydice) butterfly on a new flower of Mexican Sunflower (Tithonia rotundifolia, Asteraceae) in the garden	442	
7536	0fc2978a-1786-48d9-b8fc-b7335b64e38a	7695343320.jpg	/Users/seltmann/Documents/kummel/work/flickr_recovered_missing_media_20260730_150821/7695343320.jpg	yes	200	440918	https://live.staticflickr.com/8017/7695343320_befb764e92_c.jpg	https://www.flickr.com/photos/treebeard/7695343320/	Gray Hairstreak (Strymon melinus) butterfly in the garden - working flowers of Winter savory (Satureja montana, Lamiaceae)	316	
7537	886a8318-5c8d-4bb6-9a11-14bfbf31aa64	7854269160.jpg	/Users/seltmann/Documents/kummel/work/flickr_recovered_missing_media_20260730_150821/7854269160.jpg	yes	200	412854	https://live.staticflickr.com/8443/7854269160_e36dd5713c_c.jpg	https://www.flickr.com/photos/treebeard/7854269160/	Caterpillars of the Cinnabar Moth (Tyria jacobaeae, Lepidoptera) munching flowers of Tansy Ragwort (Jacobaea vulgari, Asteraceae)	306	
7538	136ec326-633f-41d8-94c7-25551ca737fa	7854354886.jpg	/Users/seltmann/Documents/kummel/work/flickr_recovered_missing_media_20260730_150821/7854354886.jpg	yes	200	435412	https://live.staticflickr.com/8283/7854354886_c7f350261d_c.jpg	https://www.flickr.com/photos/treebeard/7854354886/	Grass-Skipper (genus Hesperia, family Hesperiidae) butterfly working a non-native flower head of Fuller's Teasel (Dipsacus fullonum, Dipsacacea)	349	
7539	52f28601-52de-4417-8771-637e1057f604	7854447930.jpg	/Users/seltmann/Documents/kummel/work/flickr_recovered_missing_media_20260730_150821/7854447930.jpg	yes	200	421199	https://live.staticflickr.com/8430/7854447930_ca2b6b7019_c.jpg	https://www.flickr.com/photos/treebeard/7854447930/	Copper Butterfly (Lycaeninae) - maybe Gorgon Copper (Lycaena gorgon)?	277	
7540	b6b6ba6f-a8a5-4729-90c6-677e372c3194	7854528526.jpg	/Users/seltmann/Documents/kummel/work/flickr_recovered_missing_media_20260730_150821/7854528526.jpg	yes	200	473645	https://live.staticflickr.com/8303/7854528526_8c0f0bf829_c.jpg	https://www.flickr.com/photos/treebeard/7854528526/	Crab Spider (Thomisidae) with Pine White (Neophasia menapia) butterfly prey on Tansy Ragwort (Senecio jacobaea, Asteraceae)	305	
7541	d2af42a9-f743-4b25-9062-c10e51ca7b56	7854598118.jpg	/Users/seltmann/Documents/kummel/work/flickr_recovered_missing_media_20260730_150821/7854598118.jpg	yes	200	479833	https://live.staticflickr.com/8281/7854598118_a100ff010e_c.jpg	https://www.flickr.com/photos/treebeard/7854598118/	"Some kind of Fritillary Butterfly (genus Speyeria) ""puddling"" in a puddle in the Oregon woods"	378	
7542	152ff458-efe8-46dc-b2dd-adf6acf082ff	7854687288.jpg	/Users/seltmann/Documents/kummel/work/flickr_recovered_missing_media_20260730_150821/7854687288.jpg	yes	200	480130	https://live.staticflickr.com/7137/7854687288_032914f806_c.jpg	https://www.flickr.com/photos/treebeard/7854687288/	Great Basin Wood-Nymph (Cercyonis sthenele) butterfly	484	
7543	3cd57429-eb29-4cdc-afe3-1b2a529cdf8c	7854761832.jpg	/Users/seltmann/Documents/kummel/work/flickr_recovered_missing_media_20260730_150821/7854761832.jpg	yes	200	174277	https://live.staticflickr.com/8437/7854761832_8e095d2613_b.jpg	https://www.flickr.com/photos/treebeard/7854761832/	Pair of Common Checkered-Skipper (Pyrgus communis) butterflies thinking about mating	284	
7544	13d83cc2-5cd3-4b6a-ba8b-b54c15b24111	7854799408.jpg	/Users/seltmann/Documents/kummel/work/flickr_recovered_missing_media_20260730_150821/7854799408.jpg	yes	200	355508	https://live.staticflickr.com/7122/7854799408_12f3dff3d1_c.jpg	https://www.flickr.com/photos/treebeard/7854799408/	Marine Blue (Leptotes marina) butterfly ovipositing on Fuchsia flower bud	380	
7545	63f5139d-a405-488f-bc89-a501c9528af0	7860693992.jpg	/Users/seltmann/Documents/kummel/work/flickr_recovered_missing_media_20260730_150821/7860693992.jpg	yes	200	137957	https://live.staticflickr.com/7274/7860693992_1029dd1331_b.jpg	https://www.flickr.com/photos/treebeard/7860693992/	Impressive Robber Fly (Asilidae, Diptera) at Cape Blanco State Park in Oregon	291	
7546	2505aec3-366f-46d0-b709-d491246f4748	7860819770.jpg	/Users/seltmann/Documents/kummel/work/flickr_recovered_missing_media_20260730_150821/7860819770.jpg	yes	200	158057	https://live.staticflickr.com/7277/7860819770_8892e6f43a_b.jpg	https://www.flickr.com/photos/treebeard/7860819770/	Muscular Robber Fly (Asilidae, Diptera) on a leaf of Wild Huckleberry (Vaccinium ovatum, Ericaceae)	285	
7547	83631a5a-0755-4169-a082-58488bad6b8d	7860898732.jpg	/Users/seltmann/Documents/kummel/work/flickr_recovered_missing_media_20260730_150821/7860898732.jpg	yes	200	407719	https://live.staticflickr.com/8437/7860898732_2ff5e1731a_c.jpg	https://www.flickr.com/photos/treebeard/7860898732/	Spreadwing Dragonfly (Lestidae, Odonata)	292	
7548	8d99ee06-094e-45ea-9881-f8bd4b4048a0	7860972018.jpg	/Users/seltmann/Documents/kummel/work/flickr_recovered_missing_media_20260730_150821/7860972018.jpg	yes	200	162775	https://live.staticflickr.com/8429/7860972018_96001a7dc8_b.jpg	https://www.flickr.com/photos/treebeard/7860972018/	Dragonfly (Libellulidae, Odonata) - maybe the Striped Meadowhawk (Sympetrum pallipes)?	254	
7549	34ef9705-ea67-449d-9f68-4b986cde2eb0	7861067790.jpg	/Users/seltmann/Documents/kummel/work/flickr_recovered_missing_media_20260730_150821/7861067790.jpg	yes	200	405168	https://live.staticflickr.com/8435/7861067790_c3a693a64c_c.jpg	https://www.flickr.com/photos/treebeard/7861067790/	Pacific Spiketail (Cordulegaster dorsalis) dragonfly (Cordulegastridae, Anisoptera, Odonata)	354	
7550	4ebda9a1-65f5-4263-8f48-6814bf2cab25	7861128270.jpg	/Users/seltmann/Documents/kummel/work/flickr_recovered_missing_media_20260730_150821/7861128270.jpg	yes	200	153570	https://live.staticflickr.com/7280/7861128270_b6f34abd58_b.jpg	https://www.flickr.com/photos/treebeard/7861128270/	Darner dragonfly (Aeshnidae, Anisoptera, Odonata) - maybe Walker's Darner (Aeshna walkeri)?	302	
7551	ff499231-4cb4-4825-9b32-a650e56e5830	7861286372.jpg	/Users/seltmann/Documents/kummel/work/flickr_recovered_missing_media_20260730_150821/7861286372.jpg	yes	200	444387	https://live.staticflickr.com/8289/7861286372_9df4d30b3d_c.jpg	https://www.flickr.com/photos/treebeard/7861286372/	Maybe a Western Pondhawk (Erythemis collocata, Libellulidae, Anisoptera, Odonata) dragonfly	384	
7552	babf01f4-8a1e-4258-9802-c6467f938c8c	7861382600.jpg	/Users/seltmann/Documents/kummel/work/flickr_recovered_missing_media_20260730_150821/7861382600.jpg	yes	200	399419	https://live.staticflickr.com/7246/7861382600_5f8cd7bdb2_c.jpg	https://www.flickr.com/photos/treebeard/7861382600/	Flame Skimmer (Libellula saturata, Anisoptera, Odonata) dragonfly	494	
7553	e973dcfa-b994-4d57-b580-3df835e21301	7868631188.jpg	/Users/seltmann/Documents/kummel/work/flickr_recovered_missing_media_20260730_150821/7868631188.jpg	yes	200	374529	https://live.staticflickr.com/8285/7868631188_3239c6750c_c.jpg	https://www.flickr.com/photos/treebeard/7868631188/	Strange white flowers of Indian Pipes (Monotropa uniflora, Monotropaceae)	381	
7554	598bb90d-b27b-4da6-8d9a-f710bae3da21	7868717184.jpg	/Users/seltmann/Documents/kummel/work/flickr_recovered_missing_media_20260730_150821/7868717184.jpg	yes	200	442957	https://live.staticflickr.com/8284/7868717184_19618a8e41_c.jpg	https://www.flickr.com/photos/treebeard/7868717184/	Unusual flowers of Clustered Broomrape (Orobanche fasciculata, Orobanchaceae)	357	
7555	19c7ce45-9a91-42c9-b3d2-eae3c0cf1188	7868843746.jpg	/Users/seltmann/Documents/kummel/work/flickr_recovered_missing_media_20260730_150821/7868843746.jpg	yes	200	341937	https://live.staticflickr.com/8282/7868843746_e9aae986b6_c.jpg	https://www.flickr.com/photos/treebeard/7868843746/	Seed capsules of Western Coralroot Orchid (Corallorhiza mertensiana, Orchidaceae)	306	
7556	7f7a7392-641a-4d09-8116-a344c7b604c5	7868963136.jpg	/Users/seltmann/Documents/kummel/work/flickr_recovered_missing_media_20260730_150821/7868963136.jpg	yes	200	233481	https://live.staticflickr.com/8304/7868963136_3ff86a8043_c.jpg	https://www.flickr.com/photos/treebeard/7868963136/	New flowers of Rattlesnake Orchid (Goodyera oblongifolia, Orchidaceae)	287	
7557	50b81091-01b8-444e-b817-133b67275719	7868995758.jpg	/Users/seltmann/Documents/kummel/work/flickr_recovered_missing_media_20260730_150821/7868995758.jpg	yes	200	380468	https://live.staticflickr.com/8445/7868995758_529f0788cd_c.jpg	https://www.flickr.com/photos/treebeard/7868995758/	Flower spike of the Denseflower Rein Orchid (Piperia elongata, Orchidaceae)	350	
7558	e7c60846-b6b2-4210-b08a-be4f54dbe681	7869104870.jpg	/Users/seltmann/Documents/kummel/work/flickr_recovered_missing_media_20260730_150821/7869104870.jpg	yes	200	375732	https://live.staticflickr.com/8445/7869104870_d7ca23b426_c.jpg	https://www.flickr.com/photos/treebeard/7869104870/	Maybe the Royal Rein Orchid (Piperia transvera, Orchidaceae)	290	
7559	a8e421e1-4231-4e12-8829-6270927f2038	7869310122.jpg	/Users/seltmann/Documents/kummel/work/flickr_recovered_missing_media_20260730_150821/7869310122.jpg	yes	200	406129	https://live.staticflickr.com/8423/7869310122_99b2e74e11_c.jpg	https://www.flickr.com/photos/treebeard/7869310122/	Coast Piperia orchid (Piperia elegans, Orchidaceae)	413	
7560	fa15925e-3ebf-4c89-a661-0fa15af1970c	7869363360.jpg	/Users/seltmann/Documents/kummel/work/flickr_recovered_missing_media_20260730_150821/7869363360.jpg	yes	200	379619	https://live.staticflickr.com/8307/7869363360_b9de269d44_c.jpg	https://www.flickr.com/photos/treebeard/7869363360/	White Bog Orchid (Platanthera dilatata var. leucostachys, Orchidaceae)	270	
7561	cfc1ce08-c222-4b9d-bb70-bfb59480e17a	7876406006.jpg	/Users/seltmann/Documents/kummel/work/flickr_recovered_missing_media_20260730_150821/7876406006.jpg	yes	200	121966	https://live.staticflickr.com/8289/7876406006_206ac6caa8_b.jpg	https://www.flickr.com/photos/treebeard/7876406006/	Daddy-long-legs or Harvestman spider (Palpatores, Opiliones, Arachnida)	364	
7562	fba654f6-c4d3-471c-a267-38fe4361b5da	7876499948.jpg	/Users/seltmann/Documents/kummel/work/flickr_recovered_missing_media_20260730_150821/7876499948.jpg	yes	200	421704	https://live.staticflickr.com/8299/7876499948_7917a77717_c.jpg	https://www.flickr.com/photos/treebeard/7876499948/	Wasp-mimic Syrphid Flower Fly (Syrphidae, Diptera) at a seep in the Oregon woods	331	
7563	dc6bb8d5-730d-4c55-aa60-687df867d50e	7876577676.jpg	/Users/seltmann/Documents/kummel/work/flickr_recovered_missing_media_20260730_150821/7876577676.jpg	yes	200	396213	https://live.staticflickr.com/7252/7876577676_314129935c_c.jpg	https://www.flickr.com/photos/treebeard/7876577676/	Large bristly Tachinid Fly (Tachinidae, Diptera) - wearing a ruff?	340	
7564	63ab07c2-ece7-4859-a064-a617a34f0c90	7876648036.jpg	/Users/seltmann/Documents/kummel/work/flickr_recovered_missing_media_20260730_150821/7876648036.jpg	yes	200	178785	https://live.staticflickr.com/8284/7876648036_d0a5ef6d66_b.jpg	https://www.flickr.com/photos/treebeard/7876648036/	Yellow Jacket type paper wasps (Vespidae, Hymenoptera) - they look like European Paper Wasps (Polistes dominula)	262	
7565	202d1f93-088c-453f-aa80-37944371389f	7876798584.jpg	/Users/seltmann/Documents/kummel/work/flickr_recovered_missing_media_20260730_150821/7876798584.jpg	yes	200	475195	https://live.staticflickr.com/7128/7876798584_8f04b3862d_c.jpg	https://www.flickr.com/photos/treebeard/7876798584/	Rather large Assassin Bug (Reduviidae, Hemiptera) on Himalayan Blackberry (Rubus discolor, Rosaceae)	367	
7566	8ef11383-77d1-4c34-b7c6-a5c1c1cd34ae	7876885040.jpg	/Users/seltmann/Documents/kummel/work/flickr_recovered_missing_media_20260730_150821/7876885040.jpg	yes	200	119268	https://live.staticflickr.com/8291/7876885040_49af95c24f_b.jpg	https://www.flickr.com/photos/treebeard/7876885040/	Assassin Bug (Reduviidae, Hemiptera) on a fern leaflet	303	
7567	5d64f18b-c6b2-4333-beed-0608052ab18e	7876991016.jpg	/Users/seltmann/Documents/kummel/work/flickr_recovered_missing_media_20260730_150821/7876991016.jpg	yes	200	127089	https://live.staticflickr.com/7261/7876991016_ce89c3f0c0_b.jpg	https://www.flickr.com/photos/treebeard/7876991016/	Cicada (Cicadidae, Homoptera) in the act of molting	334	
7568	621ac0dd-8ef5-446f-b7bc-2b7fc21438fc	7877059330.jpg	/Users/seltmann/Documents/kummel/work/flickr_recovered_missing_media_20260730_150821/7877059330.jpg	yes	200	112254	https://live.staticflickr.com/8444/7877059330_2efaf7456e_b.jpg	https://www.flickr.com/photos/treebeard/7877059330/	Marine Blue (Leptotes marina) butterfly in the air - taking wing from Lavender (Lavandula, Lamiaceae) flowers	298	
7569	3dab08b0-35b6-4998-b253-efa4519e4c09	7884366174.jpg	/Users/seltmann/Documents/kummel/work/flickr_recovered_missing_media_20260730_150821/7884366174.jpg	yes	200	476417	https://live.staticflickr.com/8030/7884366174_91f6d9ab9d_c.jpg	https://www.flickr.com/photos/treebeard/7884366174/	Ripe and ripening berries of non-native Himalayan Blackberry (Rubus discolor, Rosaceae)	299	
7570	f0e6d9b5-91cb-478d-ab37-c16f13d4c021	7884438982.jpg	/Users/seltmann/Documents/kummel/work/flickr_recovered_missing_media_20260730_150821/7884438982.jpg	yes	200	403706	https://live.staticflickr.com/8456/7884438982_b5f98b4c6e_c.jpg	https://www.flickr.com/photos/treebeard/7884438982/	Almost ripe berries of Wild Huckleberry (Vaccinium ovatum, Ericaceae)	379	
7571	d28806ca-c6c0-4028-ba5f-5eae15d3d3df	7884494986.jpg	/Users/seltmann/Documents/kummel/work/flickr_recovered_missing_media_20260730_150821/7884494986.jpg	yes	200	77876	https://live.staticflickr.com/8034/7884494986_e904cb5663_b.jpg	https://www.flickr.com/photos/treebeard/7884494986/	Ripe fruit of Red Huckleberry (Vaccinium parvifolium, Ericaceae)	223	
7572	577c646b-7fe8-42d8-b158-0c4b349ae628	7884560872.jpg	/Users/seltmann/Documents/kummel/work/flickr_recovered_missing_media_20260730_150821/7884560872.jpg	yes	200	103240	https://live.staticflickr.com/8313/7884560872_9b1b0c0fff_c.jpg	https://www.flickr.com/photos/treebeard/7884560872/	Sand Wasp (Steniolia, Bembicini, Apoidea, Hymenoptera) and male California Dogface (Colias eurydice) butterflies on Mexican Sunflower (Tithonia rotundifolia, Asteraceae) in the garden	287	
7573	4ea93df7-3da6-48a2-8c42-45c8b397ec9b	7891003996.jpg	/Users/seltmann/Documents/kummel/work/flickr_recovered_missing_media_20260730_150821/7891003996.jpg	yes	200	634468	https://live.staticflickr.com/8301/7891003996_4c690ddda5_c.jpg	https://www.flickr.com/photos/treebeard/7891003996/	Large Slug (Gastropoda) in the Oregon woods - maybe a Pacific Banana Slug (Ariolimax columbianus)?	419	
7574	673529ef-2cc3-4c1a-9425-f58897cfe70e	7891119576.jpg	/Users/seltmann/Documents/kummel/work/flickr_recovered_missing_media_20260730_150821/7891119576.jpg	yes	200	535004	https://live.staticflickr.com/8309/7891119576_ab74a62abc_c.jpg	https://www.flickr.com/photos/treebeard/7891119576/	Unusual fern - Leathery Grape Fern (Botrychium multifidum, Opioglossaceae)	410	
7575	7ae4cd66-2d0d-4ce4-96f9-f41b6e816c01	7891263306.jpg	/Users/seltmann/Documents/kummel/work/flickr_recovered_missing_media_20260730_150821/7891263306.jpg	yes	200	413218	https://live.staticflickr.com/8312/7891263306_4c47d8efaa_c.jpg	https://www.flickr.com/photos/treebeard/7891263306/	New flowers of native Scarlet Gilia aka Skyrocket (Ipomopsis aggregata)	372	
7576	ec6d3164-860b-4f10-be76-be4fa982feb8	7891403520.jpg	/Users/seltmann/Documents/kummel/work/flickr_recovered_missing_media_20260730_150821/7891403520.jpg	yes	200	410562	https://live.staticflickr.com/8317/7891403520_df396619db_c.jpg	https://www.flickr.com/photos/treebeard/7891403520/	Perfect flower of native Columbia Lily (Lilium columbianum, Liliaceae)	365	
7577	a80434fb-6716-4fee-9ae0-d80dfb4e680a	7891425286.jpg	/Users/seltmann/Documents/kummel/work/flickr_recovered_missing_media_20260730_150821/7891425286.jpg	yes	200	362981	https://live.staticflickr.com/8309/7891425286_edfa65858a_c.jpg	https://www.flickr.com/photos/treebeard/7891425286/	Beautiful flower of native Western Columbine (Aquilegia formosa, Ranunculaceae)	285	
7578	bdb78334-278c-4f4b-946e-a68693ed2dce	7891446264.jpg	/Users/seltmann/Documents/kummel/work/flickr_recovered_missing_media_20260730_150821/7891446264.jpg	yes	200	426256	https://live.staticflickr.com/8428/7891446264_f64c2d33e9_c.jpg	https://www.flickr.com/photos/treebeard/7891446264/	Fanciful flowers of Columbian Monkshood (Aconitum columbianum, Ranunculaceae)	322	
7579	848d4be1-55f8-42c9-9bce-03a98d1852f5	7891489466.jpg	/Users/seltmann/Documents/kummel/work/flickr_recovered_missing_media_20260730_150821/7891489466.jpg	yes	200	98737	https://live.staticflickr.com/8309/7891489466_176a09e689_b.jpg	https://www.flickr.com/photos/treebeard/7891489466/	Thick-headed Fly (Conopidae, Diptera) is prey for Ambush Bug (Phymatidae, Hemiptera) on California Buckwheat (Eriogonum fasciculatum, Polygonaceae) - with Freeloader Fly (Milichiidae)	352	
7580	df309d11-4a13-448a-9fef-e335888d7f93	7891654508.jpg	/Users/seltmann/Documents/kummel/work/flickr_recovered_missing_media_20260730_150821/7891654508.jpg	yes	200	116167	https://live.staticflickr.com/8038/7891654508_89ebbfd9df_b.jpg	https://www.flickr.com/photos/treebeard/7891654508/	Ambush Bug (Phymatidae, Hemiptera) with Thick-headed Fly (Conopidae, Diptera) on flower head of  California Buckwheat (Eriogonum fasciculatum, Polygonaceae)	273	
7581	7a305bf0-ee7e-4b05-ae68-eba352b426c7	7897397640.jpg	/Users/seltmann/Documents/kummel/work/flickr_recovered_missing_media_20260730_150821/7897397640.jpg	yes	200	498407	https://live.staticflickr.com/8304/7897397640_5553735349_c.jpg	https://www.flickr.com/photos/treebeard/7897397640/	Russula mushrooms in summer	402	
7582	5f54f615-de3a-4c31-bc74-f1be4398c6c3	7897484052.jpg	/Users/seltmann/Documents/kummel/work/flickr_recovered_missing_media_20260730_150821/7897484052.jpg	yes	200	251412	https://live.staticflickr.com/8456/7897484052_9906845d37_b.jpg	https://www.flickr.com/photos/treebeard/7897484052/	Strange Lobster Mushroom (Hypomyces lacifluorum) - a parasitic fungus on Lactarius and Russula	315	
7583	88ddaf1c-dc34-42f8-9799-bd03325aa662	7897580148.jpg	/Users/seltmann/Documents/kummel/work/flickr_recovered_missing_media_20260730_150821/7897580148.jpg	yes	200	461638	https://live.staticflickr.com/8041/7897580148_1648530266_c.jpg	https://www.flickr.com/photos/treebeard/7897580148/	Maybe a Western Grisette (Amanita pachycolea) mushroom in the Oregon woods	416	
7584	c59af4c0-604b-447c-8c10-575c1ca9174a	7897693880.jpg	/Users/seltmann/Documents/kummel/work/flickr_recovered_missing_media_20260730_150821/7897693880.jpg	yes	200	486824	https://live.staticflickr.com/8441/7897693880_703b3f236a_c.jpg	https://www.flickr.com/photos/treebeard/7897693880/	Fresh-looking Panther Amanita (Amanita pantherina) in the moss under Sitka Spruce (Picea sitchensis, Pinaceae)	364	
7585	90b2f458-0342-451f-8039-ad3d833fa143	7897787758.jpg	/Users/seltmann/Documents/kummel/work/flickr_recovered_missing_media_20260730_150821/7897787758.jpg	yes	200	247465	https://live.staticflickr.com/8321/7897787758_92d0026212_b.jpg	https://www.flickr.com/photos/treebeard/7897787758/	Panther Amanita (Amanita pantherina) mushrooms growing under Sitka Spruce (Picea sitchensis, Pinaceae)	342	
7586	d2cc7e09-565b-4993-93b7-6f7a5abcee39	7897865622.jpg	/Users/seltmann/Documents/kummel/work/flickr_recovered_missing_media_20260730_150821/7897865622.jpg	yes	200	209108	https://live.staticflickr.com/8311/7897865622_4926f4bee8_b.jpg	https://www.flickr.com/photos/treebeard/7897865622/	Panther Amanita (Amanita pantherina) mushroom under Sitka Spruce (Picea sitchensis, Pinaceae) trees	325	
7587	1b384221-751e-4a09-afa9-1a1c6a0a940b	7897928158.jpg	/Users/seltmann/Documents/kummel/work/flickr_recovered_missing_media_20260730_150821/7897928158.jpg	yes	200	268624	https://live.staticflickr.com/8315/7897928158_566a07acdf_b.jpg	https://www.flickr.com/photos/treebeard/7897928158/	Looks yucky, but this is the Dog Vomit Slime Mold (Fuligo septica, Myxomycetes)	315	
7588	9eb60156-185f-4857-bdcb-1ef75bd976e6	7898025166.jpg	/Users/seltmann/Documents/kummel/work/flickr_recovered_missing_media_20260730_150821/7898025166.jpg	yes	200	160597	https://live.staticflickr.com/8041/7898025166_1a3b26f0c3_b.jpg	https://www.flickr.com/photos/treebeard/7898025166/	Western Tiger Swallowtail (Papilio rutulus) butterfly on Butterfly Bush (Buddleia davidii, Scrophulariaceae)	363	
7589	34207b8d-0528-4fd6-be4c-528ea1b3f1ea	7903178970.jpg	/Users/seltmann/Documents/kummel/work/flickr_recovered_missing_media_20260730_150821/7903178970.jpg	yes	200	127845	https://live.staticflickr.com/8454/7903178970_743c437a58_b.jpg	https://www.flickr.com/photos/treebeard/7903178970/	Pretty yellow flowers of Sulfur Buckwheat (Eriogonum umbellatum, Polygonaceae)	286	
7590	83ca155a-9e26-4859-a94f-c01227365059	7903243958.jpg	/Users/seltmann/Documents/kummel/work/flickr_recovered_missing_media_20260730_150821/7903243958.jpg	yes	200	140360	https://live.staticflickr.com/8317/7903243958_2547cae83a_b.jpg	https://www.flickr.com/photos/treebeard/7903243958/	Odd flowers of Green False Hellebore (Veratrum viride, Liliaceae)	256	
7591	cb686bfa-d941-4bdd-8fb0-e2e379ca01d4	7903335696.jpg	/Users/seltmann/Documents/kummel/work/flickr_recovered_missing_media_20260730_150821/7903335696.jpg	yes	200	368840	https://live.staticflickr.com/8317/7903335696_8e3f15f2e6_c.jpg	https://www.flickr.com/photos/treebeard/7903335696/	Short-awned Brome Grass (Bromus, Poaceae) in full flower	368	
7592	4f5f9b24-1ad1-439b-988d-97bdf7be6854	7903376790.jpg	/Users/seltmann/Documents/kummel/work/flickr_recovered_missing_media_20260730_150821/7903376790.jpg	yes	200	407775	https://live.staticflickr.com/8451/7903376790_42d670dfe6_c.jpg	https://www.flickr.com/photos/treebeard/7903376790/	Remarkable color of Orange Agoseris (Agoseris aurantiaca, Asteraceae) flower	86	
7593	af68f292-d0ec-4fd7-a9d3-536f4c3419a5	7903441588.jpg	/Users/seltmann/Documents/kummel/work/flickr_recovered_missing_media_20260730_150821/7903441588.jpg	yes	200	524540	https://live.staticflickr.com/8442/7903441588_c4f3802961_c.jpg	https://www.flickr.com/photos/treebeard/7903441588/	Soft cone of Sitka Spruce (Picea sitchensis, Pinaceae)	314	
7594	883e660f-acf6-44b2-b0e3-13f9ad8f24e2	7903473550.jpg	/Users/seltmann/Documents/kummel/work/flickr_recovered_missing_media_20260730_150821/7903473550.jpg	yes	200	351213	https://live.staticflickr.com/8450/7903473550_f9877b8c89_c.jpg	https://www.flickr.com/photos/treebeard/7903473550/	Barely-recognizable galled leaves of Poison Oak (Toxicodendron diversilobum, Anacardiaceae)	284	
7595	cd63669f-b645-47d5-a6d7-48d8d81be430	7903524778.jpg	/Users/seltmann/Documents/kummel/work/flickr_recovered_missing_media_20260730_150821/7903524778.jpg	yes	200	403340	https://live.staticflickr.com/8036/7903524778_ec770a5125_c.jpg	https://www.flickr.com/photos/treebeard/7903524778/	"""Ping Pong Galls"" of the Speckled Gall Wasp (Besbicus mirabilis, Cynipidae, Hymenoptera) on lobed leaf Oregon White Oak (Quercus garryana, Fagaceae)"	313	
7596	438f882f-f38c-46f3-b9f0-df327c701f52	7903572166.jpg	/Users/seltmann/Documents/kummel/work/flickr_recovered_missing_media_20260730_150821/7903572166.jpg	yes	200	418577	https://live.staticflickr.com/8171/7903572166_c309c945da_c.jpg	https://www.flickr.com/photos/treebeard/7903572166/	Remarkable nymph of an Assassin Bug (Reduviidae, Hemiptera)	357	
7597	e1cef7de-ec48-4ad7-8534-db22fdea8d85	7909850040.jpg	/Users/seltmann/Documents/kummel/work/flickr_recovered_missing_media_20260730_150821/7909850040.jpg	yes	200	586033	https://live.staticflickr.com/8313/7909850040_c8741b2113_c.jpg	https://www.flickr.com/photos/treebeard/7909850040/	Tansy Ragwort (Senecio jacobaea, Asteraceae) - a common weed in Oregon	296	
7598	d8487b6a-2146-4b4d-8b08-49d552d34f66	7909910574.jpg	/Users/seltmann/Documents/kummel/work/flickr_recovered_missing_media_20260730_150821/7909910574.jpg	yes	200	101610	https://live.staticflickr.com/8034/7909910574_2e3566c543_b.jpg	https://www.flickr.com/photos/treebeard/7909910574/	"""Beautiful weed"" - Spotted Knapweed (Centaurea maculosa, Asteraceae) in Oregon"	278	
7599	80cff4f9-6c9c-4d7b-b498-4e75fad4b635	7910157742.jpg	/Users/seltmann/Documents/kummel/work/flickr_recovered_missing_media_20260730_150821/7910157742.jpg	yes	200	101921	https://live.staticflickr.com/8301/7910157742_2d2d11e788_b.jpg	https://www.flickr.com/photos/treebeard/7910157742/	"Odd flowers of Pipsissewa aka ""Prince's-Pine"" (Chimaphila umbellata, Pyrolaceae)"	263	
7600	8b05be97-f804-4f2a-9cd2-bed1b29253d0	7910257806.jpg	/Users/seltmann/Documents/kummel/work/flickr_recovered_missing_media_20260730_150821/7910257806.jpg	yes	200	463415	https://live.staticflickr.com/8040/7910257806_8ef59b8966_c.jpg	https://www.flickr.com/photos/treebeard/7910257806/	New flowers of Douglas' Spiraea (Spiraea douglasii, Rosaceae) in a marshy place	324	
7601	5d086fbb-435b-4dc2-a628-6cdcdd6012fe	7910329612.jpg	/Users/seltmann/Documents/kummel/work/flickr_recovered_missing_media_20260730_150821/7910329612.jpg	yes	200	409916	https://live.staticflickr.com/8441/7910329612_f6e3d051fd_c.jpg	https://www.flickr.com/photos/treebeard/7910329612/	Flower heads of Nettleleaf Giant Hyssop (Agastache urticifolia, Lamiaceae) in Oregon	408	
7602	08c562dd-1bc9-442b-94ec-b7dfb2d27752	7910385370.jpg	/Users/seltmann/Documents/kummel/work/flickr_recovered_missing_media_20260730_150821/7910385370.jpg	yes	200	455624	https://live.staticflickr.com/8442/7910385370_db702cefd7_c.jpg	https://www.flickr.com/photos/treebeard/7910385370/	New flowers of  Elk Clover aka California Spikenard (Aralia californica, Araliaceae)	330	
7603	5747b5e2-0c71-4630-866b-c7f22034b0da	7910449146.jpg	/Users/seltmann/Documents/kummel/work/flickr_recovered_missing_media_20260730_150821/7910449146.jpg	yes	200	164781	https://live.staticflickr.com/8170/7910449146_d5950294c6_b.jpg	https://www.flickr.com/photos/treebeard/7910449146/	Mormon Metalmark (Apodemia mormo) butterfly on Scale Broom (Lepidospartum squamatum, Asteraceae)	318	
7604	8ed0c44f-5a26-448e-9273-606c8d682f9c	7918132426.jpg	/Users/seltmann/Documents/kummel/work/flickr_recovered_missing_media_20260730_150821/7918132426.jpg	yes	200	405946	https://live.staticflickr.com/8453/7918132426_346e4fb8bc_c.jpg	https://www.flickr.com/photos/treebeard/7918132426/	Tarantula Hawk (Pepsis mildei, Pompilidae, Hymenoptera) - a male with straight antennae	314	
7605	c1dda034-59d3-4321-b925-119530791c3d	7918187178.jpg	/Users/seltmann/Documents/kummel/work/flickr_recovered_missing_media_20260730_150821/7918187178.jpg	yes	200	435561	https://live.staticflickr.com/8174/7918187178_58d78bacba_c.jpg	https://www.flickr.com/photos/treebeard/7918187178/	Tarantula Hawk (Pepsis mildei, Pompilidae, Hymenoptera) - large female with coiled antennae	344	
7606	68bd7180-f4bd-4aa7-af7a-62b25c95797a	7926270926.jpg	/Users/seltmann/Documents/kummel/work/flickr_recovered_missing_media_20260730_150821/7926270926.jpg	yes	200	422979	https://live.staticflickr.com/8459/7926270926_95ebd1939b_c.jpg	https://www.flickr.com/photos/treebeard/7926270926/	Wasp-mimic Syrphid Flower Fly (Syrphidae, Diptera) - maybe Spilomyia interrupta and a male California Dogface (Colias eurydice) butterfly sharing a flower of Mexican Sunflower (Tithonia rotundifolia, Asteraceae)	341	
7607	4ebbe80c-9221-4be3-b3dc-eb60981045bc	7926348036.jpg	/Users/seltmann/Documents/kummel/work/flickr_recovered_missing_media_20260730_150821/7926348036.jpg	yes	200	397910	https://live.staticflickr.com/8462/7926348036_cfed12daba_c.jpg	https://www.flickr.com/photos/treebeard/7926348036/	Wasp-mimic Syrphid Flower Fly (Syrphidae, Diptera) - probably Spilomyia interrupta - on Mexican Sunflower (Tithonia rotundifolia, Asteraceae)	322	
7608	941a29fe-129e-4711-8fda-15e327e79164	7933499672.jpg	/Users/seltmann/Documents/kummel/work/flickr_recovered_missing_media_20260730_150821/7933499672.jpg	yes	200	121734	https://live.staticflickr.com/8033/7933499672_c0b7a48cd9_b.jpg	https://www.flickr.com/photos/treebeard/7933499672/	Large yellow Crab Spider (Thomisidae) has made a trap on a flower of Gloriosa Daisy (Rudbeckia hirta, Asteraceae) in the garden	309	
7609	fcd0e2ed-3be4-4c4b-909a-79adcf1803cc	7933627720.jpg	/Users/seltmann/Documents/kummel/work/flickr_recovered_missing_media_20260730_150821/7933627720.jpg	yes	200	423638	https://live.staticflickr.com/8178/7933627720_3facd66c67_c.jpg	https://www.flickr.com/photos/treebeard/7933627720/	Green Lynx Spider (Peucetia viridans, Oxyopidae) with Wild Bee (Anthophila, Hymenoptera) prey	318	
7610	123a2498-1c3c-4b61-b292-b1c07b4f2231	7933674326.jpg	/Users/seltmann/Documents/kummel/work/flickr_recovered_missing_media_20260730_150821/7933674326.jpg	yes	200	454420	https://live.staticflickr.com/8316/7933674326_c481aa050d_c.jpg	https://www.flickr.com/photos/treebeard/7933674326/	Very different Green Lynx Spider (Peucetia viridans, Oxyopidae) with a white and red abdomen - on California Buckwheat (Eriogonum fasciculatum, Polygonaceae)	314	
7611	2e3c48f9-88eb-499f-8a6f-2d0595251a08	7933764358.jpg	/Users/seltmann/Documents/kummel/work/flickr_recovered_missing_media_20260730_150821/7933764358.jpg	yes	200	389200	https://live.staticflickr.com/8169/7933764358_d842c61194_c.jpg	https://www.flickr.com/photos/treebeard/7933764358/	Banded Argiope (Argiope trifasciata) garden spider in native California Buckwheat (Eriogonum fasciculatum, Polygonaceae) - with prey	307	
7612	8a2296e6-f0b0-451e-92a5-628ce1fc561c	7933841118.jpg	/Users/seltmann/Documents/kummel/work/flickr_recovered_missing_media_20260730_150821/7933841118.jpg	yes	200	404201	https://live.staticflickr.com/8322/7933841118_fa4a6bd513_c.jpg	https://www.flickr.com/photos/treebeard/7933841118/	Silver Argiope (Argiope argenatata) spider with prey - a tiny Fly (Diptera), maybe a Freeloader Fly (Milichiidae)?	304	
7613	308c6eb2-442c-4dc0-9427-cab688628112	7933969588.jpg	/Users/seltmann/Documents/kummel/work/flickr_recovered_missing_media_20260730_150821/7933969588.jpg	yes	200	384021	https://live.staticflickr.com/8175/7933969588_848eef168e_c.jpg	https://www.flickr.com/photos/treebeard/7933969588/	Wild Bee (Anthophila, Hymenoptera) - in the grips of a Pacific Ambush Bug (Phymata pacifica, Phymatidae, Hemiptera)	398	
7614	8831ea32-76e6-4231-9d77-15da8474d782	7934066252.jpg	/Users/seltmann/Documents/kummel/work/flickr_recovered_missing_media_20260730_150821/7934066252.jpg	yes	200	89913	https://live.staticflickr.com/8169/7934066252_d65eddc471_b.jpg	https://www.flickr.com/photos/treebeard/7934066252/	Pacific Ambush Bug (Phymata pacifica, Phymatidae, Hemiptera) on Butterfly Weed (Asclepias tuberosa, Asclepiadaceae) in the garden	215	
7615	07c1979a-6464-461f-a887-372527c15e86	7934243916.jpg	/Users/seltmann/Documents/kummel/work/flickr_recovered_missing_media_20260730_150821/7934243916.jpg	yes	200	422655	https://live.staticflickr.com/8436/7934243916_03e9c8b496_c.jpg	https://www.flickr.com/photos/treebeard/7934243916/	Anise Swallowtail (Papilio zelicaon) butterfly on Mexican Sunflower (Tithonia rotundifolia, Asteraceae)	324	
7616	9af12f50-18ee-4194-b6fd-5dd0790611bc	7940339586.jpg	/Users/seltmann/Documents/kummel/work/flickr_recovered_missing_media_20260730_150821/7940339586.jpg	yes	200	159677	https://live.staticflickr.com/8175/7940339586_71cc12485f_b.jpg	https://www.flickr.com/photos/treebeard/7940339586/	Anise Swallowtail (Papilio zelicaon) butterfly on new flower of Mexican Sunflower (Tithonia rotundifolia, Asteraceae) in the garden	373	
7617	a4bc336c-7f3f-44e7-a42f-7baf83c1513d	7940377800.jpg	/Users/seltmann/Documents/kummel/work/flickr_recovered_missing_media_20260730_150821/7940377800.jpg	yes	200	441031	https://live.staticflickr.com/8299/7940377800_58b3c4a629_c.jpg	https://www.flickr.com/photos/treebeard/7940377800/	Grass-Skipper (Hesperia, Hesperiidae) butterfly on Zinnia (Asteraceae) flower in the garden	386	
7618	001d0774-fa75-429e-a5fc-b3ef02fd9f62	7940436318.jpg	/Users/seltmann/Documents/kummel/work/flickr_recovered_missing_media_20260730_150821/7940436318.jpg	yes	200	365927	https://live.staticflickr.com/8174/7940436318_5a2f9f682f_c.jpg	https://www.flickr.com/photos/treebeard/7940436318/	Crab Spider (Thomisidae) on flower of non-native Milkweed (Asclepiadaceae) - maybe Butterfly Weed (Asclepias tuberosa)	281	
7619	cdcfc1e7-16ab-4193-bfd5-82d7e47bc517	7940471490.jpg	/Users/seltmann/Documents/kummel/work/flickr_recovered_missing_media_20260730_150821/7940471490.jpg	yes	200	395899	https://live.staticflickr.com/8298/7940471490_582291d9ec_c.jpg	https://www.flickr.com/photos/treebeard/7940471490/	Odd-looking Planthopper (Fulgoroidea, Homoptera) - I guess family Issidae, genus Neaethus - on Wild Blackberry (Rubus ursinus, Rosaceae)	338	
7620	e1e60aa5-2023-4d77-9a59-f53639791d23	7940568300.jpg	/Users/seltmann/Documents/kummel/work/flickr_recovered_missing_media_20260730_150821/7940568300.jpg	yes	200	404633	https://live.staticflickr.com/8438/7940568300_35537e2183_c.jpg	https://www.flickr.com/photos/treebeard/7940568300/	Adult male Tree Cricket (Oecanthus, Gryllidae, Orthoptera) huddled in dead leaf of Wild Sweet Pea (Lathyrus latifolius, Fabaceae)	62	
7621	02e5023f-fb03-45f4-a19e-acbfba1e6c6d	7940716360.jpg	/Users/seltmann/Documents/kummel/work/flickr_recovered_missing_media_20260730_150821/7940716360.jpg	yes	200	431121	https://live.staticflickr.com/8308/7940716360_1ae5524537_c.jpg	https://www.flickr.com/photos/treebeard/7940716360/	Short-Horned Grasshopper (Acrididae, Orthoptera) on sandstone by the river	288	
7622	52587d87-c5db-4c4f-8856-8336da07def2	7940768998.jpg	/Users/seltmann/Documents/kummel/work/flickr_recovered_missing_media_20260730_150821/7940768998.jpg	yes	200	377729	https://live.staticflickr.com/8177/7940768998_1c28dbb345_c.jpg	https://www.flickr.com/photos/treebeard/7940768998/	Long-Horned Grasshopper (Ensifera, Orthoptera) on Scale Broom (Lepidospartum squamatum, Asteraceae) - maybe a gray Katydid (Tettigoniidae)?	269	
7623	5f5bca94-c6bc-4ae4-bbc8-ffac40abd097	7940924722.jpg	/Users/seltmann/Documents/kummel/work/flickr_recovered_missing_media_20260730_150821/7940924722.jpg	yes	200	419868	https://live.staticflickr.com/8301/7940924722_d5998d4db8_c.jpg	https://www.flickr.com/photos/treebeard/7940924722/	Sand Wasp (Steniolia, Bembicini, Apoidea, Hymenoptera) on Mexican Sunflower (Tithonia rotundifolia, Asteraceae)	350	
7624	42fa0f02-9669-4ab4-8490-3806fae8dad4	7946731822.jpg	/Users/seltmann/Documents/kummel/work/flickr_recovered_missing_media_20260730_150821/7946731822.jpg	yes	200	399592	https://live.staticflickr.com/8037/7946731822_3c0352b63c_c.jpg	https://www.flickr.com/photos/treebeard/7946731822/	"Silver Argiope (Argiope argenatata) spider with its ""stabilimentum"" - the zigzag structures of webbing"	337	
7625	2aaab5dc-fa88-42e4-9774-3c6cfadf14b9	7946775288.jpg	/Users/seltmann/Documents/kummel/work/flickr_recovered_missing_media_20260730_150821/7946775288.jpg	yes	200	346428	https://live.staticflickr.com/8309/7946775288_66ca3bba90_c.jpg	https://www.flickr.com/photos/treebeard/7946775288/	Tachinid Fly (Tachinidae, Diptera) - probably genus Cylindromyia - on Scale Broom (Lepidospartum squamatum, Asteraceae)	296	
7626	33e619e3-3827-42d8-a1ea-0e3cf90ecf0d	7946873536.jpg	/Users/seltmann/Documents/kummel/work/flickr_recovered_missing_media_20260730_150821/7946873536.jpg	yes	200	401658	https://live.staticflickr.com/8295/7946873536_894d5e2b2c_c.jpg	https://www.flickr.com/photos/treebeard/7946873536/	Spiny Tachina Fly (Paradejeania rutiloides, Tachinidae, Diptera) on Scale Broom (Lepidospartum squamatum, Asteraceae)	429	
7627	d9f01da6-cdb8-4422-a0e3-3418ce23f9bf	7946944794.jpg	/Users/seltmann/Documents/kummel/work/flickr_recovered_missing_media_20260730_150821/7946944794.jpg	yes	200	388858	https://live.staticflickr.com/8462/7946944794_5ccd3b0d7e_c.jpg	https://www.flickr.com/photos/treebeard/7946944794/	Different Sand Wasp (Bembicini, Apoidea, Hymenoptera) on Scale Broom (Lepidospartum squamatum, Asteraceae)	326	
7628	23308a42-38a1-441b-898e-22c587072245	7947002554.jpg	/Users/seltmann/Documents/kummel/work/flickr_recovered_missing_media_20260730_150821/7947002554.jpg	yes	200	155558	https://live.staticflickr.com/8438/7947002554_3a64a1a3dc_b.jpg	https://www.flickr.com/photos/treebeard/7947002554/	Large Wasp (Hymenoptera) on Scale Broom (Lepidospartum squamatum, Asteraceae)	294	
7629	b12f6dc1-5cc4-43e9-949c-df906eb65793	7947134956.jpg	/Users/seltmann/Documents/kummel/work/flickr_recovered_missing_media_20260730_150821/7947134956.jpg	yes	200	424336	https://live.staticflickr.com/8296/7947134956_a7267b8ba2_c.jpg	https://www.flickr.com/photos/treebeard/7947134956/	Mormon Metalmark (Apodemia mormo) butterfly on Scale Broom (Lepidospartum squamatum, Asteraceae)	296	
7630	27484bc8-6518-4f85-83d9-2cefda332a78	7947170326.jpg	/Users/seltmann/Documents/kummel/work/flickr_recovered_missing_media_20260730_150821/7947170326.jpg	yes	200	383169	https://live.staticflickr.com/8299/7947170326_c2a6cfdcf0_c.jpg	https://www.flickr.com/photos/treebeard/7947170326/	Frisky Common Buckeye (Junonia coenia) butterflies on Scale Broom (Lepidospartum squamatum, Asteraceae) - thinking about mating	56	
7631	f42495e2-4f0a-4ddc-a4f2-61e7c734382c	7947259058.jpg	/Users/seltmann/Documents/kummel/work/flickr_recovered_missing_media_20260730_150821/7947259058.jpg	yes	200	426269	https://live.staticflickr.com/8440/7947259058_e16f41aa6f_c.jpg	https://www.flickr.com/photos/treebeard/7947259058/	Frisky Common Buckeye (Junonia coenia) butterflies on Scale Broom (Lepidospartum squamatum, Asteraceae) - thinking about mating	57	
7632	e47b8e20-209f-41e6-a43f-9a8325519aa1	7952501830.jpg	/Users/seltmann/Documents/kummel/work/flickr_recovered_missing_media_20260730_150821/7952501830.jpg	yes	200	480849	https://live.staticflickr.com/8310/7952501830_43ef195277_c.jpg	https://www.flickr.com/photos/treebeard/7952501830/	"LBM - ""Little Brown Mushroom"" - on the dry side of our garden, with Yerba Buena (Satureja douglasii, Lamiaceae)"	310	
7633	2a226f9a-d2b7-49db-b452-0c64ccfae33b	7952573070.jpg	/Users/seltmann/Documents/kummel/work/flickr_recovered_missing_media_20260730_150821/7952573070.jpg	yes	200	406100	https://live.staticflickr.com/8042/7952573070_532d20e4bd_c.jpg	https://www.flickr.com/photos/treebeard/7952573070/	California Fuschia (Epilobium canum ssp. angustifolium, Onagraceae)	330	
7634	fd1a03ab-bf83-4a09-a1b4-702a2428884d	7952648620.jpg	/Users/seltmann/Documents/kummel/work/flickr_recovered_missing_media_20260730_150821/7952648620.jpg	yes	200	131894	https://live.staticflickr.com/8317/7952648620_8ca6d77c72_b.jpg	https://www.flickr.com/photos/treebeard/7952648620/	Crab Spider (Thomisidae) on Gloriosa Daisy (Rudbeckia hirta, Astaeraceae) in the garden	301	
7635	e61683eb-f79f-4cb2-8b8f-1e7506b54701	7952723024.jpg	/Users/seltmann/Documents/kummel/work/flickr_recovered_missing_media_20260730_150821/7952723024.jpg	yes	200	434440	https://live.staticflickr.com/8180/7952723024_719cd59a28_c.jpg	https://www.flickr.com/photos/treebeard/7952723024/	"Wild Bees (Anthophila aka Apoidae, Hymenoptera) ""doing it"" - making more little bees"	286	
7636	9f066bd1-04a7-4ebe-8f46-b803890aa47e	7952748416.jpg	/Users/seltmann/Documents/kummel/work/flickr_recovered_missing_media_20260730_150821/7952748416.jpg	yes	200	404251	https://live.staticflickr.com/8169/7952748416_6a1f021c0d_c.jpg	https://www.flickr.com/photos/treebeard/7952748416/	Potter Wasp (Eumeninae, Vespidea, Hymenoptera) on Spearmint (Menthe spicata, Labiatae)	351	
7637	726062e5-39f8-4cdb-8ead-5d24cf78e35b	7952828858.jpg	/Users/seltmann/Documents/kummel/work/flickr_recovered_missing_media_20260730_150821/7952828858.jpg	yes	200	478445	https://live.staticflickr.com/8322/7952828858_9bab778e40_c.jpg	https://www.flickr.com/photos/treebeard/7952828858/	Yellow Jacket wasps (Vespidae, Hymenoptera) on a dead Carpenter Bee (Xylocopa, Anthophoridae, Hymenoptera)	342	
7638	aa835aa9-47ba-476f-a130-fbf46acc94ab	7952898390.jpg	/Users/seltmann/Documents/kummel/work/flickr_recovered_missing_media_20260730_150821/7952898390.jpg	yes	200	389896	https://live.staticflickr.com/8033/7952898390_5440220b99_c.jpg	https://www.flickr.com/photos/treebeard/7952898390/	Bee Fly (Bombyliidae, Diptera) on a pretty Zinnia (Asteraceae) flower in the garden	286	
7639	942dd5ba-f28d-4d5b-bab9-3b3af2b37364	7952931148.jpg	/Users/seltmann/Documents/kummel/work/flickr_recovered_missing_media_20260730_150821/7952931148.jpg	yes	200	113107	https://live.staticflickr.com/8039/7952931148_ecb0404938_b.jpg	https://www.flickr.com/photos/treebeard/7952931148/	Crab Spider (Thomisidae) going at a Bee Fly (Bombyliidae, Diptera) in the garden	344	
7640	116b93ce-a81e-4306-9279-8030243d2f22	7958771218.jpg	/Users/seltmann/Documents/kummel/work/flickr_recovered_missing_media_20260730_150821/7958771218.jpg	yes	200	372761	https://live.staticflickr.com/8438/7958771218_380ddc5d0d_c.jpg	https://www.flickr.com/photos/treebeard/7958771218/	Galls of the Spined Turban Gall Wasp (Antron douglasii, Cynipidae, Hymenoptera) on Scrub Oak (Quercus berberidifolia,Fagaceae)	286	
7641	0823aa52-7f45-408c-8bba-7f55ca107f2f	7958882020.jpg	/Users/seltmann/Documents/kummel/work/flickr_recovered_missing_media_20260730_150821/7958882020.jpg	yes	200	433802	https://live.staticflickr.com/8304/7958882020_73118fe11d_c.jpg	https://www.flickr.com/photos/treebeard/7958882020/	New galls of the Crystalline Gall Wasp (Andricus crystallinus, Cynipidae, Hymenoptera) on Scrub Oak (Quercus berberidifolia, Fagaceae)	336	
7642	2eab5f10-df22-41b9-ac37-3116a4dd025e	7958938528.jpg	/Users/seltmann/Documents/kummel/work/flickr_recovered_missing_media_20260730_150821/7958938528.jpg	yes	200	477662	https://live.staticflickr.com/8032/7958938528_d49fe480d9_c.jpg	https://www.flickr.com/photos/treebeard/7958938528/	Mass galls of the Crystalline Gall Wasp (Andricus crystallinus, Cynipidae, Hymenoptera) on Scrub Oak (Quercus berberidifolia, Fagaceae)	491	
7643	69d235a5-a887-4fe8-b1bc-0eacb1f3f5dc	7959018438.jpg	/Users/seltmann/Documents/kummel/work/flickr_recovered_missing_media_20260730_150821/7959018438.jpg	yes	200	410417	https://live.staticflickr.com/8182/7959018438_7669d1f929_c.jpg	https://www.flickr.com/photos/treebeard/7959018438/	Old galls of Clasping Twig Gall Wasp (Disholcaspis prehensa, Cynipidae, Hymenoptera) on Scrub Oak (Quercus berberidifolia, Fagaceae)	294	
7644	56a594b0-d11e-416c-9b93-4f2f2ac09510	7959102316.jpg	/Users/seltmann/Documents/kummel/work/flickr_recovered_missing_media_20260730_150821/7959102316.jpg	yes	200	448092	https://live.staticflickr.com/8300/7959102316_f518afb8c6_c.jpg	https://www.flickr.com/photos/treebeard/7959102316/	Interesting ants (Crematogaster, Myrmicinae, Formicidae, Hymenoptera) tending gall of Clasping Twig Gall Wasp (Disholcaspis prehensa, Cynipidae, Hymenoptera) on Scrub Oak (Quercus berberidifolia, Fagaceae)	337	
7645	b5ae3f7f-93a7-42a0-9a3d-8ef5f41a72a7	7959230254.jpg	/Users/seltmann/Documents/kummel/work/flickr_recovered_missing_media_20260730_150821/7959230254.jpg	yes	200	136204	https://live.staticflickr.com/8457/7959230254_e79f7b5353_b.jpg	https://www.flickr.com/photos/treebeard/7959230254/	Meeting of wasps (Hymenoptera) on gall of Clasping Twig Gall Wasp (Disholcaspis prehensa, Cynipidae, Hymenoptera) on Scrub Oak (Quercus berberidifolia, Fagaceae)	272	
7646	13a3053b-1469-450c-96a5-cc1426a41d76	7959408176.jpg	/Users/seltmann/Documents/kummel/work/flickr_recovered_missing_media_20260730_150821/7959408176.jpg	yes	200	138317	https://live.staticflickr.com/8296/7959408176_064d04e6c7_b.jpg	https://www.flickr.com/photos/treebeard/7959408176/	"Remarkable ""parasitic wasp"" (Hymenoptera) on galls of Clasping Twig Gall Wasp (Disholcaspis prehensa, Cynipidae, Hymenoptera) on Scrub Oak (Quercus berberidifolia, Fagaceae)"	243	
7647	ffbab10b-6196-4221-921e-1de4fc1198f1	7959504936.jpg	/Users/seltmann/Documents/kummel/work/flickr_recovered_missing_media_20260730_150821/7959504936.jpg	yes	200	362483	https://live.staticflickr.com/8456/7959504936_9f025c69f0_c.jpg	https://www.flickr.com/photos/treebeard/7959504936/	Fatal Metalmark (Calephelis nemesis californica) butterfly on Sawtooth Goldenbush (Hazardia squarrosa, Asteraceae)	297	
7648	3a75bed0-0a87-4273-94ea-46f7112cd4b5	7966773936.jpg	/Users/seltmann/Documents/kummel/work/flickr_recovered_missing_media_20260730_150821/7966773936.jpg	yes	200	413395	https://live.staticflickr.com/8444/7966773936_c46eaf98c2_c.jpg	https://www.flickr.com/photos/treebeard/7966773936/	Mormon Metalmark (Apodemia mormo) butterfly on new flower of Fort Tejon Milk-Aster (Stephanomeria cichoriacea, Asteraceae) - with Honey Bee	310	
7649	0ae0e2a2-125c-427a-abb7-acb298f8c125	7966882804.jpg	/Users/seltmann/Documents/kummel/work/flickr_recovered_missing_media_20260730_150821/7966882804.jpg	yes	200	462801	https://live.staticflickr.com/8307/7966882804_9ec8330b3d_c.jpg	https://www.flickr.com/photos/treebeard/7966882804/	Orb-Weaver spider (Araneidae) curled up with a piece of string and a cactus spine	327	
7650	b14fafed-52a1-4ec9-9d7e-24172eca02c3	7966978956.jpg	/Users/seltmann/Documents/kummel/work/flickr_recovered_missing_media_20260730_150821/7966978956.jpg	yes	200	396770	https://live.staticflickr.com/8178/7966978956_4e479556a7_c.jpg	https://www.flickr.com/photos/treebeard/7966978956/	Odd-looking Planthopper (Fulgoroidea, Homoptera) -  I believe family Issidae, genus Neaethus	319	
7651	feb5520a-2c64-4a3b-afc6-6813c65c5e6a	7967050654.jpg	/Users/seltmann/Documents/kummel/work/flickr_recovered_missing_media_20260730_150821/7967050654.jpg	yes	200	153973	https://live.staticflickr.com/8435/7967050654_05cb38b258_b.jpg	https://www.flickr.com/photos/treebeard/7967050654/	Attractive large (not giant) Crane Fly (Tipulidae, Diptera) on Wild Blackberry (Rubus ursinus, Rosaceae)	271	
7652	4fd0bac2-30cc-4791-9fc7-4c21afd82aa8	7967166262.jpg	/Users/seltmann/Documents/kummel/work/flickr_recovered_missing_media_20260730_150821/7967166262.jpg	yes	200	375431	https://live.staticflickr.com/8299/7967166262_459ea250ac_c.jpg	https://www.flickr.com/photos/treebeard/7967166262/	Galled acorn of a Mottled Acorn Gall Wasp (Callirhytis carmelensis, Cynipidae, Hymenoptera) on Coast Live Oak (Quercus agrifolia, Fagaceae) - with an ant	245	
7653	9c700b22-8904-4095-8280-1fb4b7a99fdf	7967333898.jpg	/Users/seltmann/Documents/kummel/work/flickr_recovered_missing_media_20260730_150821/7967333898.jpg	yes	200	392363	https://live.staticflickr.com/8179/7967333898_387633debd_c.jpg	https://www.flickr.com/photos/treebeard/7967333898/	"Acorn bubble - maybe ""Live Oak Honey"" from Mottled Acorn Gall Wasp (Callirhytis carmelensis, Cynipidae, Hymenoptera) on Coast Live Oak (Quercus agrifolia, Fagaceae)"	269	
7654	5ca1aab0-984c-42f0-8a23-a61fbcb587d9	7967468668.jpg	/Users/seltmann/Documents/kummel/work/flickr_recovered_missing_media_20260730_150821/7967468668.jpg	yes	200	107517	https://live.staticflickr.com/8032/7967468668_6f65a5933a_c.jpg	https://www.flickr.com/photos/treebeard/7967468668/	Pretty good camouflage - can you spot the critter on California Buckwheat (Eriogonum fasciculatum, Polygonaceae)?	302	
7655	25f16869-cd51-47ae-a8e5-4d93525359db	7967580522.jpg	/Users/seltmann/Documents/kummel/work/flickr_recovered_missing_media_20260730_150821/7967580522.jpg	yes	200	123533	https://live.staticflickr.com/8042/7967580522_be05d45f70_b.jpg	https://www.flickr.com/photos/treebeard/7967580522/	"Pretty good camouflage - ""looper"" caterpillar (Lepidoptera) on California Buckwheat (Eriogonum fasciculatum, Polygonaceae)"	332	
7656	d4877de9-c13c-470a-bd3f-5b79f78cc72c	7974591858.jpg	/Users/seltmann/Documents/kummel/work/flickr_recovered_missing_media_20260730_150821/7974591858.jpg	yes	200	122408	https://live.staticflickr.com/8030/7974591858_ca271cd1ec_b.jpg	https://www.flickr.com/photos/treebeard/7974591858/	"Different ""looper"" type caterpillar (Lepidoptera) on California Buckwheat (Eriogonum fasciculatum, Polygonaceae)"	305	
7657	e517f7c4-39be-4110-8cb9-224fd80312df	7974605840.jpg	/Users/seltmann/Documents/kummel/work/flickr_recovered_missing_media_20260730_150821/7974605840.jpg	yes	200	400505	https://live.staticflickr.com/8441/7974605840_a6a8389553_c.jpg	https://www.flickr.com/photos/treebeard/7974605840/	Flowers and fruit of Tomatillo (Physalis ixocarpa, Solanaceae) in the garden	339	
7658	a91a6837-53bc-4283-adae-7aa70656ef7d	7974654022.jpg	/Users/seltmann/Documents/kummel/work/flickr_recovered_missing_media_20260730_150821/7974654022.jpg	yes	200	390719	https://live.staticflickr.com/8449/7974654022_b4a3f7c4b0_c.jpg	https://www.flickr.com/photos/treebeard/7974654022/	Beautiful fruit of native California Bay (Umbellularia californica, Lauraceae) tree	374	
7659	b23a6df4-6608-4592-afa5-0403c5f82342	7974711832.jpg	/Users/seltmann/Documents/kummel/work/flickr_recovered_missing_media_20260730_150821/7974711832.jpg	yes	200	449696	https://live.staticflickr.com/8301/7974711832_8f0ffd28db_c.jpg	https://www.flickr.com/photos/treebeard/7974711832/	"""Oak apple"" gall of the California Gall Wasp (Andricus quercuscalifornicus, Cynipidae, Hymenoptera) on Scrub Oak (Quercus berberidifolia, Fagaceae)"	340	
7660	bbf2e20f-95ae-40af-9a38-73a13d773c83	7974732335.jpg	/Users/seltmann/Documents/kummel/work/flickr_recovered_missing_media_20260730_150821/7974732335.jpg	yes	200	409311	https://live.staticflickr.com/8440/7974732335_82f3c86316_c.jpg	https://www.flickr.com/photos/treebeard/7974732335/	Gall of Beaked Twig Gall Wasp (Disholcaspis plumbella, Cynipidae, Hymenoptera) on Scrub Oak (Quercus berberidifolia, Fagaceae)	331	
7661	7f45aaa5-4766-4654-8ce9-1dff70ba6f97	7974769030.jpg	/Users/seltmann/Documents/kummel/work/flickr_recovered_missing_media_20260730_150821/7974769030.jpg	yes	200	399894	https://live.staticflickr.com/8301/7974769030_8016ea4fa9_c.jpg	https://www.flickr.com/photos/treebeard/7974769030/	Small larvae of Green Lacewing (Chrysopidae, Neuroptera) on Wood Mint (Stachys bullata, Labiatae)	313	
7662	3dca3e02-9f8d-4428-b13c-4ff4dca05cd6	7974833973.jpg	/Users/seltmann/Documents/kummel/work/flickr_recovered_missing_media_20260730_150821/7974833973.jpg	yes	200	379633	https://live.staticflickr.com/8312/7974833973_947f33cfd2_c.jpg	https://www.flickr.com/photos/treebeard/7974833973/	Late-season flowers of native Rough-leaved Aster (Aster radulinus, Asteraceae)	315	
7663	7948b134-5bec-4e74-a611-91f5cd806b31	7974860579.jpg	/Users/seltmann/Documents/kummel/work/flickr_recovered_missing_media_20260730_150821/7974860579.jpg	yes	200	129074	https://live.staticflickr.com/8452/7974860579_9b5704feae_b.jpg	https://www.flickr.com/photos/treebeard/7974860579/	Grass-Skipper (Hesperia, Hesperiidae) butterfly on Fort Tejon Milk-Aster (Stephanomeria cichoriacea, Asteraceae)	323	
7664	042d9f2f-d989-4b35-8dd4-49ac5356b93c	7978061470.jpg	/Users/seltmann/Documents/kummel/work/flickr_recovered_missing_media_20260730_150821/7978061470.jpg	yes	200	473442	https://live.staticflickr.com/8176/7978061470_c2ac811f25_c.jpg	https://www.flickr.com/photos/treebeard/7978061470/	Flowers of native Scale Broom (Lepidospartum squamatum, Asteraceae) on the dry river wash	319	
7665	9d344eed-e167-4c6f-9d0b-379756b941ce	7978093426.jpg	/Users/seltmann/Documents/kummel/work/flickr_recovered_missing_media_20260730_150821/7978093426.jpg	yes	200	392974	https://live.staticflickr.com/8303/7978093426_6897ae10fc_c.jpg	https://www.flickr.com/photos/treebeard/7978093426/	New flowers of  native Hairy Golden Aster (Heterotheca sessiliflora ssp. echoides, Asteraceae)	317	
7666	e5c6051f-3055-4783-8e6e-ab20e9f1dff4	7978133393.jpg	/Users/seltmann/Documents/kummel/work/flickr_recovered_missing_media_20260730_150821/7978133393.jpg	yes	200	385561	https://live.staticflickr.com/8444/7978133393_2a509012cb_c.jpg	https://www.flickr.com/photos/treebeard/7978133393/	New flowers of native California Brickellbush (Brickellia californica, Asteraceae)	380	
7667	04edabfb-f4d3-420c-81f5-b9af2fdeaf42	7978153544.jpg	/Users/seltmann/Documents/kummel/work/flickr_recovered_missing_media_20260730_150821/7978153544.jpg	yes	200	165168	https://live.staticflickr.com/8312/7978153544_eb3ba3b13e_b.jpg	https://www.flickr.com/photos/treebeard/7978153544/	Small Lepiota mushrooms under Coast Live Oak (Quercus agrifolia, Fagaceae)	329	
7668	ef8988d8-910c-4e1f-87f0-92564bbbc607	7978193501.jpg	/Users/seltmann/Documents/kummel/work/flickr_recovered_missing_media_20260730_150821/7978193501.jpg	yes	200	390845	https://live.staticflickr.com/8030/7978193501_7fef7c8ec1_c.jpg	https://www.flickr.com/photos/treebeard/7978193501/	Net-winged Planthopper (Fulgoroidea, Homoptera) - family Issidae, genus Neaethus	362	
7669	db3c572b-884a-459a-b80f-89c66e69a04b	7978213055.jpg	/Users/seltmann/Documents/kummel/work/flickr_recovered_missing_media_20260730_150821/7978213055.jpg	yes	200	391671	https://live.staticflickr.com/8035/7978213055_d5824b3fb2_c.jpg	https://www.flickr.com/photos/treebeard/7978213055/	Silver Argiope (Argiope argenatata) spider by the river - looks mean!	287	
7670	bca6ee9c-d5a6-4dec-8777-b683dd582885	7978253456.jpg	/Users/seltmann/Documents/kummel/work/flickr_recovered_missing_media_20260730_150821/7978253456.jpg	yes	200	347318	https://live.staticflickr.com/8315/7978253456_9c0748ee2d_c.jpg	https://www.flickr.com/photos/treebeard/7978253456/	"Mating pair of ""True Bugs"" (Hemiptera) - maybe family Lygaeidae"	618	
7671	d550a7f4-ad18-4e9d-a8bb-854f60fa8b73	7978317093.jpg	/Users/seltmann/Documents/kummel/work/flickr_recovered_missing_media_20260730_150821/7978317093.jpg	yes	200	414115	https://live.staticflickr.com/8440/7978317093_496aa11ce2_c.jpg	https://www.flickr.com/photos/treebeard/7978317093/	Pollen-dusted Wasp (Vespidae, Hymenoptera) on Scale Broom (Lepidospartum squamatum, Asteraceae)	428	
7672	a5a2c006-386c-4657-92b6-f393e1e1cfcc	7981122761.jpg	/Users/seltmann/Documents/kummel/work/flickr_recovered_missing_media_20260730_150821/7981122761.jpg	yes	200	608277	https://live.staticflickr.com/8039/7981122761_44419f03f9_c.jpg	https://www.flickr.com/photos/treebeard/7981122761/	Characteristic flower heads of California Goldenrod (Solidago californica, Asteraceae)	328	
7673	df7f373d-debf-442d-940c-06726e4a34d0	7981142844.jpg	/Users/seltmann/Documents/kummel/work/flickr_recovered_missing_media_20260730_150821/7981142844.jpg	yes	200	432863	https://live.staticflickr.com/8319/7981142844_8e64c5baa4_c.jpg	https://www.flickr.com/photos/treebeard/7981142844/	Late-summer flowers of native Golden Fleece (Ericameria arborescens, Asteraceae)	682	
7674	2ff0e39d-82d8-466f-a61c-d44115d7bd13	7981156153.jpg	/Users/seltmann/Documents/kummel/work/flickr_recovered_missing_media_20260730_150821/7981156153.jpg	yes	200	339920	https://live.staticflickr.com/8313/7981156153_ae3a20f7cd_b.jpg	https://www.flickr.com/photos/treebeard/7981156153/	Whole plant of native Golden Fleece (Ericameria arborescens, Asteraceae)	297	
7675	14d54a98-0cd6-48d5-8616-e5f0b666b5ab	7981196900.jpg	/Users/seltmann/Documents/kummel/work/flickr_recovered_missing_media_20260730_150821/7981196900.jpg	yes	200	379249	https://live.staticflickr.com/8446/7981196900_b0bb4e6411_c.jpg	https://www.flickr.com/photos/treebeard/7981196900/	Late-season native flowers of Fort Tejon Milk-Aster (Stephanomeria cichoriacea, Asteraceae)	381	
7676	50cecc41-752f-498f-a62e-9374d12a2383	7981216747.jpg	/Users/seltmann/Documents/kummel/work/flickr_recovered_missing_media_20260730_150821/7981216747.jpg	yes	200	386638	https://live.staticflickr.com/8307/7981216747_8499803bbc_c.jpg	https://www.flickr.com/photos/treebeard/7981216747/	New flowers of native composite Bush Groundsel (Senecio flaccidus var. douglasii, Asteraceae)	371	
7677	ffe2237c-fe80-493c-9552-34cb7e37ae49	7981290175.jpg	/Users/seltmann/Documents/kummel/work/flickr_recovered_missing_media_20260730_150821/7981290175.jpg	yes	200	90229	https://live.staticflickr.com/8440/7981290175_5a0cf27b8f_b.jpg	https://www.flickr.com/photos/treebeard/7981290175/	Wild Bee (Anthophila, Hymenoptera) on Bush Groundsel (Senecio flaccidus var. douglasii, Asteraceae)	241	
7678	9fd28d62-ca5b-4b32-bcac-2cba9a92bc02	7981320005.jpg	/Users/seltmann/Documents/kummel/work/flickr_recovered_missing_media_20260730_150821/7981320005.jpg	yes	200	423824	https://live.staticflickr.com/8032/7981320005_42280b6884_c.jpg	https://www.flickr.com/photos/treebeard/7981320005/	Mormon Metalmark (Apodemia mormo) butterfly on flowers of Bush Groundsel (Senecio flaccidus var. douglasii, Asteraceae)	388	
7679	94f8c49f-63ec-44c2-bfbf-492fb72dd5c4	7981352261.jpg	/Users/seltmann/Documents/kummel/work/flickr_recovered_missing_media_20260730_150821/7981352261.jpg	yes	200	416188	https://live.staticflickr.com/8319/7981352261_4eb0270e05_c.jpg	https://www.flickr.com/photos/treebeard/7981352261/	Gray Hairstreak (Strymon melinus) butterfly on flowers of California Dodder (Cuscuta californica, Cuscutaceae)	410	
7680	5e6d34d5-59c7-4794-a2a7-703012caa240	7984437993.jpg	/Users/seltmann/Documents/kummel/work/flickr_recovered_missing_media_20260730_150821/7984437993.jpg	yes	200	462768	https://live.staticflickr.com/8447/7984437993_2b86a40b6f_c.jpg	https://www.flickr.com/photos/treebeard/7984437993/	Ripening berries of native California Honeysuckle (Lonicera hispidula, Caprifoliaceae)	347	
7681	51811009-9937-4ecf-b9f2-6120308b23a6	7984486702.jpg	/Users/seltmann/Documents/kummel/work/flickr_recovered_missing_media_20260730_150821/7984486702.jpg	yes	200	103364	https://live.staticflickr.com/8299/7984486702_16c6ee0f48_b.jpg	https://www.flickr.com/photos/treebeard/7984486702/	Brilliant  female California Dogface (Colias eurydice) butterfly on Mexican Sunflower (Tithonia rotundifolia, Asteraceae)	421	
7682	eda05715-5be4-4b5f-875a-67ceb6c2c4b2	7986946312.jpg	/Users/seltmann/Documents/kummel/work/flickr_recovered_missing_media_20260730_150821/7986946312.jpg	yes	200	125096	https://live.staticflickr.com/8030/7986946312_bdd8182f91_b.jpg	https://www.flickr.com/photos/treebeard/7986946312/	Brilliant male California Dogface (Colias eurydice) butterfly on Mexican Sunflower (Tithonia rotundifolia, Asteraceae)	314	
7683	9db1d78e-d5d1-4825-a71b-8a4780f298c0	7986969777.jpg	/Users/seltmann/Documents/kummel/work/flickr_recovered_missing_media_20260730_150821/7986969777.jpg	yes	200	143266	https://live.staticflickr.com/8449/7986969777_3b22820e34_b.jpg	https://www.flickr.com/photos/treebeard/7986969777/	Flower cluster of Mule Fat (Baccharis salicifolia, Asteraceae)	379	
7684	f7b2ef70-96dc-4737-8b1a-baf90912c627	7986996761.jpg	/Users/seltmann/Documents/kummel/work/flickr_recovered_missing_media_20260730_150821/7986996761.jpg	yes	200	101553	https://live.staticflickr.com/8314/7986996761_f2e0c4365a_b.jpg	https://www.flickr.com/photos/treebeard/7986996761/	New flower of Chaparral Mallow (Malacothamnus fasciculatus, Malvaceae)	283	
7685	8c59ac4b-9d9e-41ba-954d-02a668364925	7987011197.jpg	/Users/seltmann/Documents/kummel/work/flickr_recovered_missing_media_20260730_150821/7987011197.jpg	yes	200	379303	https://live.staticflickr.com/8454/7987011197_bbe55e89f0_c.jpg	https://www.flickr.com/photos/treebeard/7987011197/	Perfect mandala of Toloache (Datura wrightii, Solanaceae)	320	
7686	4e69a196-cac2-476a-b5f8-bef6a9800cb5	7987038943.jpg	/Users/seltmann/Documents/kummel/work/flickr_recovered_missing_media_20260730_150821/7987038943.jpg	yes	200	316185	https://live.staticflickr.com/8300/7987038943_efbee13a8b_c.jpg	https://www.flickr.com/photos/treebeard/7987038943/	"""Datura Beetles"" (Coleoptera) on Toloache (Datura wrightii, Solanaceae) - genus Lema, Chrysomelidae"	307	
7687	ba7eb838-89a5-4de3-868d-d78fd82d06ce	7987099674.jpg	/Users/seltmann/Documents/kummel/work/flickr_recovered_missing_media_20260730_150821/7987099674.jpg	yes	200	380673	https://live.staticflickr.com/8310/7987099674_a797d30f4d_c.jpg	https://www.flickr.com/photos/treebeard/7987099674/	Maybe the Bagrada Bug (Bagrada hilaris, Pentatomidae, Hemiptera) on Scale Broom (Lepidospartum squamatum, Asteraceae)	323	
7688	70b5a3b7-9ad8-42d5-b82f-d1055dc0c99b	7987115725.jpg	/Users/seltmann/Documents/kummel/work/flickr_recovered_missing_media_20260730_150821/7987115725.jpg	yes	200	407268	https://live.staticflickr.com/8295/7987115725_90d574afa9_c.jpg	https://www.flickr.com/photos/treebeard/7987115725/	Lygaeid Bug (Lygaeidae, Hemiptera) on Scale Broom (Lepidospartum squamatum, Asteraceae)	417	
7689	ba7a1c7c-6a81-41b5-9b08-b224af316c64	7987152106.jpg	/Users/seltmann/Documents/kummel/work/flickr_recovered_missing_media_20260730_150821/7987152106.jpg	yes	200	425023	https://live.staticflickr.com/8306/7987152106_5b0511207f_c.jpg	https://www.flickr.com/photos/treebeard/7987152106/	Western Pygmy Blue (Brephidium exile) butterfly on Scale Broom (Lepidospartum squamatum, Asteraceae)	302	
7690	fff84aed-f8b9-49ed-884a-912300af0d2f	7989973876.jpg	/Users/seltmann/Documents/kummel/work/flickr_recovered_missing_media_20260730_150821/7989973876.jpg	yes	200	429098	https://live.staticflickr.com/8032/7989973876_81a13ba837_c.jpg	https://www.flickr.com/photos/treebeard/7989973876/	The native Coyote Bush (Baccharis pilularis, Asteraceae) doesn't look good this dry year	403	
7691	9efa310e-f53d-4aa8-ba11-d87b8b2699cb	7990033390.jpg	/Users/seltmann/Documents/kummel/work/flickr_recovered_missing_media_20260730_150821/7990033390.jpg	yes	200	414004	https://live.staticflickr.com/8032/7990033390_9828d39010_c.jpg	https://www.flickr.com/photos/treebeard/7990033390/	Dry flower buds of  native Coyote Bush (Baccharis pilularis, Asteraceae) - no flowers this year	339	
7692	8d70ea0a-f66d-4bdc-bd8d-21b2c472c711	7990059216.jpg	/Users/seltmann/Documents/kummel/work/flickr_recovered_missing_media_20260730_150821/7990059216.jpg	yes	200	165554	https://live.staticflickr.com/8175/7990059216_b8d58877a6_b.jpg	https://www.flickr.com/photos/treebeard/7990059216/	Feathery seed plumes of Creek Clematis (Clematis ligusticifolia, Ranunculaceae)	386	
7693	0b66ae2e-bbb0-42d5-b539-d4af9bb3235e	7990105872.jpg	/Users/seltmann/Documents/kummel/work/flickr_recovered_missing_media_20260730_150821/7990105872.jpg	yes	200	159541	https://live.staticflickr.com/8306/7990105872_8aa53ea33d_b.jpg	https://www.flickr.com/photos/treebeard/7990105872/	Feathery seed plumes of Mountain Mahogany (Cercocarpus betuloides, Rosaceae)	292	
7694	f9c14486-ab66-431a-8cd1-e46ca28073dc	7990127119.jpg	/Users/seltmann/Documents/kummel/work/flickr_recovered_missing_media_20260730_150821/7990127119.jpg	yes	200	449160	https://live.staticflickr.com/8041/7990127119_a6e4044eb8_c.jpg	https://www.flickr.com/photos/treebeard/7990127119/	"""Fall colors"" - Poison Oak (Toxicodendron diversilobum, Anacardiaceae)"	302	
7695	3efb3a3b-f69e-4a4a-8553-6801645a4a95	7990151689.jpg	/Users/seltmann/Documents/kummel/work/flickr_recovered_missing_media_20260730_150821/7990151689.jpg	yes	200	345954	https://live.staticflickr.com/8035/7990151689_47cdb11862_c.jpg	https://www.flickr.com/photos/treebeard/7990151689/	Tiny flowers of native Autumn Willowherb (Epilobium brachycarpum, Onagraceae) - with a diurnal moth	269	
7696	39b81c36-82ce-4809-bcd6-0f8def60a4dd	7990192081.jpg	/Users/seltmann/Documents/kummel/work/flickr_recovered_missing_media_20260730_150821/7990192081.jpg	yes	200	337197	https://live.staticflickr.com/8033/7990192081_7c048c4783_c.jpg	https://www.flickr.com/photos/treebeard/7990192081/	"Tiny ""microlepidoptera"" moth on native flower of Autumn Willowherb (Epilobium brachycarpum, Onagraceae) - maybe family Gelechiidae?"	329	
7697	7be11e9e-af92-4452-92c8-1b347d1610c1	7990284105.jpg	/Users/seltmann/Documents/kummel/work/flickr_recovered_missing_media_20260730_150821/7990284105.jpg	yes	200	412732	https://live.staticflickr.com/8451/7990284105_d018ee9706_c.jpg	https://www.flickr.com/photos/treebeard/7990284105/	Green Lynx Spider (Peucetia viridans, Oxyopidae) on Sawtooth Goldenbush (Hazardia squarrosa, Asteraceae)	435	
7698	a59948fa-47e2-4f5e-be2c-dcb6d57d5510	7994096829.jpg	/Users/seltmann/Documents/kummel/work/flickr_recovered_missing_media_20260730_150821/7994096829.jpg	yes	200	116126	https://live.staticflickr.com/8040/7994096829_7bd1df6959_b.jpg	https://www.flickr.com/photos/treebeard/7994096829/	New flowers of native California Aster (Lessingia filaginifolia aka Corethrogyne filaginifolia, Asteraceae)	370	
7699	51c335c9-f16a-4c16-805b-fb7af8da06f3	7994163882.jpg	/Users/seltmann/Documents/kummel/work/flickr_recovered_missing_media_20260730_150821/7994163882.jpg	yes	200	152366	https://live.staticflickr.com/8454/7994163882_dd1a68af8c_c.jpg	https://www.flickr.com/photos/treebeard/7994163882/	Pupal nest of a Western Tussock Moth (Lymantriidae, Lepidoptera) - with a hole	311	
7700	9125105d-6b98-4703-b353-e3b1d857296e	7994216611.jpg	/Users/seltmann/Documents/kummel/work/flickr_recovered_missing_media_20260730_150821/7994216611.jpg	yes	200	395116	https://live.staticflickr.com/8461/7994216611_8e3a5c9e1c_c.jpg	https://www.flickr.com/photos/treebeard/7994216611/	Milkweed Aphids (Aphis nerii?, Homoptera) on Butterfly Weed (Asclepias tuberosa, Asclepiadaceae) in the garden	341	
7701	53e5e003-c0d5-4013-a72d-6416a01bb6c8	7994247749.jpg	/Users/seltmann/Documents/kummel/work/flickr_recovered_missing_media_20260730_150821/7994247749.jpg	yes	200	159259	https://live.staticflickr.com/8461/7994247749_b8839e3d1c_b.jpg	https://www.flickr.com/photos/treebeard/7994247749/	Funereal Duskywing (Erynnis funeralis) butterfly on Mexican Sunflower (Tithonia rotundifolia, Asteraceae) in the garden	269	
7702	715ea8c3-4a54-48f7-87eb-7acdc3ea7b13	7994315180.jpg	/Users/seltmann/Documents/kummel/work/flickr_recovered_missing_media_20260730_150821/7994315180.jpg	yes	200	368454	https://live.staticflickr.com/8435/7994315180_b48a1a61bb_c.jpg	https://www.flickr.com/photos/treebeard/7994315180/	Male staminate flowers of native Coyote Bush (Baccharis pilularis, Asteraceae)	335	
7703	783414e9-9fc0-4f03-b6a9-575c9bdc94bb	7994361537.jpg	/Users/seltmann/Documents/kummel/work/flickr_recovered_missing_media_20260730_150821/7994361537.jpg	yes	200	364963	https://live.staticflickr.com/8307/7994361537_d1fd9a8de7_c.jpg	https://www.flickr.com/photos/treebeard/7994361537/	Female pistillate flowers of Coyote Bush (Baccharis pilularis, Asteraceae) - with an Ambush Bug (Phymata pacifica, Phymatidae, Hemiptera)	315	
7704	4ae95f39-032d-4e43-a1e6-e575ce5359fe	7994433660.jpg	/Users/seltmann/Documents/kummel/work/flickr_recovered_missing_media_20260730_150821/7994433660.jpg	yes	200	141389	https://live.staticflickr.com/8322/7994433660_dee3537c68_b.jpg	https://www.flickr.com/photos/treebeard/7994433660/	Ambush Bug (Phymata pacifica, Phymatidae, Hemiptera) with small Wild Bee (Anthophila, Hymenoptera) on Spearmint (Menthe spicata, Labiatae) in the garden	262	
7705	6e84219a-6ebf-48e8-b9e7-bbc403a4bde6	7994496894.jpg	/Users/seltmann/Documents/kummel/work/flickr_recovered_missing_media_20260730_150821/7994496894.jpg	yes	200	381803	https://live.staticflickr.com/8314/7994496894_95a6246161_c.jpg	https://www.flickr.com/photos/treebeard/7994496894/	Ambush Bug (Phymata pacifica, Phymatidae, Hemiptera) waiting on Spearmint (Menthe spicata, Labiata) in the garden	356	
7706	b1acb50c-6dc9-40a6-904b-ae7f415a8e39	7997893108.jpg	/Users/seltmann/Documents/kummel/work/flickr_recovered_missing_media_20260730_150821/7997893108.jpg	yes	200	366669	https://live.staticflickr.com/8316/7997893108_8873c5df04_c.jpg	https://www.flickr.com/photos/treebeard/7997893108/	Crab Spider (Thomisidae) with a Bee Fly (Bombyliidae, Diptera) on Marigold (Tagetes) in the garden	466	
7707	8db4aaec-a360-46ec-902b-491b10ef2d20	7997940370.jpg	/Users/seltmann/Documents/kummel/work/flickr_recovered_missing_media_20260730_150821/7997940370.jpg	yes	200	408941	https://live.staticflickr.com/8457/7997940370_31f8cb7879_c.jpg	https://www.flickr.com/photos/treebeard/7997940370/	Crab Spider (Thomisidae) on Mexican Giant Hyssop (Agastache mexicana, Lamiaceae) in the garden	380	
7708	34ce3933-8ff6-4f85-b010-0b3279d70901	7997977691.jpg	/Users/seltmann/Documents/kummel/work/flickr_recovered_missing_media_20260730_150821/7997977691.jpg	yes	200	147567	https://live.staticflickr.com/8442/7997977691_42ae50ab83_b.jpg	https://www.flickr.com/photos/treebeard/7997977691/	Very different Crab Spider (Thomisidae) on the dark cone of Black-Eyed Susan aka Gloriosa Daisy (Rudbeckia hirta) in the garden	288	
7709	cb776b11-cdc6-47a0-8d73-0994da8af160	7998044205.jpg	/Users/seltmann/Documents/kummel/work/flickr_recovered_missing_media_20260730_150821/7998044205.jpg	yes	200	161882	https://live.staticflickr.com/8462/7998044205_e7b86e04fc_b.jpg	https://www.flickr.com/photos/treebeard/7998044205/	Odd little Crab Spider (Thomisidae) on the dark cone of Black-Eyed Susan aka Gloriosa Daisy (Rudbeckia hirta) in the garden	288	
7710	53c9989f-6a48-4317-902a-d84658a242ce	7998101068.jpg	/Users/seltmann/Documents/kummel/work/flickr_recovered_missing_media_20260730_150821/7998101068.jpg	yes	200	171802	https://live.staticflickr.com/8302/7998101068_41e534a4c0_b.jpg	https://www.flickr.com/photos/treebeard/7998101068/	Adult female Tree Cricket (Oecanthus, Gryllidae, Orthoptera) on a leaf in the garden - maybe Oecanthus californicus or kin	317	
7711	e49d8e5f-130c-44e7-9dbd-ee1799300fd7	7998136493.jpg	/Users/seltmann/Documents/kummel/work/flickr_recovered_missing_media_20260730_150821/7998136493.jpg	yes	200	138214	https://live.staticflickr.com/8174/7998136493_7d03a3c8d5_b.jpg	https://www.flickr.com/photos/treebeard/7998136493/	California Angle-winged Katydid (Microcentrum californicum, Tettigoniidae, Orthoptera) on Giant Rye Grass (Leymus condensatus, Poaceae)	254	
7712	99c85fb8-0e52-4694-9ee5-f2197ea248e8	7998236215.jpg	/Users/seltmann/Documents/kummel/work/flickr_recovered_missing_media_20260730_150821/7998236215.jpg	yes	200	400431	https://live.staticflickr.com/8456/7998236215_b510b286d2_c.jpg	https://www.flickr.com/photos/treebeard/7998236215/	Painted Lady (Vanessa cardui) butterfly on a Zinnia flower in the garden	277	
7713	ec9a78f7-cf1b-4dbc-af46-354dfa4fc244	7998278574.jpg	/Users/seltmann/Documents/kummel/work/flickr_recovered_missing_media_20260730_150821/7998278574.jpg	yes	200	149552	https://live.staticflickr.com/8450/7998278574_402bcceec1_b.jpg	https://www.flickr.com/photos/treebeard/7998278574/	Painted Lady (Vanessa cardui) butterfly on Zinnia flowers in the garden	277	
7714	fed2d079-dc14-4b0c-9576-1922630013cc	8001449390.jpg	/Users/seltmann/Documents/kummel/work/flickr_recovered_missing_media_20260730_150821/8001449390.jpg	yes	200	412607	https://live.staticflickr.com/8032/8001449390_813d589155_c.jpg	https://www.flickr.com/photos/treebeard/8001449390/	Native composite Palmer's Goldenbush (Ericameria palmeri var. pachylepis, Asteraceae) just starting to flower on the dry flood plain by the river	292	
7715	c7a0c034-7342-4a42-a92a-eb1bbff08eaa	8001510819.jpg	/Users/seltmann/Documents/kummel/work/flickr_recovered_missing_media_20260730_150821/8001510819.jpg	yes	200	133764	https://live.staticflickr.com/8452/8001510819_f8786b5df5_b.jpg	https://www.flickr.com/photos/treebeard/8001510819/	Handsome Short-Horned Grasshopper (Acrididae, Orthoptera) on Southern Goldenrod (Solidago confinis, Asteraceae) - Grayish Sagebrush Grasshopper (Melanoplus cinereus)	265	
7716	91c108ba-ab00-41ef-86bf-7d330d4898fa	8001539174.jpg	/Users/seltmann/Documents/kummel/work/flickr_recovered_missing_media_20260730_150821/8001539174.jpg	yes	200	370723	https://live.staticflickr.com/8459/8001539174_9eb9b6ee80_c.jpg	https://www.flickr.com/photos/treebeard/8001539174/	Blister Beetles (Meloidae, Coleoptera) mating on Hairy Golden Aster (Heterotheca sessiliflora ssp. echoides, Asteraceae)	291	
7717	34034fa5-6e8d-4846-a09a-72499fca7721	8001611501.jpg	/Users/seltmann/Documents/kummel/work/flickr_recovered_missing_media_20260730_150821/8001611501.jpg	yes	200	419742	https://live.staticflickr.com/8303/8001611501_b89651ba70_c.jpg	https://www.flickr.com/photos/treebeard/8001611501/	Wild Bee (Anthophila, Hymenoptera) on Spearmint (Menthe spicata, Lamiaceae) in the garden	301	
7718	64dc6a50-351f-4cb1-b828-e3c662a6ef76	8001638861.jpg	/Users/seltmann/Documents/kummel/work/flickr_recovered_missing_media_20260730_150821/8001638861.jpg	yes	200	437403	https://live.staticflickr.com/8462/8001638861_01f3da77e0_c.jpg	https://www.flickr.com/photos/treebeard/8001638861/	Bumblebee-size Spiny Tachina Fly (Paradejeania rutiloides, Tachinidae, Diptera) on Scale Broom (Lepidospartum squamatum, Asteraceae)	380	
7719	bca0acd7-7305-41b5-956d-f1cb648ed930	8001669836.jpg	/Users/seltmann/Documents/kummel/work/flickr_recovered_missing_media_20260730_150821/8001669836.jpg	yes	200	483469	https://live.staticflickr.com/8445/8001669836_05c10fc679_c.jpg	https://www.flickr.com/photos/treebeard/8001669836/	Red Rock Skimmer (Paltothemis lineatipes, Libellulidae, Anisoptera, Odonata) dragonfly	335	
7720	630d0c14-e31e-4d5c-9049-ba2225cc655b	8001721471.jpg	/Users/seltmann/Documents/kummel/work/flickr_recovered_missing_media_20260730_150821/8001721471.jpg	yes	200	381910	https://live.staticflickr.com/8447/8001721471_cf59d613e4_c.jpg	https://www.flickr.com/photos/treebeard/8001721471/	Cardinal Meadowhawk (Sympetrum illotum, Libellulidae, Anisoptera, Odonata) dragonfly	393	
7721	3b806d9c-51f0-4c08-9cb0-ac788d8b0ac0	8001757869.jpg	/Users/seltmann/Documents/kummel/work/flickr_recovered_missing_media_20260730_150821/8001757869.jpg	yes	200	411246	https://live.staticflickr.com/8182/8001757869_ed3321c2c9_c.jpg	https://www.flickr.com/photos/treebeard/8001757869/	Common Buckeye (Junonia coenia) butterfly on Scale Broom (Lepidospartum squamatum, Asteraceae)	247	
7722	11848479-2dea-4d16-a5b2-b1f69be6c7ed	8004751031.jpg	/Users/seltmann/Documents/kummel/work/flickr_recovered_missing_media_20260730_150821/8004751031.jpg	yes	200	132334	https://live.staticflickr.com/8178/8004751031_891cb7d236_b.jpg	https://www.flickr.com/photos/treebeard/8004751031/	Maybe an immature Western Side-blotched Lizard (Uta stansburiana elegans) - or maybe another Western Fence Lizard (Sceloporus occidentalis)	322	
7723	6130d06f-a9e8-4a4d-ac5a-a5d848517859	8004794517.jpg	/Users/seltmann/Documents/kummel/work/flickr_recovered_missing_media_20260730_150821/8004794517.jpg	yes	200	128069	https://live.staticflickr.com/8462/8004794517_2ef79fc2dd_b.jpg	https://www.flickr.com/photos/treebeard/8004794517/	Lygaeid Bugs (Lygaeidae, Hemiptera) mating on Ms. Plummer's Baccharis (Baccharis plummerae, Asteraceae)	289	
7724	15ced847-bac2-404f-b2c8-22ca3bff8fc3	8004811549.jpg	/Users/seltmann/Documents/kummel/work/flickr_recovered_missing_media_20260730_150821/8004811549.jpg	yes	200	99418	https://live.staticflickr.com/8029/8004811549_05cab5cf5b_b.jpg	https://www.flickr.com/photos/treebeard/8004811549/	Looking down on a Silver Argiope (Argiope argenatata, Araneidae) spider wrapping its prey	287	
7725	cc8d58ff-9cd4-4a0a-8a5a-60010e5a9ef2	8004865335.jpg	/Users/seltmann/Documents/kummel/work/flickr_recovered_missing_media_20260730_150821/8004865335.jpg	yes	200	104963	https://live.staticflickr.com/8301/8004865335_f0d945a58f_b.jpg	https://www.flickr.com/photos/treebeard/8004865335/	Large white Crab Spider (Thomisidae) on California Buckwheat (Eriogonum fasciculatum, Polygonaceae)	276	
7726	a74ea1b5-c556-4e45-9485-ceadf383e71e	8004884213.jpg	/Users/seltmann/Documents/kummel/work/flickr_recovered_missing_media_20260730_150821/8004884213.jpg	yes	200	396341	https://live.staticflickr.com/8438/8004884213_195be9e99a_c.jpg	https://www.flickr.com/photos/treebeard/8004884213/	Tachinid Fly (Tachinidae, Diptera) on Ms. Plummer's Baccharis (Baccharis plummerae, Asteraceae)	273	
7727	6887c7af-4a7f-43fe-afe0-c89f725f5e4f	8004938638.jpg	/Users/seltmann/Documents/kummel/work/flickr_recovered_missing_media_20260730_150821/8004938638.jpg	yes	200	347094	https://live.staticflickr.com/8439/8004938638_d64e824a00_c.jpg	https://www.flickr.com/photos/treebeard/8004938638/	Feather-legged Fly (Trichopoda, Tachinidae, Diptera) - maybe Trichopoda subdivisa? - on non-native Fennel (Foeniculum vulgare, Apiaceae)	339	
7728	9487af94-571d-40e5-9e94-745aff309635	8005005925.jpg	/Users/seltmann/Documents/kummel/work/flickr_recovered_missing_media_20260730_150821/8005005925.jpg	yes	200	398689	https://live.staticflickr.com/8444/8005005925_ba9db379b8_c.jpg	https://www.flickr.com/photos/treebeard/8005005925/	Feather-legged Fly (Trichopoda, Tachinidae, Diptera) - maybe Trichopoda subdivisa? - on non-native Fennel (Foeniculum vulgare, Apiaceae)	322	
7729	c7b08f5f-55d8-4db5-b445-ea86aca5256c	8010631310.jpg	/Users/seltmann/Documents/kummel/work/flickr_recovered_missing_media_20260730_150821/8010631310.jpg	yes	200	293898	https://live.staticflickr.com/8322/8010631310_9d1aacc8ee_c.jpg	https://www.flickr.com/photos/treebeard/8010631310/	"Poster for ""Bats on the Central Coast"" by Paul Collins for his lecture last night"	282	
7730	36c597cc-1a71-4468-a7d7-de6c5c193816	8010685598.jpg	/Users/seltmann/Documents/kummel/work/flickr_recovered_missing_media_20260730_150821/8010685598.jpg	yes	200	372921	https://live.staticflickr.com/8178/8010685598_9280cffc38_c.jpg	https://www.flickr.com/photos/treebeard/8010685598/	Remarkable summer flowers of native Vinegar Weed (Trichostema lanceolatum, Lamiaceae)	295	
7731	aa9dfcb7-08de-4245-81c2-15bfb22a7187	8010709564.jpg	/Users/seltmann/Documents/kummel/work/flickr_recovered_missing_media_20260730_150821/8010709564.jpg	yes	200	380993	https://live.staticflickr.com/8034/8010709564_8c624ef209_c.jpg	https://www.flickr.com/photos/treebeard/8010709564/	Ambush Bug (Phymata pacifica, Phymatidae, Hemiptera) tasting a flower of Coyote Bush (Baccharis pilularis, Asteraceae)	285	
7732	3ed1cdb9-b7fb-46b7-aa8c-488b2e8948c2	8010743170.jpg	/Users/seltmann/Documents/kummel/work/flickr_recovered_missing_media_20260730_150821/8010743170.jpg	yes	200	386007	https://live.staticflickr.com/8321/8010743170_2d77d72e32_c.jpg	https://www.flickr.com/photos/treebeard/8010743170/	Silver Argiope (Argiope argenatata, Araneidae) spider wrapping its wasp prey	299	
7733	154a6eae-4414-4c85-b4f5-7b71d3820587	8010762746.jpg	/Users/seltmann/Documents/kummel/work/flickr_recovered_missing_media_20260730_150821/8010762746.jpg	yes	200	177454	https://live.staticflickr.com/8311/8010762746_ddd26d496e_b.jpg	https://www.flickr.com/photos/treebeard/8010762746/	Rather small Short-Horned Grasshopper (Acrididae, Orthoptera) on a sandstone rock by the river - Texas Spotted Range Grasshopper (Psoloessa texana)	242	
7734	e36a0f70-c09e-4e86-8f32-c282a2f4071f	8010803040.jpg	/Users/seltmann/Documents/kummel/work/flickr_recovered_missing_media_20260730_150821/8010803040.jpg	yes	200	124702	https://live.staticflickr.com/8439/8010803040_2196cb6545_b.jpg	https://www.flickr.com/photos/treebeard/8010803040/	Blue-legged Short-Horned Grasshopper (Acrididae, Orthoptera) on Sawtooth Goldenbush (Hazardia squarrosa, Asteraceae) - Grayish Sagebrush Grasshopper (Melanoplus cinereus)	279	
7735	40fc164f-b55b-40e7-b71c-feb5c587e79e	8010824517.jpg	/Users/seltmann/Documents/kummel/work/flickr_recovered_missing_media_20260730_150821/8010824517.jpg	yes	200	124362	https://live.staticflickr.com/8446/8010824517_7e24969104_b.jpg	https://www.flickr.com/photos/treebeard/8010824517/	Gray Hairstreak (Strymon melinus) butterfly on Scale Broom (Lepidospartum squamatum, Asteraceae)	302	
7736	07ba348e-bedb-4e0b-9603-3ec8fd0b8bc3	8013665006.jpg	/Users/seltmann/Documents/kummel/work/flickr_recovered_missing_media_20260730_150821/8013665006.jpg	yes	200	394010	https://live.staticflickr.com/8314/8013665006_1faea29c28_c.jpg	https://www.flickr.com/photos/treebeard/8013665006/	Ripe nuts on native Snowdrop Bush (Styrax redivivus, Styracaceae)	369	
7737	a477d454-b657-46ca-9233-f614cdbd7a48	8013690685.jpg	/Users/seltmann/Documents/kummel/work/flickr_recovered_missing_media_20260730_150821/8013690685.jpg	yes	200	398933	https://live.staticflickr.com/8306/8013690685_0eb3450f17_c.jpg	https://www.flickr.com/photos/treebeard/8013690685/	Maybe a different Planthopper (Neaethus, Issidae, Fulgoroidea, Homoptera)	310	
7738	626d1c04-8805-4809-ba4b-fe87cdbcffbb	8013716399.jpg	/Users/seltmann/Documents/kummel/work/flickr_recovered_missing_media_20260730_150821/8013716399.jpg	yes	200	131887	https://live.staticflickr.com/8450/8013716399_bafa4a4c23_b.jpg	https://www.flickr.com/photos/treebeard/8013716399/	Nymph of an Assassin Bug (Reduviidae, Hemiptera) with Wild Bee (Anthophila, Hymenoptera) on Coyote Bush on Coyote Bush (Baccharis pilularis, Asteraceae)	273	
7739	7c8490b9-1e5c-4963-a008-d33e6df7f8cc	8013824542.jpg	/Users/seltmann/Documents/kummel/work/flickr_recovered_missing_media_20260730_150821/8013824542.jpg	yes	200	416502	https://live.staticflickr.com/8447/8013824542_cc82aabb78_c.jpg	https://www.flickr.com/photos/treebeard/8013824542/	Nymph of an Assassin Bug (Reduviidae, Hemiptera) with Wild Bee (Anthophila, Hymenoptera) on Coyote Bush on Coyote Bush (Baccharis pilularis, Asteraceae)	315	
7740	1605b4e6-c6f6-49fb-a1ea-cff4061d5ad4	8013842963.jpg	/Users/seltmann/Documents/kummel/work/flickr_recovered_missing_media_20260730_150821/8013842963.jpg	yes	200	393457	https://live.staticflickr.com/8179/8013842963_4cfe263a66_c.jpg	https://www.flickr.com/photos/treebeard/8013842963/	Bristly Tachinid Fly (Tachinidae, Diptera) on Coyote Bush (Baccharis pilularis, Asteraceae)	384	
7741	abf131d8-6b2a-4776-8203-3f739a4eb495	8013881852.jpg	/Users/seltmann/Documents/kummel/work/flickr_recovered_missing_media_20260730_150821/8013881852.jpg	yes	200	125848	https://live.staticflickr.com/8306/8013881852_2da11059e0_b.jpg	https://www.flickr.com/photos/treebeard/8013881852/	Really tiny insect eggs on a stem of native Coyote Bush (Baccharis pilularis, Asteraceae)	273	
7742	4de9db08-02e5-4d49-9539-a791b3cdfd9d	8013937618.jpg	/Users/seltmann/Documents/kummel/work/flickr_recovered_missing_media_20260730_150821/8013937618.jpg	yes	200	435770	https://live.staticflickr.com/8321/8013937618_906a7c7bf9_c.jpg	https://www.flickr.com/photos/treebeard/8013937618/	Mama Green Lynx Spider (Peucetia viridans, Oxyopidae) guarding her nest on Coyote Bush (Baccharis pilularis, Asteraceae)	298	
7743	c6e2e33a-d970-4917-998d-84128e8e47a0	8014009216.jpg	/Users/seltmann/Documents/kummel/work/flickr_recovered_missing_media_20260730_150821/8014009216.jpg	yes	200	116940	https://live.staticflickr.com/8299/8014009216_78eb13f0ea_b.jpg	https://www.flickr.com/photos/treebeard/8014009216/	Variegated Meadowhawk (Sympetrum corruptum, Odonata) dragonfly in the canyon	288	
7744	1576ecff-fdca-4368-9556-d09f37987e21	8017606299.jpg	/Users/seltmann/Documents/kummel/work/flickr_recovered_missing_media_20260730_150821/8017606299.jpg	yes	200	122512	https://live.staticflickr.com/8296/8017606299_a9d6ae7ac2_b.jpg	https://www.flickr.com/photos/treebeard/8017606299/	Ripe berries of Santa Barbara Honeysuckle (Lonicera subspicata var. subspicata, Caprifoliaceae)	298	
7745	c752eb6f-a3f9-4616-9983-eb5f3028dd29	8017699249.jpg	/Users/seltmann/Documents/kummel/work/flickr_recovered_missing_media_20260730_150821/8017699249.jpg	yes	200	214922	https://live.staticflickr.com/8315/8017699249_457c98ac1d_b.jpg	https://www.flickr.com/photos/treebeard/8017699249/	Characteristic flower sprays of native California Goldenrod (Solidago californica, Asteraceae)	360	
7746	965ff757-bc7d-4fee-933f-4beefaaeff92	8017739962.jpg	/Users/seltmann/Documents/kummel/work/flickr_recovered_missing_media_20260730_150821/8017739962.jpg	yes	200	391291	https://live.staticflickr.com/8310/8017739962_cf525b6a72_c.jpg	https://www.flickr.com/photos/treebeard/8017739962/	"Short-Horned Grasshopper (Acrididae, Orthoptera) on Pitcher Sage (Lepechinia calycina, Lamiaceae) - maybe ""Grayish Sagebrush Grasshopper"" (Melanoplus cinereus)?"	350	
7747	8f2de672-85aa-4c8d-b8be-2e9f0cc47a3e	8017777222.jpg	/Users/seltmann/Documents/kummel/work/flickr_recovered_missing_media_20260730_150821/8017777222.jpg	yes	200	371288	https://live.staticflickr.com/8446/8017777222_d9ac4d9825_c.jpg	https://www.flickr.com/photos/treebeard/8017777222/	Crab Spider (Thomisidae) in the act of shifting color between white and yellow	325	
7748	4d984f5a-88b7-449c-8a99-693f0602d920	8017844208.jpg	/Users/seltmann/Documents/kummel/work/flickr_recovered_missing_media_20260730_150821/8017844208.jpg	yes	200	146698	https://live.staticflickr.com/8457/8017844208_7c7152c037_b.jpg	https://www.flickr.com/photos/treebeard/8017844208/	Very pale Green Lynx Spider (Peucetia viridans, Oxyopidae) guarding her nest on Sawtooth Goldenbush (Hazardia squarrosa, Asteraceae)	325	
7749	4ede5dfb-728b-477b-b255-34d2c6f1ca62	8017868447.jpg	/Users/seltmann/Documents/kummel/work/flickr_recovered_missing_media_20260730_150821/8017868447.jpg	yes	200	158947	https://live.staticflickr.com/8440/8017868447_cc29843666_b.jpg	https://www.flickr.com/photos/treebeard/8017868447/	Yellow Jacket wasp (Vespidae, Hymenoptera) taking apart a California Angle-winged Katydid (Microcentrum californicum, Tettigoniidae, Orthoptera)	294	
7750	89833396-f567-4514-9f27-8585bee76c0e	8017937174.jpg	/Users/seltmann/Documents/kummel/work/flickr_recovered_missing_media_20260730_150821/8017937174.jpg	yes	200	387066	https://live.staticflickr.com/8449/8017937174_52234ebd91_c.jpg	https://www.flickr.com/photos/treebeard/8017937174/	Spider Wasp (Pompilidae, Hymenoptera) on Coyote Bush (Baccharis pilularis, Asteraceae)	324	
7751	b17e961a-e78b-4af9-9d7d-99b9af217226	8021531533.jpg	/Users/seltmann/Documents/kummel/work/flickr_recovered_missing_media_20260730_150821/8021531533.jpg	yes	200	112433	https://live.staticflickr.com/8437/8021531533_f389a142f6_b.jpg	https://www.flickr.com/photos/treebeard/8021531533/	Tiny flower of native Autumn Willowherb (Epilobium brachycarpum, Onagraceae) - with seeds and seedpods	309	
7752	440fad74-b45d-45d2-be86-5a1449cd4749	8021576242.jpg	/Users/seltmann/Documents/kummel/work/flickr_recovered_missing_media_20260730_150821/8021576242.jpg	yes	200	384327	https://live.staticflickr.com/8318/8021576242_a3cee9bc9d_c.jpg	https://www.flickr.com/photos/treebeard/8021576242/	Unknown wasp (Hymenoptera) in the garden - maybe Ichneumon Wasp (Ichneumonidae)?	353	
7753	fb530eba-997d-45ea-95c2-c160d7f371f4	8021664064.jpg	/Users/seltmann/Documents/kummel/work/flickr_recovered_missing_media_20260730_150821/8021664064.jpg	yes	200	379318	https://live.staticflickr.com/8031/8021664064_b495a99c2b_c.jpg	https://www.flickr.com/photos/treebeard/8021664064/	Mating Bagrada Bugs (Bagrada hilaris, Pentatomidae, Hemiptera) on Coyote Bush (Baccharis pilularis, Asteraceae)	363	
7754	6cae56bf-8cc2-4c1a-9fa2-664db2c2bf2b	8021691109.jpg	/Users/seltmann/Documents/kummel/work/flickr_recovered_missing_media_20260730_150821/8021691109.jpg	yes	200	129032	https://live.staticflickr.com/8446/8021691109_86345c8f1d_b.jpg	https://www.flickr.com/photos/treebeard/8021691109/	Thalassica Grasshopper (Trimerotropis thalassica, Oedipodinae, Acrididae, Orthoptera) - it has light green wings when it takes off	277	
7755	8cd430f6-eca2-4f70-b8ba-5cebf3f77ec6	8021743707.jpg	/Users/seltmann/Documents/kummel/work/flickr_recovered_missing_media_20260730_150821/8021743707.jpg	yes	200	348471	https://live.staticflickr.com/8300/8021743707_d4a8874f3e_c.jpg	https://www.flickr.com/photos/treebeard/8021743707/	Little drama on Bush Groundsel (Senecio flaccidus var. douglasii, Asteraceae) - wild bee meets crab spider!	338	
7756	c2569b82-dbdf-4542-a57b-20f48adfcf21	8021777282.jpg	/Users/seltmann/Documents/kummel/work/flickr_recovered_missing_media_20260730_150821/8021777282.jpg	yes	200	428847	https://live.staticflickr.com/8321/8021777282_9fa1ee6f11_c.jpg	https://www.flickr.com/photos/treebeard/8021777282/	Large yellow Crab Spider (Thomisidae) with a Grass-Skipper (Hesperia, Hesperiidae, Lepidoptera) butterfly on Sawtooth Goldenbush (Hazardia squarrosa, Asteraceae)	317	
7757	9c95ed43-35b2-4d9a-ba0a-1225f9ec52b9	8021799391.jpg	/Users/seltmann/Documents/kummel/work/flickr_recovered_missing_media_20260730_150821/8021799391.jpg	yes	200	447351	https://live.staticflickr.com/8460/8021799391_f033c1ed2b_c.jpg	https://www.flickr.com/photos/treebeard/8021799391/	Green Lynx Spider (Peucetia viridans, Oxyopidae) with a Mormon Metalmark (Apodemia mormo) butterfly on Sawtooth Goldenbush (Hazardia squarrosa, Asteraceae)	342	
7758	7e9c14a5-ae09-448b-bfe3-0c0f9be29bb4	8021868202.jpg	/Users/seltmann/Documents/kummel/work/flickr_recovered_missing_media_20260730_150821/8021868202.jpg	yes	200	106051	https://live.staticflickr.com/8170/8021868202_be1c5d1b53_b.jpg	https://www.flickr.com/photos/treebeard/8021868202/	Mormon Metalmark (Apodemia mormo) butterfly on Sawtooth Goldenbush (Hazardia squarrosa, Asteraceae)	283	
7759	36880db5-e0b2-4916-8cb4-cc668621fdb7	8024988493.jpg	/Users/seltmann/Documents/kummel/work/flickr_recovered_missing_media_20260730_150821/8024988493.jpg	yes	200	120740	https://live.staticflickr.com/8450/8024988493_64e670d7eb_b.jpg	https://www.flickr.com/photos/treebeard/8024988493/	Male staminate flowers of native Coyote Bush (Baccharis pilularis, Asteraceae) in the canyon	268	
7760	496fbf14-4d79-4dac-843e-7c5d2d29bed2	8025066885.jpg	/Users/seltmann/Documents/kummel/work/flickr_recovered_missing_media_20260730_150821/8025066885.jpg	yes	200	108178	https://live.staticflickr.com/8314/8025066885_7585e6296a_b.jpg	https://www.flickr.com/photos/treebeard/8025066885/	Female pistillate flowers of native Coyote Bush (Baccharis pilularis, Asteraceae) in the canyon	322	
7761	cc8c6331-8e84-45f8-8feb-5aea49e9f953	8025102795.jpg	/Users/seltmann/Documents/kummel/work/flickr_recovered_missing_media_20260730_150821/8025102795.jpg	yes	200	382891	https://live.staticflickr.com/8174/8025102795_b108e1af08_c.jpg	https://www.flickr.com/photos/treebeard/8025102795/	Maggot of Syrphid Flower Fly (Syrphidae, Diptera) eating Milkweed Aphids (Aphis nerii, Homoptera) on Butterfly Weed (Asclepias tuberosa, Asclepiadaceae)	332	
7762	c43641c8-8705-4cd8-85d3-486b75f94fd5	8025142232.jpg	/Users/seltmann/Documents/kummel/work/flickr_recovered_missing_media_20260730_150821/8025142232.jpg	yes	200	72829	https://live.staticflickr.com/8462/8025142232_eb23a8eda0_b.jpg	https://www.flickr.com/photos/treebeard/8025142232/	Bagrada Bugs (Bagrada hilaris, Pentatomidae, Hemiptera) on Black Mustard (Brassica nigra, Brassicaceae)	205	
7763	becf5d17-a6c3-405f-9900-9715b4008286	8025244326.jpg	/Users/seltmann/Documents/kummel/work/flickr_recovered_missing_media_20260730_150821/8025244326.jpg	yes	200	452294	https://live.staticflickr.com/8040/8025244326_8e8760c19c_c.jpg	https://www.flickr.com/photos/treebeard/8025244326/	California Sister (Adelpha bredowii) butterfly perched on Raspberry (Rubus sp.) leaf in the garden	297	
7764	25d7abf6-90c5-4b8a-a646-5e68a2d8482c	8025270227.jpg	/Users/seltmann/Documents/kummel/work/flickr_recovered_missing_media_20260730_150821/8025270227.jpg	yes	200	372470	https://live.staticflickr.com/8179/8025270227_9c07e25c85_c.jpg	https://www.flickr.com/photos/treebeard/8025270227/	Crab Spider (Thomisidae) waiting for prey on Coyote Bush (Baccharis pilularis, Asteraceae)	317	
7765	2998426b-b97d-450f-91b4-cf531a9f49af	8025291172.jpg	/Users/seltmann/Documents/kummel/work/flickr_recovered_missing_media_20260730_150821/8025291172.jpg	yes	200	370631	https://live.staticflickr.com/8178/8025291172_d8f5326793_c.jpg	https://www.flickr.com/photos/treebeard/8025291172/	Looking eye-to-eyes with a Syrphid Flower Fly (Spilomyia interrupta, Syrphidae, Diptera)	313	
7766	1de5ec77-5dff-4af4-b841-2f19b5330f2c	8025321182.jpg	/Users/seltmann/Documents/kummel/work/flickr_recovered_missing_media_20260730_150821/8025321182.jpg	yes	200	120915	https://live.staticflickr.com/8322/8025321182_bd7bba95ca_b.jpg	https://www.flickr.com/photos/treebeard/8025321182/	Wasp-mimic Syrphid Flower Fly (Spilomyia interrupta, Syrphidae, Diptera) on Coyote Bush (Baccharis pilularis, Asteraceae)	278	
7767	a552e6ca-9e48-4998-b499-08aa9c6aec9a	8028410139.jpg	/Users/seltmann/Documents/kummel/work/flickr_recovered_missing_media_20260730_150821/8028410139.jpg	yes	200	437112	https://live.staticflickr.com/8175/8028410139_8be387f246_c.jpg	https://www.flickr.com/photos/treebeard/8028410139/	Ripe seeds and red leaves of Poison Oak (Toxicodendron diversilobum, Anacardiaceae)	320	
7768	d1951bf4-05e0-434d-910f-a6742e9e87af	8028423357.jpg	/Users/seltmann/Documents/kummel/work/flickr_recovered_missing_media_20260730_150821/8028423357.jpg	yes	200	476837	https://live.staticflickr.com/8451/8028423357_1c422771f1_c.jpg	https://www.flickr.com/photos/treebeard/8028423357/	Ripe berries of native Coffeeberry (Rhamnus tomentella, Rhamnaceae)	344	
7769	44d5e85b-9713-4335-a9e1-698137044c60	8028461559.jpg	/Users/seltmann/Documents/kummel/work/flickr_recovered_missing_media_20260730_150821/8028461559.jpg	yes	200	404575	https://live.staticflickr.com/8451/8028461559_e29c57428f_c.jpg	https://www.flickr.com/photos/treebeard/8028461559/	Feathery plumes on seeds of (I think) native Small Wirelettuce (Stephanomeria exigua, Asteraceae)	373	
7770	b1e0747d-367f-46ed-bece-6a4ff7b86763	8028489650.jpg	/Users/seltmann/Documents/kummel/work/flickr_recovered_missing_media_20260730_150821/8028489650.jpg	yes	200	155240	https://live.staticflickr.com/8462/8028489650_cf313c6796_b.jpg	https://www.flickr.com/photos/treebeard/8028489650/	Feathery seed plumes of Mountain Mahogany (Cercocarpus betuloides, Rosaceae)	329	
7771	648ffd59-ff18-44fd-889d-aa6879696c5f	8028502876.jpg	/Users/seltmann/Documents/kummel/work/flickr_recovered_missing_media_20260730_150821/8028502876.jpg	yes	200	144805	https://live.staticflickr.com/8452/8028502876_ffb7dd4b8d_b.jpg	https://www.flickr.com/photos/treebeard/8028502876/	Galls of the Crystalline Gall Wasp (Andricus crystallinus, Cynipidae, Hymenoptera) on Scrub Oak (Quercus berberidifolia, Fagaceae)	300	
7772	fe96fade-5d3d-41c2-bc0c-8fe2afab80ce	8028525154.jpg	/Users/seltmann/Documents/kummel/work/flickr_recovered_missing_media_20260730_150821/8028525154.jpg	yes	200	394924	https://live.staticflickr.com/8322/8028525154_e0b6eb4650_c.jpg	https://www.flickr.com/photos/treebeard/8028525154/	Gall of the Round Gall Wasp (Besbicus conspicuus, Cynipidae, Hymenoptera) on Scrub Oak (Quercus berberidifolia, Fagaceae)	320	
7773	384b47b7-ac72-4c1b-bf5c-bfce78f294ee	8028548262.jpg	/Users/seltmann/Documents/kummel/work/flickr_recovered_missing_media_20260730_150821/8028548262.jpg	yes	200	441167	https://live.staticflickr.com/8318/8028548262_bdbc323c89_c.jpg	https://www.flickr.com/photos/treebeard/8028548262/	Galled flower of Holly-Leaved Redberry (Rhamnus ilicifolia, Rhamnaceae)	400	
7774	c3fb47bc-944a-49ee-bd98-4d83eb375f90	8028602959.jpg	/Users/seltmann/Documents/kummel/work/flickr_recovered_missing_media_20260730_150821/8028602959.jpg	yes	200	419417	https://live.staticflickr.com/8034/8028602959_6b0d3ac5c6_c.jpg	https://www.flickr.com/photos/treebeard/8028602959/	Gall of the Baccharis Stem Gall Moth (Gnorimoshema baccharisella, Gelechiidae, Lepidoptera) on Coyote Bush (Baccharis pilularis, Asteraceae)	352	
7775	40a50036-152d-4de6-93ad-f44c79107279	8031336682.jpg	/Users/seltmann/Documents/kummel/work/flickr_recovered_missing_media_20260730_150821/8031336682.jpg	yes	200	119001	https://live.staticflickr.com/8315/8031336682_ea35ab22a4_b.jpg	https://www.flickr.com/photos/treebeard/8031336682/	Mating Bagrada Bugs (Bagrada hilaris, Pentatomidae, Hemiptera) on native Scale Broom (Lepidospartum squamatum, Asteraceae)	279	
7776	3f1ffc11-82f2-40c1-b9b2-913df82f6d08	8031375224.jpg	/Users/seltmann/Documents/kummel/work/flickr_recovered_missing_media_20260730_150821/8031375224.jpg	yes	200	115193	https://live.staticflickr.com/8180/8031375224_779b383893_b.jpg	https://www.flickr.com/photos/treebeard/8031375224/	Damselfly (Zygoptera, Odonata) on Scale Broom (Lepidospartum squamatum, Asteraceae) with prey	297	
7777	2ef9f21f-bc92-4e1d-bde5-38cf29dbe62d	8031397198.jpg	/Users/seltmann/Documents/kummel/work/flickr_recovered_missing_media_20260730_150821/8031397198.jpg	yes	200	411013	https://live.staticflickr.com/8314/8031397198_13e54bbbd8_c.jpg	https://www.flickr.com/photos/treebeard/8031397198/	Very large Wild Bee (Anthophila, Hymenoptera) on Coastal Goldenbush (Isocoma menziesii, Asteraceae) - Carpenter Bee (Xylocopa) or Bumble Bee (Bombus)	382	
7778	24cf46e5-2ed3-4784-bdad-e2504b7e3a00	8031434338.jpg	/Users/seltmann/Documents/kummel/work/flickr_recovered_missing_media_20260730_150821/8031434338.jpg	yes	200	414046	https://live.staticflickr.com/8451/8031434338_32e78d5cff_c.jpg	https://www.flickr.com/photos/treebeard/8031434338/	Pollen-dusted Wild Bee (Anthophila, Hymenoptera) on Coyote Bush (Baccharis pilularis, Asteraceae)	280	
7779	0abccdd4-8dd8-4fea-9138-e0de14f4fcd5	8031465702.jpg	/Users/seltmann/Documents/kummel/work/flickr_recovered_missing_media_20260730_150821/8031465702.jpg	yes	200	405469	https://live.staticflickr.com/8170/8031465702_0488d0f03e_c.jpg	https://www.flickr.com/photos/treebeard/8031465702/	"Maybe the ""Secondary Screwworm"" (Cochliomyia macellaria, Calliphoridae, Diptera) - not a trash fly, but an interesting native on Coyote Bush (Baccharis pilularis, Asteraceae)"	342	
7780	0362e542-193d-4e2b-8a4e-58be57151b5b	8031521615.jpg	/Users/seltmann/Documents/kummel/work/flickr_recovered_missing_media_20260730_150821/8031521615.jpg	yes	200	386262	https://live.staticflickr.com/8033/8031521615_d530400382_c.jpg	https://www.flickr.com/photos/treebeard/8031521615/	Maybe a Mexican Cactus Fly (Copestylum mexicanum, Syrphidae, Diptera) on Coyote Bush (Baccharis pilularis, Asteraceae)	280	
7781	63317d90-316f-49f5-8b14-562a5d2d72f3	8031554231.jpg	/Users/seltmann/Documents/kummel/work/flickr_recovered_missing_media_20260730_150821/8031554231.jpg	yes	200	410729	https://live.staticflickr.com/8316/8031554231_cee642e099_c.jpg	https://www.flickr.com/photos/treebeard/8031554231/	Grass-Skipper (Hesperia, Hesperiidae,Lepidoptera) butterfly	368	
7782	71952180-2d22-45ed-9052-25df4a78cf14	8031577494.jpg	/Users/seltmann/Documents/kummel/work/flickr_recovered_missing_media_20260730_150821/8031577494.jpg	yes	200	116899	https://live.staticflickr.com/8316/8031577494_4f5786a084_b.jpg	https://www.flickr.com/photos/treebeard/8031577494/	Northern White-Skipper (Heliopetes ericetorum) butterfly on Coastal Goldenbush (Isocoma menziesii, Asteraceae)	292	
7783	6c199932-cf80-48ed-90d1-e42fb778896f	8034242902.jpg	/Users/seltmann/Documents/kummel/work/flickr_recovered_missing_media_20260730_150821/8034242902.jpg	yes	200	412111	https://live.staticflickr.com/8170/8034242902_822e03fbd7_c.jpg	https://www.flickr.com/photos/treebeard/8034242902/	Nymph of the Bagrada Bug (Bagrada hilaris, Pentatomidae, Hemiptera) on Scale Broom (Lepidospartum squamatum, Asteraceae)	320	
7784	3fdb6728-b4ea-48fb-b84b-b3f3f867311b	8034264634.jpg	/Users/seltmann/Documents/kummel/work/flickr_recovered_missing_media_20260730_150821/8034264634.jpg	yes	200	356304	https://live.staticflickr.com/8175/8034264634_b89ff4da17_c.jpg	https://www.flickr.com/photos/treebeard/8034264634/	Wild Bee (Anthophila, Hymenoptera) on non-native Aster (genus Aster, Asteraceae) in the garden	341	
7785	b2ffdf7e-1cd8-4970-aa46-be7c1f968f32	8034301947.jpg	/Users/seltmann/Documents/kummel/work/flickr_recovered_missing_media_20260730_150821/8034301947.jpg	yes	200	403463	https://live.staticflickr.com/8320/8034301947_a3febfcd4a_c.jpg	https://www.flickr.com/photos/treebeard/8034301947/	Little pollen-dusted Wild Bee (Anthophila, Hymenoptera) on Coyote Bush (Baccharis pilularis, Asteraceae)	341	
7786	29eabe41-ac1d-4a8b-85e4-71248e014968	8034318601.jpg	/Users/seltmann/Documents/kummel/work/flickr_recovered_missing_media_20260730_150821/8034318601.jpg	yes	200	374828	https://live.staticflickr.com/8038/8034318601_81059e1e6f_c.jpg	https://www.flickr.com/photos/treebeard/8034318601/	Pollen-dusted ant (Formicidae, Hymenoptera) on Coyote Bush (Baccharis pilularis, Asteraceae)	335	
7787	24b1d3c1-6bf1-4b7d-bf18-1e19cb4b5d85	8034349102.jpg	/Users/seltmann/Documents/kummel/work/flickr_recovered_missing_media_20260730_150821/8034349102.jpg	yes	200	372093	https://live.staticflickr.com/8173/8034349102_d70da99110_c.jpg	https://www.flickr.com/photos/treebeard/8034349102/	Crab Spider (Thomisidae) has small Moth (Ledpidoptera) on Coyote Bush (Baccharis pilularis, Asteraceae)	665	
7788	3b17e069-9eee-495b-8b00-8452560f55ba	8034374610.jpg	/Users/seltmann/Documents/kummel/work/flickr_recovered_missing_media_20260730_150821/8034374610.jpg	yes	200	450192	https://live.staticflickr.com/8042/8034374610_ca73e69918_c.jpg	https://www.flickr.com/photos/treebeard/8034374610/	Painted Lady (Vanessa cardui) butterfly on non-native English Lavender (Lavandula angustifolia, Lamiaceae) in the garden	377	
7789	8846d8ce-3143-4228-9e22-4efcbc26fe27	8034402646.jpg	/Users/seltmann/Documents/kummel/work/flickr_recovered_missing_media_20260730_150821/8034402646.jpg	yes	200	359430	https://live.staticflickr.com/8452/8034402646_0abf09d8c6_c.jpg	https://www.flickr.com/photos/treebeard/8034402646/	Wild Bee (Anthophila, Hymenoptera) - maybe Lasioglossum ovaliceps - on flower of California Fuschia (Epilobium canum ssp. angustifolium, Onagraceae)	276	
7790	b6aefce8-e351-4104-a047-b9b72babf7b8	8034478762.jpg	/Users/seltmann/Documents/kummel/work/flickr_recovered_missing_media_20260730_150821/8034478762.jpg	yes	200	429734	https://live.staticflickr.com/8450/8034478762_f711f81df3_c.jpg	https://www.flickr.com/photos/treebeard/8034478762/	Bumblebee size Spiny Tachina Fly (Paradejeania rutiloides, Tachinidae, Diptera) on Coyote Bush (Baccharis pilularis, Asteraceae)	396	
7791	39dbb521-a889-4868-b790-c6a514b5bf42	8037456329.jpg	/Users/seltmann/Documents/kummel/work/flickr_recovered_missing_media_20260730_150821/8037456329.jpg	yes	200	163222	https://live.staticflickr.com/8314/8037456329_278b064863_b.jpg	https://www.flickr.com/photos/treebeard/8037456329/	"Sticky ""flowers"" of native Cocklebur (Xanthium strumarium, Asteraceae)"	304	
7792	2fcd9415-8f11-4ef0-bd41-458153d9c113	8037523656.jpg	/Users/seltmann/Documents/kummel/work/flickr_recovered_missing_media_20260730_150821/8037523656.jpg	yes	200	398927	https://live.staticflickr.com/8031/8037523656_8257b09475_c.jpg	https://www.flickr.com/photos/treebeard/8037523656/	Palmer's Goldenbush (Ericameria palmeri var. pachylepis, Asteraceae) on the dry wash by the river	409	
7793	80d5dd1f-a183-4d60-829d-d7cf24aeb7cb	8037541278.jpg	/Users/seltmann/Documents/kummel/work/flickr_recovered_missing_media_20260730_150821/8037541278.jpg	yes	200	460653	https://live.staticflickr.com/8319/8037541278_d7d524f2b5_c.jpg	https://www.flickr.com/photos/treebeard/8037541278/	Spiky seed pod of Toloache (Datura wrightii, Solanaceae)	277	
7794	450534bb-5fa2-467d-8bcb-9424ac1856c5	8037557646.jpg	/Users/seltmann/Documents/kummel/work/flickr_recovered_missing_media_20260730_150821/8037557646.jpg	yes	200	433503	https://live.staticflickr.com/8032/8037557646_4a696f5cfc_c.jpg	https://www.flickr.com/photos/treebeard/8037557646/	Painted Lady (Vanessa cardui) butterfly on Scale Broom (Lepidospartum squamatum, Asteraceae) - with a Honey Bee (Apis mellifera, Hymenoptera) in the air	344	
7795	bb22e50f-48f1-46a0-b839-66267487126c	8037615754.jpg	/Users/seltmann/Documents/kummel/work/flickr_recovered_missing_media_20260730_150821/8037615754.jpg	yes	200	108025	https://live.staticflickr.com/8173/8037615754_95527fdf76_b.jpg	https://www.flickr.com/photos/treebeard/8037615754/	Grass-Skipper (Hesperia, Hesperiidae) butterfly sharing a flower with a little Wild Bee (Anthophila, Hymenoptera)	356	
7796	7e250624-ae46-4692-a2c6-eb66fa1aa1ac	8037664608.jpg	/Users/seltmann/Documents/kummel/work/flickr_recovered_missing_media_20260730_150821/8037664608.jpg	yes	200	422552	https://live.staticflickr.com/8181/8037664608_bedf2f1e44_c.jpg	https://www.flickr.com/photos/treebeard/8037664608/	Rather large Short-Horned Grasshopper (Acrididae, Orthoptera) on Tamarisk (Tamarix ramosissima, Tamaricaceae) - Gray Bird Grasshopper (Schistocerca nitens)	353	
7797	0082beeb-984f-48c4-87da-e95a241c7312	8037716453.jpg	/Users/seltmann/Documents/kummel/work/flickr_recovered_missing_media_20260730_150821/8037716453.jpg	yes	200	418339	https://live.staticflickr.com/8315/8037716453_bdbc2ef5be_c.jpg	https://www.flickr.com/photos/treebeard/8037716453/	Spreadwing Dragonfly (Lestidae, Odonata) by the river today - maybe the California Spreadwing (Archilestes californica)	291	
7798	be01edbf-6d43-4d29-b845-1195c116e91a	8037794301.jpg	/Users/seltmann/Documents/kummel/work/flickr_recovered_missing_media_20260730_150821/8037794301.jpg	yes	200	451363	https://live.staticflickr.com/8034/8037794301_7d81f18ee7_c.jpg	https://www.flickr.com/photos/treebeard/8037794301/	Horse Fly (Tabanus, Tabanidae, Diptera) - maybe the Western Horse Fly (Tabanus punctifer)?	376	
7799	38a7764a-189f-4ba7-88df-afd5e0417719	8041406286.jpg	/Users/seltmann/Documents/kummel/work/flickr_recovered_missing_media_20260730_150821/8041406286.jpg	yes	200	379592	https://live.staticflickr.com/8169/8041406286_9102341fe8_c.jpg	https://www.flickr.com/photos/treebeard/8041406286/	Seed pods of Weed's Mariposa Lily (Calochortus weedii var. vestus aka C. fimbriata, Liliaceae)	325	
7800	72ddc9dd-3c11-49e4-b113-83b8f6be4c80	8041422611.jpg	/Users/seltmann/Documents/kummel/work/flickr_recovered_missing_media_20260730_150821/8041422611.jpg	yes	200	333045	https://live.staticflickr.com/8458/8041422611_ba5025c82d_c.jpg	https://www.flickr.com/photos/treebeard/8041422611/	New seeds of Weed's Mariposa Lily (Calochortus weedii var. vestus aka C. fimbriata, Liliaceae)	451	
7801	4b811d44-d919-4c06-b62c-4a86a342d9c0	8041466876.jpg	/Users/seltmann/Documents/kummel/work/flickr_recovered_missing_media_20260730_150821/8041466876.jpg	yes	200	401180	https://live.staticflickr.com/8455/8041466876_e0dd659dce_c.jpg	https://www.flickr.com/photos/treebeard/8041466876/	Strange insect nest on native Scrub Oak (Quercus berberidifolia, Fagaceae)	301	
7802	92cc20b5-d5bc-48bc-9acb-908af098a15b	8041524694.jpg	/Users/seltmann/Documents/kummel/work/flickr_recovered_missing_media_20260730_150821/8041524694.jpg	yes	200	371872	https://live.staticflickr.com/8309/8041524694_f851485c2a_c.jpg	https://www.flickr.com/photos/treebeard/8041524694/	Large yellow Crab Spider (Thomisidae) on California Aster (Lessingia filaginifolia, Asteraceae)	287	
7803	459af783-8587-4480-b259-38b269795586	8041572579.jpg	/Users/seltmann/Documents/kummel/work/flickr_recovered_missing_media_20260730_150821/8041572579.jpg	yes	200	409220	https://live.staticflickr.com/8038/8041572579_f3577e1a53_c.jpg	https://www.flickr.com/photos/treebeard/8041572579/	Spotted Cucumber Beetle (Diabrotica undecimpunctata, Chrysomelidae, Coleoptera) on staminate Coyote Bush (Baccharis pilularis, Asteraceae)	535	
7804	c0b90a98-65c7-48e8-8659-73dc7b62c552	8041615494.jpg	/Users/seltmann/Documents/kummel/work/flickr_recovered_missing_media_20260730_150821/8041615494.jpg	yes	200	375932	https://live.staticflickr.com/8042/8041615494_af20769f68_c.jpg	https://www.flickr.com/photos/treebeard/8041615494/	Athletic ant (Formicidae, Hymenoptera) on non-native Fennel (Foeniculum vulgare, Apiaceae)	355	
7805	b8475896-2dee-485e-93f6-dafb2a06118b	8041672291.jpg	/Users/seltmann/Documents/kummel/work/flickr_recovered_missing_media_20260730_150821/8041672291.jpg	yes	200	423493	https://live.staticflickr.com/8457/8041672291_0990e6cf5f_c.jpg	https://www.flickr.com/photos/treebeard/8041672291/	Short-Horned Grasshopper (Acrididae, Orthoptera) on gall of Baccharis Stem Gall Moth (Gnorimoshema baccharisella, Gelechiidae, Lepidoptera) on Coyote Bush (Baccharis pilularis, Asteraceae) - Oedaleonotus phryneicus	296	
7806	3ec89352-b541-4235-a7df-e18895401c70	8041776749.jpg	/Users/seltmann/Documents/kummel/work/flickr_recovered_missing_media_20260730_150821/8041776749.jpg	yes	200	134959	https://live.staticflickr.com/8174/8041776749_9b1da75934_b.jpg	https://www.flickr.com/photos/treebeard/8041776749/	Assassin Bug (Reduviidae, Hemiptera) on Mugwort (Artemisia douglasiana, Asteraceae)	308	
7807	53e514f7-4472-4236-b9f4-797ae09fa3b7	8045184428.jpg	/Users/seltmann/Documents/kummel/work/flickr_recovered_missing_media_20260730_150821/8045184428.jpg	yes	200	412807	https://live.staticflickr.com/8314/8045184428_4e357dc9df_c.jpg	https://www.flickr.com/photos/treebeard/8045184428/	Assassin Bug (Reduviidae, Hemiptera) on Mugwort (Artemisia douglasiana, Asteraceae)	320	
7808	d6f1780d-4ec3-48d5-8c27-839361e15522	8045210410.jpg	/Users/seltmann/Documents/kummel/work/flickr_recovered_missing_media_20260730_150821/8045210410.jpg	yes	200	116645	https://live.staticflickr.com/8312/8045210410_e9ecae36ed_b.jpg	https://www.flickr.com/photos/treebeard/8045210410/	Native ant (Formicidae, Hymenoptera) on non-native Fennel (Foeniculum vulgare, Apiaceae)	312	
7809	e3d71145-0c2b-44e4-b2f0-7003bc97ac7b	8045234096.jpg	/Users/seltmann/Documents/kummel/work/flickr_recovered_missing_media_20260730_150821/8045234096.jpg	yes	200	386863	https://live.staticflickr.com/8036/8045234096_dec5b1884d_c.jpg	https://www.flickr.com/photos/treebeard/8045234096/	Short-winged Oedaleonotus phryneicus (Melanoplinae, Acrididae, Orthoptera) grasshopper on California Buckwheat (Eriogonum fasciculatum, Polygonaceae)	337	
7810	9b19d468-8e3a-4d57-9f08-07602fdffeae	8045290462.jpg	/Users/seltmann/Documents/kummel/work/flickr_recovered_missing_media_20260730_150821/8045290462.jpg	yes	200	381272	https://live.staticflickr.com/8042/8045290462_f45f495f8c_c.jpg	https://www.flickr.com/photos/treebeard/8045290462/	Brilliant male California Dogface (Colias eurydice) butterfly in the air above flower of Mexican Sunflower (Tithonia rotundifolia, Asteraceae)	423	
7811	486c8b42-d279-4c4a-93e7-ff4720531306	8045328220.jpg	/Users/seltmann/Documents/kummel/work/flickr_recovered_missing_media_20260730_150821/8045328220.jpg	yes	200	130452	https://live.staticflickr.com/8171/8045328220_eab85073eb_b.jpg	https://www.flickr.com/photos/treebeard/8045328220/	Brilliant male California Dogface (Colias eurydice) butterfly on Mexican Sunflower (Tithonia rotundifolia) in the garden,	321	
7812	4cc09696-6cc2-4f95-a9b9-dda986aa4ea0	8045384826.jpg	/Users/seltmann/Documents/kummel/work/flickr_recovered_missing_media_20260730_150821/8045384826.jpg	yes	200	446897	https://live.staticflickr.com/8176/8045384826_43ccb5dfbd_c.jpg	https://www.flickr.com/photos/treebeard/8045384826/	Painted Lady (Vanessa cardui) butterfly on Mexican Sunflower (Tithonia rotundifolia, Asteraceae) in the garden	380	
7813	c1cf7d19-fe8a-4efb-b78a-259be29a4776	8045402270.jpg	/Users/seltmann/Documents/kummel/work/flickr_recovered_missing_media_20260730_150821/8045402270.jpg	yes	200	414114	https://live.staticflickr.com/8316/8045402270_3456452fa4_c.jpg	https://www.flickr.com/photos/treebeard/8045402270/	Two-fer of Mormon Metalmark (Apodemia mormo) butterflies on Bush Groundsel (Senecio flaccidus var. douglasii, Asteraceae)	71	
7814	0f874f77-86a9-45ff-bbf7-8572f64cd0d0	8045447991.jpg	/Users/seltmann/Documents/kummel/work/flickr_recovered_missing_media_20260730_150821/8045447991.jpg	yes	200	424799	https://live.staticflickr.com/8460/8045447991_4bfc9c3a8e_c.jpg	https://www.flickr.com/photos/treebeard/8045447991/	Mormon Metalmark (Apodemia mormo) butterfly on Bush Groundsel (Senecio flaccidus var. douglasii, Asteraceae)	305	
7815	1e64facd-a2f1-4c25-a02f-983516e8f49a	8048846979.jpg	/Users/seltmann/Documents/kummel/work/flickr_recovered_missing_media_20260730_150821/8048846979.jpg	yes	200	474277	https://live.staticflickr.com/8032/8048846979_920659536a_c.jpg	https://www.flickr.com/photos/treebeard/8048846979/	Large Orb-Weaver Spider (Araneidae) - maybe the Cat-Faced Spider (Araneus gemmoides)	335	
7816	122aec69-d7f9-4d60-aa60-0a731c0ef5a6	8048893710.jpg	/Users/seltmann/Documents/kummel/work/flickr_recovered_missing_media_20260730_150821/8048893710.jpg	yes	200	476913	https://live.staticflickr.com/8175/8048893710_181f75a024_c.jpg	https://www.flickr.com/photos/treebeard/8048893710/	Another large Orb-Weaver Spider (Araneidae)	313	
7817	3c421d18-f514-4d24-9fce-2cb803690764	8048916479.jpg	/Users/seltmann/Documents/kummel/work/flickr_recovered_missing_media_20260730_150821/8048916479.jpg	yes	200	385487	https://live.staticflickr.com/8181/8048916479_ee2afb8aaa_c.jpg	https://www.flickr.com/photos/treebeard/8048916479/	Large yellow Crab Spider (Thomisidae) perched on native Coyote Bush (Baccharis pilularis, Asteraceae)	320	
7818	0596b6c8-4004-47d1-9f8a-0db145ac6c65	8048936722.jpg	/Users/seltmann/Documents/kummel/work/flickr_recovered_missing_media_20260730_150821/8048936722.jpg	yes	200	405796	https://live.staticflickr.com/8176/8048936722_6a4d795577_c.jpg	https://www.flickr.com/photos/treebeard/8048936722/	Green Lynx Spider (Peucetia viridans, Oxyopidae) with Wild Bee (Anthophila, Hymenoptera) prey	345	
7819	221b6fc0-5225-4d54-a725-53db00658514	8048969165.jpg	/Users/seltmann/Documents/kummel/work/flickr_recovered_missing_media_20260730_150821/8048969165.jpg	yes	200	375453	https://live.staticflickr.com/8033/8048969165_438b1bf71e_c.jpg	https://www.flickr.com/photos/treebeard/8048969165/	California Angle-winged Katydid (Microcentrum californicum, Tettigoniidae, Orthoptera) on non-native Smilo Grass (Piptatherum miliaceum, Poaceae)	303	
7820	7a179a58-bc3b-4ec9-96fe-54dfe6174368	8048997051.jpg	/Users/seltmann/Documents/kummel/work/flickr_recovered_missing_media_20260730_150821/8048997051.jpg	yes	200	86391	https://live.staticflickr.com/8172/8048997051_e30f9830f2_b.jpg	https://www.flickr.com/photos/treebeard/8048997051/	Short-Horned Grasshopper (Acrididae, Orthoptera) sitting like a puppy dog on Chaparral Yucca (Yucca whipplei, Liliaceae) plant family - maybe Grayish Sagebrush Grasshopper (Melanoplus cinereus)	251	
7821	924238de-28ea-4da8-a45e-b233cf06d8dc	8049037379.jpg	/Users/seltmann/Documents/kummel/work/flickr_recovered_missing_media_20260730_150821/8049037379.jpg	yes	200	163194	https://live.staticflickr.com/8318/8049037379_61a2b11b0c_b.jpg	https://www.flickr.com/photos/treebeard/8049037379/	Grass-Skipper (Hesperia, Hesperiidae) butterfly on Mexican Sunflower (Tithonia rotundifolia, Asteraceae) in the garden	344	
7822	ad845b22-ab2c-45d1-bff0-f28d8f221b3a	8049087294.jpg	/Users/seltmann/Documents/kummel/work/flickr_recovered_missing_media_20260730_150821/8049087294.jpg	yes	200	382028	https://live.staticflickr.com/8309/8049087294_e8bf880bee_c.jpg	https://www.flickr.com/photos/treebeard/8049087294/	Brilliant male California Dogface (Colias eurydice) butterfly in the air above Mexican Sunflower (Tithonia rotundifolia, Asteraceae)	324	
7823	834e7bc5-a3f7-49fb-9db8-7a8bd1576fb9	8051951265.jpg	/Users/seltmann/Documents/kummel/work/flickr_recovered_missing_media_20260730_150821/8051951265.jpg	yes	200	140261	https://live.staticflickr.com/8322/8051951265_3233885de3_b.jpg	https://www.flickr.com/photos/treebeard/8051951265/	New flowers of California Brickellbush (Brickellia californica, Asteraceae)	304	
7824	7ff94f77-fe76-4393-9829-4b03868ff575	8051970776.jpg	/Users/seltmann/Documents/kummel/work/flickr_recovered_missing_media_20260730_150821/8051970776.jpg	yes	200	425349	https://live.staticflickr.com/8033/8051970776_c7e8079287_c.jpg	https://www.flickr.com/photos/treebeard/8051970776/	Flowers on native Sawtooth Goldenbush (Hazardia squarrosa, Asteraceae)	364	
7825	8f6bd2b0-2ef0-4219-ba48-9c2f014ec6e1	8051997355.jpg	/Users/seltmann/Documents/kummel/work/flickr_recovered_missing_media_20260730_150821/8051997355.jpg	yes	200	175577	https://live.staticflickr.com/8313/8051997355_026663d26d_b.jpg	https://www.flickr.com/photos/treebeard/8051997355/	California Buckwheat (Eriogonum fasciculatum, Polygonaceae) - turning brown for autumn	311	
7826	516cd3aa-45ec-4b32-b028-1db9aca4cda4	8052014317.jpg	/Users/seltmann/Documents/kummel/work/flickr_recovered_missing_media_20260730_150821/8052014317.jpg	yes	200	121651	https://live.staticflickr.com/8030/8052014317_16b99a07ae_b.jpg	https://www.flickr.com/photos/treebeard/8052014317/	Furry little Bee Fly (Bombyliidae, Diptera) on Aster (Asteraceae) flower in the garden	315	
7827	0024863d-bebe-4dd3-b710-cd847e32298a	8052054622.jpg	/Users/seltmann/Documents/kummel/work/flickr_recovered_missing_media_20260730_150821/8052054622.jpg	yes	200	404204	https://live.staticflickr.com/8319/8052054622_9255fd4b1b_c.jpg	https://www.flickr.com/photos/treebeard/8052054622/	Some kind of Paper Wasp (Polistes, Vespidae, Hymenoptera) on Scale Broom (Lepidospartum squamatum, Asteraceae)	327	
7828	9caa2218-ffe9-4146-af1e-f225b5ed4bbd	8052067527.jpg	/Users/seltmann/Documents/kummel/work/flickr_recovered_missing_media_20260730_150821/8052067527.jpg	yes	200	236465	https://live.staticflickr.com/8450/8052067527_05953d846d_b.jpg	https://www.flickr.com/photos/treebeard/8052067527/	"Near-perfect Painted Lady (Vanessa cardui) butterfly ""puddling"" - taking moisture - on garden path"	288	
7829	df2617bd-078f-4bc1-b052-a32b453b8da0	8052102379.jpg	/Users/seltmann/Documents/kummel/work/flickr_recovered_missing_media_20260730_150821/8052102379.jpg	yes	200	166725	https://live.staticflickr.com/8449/8052102379_c06b67095a_b.jpg	https://www.flickr.com/photos/treebeard/8052102379/	Monarch Butterfly (Danaus plexippus, Lepidoptera) on Mexican Sunflower (Tithonia rotundifolia, Asteraceae) in the garden	342	
7830	3e97e020-e0b0-4a15-94ec-94acf63a8834	8052168386.jpg	/Users/seltmann/Documents/kummel/work/flickr_recovered_missing_media_20260730_150821/8052168386.jpg	yes	200	141019	https://live.staticflickr.com/8035/8052168386_f18373e684_b.jpg	https://www.flickr.com/photos/treebeard/8052168386/	Monarch Butterfly (Danaus plexippus, Lepidoptera) in the air approaching Mexican Sunflower (Tithonia rotundifolia, Asteraceae)	323	
7831	3e9c05df-f25b-46fc-bd44-c692c98d8abb	8055196724.jpg	/Users/seltmann/Documents/kummel/work/flickr_recovered_missing_media_20260730_150821/8055196724.jpg	yes	200	311716	https://live.staticflickr.com/8460/8055196724_017fe4c3a8_b.jpg	https://www.flickr.com/photos/treebeard/8055196724/	Huge burl on the trunk of a Coast Live Oak (Quercus agrifolia, Fagaceae) tree	279	
7832	504fd520-d102-4676-b379-af5a9ac6a340	8055243464.jpg	/Users/seltmann/Documents/kummel/work/flickr_recovered_missing_media_20260730_150821/8055243464.jpg	yes	200	400498	https://live.staticflickr.com/8451/8055243464_c8b79fe28b_c.jpg	https://www.flickr.com/photos/treebeard/8055243464/	"New ""flowers"" of Russian Thistle aka Tumbleweed (Salsola tragus, Chenopodiaceae) by the river"	288	
7833	3df8a1ef-6ad7-4084-8fc8-90a28bab0192	8055291211.jpg	/Users/seltmann/Documents/kummel/work/flickr_recovered_missing_media_20260730_150821/8055291211.jpg	yes	200	130275	https://live.staticflickr.com/8314/8055291211_508da37815_b.jpg	https://www.flickr.com/photos/treebeard/8055291211/	New flower of native Chaparral Mallow (Malacothamnus fasciculatus, Malvaceae)	303	
7834	f4196266-ce79-4252-9b40-2a41fd540b81	8055309114.jpg	/Users/seltmann/Documents/kummel/work/flickr_recovered_missing_media_20260730_150821/8055309114.jpg	yes	200	366412	https://live.staticflickr.com/8029/8055309114_949efa3745_c.jpg	https://www.flickr.com/photos/treebeard/8055309114/	New flower of native California Aster (Lessingia filaginifolia aka Corethrogyne filaginifolia, Asteraceae)	348	
7835	b50c79b8-459f-41ab-89b3-460d379583da	8055349045.jpg	/Users/seltmann/Documents/kummel/work/flickr_recovered_missing_media_20260730_150821/8055349045.jpg	yes	200	475367	https://live.staticflickr.com/8169/8055349045_4fdb946f55_c.jpg	https://www.flickr.com/photos/treebeard/8055349045/	Common Buckeye (Junonia coenia) butterfly on the ground	280	
7836	bca0abce-7f41-4f15-a4a4-15e4d6f66808	8055371318.jpg	/Users/seltmann/Documents/kummel/work/flickr_recovered_missing_media_20260730_150821/8055371318.jpg	yes	200	631408	https://live.staticflickr.com/8175/8055371318_3938fd9d02_c.jpg	https://www.flickr.com/photos/treebeard/8055371318/	Papa Mule Deer (Odocoileus hemionus) with his two youngsters	272	
7837	deb51bbd-7a9f-40ca-bb48-deec6c2bccc9	8055440091.jpg	/Users/seltmann/Documents/kummel/work/flickr_recovered_missing_media_20260730_150821/8055440091.jpg	yes	200	243306	https://live.staticflickr.com/8040/8055440091_dc4106ceec_b.jpg	https://www.flickr.com/photos/treebeard/8055440091/	Mama Mule Deer (Odocoileus hemionus) lying down in the woods	340	
7838	f3892fa7-666d-4659-b0b2-ef0b7bff0b26	8055480437.jpg	/Users/seltmann/Documents/kummel/work/flickr_recovered_missing_media_20260730_150821/8055480437.jpg	yes	200	563427	https://live.staticflickr.com/8449/8055480437_8b20cf2e35_c.jpg	https://www.flickr.com/photos/treebeard/8055480437/	Papa Mule Deer (Odocoileus hemionus) in the woods - a forked-horn two-point buck	481	
7839	8eee7e5d-86a0-4b26-9f78-d8103a5600a2	8057940449.jpg	/Users/seltmann/Documents/kummel/work/flickr_recovered_missing_media_20260730_150821/8057940449.jpg	yes	200	515401	https://live.staticflickr.com/8321/8057940449_2eacb36f58_c.jpg	https://www.flickr.com/photos/treebeard/8057940449/	Telegraph Weed (Heterotheca grandiflora, Asteraceae) - weedy but native	71	
7840	fba66db3-4e3a-47a6-ae3f-7afd06878236	8057955260.jpg	/Users/seltmann/Documents/kummel/work/flickr_recovered_missing_media_20260730_150821/8057955260.jpg	yes	200	393227	https://live.staticflickr.com/8311/8057955260_e12edb5b35_c.jpg	https://www.flickr.com/photos/treebeard/8057955260/	Flowers of native Mugwort (Artemisia douglasiana, Asteraceae) by the creek	290	
7841	b8eed8ea-455e-4717-99fd-3d4f1d823a43	8058003838.jpg	/Users/seltmann/Documents/kummel/work/flickr_recovered_missing_media_20260730_150821/8058003838.jpg	yes	200	417497	https://live.staticflickr.com/8171/8058003838_a932bf8df1_c.jpg	https://www.flickr.com/photos/treebeard/8058003838/	"Wild Bee (Anthophila, Hymenoptera) committing ""nectar theft"" on Waverly Sage (Salvia ""Waverly"", Lamiaceae)"	381	
7842	0ad2303d-0c8f-4e3c-8fc5-8eb78d76f7af	8058023552.jpg	/Users/seltmann/Documents/kummel/work/flickr_recovered_missing_media_20260730_150821/8058023552.jpg	yes	200	146116	https://live.staticflickr.com/8172/8058023552_6289cf8054_b.jpg	https://www.flickr.com/photos/treebeard/8058023552/	Yellow Jacket-type wasp (Vespidae, Hymenoptera) in the garden	290	
7843	98d5b9c6-c3ec-4e29-aac9-4e75d3656d23	8058058199.jpg	/Users/seltmann/Documents/kummel/work/flickr_recovered_missing_media_20260730_150821/8058058199.jpg	yes	200	446850	https://live.staticflickr.com/8319/8058058199_b0f18fa74a_c.jpg	https://www.flickr.com/photos/treebeard/8058058199/	Remarkable wasp-mimic Syrphid Flower Fly (Syrphidae, Diptera) - I guess Spilomyia interrupta	335	
7844	0beee0de-5c7f-4066-a6dd-911d682d91e8	8058073878.jpg	/Users/seltmann/Documents/kummel/work/flickr_recovered_missing_media_20260730_150821/8058073878.jpg	yes	200	411899	https://live.staticflickr.com/8462/8058073878_4eb2f3b197_c.jpg	https://www.flickr.com/photos/treebeard/8058073878/	Bee Fly (Bombyliidae, Diptera) on Coyote Bush (Baccharis pilularis, Asteraceae)	304	
7845	c4255ecf-dee4-495c-8398-9e7b04026731	8058099238.jpg	/Users/seltmann/Documents/kummel/work/flickr_recovered_missing_media_20260730_150821/8058099238.jpg	yes	200	398614	https://live.staticflickr.com/8438/8058099238_838f3d3931_c.jpg	https://www.flickr.com/photos/treebeard/8058099238/	Bee Fly (Bombyliidae, Diptera) on staminate Coyote Bush (Baccharis pilularis, Asteraceae)	341	
7846	7c733889-5430-4ae2-a181-19463744d067	8058110546.jpg	/Users/seltmann/Documents/kummel/work/flickr_recovered_missing_media_20260730_150821/8058110546.jpg	yes	200	389147	https://live.staticflickr.com/8182/8058110546_c54fc97705_c.jpg	https://www.flickr.com/photos/treebeard/8058110546/	Bee Fly (Bombyliidae, Diptera) on Coyote Bush (Baccharis pilularis, Asteraceae)	340	
7847	26c92f6f-9cf5-4d4d-8d2a-ff74339939c7	8061116316.jpg	/Users/seltmann/Documents/kummel/work/flickr_recovered_missing_media_20260730_150821/8061116316.jpg	yes	200	429007	https://live.staticflickr.com/8170/8061116316_35564af3f7_c.jpg	https://www.flickr.com/photos/treebeard/8061116316/	Galls of the Fuzzy Oak Gall Wasp (Disholcaspis washingtonensis, Cynipidae, Hymenoptera) on Scrub Oak (Quercus berberidifolia, Fagaceae)	271	
7848	040ed5f1-3d0d-4a2f-a4c6-76e279fa12f9	8061156346.jpg	/Users/seltmann/Documents/kummel/work/flickr_recovered_missing_media_20260730_150821/8061156346.jpg	yes	200	388008	https://live.staticflickr.com/8451/8061156346_10a22aeb28_c.jpg	https://www.flickr.com/photos/treebeard/8061156346/	Beautiful gall of a Beaked Twig Gall Wasp (Disholcaspis plumbella, Cynipidae, Hymenoptera) on Scrub Oak (Quercus berberidifolia, Fagaceae)	293	
7849	8322a8c5-91b5-412e-9377-3f77ff6c67df	8061193104.jpg	/Users/seltmann/Documents/kummel/work/flickr_recovered_missing_media_20260730_150821/8061193104.jpg	yes	200	500002	https://live.staticflickr.com/8039/8061193104_247fdc0a72_c.jpg	https://www.flickr.com/photos/treebeard/8061193104/	New and old flowers on Mule Fat (Baccharis salicifolia, Asteraceae)	357	
7850	f8881004-b8d3-48ad-b122-a968e53840a3	8061228965.jpg	/Users/seltmann/Documents/kummel/work/flickr_recovered_missing_media_20260730_150821/8061228965.jpg	yes	200	392456	https://live.staticflickr.com/8181/8061228965_7ec7184039_c.jpg	https://www.flickr.com/photos/treebeard/8061228965/	Crab Spider (Thomisidae) waiting for insects on failed flowers of Coyote Bush (Baccharis pilularis, Asteraceae)	334	
7851	8bb4341e-250d-4282-9246-93874f7d9319	8061253369.jpg	/Users/seltmann/Documents/kummel/work/flickr_recovered_missing_media_20260730_150821/8061253369.jpg	yes	200	445389	https://live.staticflickr.com/8175/8061253369_56cc2af9b4_c.jpg	https://www.flickr.com/photos/treebeard/8061253369/	Mormon Metalmark (Apodemia mormo) butterfly next to a Bagrada Bug (Bagrada hilaris, Pentatomidae, Hemiptera) on Coastal Goldenbush (Isocoma menziesii, Asteraceae)	60	
7852	72634853-e026-4d9a-8432-fe6a8b619804	8061306063.jpg	/Users/seltmann/Documents/kummel/work/flickr_recovered_missing_media_20260730_150821/8061306063.jpg	yes	200	409235	https://live.staticflickr.com/8460/8061306063_d8fe5d65db_c.jpg	https://www.flickr.com/photos/treebeard/8061306063/	Female Northern White-Skipper (Heliopetes ericetorum) butterfly on Coastal Goldenbush (Isocoma menziesii, Asteraceae)	368	
7853	2d7e7a45-014e-45bf-934e-500de0842565	8061342502.jpg	/Users/seltmann/Documents/kummel/work/flickr_recovered_missing_media_20260730_150821/8061342502.jpg	yes	200	132606	https://live.staticflickr.com/8311/8061342502_889e176b65_b.jpg	https://www.flickr.com/photos/treebeard/8061342502/	Long-horned Beetle (Cerambycidae, Coleoptera) on Coastal Goldenbush (Isocoma menziesii, Asteraceae)	339	
7854	1cdba780-fb1b-4582-97ae-f4c958d66050	8061362311.jpg	/Users/seltmann/Documents/kummel/work/flickr_recovered_missing_media_20260730_150821/8061362311.jpg	yes	200	384025	https://live.staticflickr.com/8459/8061362311_d9c583d045_c.jpg	https://www.flickr.com/photos/treebeard/8061362311/	Remarkable Blow Fly (Calliphoridae, Diptera) on Coyote Bush (Baccharis pilularis, Asteraceae) - maybe genus Lucilia?	388	
7855	609d9076-c65f-49b2-b23f-62c807c51947	8064992549.jpg	/Users/seltmann/Documents/kummel/work/flickr_recovered_missing_media_20260730_150821/8064992549.jpg	yes	200	127945	https://live.staticflickr.com/8322/8064992549_0f2cc3b72a_b.jpg	https://www.flickr.com/photos/treebeard/8064992549/	Twig of Scrub Oak (Quercus berberidifolia, Fagaceae) - with leaf, acorn, and a new gall of Beaked Twig Gall Wasp (Disholcaspis plumbella, Cynipidae, Hymenoptera)	285	
7856	7ea2f77f-01f3-487e-a907-cfa8403dcb6b	8065026485.jpg	/Users/seltmann/Documents/kummel/work/flickr_recovered_missing_media_20260730_150821/8065026485.jpg	yes	200	113039	https://live.staticflickr.com/8461/8065026485_1947591a38_b.jpg	https://www.flickr.com/photos/treebeard/8065026485/	New flower buds of Veatch Silk-Tassel (Garrya veatchii, Garryaceae) - on a dying shrub?	250	
7857	a3134e4f-aff0-442b-9ab6-c700eefd8e17	8065085338.jpg	/Users/seltmann/Documents/kummel/work/flickr_recovered_missing_media_20260730_150821/8065085338.jpg	yes	200	94708	https://live.staticflickr.com/8172/8065085338_555b751d55_b.jpg	https://www.flickr.com/photos/treebeard/8065085338/	Elegant seed pod of Bush Poppy (Dendromecon rigida, Papaveraceae) - very painterly	224	
7858	da484e77-422d-4ad8-84a9-917d52b7b6c7	8065103858.jpg	/Users/seltmann/Documents/kummel/work/flickr_recovered_missing_media_20260730_150821/8065103858.jpg	yes	200	387377	https://live.staticflickr.com/8175/8065103858_aeae633549_c.jpg	https://www.flickr.com/photos/treebeard/8065103858/	Drosophilid Fly (Drosophilidae, Diptera) in the garden	398	
7859	8f6a9c64-aa2d-4cdf-aae8-f3627ec1d3a7	8065143125.jpg	/Users/seltmann/Documents/kummel/work/flickr_recovered_missing_media_20260730_150821/8065143125.jpg	yes	200	191689	https://live.staticflickr.com/8310/8065143125_37b47ddb6c_b.jpg	https://www.flickr.com/photos/treebeard/8065143125/	Granite-colored Thalassica grasshopper (Trimerotropis thalassica, Acrididae, Orthoptera) grasshopper on my path today	284	
7860	9dfe3c29-9863-4e75-b614-39cb2af8de2b	8065216700.jpg	/Users/seltmann/Documents/kummel/work/flickr_recovered_missing_media_20260730_150821/8065216700.jpg	yes	200	429992	https://live.staticflickr.com/8452/8065216700_f2ab0ec37d_c.jpg	https://www.flickr.com/photos/treebeard/8065216700/	Large pollen-dusted Carpenter Bee (Xylocopa, Anthophoridae, Hymenoptera) getting up after a fall	346	
7861	340597d9-b491-407c-ab53-33935703f5f2	8065272152.jpg	/Users/seltmann/Documents/kummel/work/flickr_recovered_missing_media_20260730_150821/8065272152.jpg	yes	200	437209	https://live.staticflickr.com/8169/8065272152_8908689a16_c.jpg	https://www.flickr.com/photos/treebeard/8065272152/	Green Lynx Spider (Peucetia viridans, Oxyopidae) is red - to match fall-colored Poison Oak (Toxicodendron diversilobum, Anacardiaceae)	370	
7862	9c8ada06-0447-4546-98d6-759cb9d50177	8065314186.jpg	/Users/seltmann/Documents/kummel/work/flickr_recovered_missing_media_20260730_150821/8065314186.jpg	yes	200	396180	https://live.staticflickr.com/8169/8065314186_a6b025baef_c.jpg	https://www.flickr.com/photos/treebeard/8065314186/	Dainty Sulphur (Nathalis iole) butterfly on California Goldenrod (Solidago californica, Asteraceae)	414	
7863	f7334a4e-edf2-4832-aada-d5ba7abf4ea5	8068942559.jpg	/Users/seltmann/Documents/kummel/work/flickr_recovered_missing_media_20260730_150821/8068942559.jpg	yes	200	384227	https://live.staticflickr.com/8036/8068942559_e88bacfe0a_c.jpg	https://www.flickr.com/photos/treebeard/8068942559/	Tiny Leafhopper insect (Cicadellidae, Homoptera) on a leaf in the garden	375	
7864	dfaffa6d-8d33-4ff6-b905-6e12934003d3	8068986206.jpg	/Users/seltmann/Documents/kummel/work/flickr_recovered_missing_media_20260730_150821/8068986206.jpg	yes	200	430297	https://live.staticflickr.com/8462/8068986206_892bf42133_c.jpg	https://www.flickr.com/photos/treebeard/8068986206/	Oedaleonotus phryneicus grasshopper (Melanoplinae, Acrididae, Orthoptera) on Coffeeberry (Rhamnus tomentella or R. californica, Rhamnaceae)	371	
7865	7b7544c0-1e02-4379-be10-7e51fc44a972	8069047231.jpg	/Users/seltmann/Documents/kummel/work/flickr_recovered_missing_media_20260730_150821/8069047231.jpg	yes	200	422090	https://live.staticflickr.com/8453/8069047231_20b2b1070a_c.jpg	https://www.flickr.com/photos/treebeard/8069047231/	Assassin Bug (Reduviidae, Hemiptera) on leaf of Coast Live Oak (Quercus agrifolia, Fagaceae)	293	
7866	01ae56b0-f28a-4292-a87b-2719b5aaf6bf	8069076984.jpg	/Users/seltmann/Documents/kummel/work/flickr_recovered_missing_media_20260730_150821/8069076984.jpg	yes	200	376600	https://live.staticflickr.com/8451/8069076984_95a796a8a8_c.jpg	https://www.flickr.com/photos/treebeard/8069076984/	Green Lynx Spider (Peucetia viridans, Oxyopidae) guarding her egg sack	354	
7867	ad17c43c-74cf-4535-9f1d-8eb740155ae4	8069100924.jpg	/Users/seltmann/Documents/kummel/work/flickr_recovered_missing_media_20260730_150821/8069100924.jpg	yes	200	376940	https://live.staticflickr.com/8039/8069100924_ac03031226_c.jpg	https://www.flickr.com/photos/treebeard/8069100924/	Crab Spider (Thomisidae) waiting for prey on leaf of Wild Blackberry (Rubus ursinus, Rosaceae)	396	
7868	3d1ffb48-a4e3-4ca5-b0cf-a354a4626914	8069115106.jpg	/Users/seltmann/Documents/kummel/work/flickr_recovered_missing_media_20260730_150821/8069115106.jpg	yes	200	447610	https://live.staticflickr.com/8459/8069115106_f6df30cd0f_c.jpg	https://www.flickr.com/photos/treebeard/8069115106/	Jumping Spider (Phidippus, Salticidae) on Mugwort (Artemisia douglasiana, Asteraceae)	717	
7869	7e9f6961-50d8-413e-8a52-7fb7a15bc094	8069181564.jpg	/Users/seltmann/Documents/kummel/work/flickr_recovered_missing_media_20260730_150821/8069181564.jpg	yes	200	109791	https://live.staticflickr.com/8042/8069181564_17b189e116_b.jpg	https://www.flickr.com/photos/treebeard/8069181564/	Carpenter Bee (Xylocopa, Anthophoridae, Hymenoptera) flying into a flower of Evening Primrose (Oenothera elata ssp. hookeri, Onagraceae)	338	
7870	b0afac00-dfe3-4d1a-b77f-979935c6cb8c	8069211643.jpg	/Users/seltmann/Documents/kummel/work/flickr_recovered_missing_media_20260730_150821/8069211643.jpg	yes	200	385626	https://live.staticflickr.com/8170/8069211643_10d876bdfb_c.jpg	https://www.flickr.com/photos/treebeard/8069211643/	Carpenter Bee (Xylocopa, Anthophoridae, Hymenoptera) flying into a flower of Evening Primrose (Oenothera elata ssp. hookeri, Onagraceae)	400	
7871	10526627-cd42-4c13-9ee3-da3d82c800c1	8072457106.jpg	/Users/seltmann/Documents/kummel/work/flickr_recovered_missing_media_20260730_150821/8072457106.jpg	yes	200	210370	https://live.staticflickr.com/8036/8072457106_b0f5777f10_b.jpg	https://www.flickr.com/photos/treebeard/8072457106/	The burrow of a California Tarantula (Aphonopelma sp.) spider	422	
7872	846967ba-3e20-4b09-94fd-96a401bb17f1	8072500152.jpg	/Users/seltmann/Documents/kummel/work/flickr_recovered_missing_media_20260730_150821/8072500152.jpg	yes	200	394654	https://live.staticflickr.com/8029/8072500152_4d91e4179b_c.jpg	https://www.flickr.com/photos/treebeard/8072500152/	Little wasp in the order Hymenoptera on flowers of native California Buckwheat (Eriogonum fasciculatum, Polygonaceae)	386	
7873	0b809d44-d0ac-4ff0-8959-ed6076673303	8072531616.jpg	/Users/seltmann/Documents/kummel/work/flickr_recovered_missing_media_20260730_150821/8072531616.jpg	yes	200	410791	https://live.staticflickr.com/8175/8072531616_8c54322c22_c.jpg	https://www.flickr.com/photos/treebeard/8072531616/	Little net-winged Planthopper (Fulgoroidea, Homoptera) on Wild Blackberry (Rubus ursinus, Rosaceae)	341	
7874	92dfc04a-cee0-401f-a53e-3e92b61c447b	8072558012.jpg	/Users/seltmann/Documents/kummel/work/flickr_recovered_missing_media_20260730_150821/8072558012.jpg	yes	200	177613	https://live.staticflickr.com/8453/8072558012_0015fc881d_b.jpg	https://www.flickr.com/photos/treebeard/8072558012/	Well-camouflaged Short-Horned Grasshopper (Acrididae, Orthoptera) - maybe Caerulean-winged Grasshopper (Trimerotropis pseudofasciata)	323	
7875	abc727fa-7e84-40f1-a321-d1ae764e2aa2	8072606995.jpg	/Users/seltmann/Documents/kummel/work/flickr_recovered_missing_media_20260730_150821/8072606995.jpg	yes	200	228704	https://live.staticflickr.com/8458/8072606995_e1c5d39ac3_b.jpg	https://www.flickr.com/photos/treebeard/8072606995/	Granite-colored Thalassica grasshopper (Trimerotropis thalassica, Acrididae, Orthoptera) grasshopper	286	
7876	a5ed2611-b748-44c0-addd-b88c763d302e	8072621836.jpg	/Users/seltmann/Documents/kummel/work/flickr_recovered_missing_media_20260730_150821/8072621836.jpg	yes	200	169036	https://live.staticflickr.com/8032/8072621836_02e225251b_b.jpg	https://www.flickr.com/photos/treebeard/8072621836/	Common Buckeye (Junonia coenia) butterfly on still-flowering Scale Broom (Lepidospartum squamatum, Asteraceae)	328	
7877	2725d913-639e-4d92-b44f-e96e405823cf	8072667921.jpg	/Users/seltmann/Documents/kummel/work/flickr_recovered_missing_media_20260730_150821/8072667921.jpg	yes	200	423903	https://live.staticflickr.com/8172/8072667921_e79dc226bb_c.jpg	https://www.flickr.com/photos/treebeard/8072667921/	Common Buckeye (Junonia coenia) butterfly on still-flowering Scale Broom (Lepidospartum squamatum, Asteraceae)	289	
7878	78c2daf2-d761-4141-aaae-1e6697cc66d1	8072678404.jpg	/Users/seltmann/Documents/kummel/work/flickr_recovered_missing_media_20260730_150821/8072678404.jpg	yes	200	121683	https://live.staticflickr.com/8319/8072678404_2c3bac7845_b.jpg	https://www.flickr.com/photos/treebeard/8072678404/	Variegated Meadowlark (Sympetrum corruptum, Libellulidae, Odonata) dragonfly	292	
7879	938822ad-6182-4860-82c2-10302214bdf8	8075815374.jpg	/Users/seltmann/Documents/kummel/work/flickr_recovered_missing_media_20260730_150821/8075815374.jpg	yes	200	413579	https://live.staticflickr.com/8051/8075815374_ed725df14d_c.jpg	https://www.flickr.com/photos/treebeard/8075815374/	Real raindrops falling on native Coffeeberry (Rhamnus californica, Rhamnaceae)	626	
7880	0f6a020a-6465-48b7-b29d-a2d117fc8f94	8075860777.jpg	/Users/seltmann/Documents/kummel/work/flickr_recovered_missing_media_20260730_150821/8075860777.jpg	yes	200	88802	https://live.staticflickr.com/8334/8075860777_4637eb13b0_b.jpg	https://www.flickr.com/photos/treebeard/8075860777/	First new flowers of native Chaparral Currant (Ribes malvaceum, Grossulariaceae)	220	
7881	e1f6ef18-1161-41f6-ae2f-6c266385b947	8078968297.jpg	/Users/seltmann/Documents/kummel/work/flickr_recovered_missing_media_20260730_150821/8078968297.jpg	yes	200	148902	https://live.staticflickr.com/8476/8078968297_be2e225698_b.jpg	https://www.flickr.com/photos/treebeard/8078968297/	Assassin Bug (Reduviidae, Hemiptera) on a leaf of Wild Blackberry (Rubus ursinus, Rosaceae)	296	
7882	e2f6820c-e1cc-48c5-a3af-7c57341c2785	8078978677.jpg	/Users/seltmann/Documents/kummel/work/flickr_recovered_missing_media_20260730_150821/8078978677.jpg	yes	200	483337	https://live.staticflickr.com/8186/8078978677_3997fedbb8_c.jpg	https://www.flickr.com/photos/treebeard/8078978677/	Assassin Bug (Reduviidae, Hemiptera) on a leaf of Wild Blackberry (Rubus ursinus, Rosaceae) - with raindrops	320	
7883	e072ad0a-01a8-4add-b6e3-078c2e964f7a	8081229403.jpg	/Users/seltmann/Documents/kummel/work/flickr_recovered_missing_media_20260730_150821/8081229403.jpg	yes	200	176933	https://live.staticflickr.com/8336/8081229403_3191119bc0_b.jpg	https://www.flickr.com/photos/treebeard/8081229403/	The same Assassin Bug (Reduviidae, Hemiptera) on the same leaf of Wild Blackberry (Rubus ursinus, Rosaceae) - they don't move much	340	
7884	93fbb330-4bcc-4c02-a721-a499501703d3	8081272978.jpg	/Users/seltmann/Documents/kummel/work/flickr_recovered_missing_media_20260730_150821/8081272978.jpg	yes	200	119331	https://live.staticflickr.com/8328/8081272978_30fb8abf81_b.jpg	https://www.flickr.com/photos/treebeard/8081272978/	Flowers of Tall Stephanomeria (Stephanomeria virgata ssp. pleurocarpa, Asteraceae)	396	
7885	c4efc8c4-0c68-41e1-a661-d0146804c3fe	8081312962.jpg	/Users/seltmann/Documents/kummel/work/flickr_recovered_missing_media_20260730_150821/8081312962.jpg	yes	200	392205	https://live.staticflickr.com/8467/8081312962_426b1661ba_c.jpg	https://www.flickr.com/photos/treebeard/8081312962/	Mostly failed flowers of Coyote Bush (Baccharis pilularis, Asteraceae)	414	
7906	64f4af18-cd48-470e-9132-b6b984717815	8088875002.jpg	/Users/seltmann/Documents/kummel/work/flickr_recovered_missing_media_20260730_150821/8088875002.jpg	yes	200	139514	https://live.staticflickr.com/8325/8088875002_41944f10c8_b.jpg	https://www.flickr.com/photos/treebeard/8088875002/	Yellow Jacket-type wasp (Vespidae, Hymenoptera) licking honey from  gall of Clasping Twig Gall Wasp (Disholcaspis prehensa, Cynipidae, Hymenoptera) on Scrub Oak (Quercus berberidifolia, Fagaceae)	86	
7907	269bfce3-ef5d-4da3-8184-870ec72c8108	8091896167.jpg	/Users/seltmann/Documents/kummel/work/flickr_recovered_missing_media_20260730_150821/8091896167.jpg	yes	200	397397	https://live.staticflickr.com/8048/8091896167_4c866c2ab9_c.jpg	https://www.flickr.com/photos/treebeard/8091896167/	Very large Tarantula Hawk (Pepsis, Pompilidae, Hymenoptera) on flowers of Ms. Plummer's Baccharis (Baccharis plummerae, Asteraceae)	395	
7908	2c05a761-efd8-4fa2-9702-2a4ab4729f2f	8091959941.jpg	/Users/seltmann/Documents/kummel/work/flickr_recovered_missing_media_20260730_150821/8091959941.jpg	yes	200	140218	https://live.staticflickr.com/8046/8091959941_53563c29a2_b.jpg	https://www.flickr.com/photos/treebeard/8091959941/	Very large Tarantula Hawk (Pepsis, Pompilidae, Hymenoptera) on flowers of Ms. Plummer's Baccharis (Baccharis plummerae, Asteraceae)	262	
7909	a3b7c33d-587d-4428-a03f-87df3295eaec	8095461230.jpg	/Users/seltmann/Documents/kummel/work/flickr_recovered_missing_media_20260730_150821/8095461230.jpg	yes	200	344622	https://live.staticflickr.com/8047/8095461230_3ac9fc44a3_c.jpg	https://www.flickr.com/photos/treebeard/8095461230/	Grayish Sagebrush Grasshopper (Melanoplus cinereus ssp. cyanipes, Acrididae, Orthoptera on Coyote Bush (Baccharis pilularis, Asteraceae)	433	
7910	313d2c79-1da4-4fc3-8059-c43845e0189d	8095508383.jpg	/Users/seltmann/Documents/kummel/work/flickr_recovered_missing_media_20260730_150821/8095508383.jpg	yes	200	401315	https://live.staticflickr.com/8473/8095508383_ebaa5cf851_c.jpg	https://www.flickr.com/photos/treebeard/8095508383/	Grayish Sagebrush Grasshopper (Melanoplus cinereus ssp. cyanipes, Acrididae, Orthoptera) (?) on Coyote Bush (Baccharis pilularis, Asteraceae)	333	
7911	c3f2fe5e-4775-4fe6-9258-bf01900ef796	8095564349.jpg	/Users/seltmann/Documents/kummel/work/flickr_recovered_missing_media_20260730_150821/8095564349.jpg	yes	200	99756	https://live.staticflickr.com/8473/8095564349_94b5d4d817_b.jpg	https://www.flickr.com/photos/treebeard/8095564349/	"Labyrinth Spider (Metepeira, Araneidae) of Orb Weaver - it's ""house"" is made from the dead bodies of its prey"	369	
7912	45f6bd65-bed5-4686-8035-41c830dbe301	8095631262.jpg	/Users/seltmann/Documents/kummel/work/flickr_recovered_missing_media_20260730_150821/8095631262.jpg	yes	200	138003	https://live.staticflickr.com/8047/8095631262_ecc32e7519_b.jpg	https://www.flickr.com/photos/treebeard/8095631262/	Crab Spider (Thomisidae) on flower of Telegraph Weed (Heterotheca grandiflora, Asteraceae)	270	
7913	d8bafd2c-9cdf-4338-afbd-e549ac690ffa	8095678967.jpg	/Users/seltmann/Documents/kummel/work/flickr_recovered_missing_media_20260730_150821/8095678967.jpg	yes	200	451724	https://live.staticflickr.com/8053/8095678967_75c1e4f6e4_c.jpg	https://www.flickr.com/photos/treebeard/8095678967/	Bottle cap-sized Orb-Weaver Spider (Araneidae) - maybe the Cat-Faced Spider (Araneus gemmoides) or kin	356	
7914	d5676b56-546c-4215-8161-68107a923684	8095703014.jpg	/Users/seltmann/Documents/kummel/work/flickr_recovered_missing_media_20260730_150821/8095703014.jpg	yes	200	355414	https://live.staticflickr.com/8336/8095703014_cfaa112ba2_c.jpg	https://www.flickr.com/photos/treebeard/8095703014/	Syrphid Flower Fly (Syrphidae, Diptera) getting pollen from Mexican Sunflower (Tithonia rotundifolia, Asteraceae)	313	
7915	1cf7f031-b1ed-41fc-9e49-56b083b1c36f	8095722464.jpg	/Users/seltmann/Documents/kummel/work/flickr_recovered_missing_media_20260730_150821/8095722464.jpg	yes	200	131180	https://live.staticflickr.com/8193/8095722464_921d50876f_b.jpg	https://www.flickr.com/photos/treebeard/8095722464/	Just a Fly (Diptera) on Coast Live Oak (Quercus agrifolia, Fagaceae) - maybe a Tachinid Fly (Tachinidae)?	289	
7916	7410fe9f-45ab-4c2e-a2f4-ca3071fb1857	8095761894.jpg	/Users/seltmann/Documents/kummel/work/flickr_recovered_missing_media_20260730_150821/8095761894.jpg	yes	200	115349	https://live.staticflickr.com/8188/8095761894_43c93ef628_b.jpg	https://www.flickr.com/photos/treebeard/8095761894/	Wild Bee (Anthophila, Hymenoptera) working new flower of Chaparral Currant (Ribes malvaceum, Grossulariaceae)	347	
7917	c899c259-7fcd-4a52-a7e8-61e4de804f48	8098733526.jpg	/Users/seltmann/Documents/kummel/work/flickr_recovered_missing_media_20260730_150821/8098733526.jpg	yes	200	103751	https://live.staticflickr.com/8329/8098733526_ea54b6be33_b.jpg	https://www.flickr.com/photos/treebeard/8098733526/	Fire on the mountain - the view from our porch this morning of the Lookout Fire	277	
7918	8226d682-cdb7-4f6f-9bbd-10cea75d0649	8104118151.jpg	/Users/seltmann/Documents/kummel/work/flickr_recovered_missing_media_20260730_150821/8104118151.jpg	yes	200	502145	https://live.staticflickr.com/8324/8104118151_6dab420750_c.jpg	https://www.flickr.com/photos/treebeard/8104118151/	Big-leaved Mistletoe (Phoradendron macrophyllum, Viscaceae) on Western Sycamore (Platanus racemosa, Platanaceae)	333	
7919	33f295dc-be4c-478a-bcf3-961c1355f63e	8104143899.jpg	/Users/seltmann/Documents/kummel/work/flickr_recovered_missing_media_20260730_150821/8104143899.jpg	yes	200	303319	https://live.staticflickr.com/8052/8104143899_86a8939b20_b.jpg	https://www.flickr.com/photos/treebeard/8104143899/	Standing dead Western Sycamore (Platanus racemosa, Platanaceae) trees along the Santa Ynez River	274	
7920	9a3a69a5-37e3-4883-a1a8-6797a0b6b34c	8104185061.jpg	/Users/seltmann/Documents/kummel/work/flickr_recovered_missing_media_20260730_150821/8104185061.jpg	yes	200	266962	https://live.staticflickr.com/8185/8104185061_63040c6a74_b.jpg	https://www.flickr.com/photos/treebeard/8104185061/	Galled leaves of Fremont Cottonwood (Populus fremontii, Salicaceae) - Poplar Petiole Gall Aphids (Pemphigus populitransversus, Aphididae, Homoptera)	309	
7921	d0fb7837-b0db-4886-ae21-882ad7c11d66	8104198037.jpg	/Users/seltmann/Documents/kummel/work/flickr_recovered_missing_media_20260730_150821/8104198037.jpg	yes	200	87102	https://live.staticflickr.com/8189/8104198037_9dc09e26a9_b.jpg	https://www.flickr.com/photos/treebeard/8104198037/	Bush Katydid (Scudderia, Tettigoniidae, Orthoptera) trapped in our sliding door	220	
7922	7d5b77aa-9f5f-4f37-bbe3-cb6078bd57cd	8104242299.jpg	/Users/seltmann/Documents/kummel/work/flickr_recovered_missing_media_20260730_150821/8104242299.jpg	yes	200	387958	https://live.staticflickr.com/8183/8104242299_77b3c41469_c.jpg	https://www.flickr.com/photos/treebeard/8104242299/	Large black Bumble Bee (Bombus, Anthophila, Hymenoptera) on Coastal Goldenbush (Isocoma menziesii, Asteraceae)	329	
7923	393af424-31a8-4e1e-8611-bdae6dbba39d	8104273973.jpg	/Users/seltmann/Documents/kummel/work/flickr_recovered_missing_media_20260730_150821/8104273973.jpg	yes	200	120618	https://live.staticflickr.com/8047/8104273973_01fa033580_b.jpg	https://www.flickr.com/photos/treebeard/8104273973/	Mormon Metalmark (Apodemia mormo) butterfly on Coastal Goldenbush (Isocoma menziesii, Asteraceae)	304	
7924	6c8d6b3d-7346-434a-9872-3fa3a13b485a	8104295797.jpg	/Users/seltmann/Documents/kummel/work/flickr_recovered_missing_media_20260730_150821/8104295797.jpg	yes	200	352698	https://live.staticflickr.com/8464/8104295797_f043b16f1a_c.jpg	https://www.flickr.com/photos/treebeard/8104295797/	Tiny female Western Pygmy Blue (Brephidium exile) butterfly on Coastal Goldenbush (Isocoma menziesii, Asteraceae)	288	
7925	d52fb279-6ded-4e77-afac-8d6a7b76e3ef	8104315835.jpg	/Users/seltmann/Documents/kummel/work/flickr_recovered_missing_media_20260730_150821/8104315835.jpg	yes	200	363731	https://live.staticflickr.com/8328/8104315835_06263f54b4_c.jpg	https://www.flickr.com/photos/treebeard/8104315835/	Another tiny Western Pygmy Blue (Brephidium exile) butterfly on Coastal Goldenbush (Isocoma menziesii, Asteraceae)	324	
7926	d262b896-b167-424b-80c1-f2c2390367e2	8106825042.jpg	/Users/seltmann/Documents/kummel/work/flickr_recovered_missing_media_20260730_150821/8106825042.jpg	yes	200	356769	https://live.staticflickr.com/8184/8106825042_a4716ea4cd_b.jpg	https://www.flickr.com/photos/treebeard/8106825042/	Whole shrub of native Scale Broom (Lepidospartum squamatum, Asteraceae)	336	
7927	aac7ceab-a082-41f2-9b7b-3aa4f7529a3a	8106843497.jpg	/Users/seltmann/Documents/kummel/work/flickr_recovered_missing_media_20260730_150821/8106843497.jpg	yes	200	699495	https://live.staticflickr.com/8185/8106843497_4304dcaae5_c.jpg	https://www.flickr.com/photos/treebeard/8106843497/	Whole shrub of a native Palmer's Goldenbush (Ericameria palmeri var. pachylepis, Asteraceae)	291	
7928	b2e09e71-3ada-4e76-8fd3-56159a0296cb	8106887740.jpg	/Users/seltmann/Documents/kummel/work/flickr_recovered_missing_media_20260730_150821/8106887740.jpg	yes	200	110206	https://live.staticflickr.com/8046/8106887740_d77e6141c7_b.jpg	https://www.flickr.com/photos/treebeard/8106887740/	New buds on native Sugar Bush (Rhus ovata, Anacardiaceae) - they will last for months	323	
7929	3e8e77a7-b7f6-4f0c-a3fb-fda0c930ff7b	8106939408.jpg	/Users/seltmann/Documents/kummel/work/flickr_recovered_missing_media_20260730_150821/8106939408.jpg	yes	200	423292	https://live.staticflickr.com/8043/8106939408_9ca9a48c43_c.jpg	https://www.flickr.com/photos/treebeard/8106939408/	"New ""flowers"" of native Western Ragweed (Ambrosia psilostachya, Asteraceae)"	288	
7930	ec6637f0-d1b3-47d0-b7db-65ba39d7bafe	8106984082.jpg	/Users/seltmann/Documents/kummel/work/flickr_recovered_missing_media_20260730_150821/8106984082.jpg	yes	200	103285	https://live.staticflickr.com/8053/8106984082_c8f760cd86_b.jpg	https://www.flickr.com/photos/treebeard/8106984082/	Late-season pistillate flowers of native Mule Fat (Baccharis salicifolia, Asteraceae)	355	
7931	6fd81d23-f950-4f86-9847-95d198f7ebf8	8107010579.jpg	/Users/seltmann/Documents/kummel/work/flickr_recovered_missing_media_20260730_150821/8107010579.jpg	yes	200	148857	https://live.staticflickr.com/8476/8107010579_16a5cc3c2b_b.jpg	https://www.flickr.com/photos/treebeard/8107010579/	Flowers and seed heads of native California Brickellbush (Brickellia californica, Asteraceae)	280	
7932	172c587e-36fb-4fda-b2a4-c7b85908e7a2	8107032676.jpg	/Users/seltmann/Documents/kummel/work/flickr_recovered_missing_media_20260730_150821/8107032676.jpg	yes	200	113857	https://live.staticflickr.com/8332/8107032676_bd3c753dbc_b.jpg	https://www.flickr.com/photos/treebeard/8107032676/	Old and new flowers of Chaparral Mallow (Malacothamnus fasciculatus, Malvaceae)	263	
7933	adc15306-55ba-4f08-88c2-1817c2365e04	8107056618.jpg	/Users/seltmann/Documents/kummel/work/flickr_recovered_missing_media_20260730_150821/8107056618.jpg	yes	200	333285	https://live.staticflickr.com/8183/8107056618_a9e3f2e573_c.jpg	https://www.flickr.com/photos/treebeard/8107056618/	New flowers of Chaparral Honeysuckle (Lonicera subspicata var. denudata, Caprifoliaceae)	278	
7934	125dc998-0bbf-4ae4-8c46-6fbb3108f50a	8110787099.jpg	/Users/seltmann/Documents/kummel/work/flickr_recovered_missing_media_20260730_150821/8110787099.jpg	yes	200	392615	https://live.staticflickr.com/8192/8110787099_e6b2e0ccd2_c.jpg	https://www.flickr.com/photos/treebeard/8110787099/	Unknown insect gall on leaf of native Greenbark Ceanothus (Ceanothus spinosus, Rhamnaceae)	322	
7935	3b8093f1-ae06-40bb-bcab-5e0c01f7e973	8110844807.jpg	/Users/seltmann/Documents/kummel/work/flickr_recovered_missing_media_20260730_150821/8110844807.jpg	yes	200	415932	https://live.staticflickr.com/8055/8110844807_3d249547ac_c.jpg	https://www.flickr.com/photos/treebeard/8110844807/	Gall of a Yellow Wig Gall Wasp (Andricus fullawayi, Cynipidae, Hymenoptera) on Scrub Oak (Quercus berberidifolia, Fagaceae)	477	
7936	ca9b03f3-217e-49d6-a0b2-184606932f2a	8110889881.jpg	/Users/seltmann/Documents/kummel/work/flickr_recovered_missing_media_20260730_150821/8110889881.jpg	yes	200	164314	https://live.staticflickr.com/8193/8110889881_3322b5a817_b.jpg	https://www.flickr.com/photos/treebeard/8110889881/	"""Lumpy galls"" (my name) on stems of Goldencup Oak aka Canyon Live Oak (Quercus chrysolepis, Fagaceae)"	312	
7937	ac900d69-ec80-474f-930e-6553815ef70e	8110970078.jpg	/Users/seltmann/Documents/kummel/work/flickr_recovered_missing_media_20260730_150821/8110970078.jpg	yes	200	124276	https://live.staticflickr.com/8326/8110970078_35ff5472b1_b.jpg	https://www.flickr.com/photos/treebeard/8110970078/	"""Lumpy gall"" (my name) on stem of Goldencup Oak aka Canyon Live Oak (Quercus chrysolepis, Fagaceae)"	309	
7938	c33ba1f5-35c1-4c42-9d44-9b37c3586262	8110997308.jpg	/Users/seltmann/Documents/kummel/work/flickr_recovered_missing_media_20260730_150821/8110997308.jpg	yes	200	572809	https://live.staticflickr.com/8049/8110997308_e17536b596_c.jpg	https://www.flickr.com/photos/treebeard/8110997308/	New seedlings in the woods - no doubt weeds, probably annual grasses and Italian Thistle (Carduus pycnocephalus, Asteraceae)	346	
7939	ca0db947-87f0-4abd-940f-021182a8c19a	8111047253.jpg	/Users/seltmann/Documents/kummel/work/flickr_recovered_missing_media_20260730_150821/8111047253.jpg	yes	200	362811	https://live.staticflickr.com/8047/8111047253_fdac281b10_c.jpg	https://www.flickr.com/photos/treebeard/8111047253/	Tephritid Fruit Fly (Tephritidae, Diptera) on Coyote Bush (Baccharis pilularis, Asteraceae)	276	
7940	48c2dfe9-66de-4a74-95bb-efdfcc97957a	8111082854.jpg	/Users/seltmann/Documents/kummel/work/flickr_recovered_missing_media_20260730_150821/8111082854.jpg	yes	200	404912	https://live.staticflickr.com/8189/8111082854_17efe0d78d_c.jpg	https://www.flickr.com/photos/treebeard/8111082854/	Rather large fly (Diptera) on Coyote Bush (Baccharis pilularis, Asteraceae) - maybe a Flesh Fly (Sarcophagidae)?	325	
7941	a072b6cd-66f5-4a5b-8710-7b0f02e19dbc	8111145016.jpg	/Users/seltmann/Documents/kummel/work/flickr_recovered_missing_media_20260730_150821/8111145016.jpg	yes	200	134846	https://live.staticflickr.com/8469/8111145016_2b6b58e4e3_b.jpg	https://www.flickr.com/photos/treebeard/8111145016/	Drops of mist on Wild Sweet Pea (Lathyrus latifolius, Fabaceae), with a filagree of spider webs	485	
7942	9fb0c216-65e5-4962-8326-0af04cdd5e0a	8114464857.jpg	/Users/seltmann/Documents/kummel/work/flickr_recovered_missing_media_20260730_150821/8114464857.jpg	yes	200	376310	https://live.staticflickr.com/8053/8114464857_6b0863ba6e_c.jpg	https://www.flickr.com/photos/treebeard/8114464857/	New flower buds of Veatch Silk-Tassel (Garrya veatchii, Garryaceae)	312	
7943	32acfa37-431e-429d-94aa-2a7e05a5c174	8114518000.jpg	/Users/seltmann/Documents/kummel/work/flickr_recovered_missing_media_20260730_150821/8114518000.jpg	yes	200	372929	https://live.staticflickr.com/8325/8114518000_ffbc469838_c.jpg	https://www.flickr.com/photos/treebeard/8114518000/	"New flower buds of Basket Bush aka ""Squaw Bush"" (Rhus trilobata, Anacardiaceae)"	307	
7944	7646cfd4-8d59-4501-8f4d-6cb710108b8f	8114526223.jpg	/Users/seltmann/Documents/kummel/work/flickr_recovered_missing_media_20260730_150821/8114526223.jpg	yes	200	107326	https://live.staticflickr.com/8185/8114526223_4fa677b54b_b.jpg	https://www.flickr.com/photos/treebeard/8114526223/	New red-colored flower buds on Sugar Bush (Rhus ovata, Anacardiaceae)	342	
7945	d1cdb4de-ab31-4a87-99f9-81b581d871d1	8114548831.jpg	/Users/seltmann/Documents/kummel/work/flickr_recovered_missing_media_20260730_150821/8114548831.jpg	yes	200	402163	https://live.staticflickr.com/8186/8114548831_1477a36a06_b.jpg	https://www.flickr.com/photos/treebeard/8114548831/	Uncommon native plants - Hemp Dogbane (Apocynum cannabinum, Apocynaceae) and a Sedge (Carex, Cyperaceae) - maybe Santa Barbara Sedge (Carex barbarae)	389	
7946	39a1dad0-bc66-4d73-81f9-b0cd130cbf87	8114648722.jpg	/Users/seltmann/Documents/kummel/work/flickr_recovered_missing_media_20260730_150821/8114648722.jpg	yes	200	512479	https://live.staticflickr.com/8052/8114648722_58a9c886eb_c.jpg	https://www.flickr.com/photos/treebeard/8114648722/	Western Fence Lizard (Sceloporus occidentalis) in columnar cactus (Cereus, Cactaceae) in the garden	284	
7947	d22b155e-593a-4072-b585-798e6e947375	8114747160.jpg	/Users/seltmann/Documents/kummel/work/flickr_recovered_missing_media_20260730_150821/8114747160.jpg	yes	200	116371	https://live.staticflickr.com/8049/8114747160_e217219708_b.jpg	https://www.flickr.com/photos/treebeard/8114747160/	New glandular flowers of native Chaparral Currant (Ribes malvaceum, Grossulariaceae)	337	
7948	a3cbd80e-484a-42f9-bee3-016057090f75	8114764676.jpg	/Users/seltmann/Documents/kummel/work/flickr_recovered_missing_media_20260730_150821/8114764676.jpg	yes	200	331156	https://live.staticflickr.com/8047/8114764676_422643fcb7_b.jpg	https://www.flickr.com/photos/treebeard/8114764676/	Autumn leaves of native Bigleaf Maple (Acer macrophyllum, Aceraceae)	317	
7949	a0a2b3c4-ce06-48bf-9c91-c8db8ea9a918	8114775713.jpg	/Users/seltmann/Documents/kummel/work/flickr_recovered_missing_media_20260730_150821/8114775713.jpg	yes	200	855841	https://live.staticflickr.com/8334/8114775713_37571b2b53_c.jpg	https://www.flickr.com/photos/treebeard/8114775713/	Autumn leaves of native Bigleaf Maple (Acer macrophyllum, Aceraceae)	283	
7950	4d3ef664-03a0-4de8-aca8-c58760880af0	8117557145.jpg	/Users/seltmann/Documents/kummel/work/flickr_recovered_missing_media_20260730_150821/8117557145.jpg	yes	200	391237	https://live.staticflickr.com/8325/8117557145_491a99c8b1_c.jpg	https://www.flickr.com/photos/treebeard/8117557145/	Oedaleonotus phryneicus (Melanoplinae, Acrididae, Orthoptera) grasshopper munching a leaf of Coyote Bush (Baccharis pilularis, Asteraceae)	327	
7951	f1eaa720-78c1-4b48-8b57-41ff90fdb2b8	8117604361.jpg	/Users/seltmann/Documents/kummel/work/flickr_recovered_missing_media_20260730_150821/8117604361.jpg	yes	200	134174	https://live.staticflickr.com/8336/8117604361_5acf8843d4_b.jpg	https://www.flickr.com/photos/treebeard/8117604361/	Oedaleonotus phryneicus (Melanoplinae, Acrididae, Orthoptera) grasshopper on Coyote Bush (Baccharis pilularis, Asteraceae)	257	
7952	d723ae98-4ee2-4736-90ab-4a04c082fdf6	8117653282.jpg	/Users/seltmann/Documents/kummel/work/flickr_recovered_missing_media_20260730_150821/8117653282.jpg	yes	200	131470	https://live.staticflickr.com/8188/8117653282_fca2d4eee0_b.jpg	https://www.flickr.com/photos/treebeard/8117653282/	Another mature Bush Katydid (Scudderia, Tettigoniidae, Orthoptera) on Telegraph Weed (Heterotheca grandiflora, Asteraceae)	273	
7953	b90f5d0b-e43f-47fa-b40f-d042df06a777	8117686027.jpg	/Users/seltmann/Documents/kummel/work/flickr_recovered_missing_media_20260730_150821/8117686027.jpg	yes	200	185450	https://live.staticflickr.com/8329/8117686027_9ef003bb24_b.jpg	https://www.flickr.com/photos/treebeard/8117686027/	"Near-perfect Painted Lady (Vanessa cardui) butterfly in the garden on ""Waverly Sage"" (Salvia ""Waverly"", Lamiaceae)"	286	
7954	a5697899-6d80-4951-b57d-0af7ae4cea6d	8117756550.jpg	/Users/seltmann/Documents/kummel/work/flickr_recovered_missing_media_20260730_150821/8117756550.jpg	yes	200	339132	https://live.staticflickr.com/8186/8117756550_45e8518e27_c.jpg	https://www.flickr.com/photos/treebeard/8117756550/	Bee Fly (Bombyliidae, Diptera) on Coyote Bush (Baccharis pilularis, Asteraceae)	351	
7955	6f64e065-bca4-49bb-a464-388f50af244f	8117784873.jpg	/Users/seltmann/Documents/kummel/work/flickr_recovered_missing_media_20260730_150821/8117784873.jpg	yes	200	430494	https://live.staticflickr.com/8043/8117784873_33954330ab_c.jpg	https://www.flickr.com/photos/treebeard/8117784873/	Spiny Tachina Fly (Paradejeania rutiloides), Tachinidae, Diptera) perched on Canyon Sunflower (Venegasia carpesioides, Asteraceae)	299	
7956	cfb6e9db-a0c6-458f-904c-556d6a3d0846	8117814245.jpg	/Users/seltmann/Documents/kummel/work/flickr_recovered_missing_media_20260730_150821/8117814245.jpg	yes	200	140819	https://live.staticflickr.com/8476/8117814245_7ff7676918_b.jpg	https://www.flickr.com/photos/treebeard/8117814245/	Spiny Tachina Fly (Paradejeania rutiloides, Tachinidae, Diptera) perched on Bitter Gooseberry (Ribes amarum, Grossulariaceae)	357	
7957	989b41e2-c097-49e3-bf2e-9c0626fab9b3	8120570895.jpg	/Users/seltmann/Documents/kummel/work/flickr_recovered_missing_media_20260730_150821/8120570895.jpg	yes	200	189117	https://live.staticflickr.com/8045/8120570895_38294189d5_b.jpg	https://www.flickr.com/photos/treebeard/8120570895/	Large bristly Spiny Tachina Fly (Paradejeania rutiloides, Tachinidae, Diptera) on Wild Blackberry (Rubus ursinus, Rosaceae)	338	
7958	16e8749b-13d6-4666-9ebd-a0ea24fecb18	8120593999.jpg	/Users/seltmann/Documents/kummel/work/flickr_recovered_missing_media_20260730_150821/8120593999.jpg	yes	200	455886	https://live.staticflickr.com/8050/8120593999_982c42dddb_c.jpg	https://www.flickr.com/photos/treebeard/8120593999/	Syrphid Flower Fly (Syrphidae, Diptera) on a leaf of Coast Live Oak (Quercus agrifolia, Fagaceae)	328	
7959	df12db4e-752a-4098-9bf4-bd1eab67ae36	8120626349.jpg	/Users/seltmann/Documents/kummel/work/flickr_recovered_missing_media_20260730_150821/8120626349.jpg	yes	200	432438	https://live.staticflickr.com/8190/8120626349_32eac2eaca_c.jpg	https://www.flickr.com/photos/treebeard/8120626349/	Fly (Diptera) on leaf of Coast Live Oak (Quercus agrifolia, Fagaceae) - maybe a Tachinid Fly (Tachinidae) - interesting rolled leaf	338	
7960	88c22b23-bfd4-4c01-a4e2-265fb784836c	8120716475.jpg	/Users/seltmann/Documents/kummel/work/flickr_recovered_missing_media_20260730_150821/8120716475.jpg	yes	200	519746	https://live.staticflickr.com/8192/8120716475_eff2f9c466_c.jpg	https://www.flickr.com/photos/treebeard/8120716475/	Rolled oak leaf of Coast Live Oak (Quercus agrifolia, Fagaceae) - maybe a gall?	299	
7961	942be00a-6f17-43a2-87fb-4932a6fab394	8120824412.jpg	/Users/seltmann/Documents/kummel/work/flickr_recovered_missing_media_20260730_150821/8120824412.jpg	yes	200	395932	https://live.staticflickr.com/8463/8120824412_d31a9deaa9_c.jpg	https://www.flickr.com/photos/treebeard/8120824412/	"Painted Lady (Vanessa cardui) butterfly committing ""nectar theft"" on Fuchsia (Onagraceae) in the garden"	315	
7962	96ac0635-f28f-43f7-a464-7dd3e5375bea	8120833241.jpg	/Users/seltmann/Documents/kummel/work/flickr_recovered_missing_media_20260730_150821/8120833241.jpg	yes	200	528929	https://live.staticflickr.com/8051/8120833241_91da3a6b4a_c.jpg	https://www.flickr.com/photos/treebeard/8120833241/	Shaggy Mane (Coprinus comatus, Coprinaceae) mushroom in the garden	521	
7963	1748446c-7090-4ee0-89c6-5132eab350e2	8120899584.jpg	/Users/seltmann/Documents/kummel/work/flickr_recovered_missing_media_20260730_150821/8120899584.jpg	yes	200	127531	https://live.staticflickr.com/8336/8120899584_af8704e1dc_b.jpg	https://www.flickr.com/photos/treebeard/8120899584/	Variegated Meadowlark (Sympetrum corruptum, Libellulidae, Odonata) dragonfly on California Buckwheat (Eriogonum fasciculatum, Polygonaceae)	304	
7964	c288d212-21b6-474f-a347-0c6e7033ec41	8120927568.jpg	/Users/seltmann/Documents/kummel/work/flickr_recovered_missing_media_20260730_150821/8120927568.jpg	yes	200	106520	https://live.staticflickr.com/8188/8120927568_794a7f58fe_b.jpg	https://www.flickr.com/photos/treebeard/8120927568/	Variegated Meadowlark (Sympetrum corruptum, Libellulidae, Odonata) dragonfly on California Buckwheat (Eriogonum fasciculatum, Polygonaceae)	314	
7965	b5c1a0ad-63f1-49e2-a5e1-e6dfcb33011a	8123423144.jpg	/Users/seltmann/Documents/kummel/work/flickr_recovered_missing_media_20260730_150821/8123423144.jpg	yes	200	104015	https://live.staticflickr.com/8329/8123423144_6df705d1d2_b.jpg	https://www.flickr.com/photos/treebeard/8123423144/	Variegated Meadowlark (Sympetrum corruptum, Libellulidae, Odonata) dragonfly dead twig of native California Buckwheat (Eriogonum fasciculatum, Polygonaceae)	303	
7966	1cf19f73-b39d-4e5e-9cbe-f6a9d9139a0b	8123426045.jpg	/Users/seltmann/Documents/kummel/work/flickr_recovered_missing_media_20260730_150821/8123426045.jpg	yes	200	188603	https://live.staticflickr.com/8470/8123426045_f1efa159f9_b.jpg	https://www.flickr.com/photos/treebeard/8123426045/	"""Rolled oak leaf"" of native Coast Live Oak (Quercus agrifolia, Fagaceae) - there's a critter in there, is this a gall?"	284	
7967	d8435f70-8245-4abb-9706-b872835d76f0	8123511465.jpg	/Users/seltmann/Documents/kummel/work/flickr_recovered_missing_media_20260730_150821/8123511465.jpg	yes	200	214496	https://live.staticflickr.com/8050/8123511465_f4135ebdb2_b.jpg	https://www.flickr.com/photos/treebeard/8123511465/	Whitefly pupae on leaf of Coast Live Oak (Quercus agrifolia, Fagaceae) - maybe Stanford’s Whitefly (Tetraleurodes stanfordi, Aleyrodidae, Homoptera)	386	
7968	0b50e397-7320-494a-bf11-f8839f4a04ca	8123563322.jpg	/Users/seltmann/Documents/kummel/work/flickr_recovered_missing_media_20260730_150821/8123563322.jpg	yes	200	489652	https://live.staticflickr.com/8474/8123563322_0136e273f6_c.jpg	https://www.flickr.com/photos/treebeard/8123563322/	Western Paper Wasp (Mischocyttarus flavitarsis, Vespidae, Hymenoptera) trying to warm up	282	
7969	351a36b1-aea3-488d-a791-07fbd1787f77	8123651384.jpg	/Users/seltmann/Documents/kummel/work/flickr_recovered_missing_media_20260730_150821/8123651384.jpg	yes	200	206646	https://live.staticflickr.com/8328/8123651384_c0f690b8e5_b.jpg	https://www.flickr.com/photos/treebeard/8123651384/	Remains of the Shaggy Mane (Coprinus comatus, Coprinaceae) mushroom in the garden	328	
7970	175e7255-ceba-4244-9505-309eeec6bb22	8123670600.jpg	/Users/seltmann/Documents/kummel/work/flickr_recovered_missing_media_20260730_150821/8123670600.jpg	yes	200	169584	https://live.staticflickr.com/8046/8123670600_f865428fcd_b.jpg	https://www.flickr.com/photos/treebeard/8123670600/	New seeds of Coyote Bush (Baccharis pilularis, Asteraceae) leaving home	277	
7971	7c562827-f3f6-4006-91d9-5380b166384d	8123698898.jpg	/Users/seltmann/Documents/kummel/work/flickr_recovered_missing_media_20260730_150821/8123698898.jpg	yes	200	381878	https://live.staticflickr.com/8056/8123698898_b0ba06a025_c.jpg	https://www.flickr.com/photos/treebeard/8123698898/	Gall of Ceanothus Stem Gall Moth (Periploca ceanothiella, Lepidoptera) on Greenbark Ceanothus (Ceanothus spinosus, Rhamnaceae) - with flowers!	352	
7972	91a4d6d0-82da-42d1-82da-29099b9b5fd8	8123734404.jpg	/Users/seltmann/Documents/kummel/work/flickr_recovered_missing_media_20260730_150821/8123734404.jpg	yes	200	208461	https://live.staticflickr.com/8184/8123734404_d261089ce9_b.jpg	https://www.flickr.com/photos/treebeard/8123734404/	Fruit and nuts of California Bay (Umbellularia californica, Lauraceae) trees - edible and delicious!	292	
7973	43be899c-c5b6-42c8-95c9-f6a4e3016809	8126378273.jpg	/Users/seltmann/Documents/kummel/work/flickr_recovered_missing_media_20260730_150821/8126378273.jpg	yes	200	173448	https://live.staticflickr.com/8464/8126378273_804642b502_b.jpg	https://www.flickr.com/photos/treebeard/8126378273/	Failed acorns on native Tanbark Oak (Lithocarpus densiflorus, Fagaceae)	325	
7974	19d2d375-0683-4f85-9e0a-396a8ed83f1c	8126418945.jpg	/Users/seltmann/Documents/kummel/work/flickr_recovered_missing_media_20260730_150821/8126418945.jpg	yes	200	383864	https://live.staticflickr.com/8335/8126418945_9cbe9ea4da_c.jpg	https://www.flickr.com/photos/treebeard/8126418945/	"Different Scrub Oak - Quercus wislizenii var. frutescens, Fagaceae - with a ""roll gall"""	347	
7975	0b77832c-5ba3-41a3-850f-0f18295aa18f	8126475846.jpg	/Users/seltmann/Documents/kummel/work/flickr_recovered_missing_media_20260730_150821/8126475846.jpg	yes	200	175733	https://live.staticflickr.com/8047/8126475846_913e528b9e_b.jpg	https://www.flickr.com/photos/treebeard/8126475846/	Odd galled leaf of Goldencup Oak aka Canyon Live Oak (Quercus chrysolepis, Fagaceae)	294	
7976	3ee53add-dd22-4be2-b39f-74ffc6e18e2c	8126489685.jpg	/Users/seltmann/Documents/kummel/work/flickr_recovered_missing_media_20260730_150821/8126489685.jpg	yes	200	409017	https://live.staticflickr.com/8193/8126489685_b691de0c13_b.jpg	https://www.flickr.com/photos/treebeard/8126489685/	Colonial plants surrounding now-dead flower stalk of native Chaparral Yucca (Yucca whipplei ssp. percusa, Liliaceae)	551	
7977	266d726a-087f-49e6-9ed6-96fc002aab3e	8126536579.jpg	/Users/seltmann/Documents/kummel/work/flickr_recovered_missing_media_20260730_150821/8126536579.jpg	yes	200	415834	https://live.staticflickr.com/8046/8126536579_9aae92e219_c.jpg	https://www.flickr.com/photos/treebeard/8126536579/	Wild Bee (Anthophila, Hymenoptera) on pollen-bearing flower head of Coyote Bush (Baccharis pilularis, Asteraceae)	384	
7978	cf720e68-2e53-4d16-9f9c-194af2ff3bce	8126537522.jpg	/Users/seltmann/Documents/kummel/work/flickr_recovered_missing_media_20260730_150821/8126537522.jpg	yes	200	388837	https://live.staticflickr.com/8186/8126537522_49a6b5406b_c.jpg	https://www.flickr.com/photos/treebeard/8126537522/	Carpenter Bee or Bumble Bee (Hymenoptera) on flower of Fort Tejon Milk-Aster (Stephanomeria cichoriacea, Asteraceae)	492	
7979	27d504b2-36bc-4f15-b18a-b0bb701cc9ec	8126593586.jpg	/Users/seltmann/Documents/kummel/work/flickr_recovered_missing_media_20260730_150821/8126593586.jpg	yes	200	381226	https://live.staticflickr.com/8183/8126593586_94bd2a3a19_c.jpg	https://www.flickr.com/photos/treebeard/8126593586/	"Tiny ""looper"" caterpillar on Coyote Bush (Baccharis pilularis, Asteraceae) - maybe an Emerald moth (Synchlora, Geometridae, Lepidoptera)"	286	
7980	0fe4a7c0-a02f-41b0-b034-e9aa51cf877f	8126645352.jpg	/Users/seltmann/Documents/kummel/work/flickr_recovered_missing_media_20260730_150821/8126645352.jpg	yes	200	364098	https://live.staticflickr.com/8050/8126645352_849e760457_c.jpg	https://www.flickr.com/photos/treebeard/8126645352/	Bush Katydid (Scudderia, Tettigoniidae, Orthoptera) on Bush Groundsel (Senecio flaccidus var. douglasii, Asteraceae)	294	
7981	5a61fcd3-1aca-4562-9970-1c8f1525dc53	8129465396.jpg	/Users/seltmann/Documents/kummel/work/flickr_recovered_missing_media_20260730_150821/8129465396.jpg	yes	200	351952	https://live.staticflickr.com/8467/8129465396_6da3412206_c.jpg	https://www.flickr.com/photos/treebeard/8129465396/	Bush Katydid (Scudderia, Tettigoniidae, Orthoptera) on Bush Groundsel (Senecio flaccidus var. douglasii, Asteraceae)	323	
7982	fee9888c-80d8-48cf-9e6b-b3af757d5ce2	8129496375.jpg	/Users/seltmann/Documents/kummel/work/flickr_recovered_missing_media_20260730_150821/8129496375.jpg	yes	200	145968	https://live.staticflickr.com/8474/8129496375_f7b653cee3_b.jpg	https://www.flickr.com/photos/treebeard/8129496375/	Perfect male Tree Cricket (Oecanthus, Gryllidae, Orthoptera) in a spent flower head of Bird's Beak (Cordylanthus rigidus, Scrophulariaceae)	276	
7983	57704781-794f-4dc9-a350-d34ac7810122	8129615144.jpg	/Users/seltmann/Documents/kummel/work/flickr_recovered_missing_media_20260730_150821/8129615144.jpg	yes	200	423397	https://live.staticflickr.com/8043/8129615144_a4f180b612_c.jpg	https://www.flickr.com/photos/treebeard/8129615144/	Large bottle cap-sized Orb-Weaver Spider (Araneidae) - with some of its web	320	
7984	09af30d8-584b-4a09-8c83-4430985314d6	8133089704.jpg	/Users/seltmann/Documents/kummel/work/flickr_recovered_missing_media_20260730_150821/8133089704.jpg	yes	200	346262	https://live.staticflickr.com/8189/8133089704_356b014039_b.jpg	https://www.flickr.com/photos/treebeard/8133089704/	Astounding wall of non-native White Sweet Clover (Melilotus albus, Fabaceae) along the Santa Ynez River.	329	
7985	eb539ab9-a889-4012-a26b-90307374073e	8133138748.jpg	/Users/seltmann/Documents/kummel/work/flickr_recovered_missing_media_20260730_150821/8133138748.jpg	yes	200	376450	https://live.staticflickr.com/8190/8133138748_ce34993eba_c.jpg	https://www.flickr.com/photos/treebeard/8133138748/	Gall of the Rosette Bud Gall Midge (Rhopalomyia ericameriae, Cecidomyiidae, Diptera) on Palmer's Goldenbush (Ericameria palmeri var. pachylepis, Asteraceae)	333	
7986	1ca66c69-14cd-4929-803e-5a00a101c18f	8133197393.jpg	/Users/seltmann/Documents/kummel/work/flickr_recovered_missing_media_20260730_150821/8133197393.jpg	yes	200	381964	https://live.staticflickr.com/8329/8133197393_8ae9e7045c_c.jpg	https://www.flickr.com/photos/treebeard/8133197393/	Painted Lady (Vanessa cardui) butterfly on Scale Broom (Lepidospartum squamatum, Asteraceae)	374	
7987	afaec12e-0bc6-4b0b-ab70-f28a728acfc0	8133266560.jpg	/Users/seltmann/Documents/kummel/work/flickr_recovered_missing_media_20260730_150821/8133266560.jpg	yes	200	339955	https://live.staticflickr.com/8051/8133266560_81a717c0a5_c.jpg	https://www.flickr.com/photos/treebeard/8133266560/	"Small fly (Diptera) on Scale Broom (Lepidospartum squamatum, Asteraceae) - maybe a ""Root-Maggot Fly"" (Anthomyiidae)?"	306	
7988	c83e0775-720c-4b96-b684-0ca555f7b5b1	8133332392.jpg	/Users/seltmann/Documents/kummel/work/flickr_recovered_missing_media_20260730_150821/8133332392.jpg	yes	200	190464	https://live.staticflickr.com/8188/8133332392_d7b6f96e84_b.jpg	https://www.flickr.com/photos/treebeard/8133332392/	Not a Thalassica, but a Pallid-winged Grasshopper (Trimerotropis pallidipennis, Acrididae, Orthoptera)	308	
7989	e6057267-2725-4ee0-ae27-d8d3c1c85ec4	8133368444.jpg	/Users/seltmann/Documents/kummel/work/flickr_recovered_missing_media_20260730_150821/8133368444.jpg	yes	200	158948	https://live.staticflickr.com/8055/8133368444_b0bb30a7ae_b.jpg	https://www.flickr.com/photos/treebeard/8133368444/	Texas Spotted Range Grasshopper (Psoloessa texana, Gomphocerinae, Acrididae, Orthoptera)	293	
7990	fd024d2b-fc5b-4703-9f5b-421c96161e2c	8133424175.jpg	/Users/seltmann/Documents/kummel/work/flickr_recovered_missing_media_20260730_150821/8133424175.jpg	yes	200	130127	https://live.staticflickr.com/8183/8133424175_57a4494648_b.jpg	https://www.flickr.com/photos/treebeard/8133424175/	Very beautiful Short-Horned Grasshopper (Acrididae, Orthoptera) - male Pallid-winged Grasshopper (Trimerotropis pallidipennis)	282	
7991	d8a1cdca-9fea-4728-96b8-0efe76e8d195	8136795215.jpg	/Users/seltmann/Documents/kummel/work/flickr_recovered_missing_media_20260730_150821/8136795215.jpg	yes	200	489666	https://live.staticflickr.com/8049/8136795215_4408365f88_c.jpg	https://www.flickr.com/photos/treebeard/8136795215/	Seedpods of garden milkweed releasing seeds - maybe Butterfly Weed (Asclepias tuberosa, Asclepiadaceae)	356	
7992	07756a56-340b-4711-9a35-d0c08589f846	8136856772.jpg	/Users/seltmann/Documents/kummel/work/flickr_recovered_missing_media_20260730_150821/8136856772.jpg	yes	200	117634	https://live.staticflickr.com/8189/8136856772_bc28140c28_b.jpg	https://www.flickr.com/photos/treebeard/8136856772/	Gall of the Willow Rosette Gall Midge (Rabdophaga salicisbrassicoides, Cecidomyiidae, Diptera) on stem of Arroyo Willow (Salix lasiolepis, Salicaceae)	306	
7993	b2821df9-e556-47ff-9cb2-3d32acc33b20	8136865779.jpg	/Users/seltmann/Documents/kummel/work/flickr_recovered_missing_media_20260730_150821/8136865779.jpg	yes	200	391741	https://live.staticflickr.com/8193/8136865779_b379044d25_c.jpg	https://www.flickr.com/photos/treebeard/8136865779/	Different bud gall on Goldencup Oak (Quercus chrysolepis, Fagaceae)	315	
7994	740ff229-da4a-4e62-a76d-247f560d580d	8136906165.jpg	/Users/seltmann/Documents/kummel/work/flickr_recovered_missing_media_20260730_150821/8136906165.jpg	yes	200	415805	https://live.staticflickr.com/8331/8136906165_ac27e1b8a8_c.jpg	https://www.flickr.com/photos/treebeard/8136906165/	Net-winged Planthopper (Issidae, Fulgoroidea, Homoptera) on a leaf of Coast Live Oak (Quercus agrifolia, Fagaceae) - maybe genus Neaethus	329	
7995	cb2fb7be-a221-4327-8542-cbeb47ed8768	8136989682.jpg	/Users/seltmann/Documents/kummel/work/flickr_recovered_missing_media_20260730_150821/8136989682.jpg	yes	200	410661	https://live.staticflickr.com/8047/8136989682_1a208ea45e_c.jpg	https://www.flickr.com/photos/treebeard/8136989682/	Different little Planthopper (Fulgoroidea, Homoptera) on a leaf of Wild Blackberry (Rubus ursinus, Rosaceae)	429	
7996	737c3d19-93a9-43bf-b5cf-503302232ba6	8137029568.jpg	/Users/seltmann/Documents/kummel/work/flickr_recovered_missing_media_20260730_150821/8137029568.jpg	yes	200	461339	https://live.staticflickr.com/8188/8137029568_605f2971a8_c.jpg	https://www.flickr.com/photos/treebeard/8137029568/	Different little Planthopper (Fulgoroidea, Homoptera) on Wild Blackberry (Rubus ursinus, Rosaceae)	347	
7997	488bf890-0d79-48eb-9b1e-9e010e068e88	8137065759.jpg	/Users/seltmann/Documents/kummel/work/flickr_recovered_missing_media_20260730_150821/8137065759.jpg	yes	200	123382	https://live.staticflickr.com/8473/8137065759_a71215db26_b.jpg	https://www.flickr.com/photos/treebeard/8137065759/	Green Lynx Spider (Peucetia viridans, Oxyopidae) in Coyote Bush (Baccharis pilularis, Asteraceae)	373	
7998	0a093d7e-a3ee-415b-aaf8-0535339bbd98	8137128612.jpg	/Users/seltmann/Documents/kummel/work/flickr_recovered_missing_media_20260730_150821/8137128612.jpg	yes	200	435396	https://live.staticflickr.com/8465/8137128612_c5e4dc5095_c.jpg	https://www.flickr.com/photos/treebeard/8137128612/	Tiny spiderlings of a Green Lynx Spider (Peucetia viridans, Oxyopidae)	387	
7999	f138b155-6b18-4ff9-91dc-56843345306f	8140190873.jpg	/Users/seltmann/Documents/kummel/work/flickr_recovered_missing_media_20260730_150821/8140190873.jpg	yes	200	368330	https://live.staticflickr.com/8336/8140190873_2bcb70b0a1_c.jpg	https://www.flickr.com/photos/treebeard/8140190873/	Grape-sized gall of Beaked Twig Gall Wasp (Disholcaspis plumbella, Cynipidae, Hymenoptera) on Scrub Oak (Quercus berberidifolia, Fagaceae)	311	
8000	f78935ae-e534-4da1-9dba-4561e6377de6	8140210319.jpg	/Users/seltmann/Documents/kummel/work/flickr_recovered_missing_media_20260730_150821/8140210319.jpg	yes	200	140513	https://live.staticflickr.com/8473/8140210319_9ce7916a64_b.jpg	https://www.flickr.com/photos/treebeard/8140210319/	New flowers of native California Aster (Lessingia filaginifolia, Asteraceae)	246	
8001	b1e23765-06ec-4071-999c-73c8c270a87b	8140328232.jpg	/Users/seltmann/Documents/kummel/work/flickr_recovered_missing_media_20260730_150821/8140328232.jpg	yes	200	306373	https://live.staticflickr.com/8465/8140328232_3647aeb8e8_c.jpg	https://www.flickr.com/photos/treebeard/8140328232/	New flower of native Small Wirelettuce (Stephanomeria exigua, Asteraceae)	374	
8002	6bce79b6-3bbe-4bcb-83e4-40552591f3f0	8140345052.jpg	/Users/seltmann/Documents/kummel/work/flickr_recovered_missing_media_20260730_150821/8140345052.jpg	yes	200	101753	https://live.staticflickr.com/8470/8140345052_1623c0ccc9_b.jpg	https://www.flickr.com/photos/treebeard/8140345052/	New flowers of Tall Stephanomeria (Stephanomeria virgata ssp. pleurocarpa, Asteraceae)	291	
8003	b729727a-7cfc-4146-a64d-8159ea8de724	8140377624.jpg	/Users/seltmann/Documents/kummel/work/flickr_recovered_missing_media_20260730_150821/8140377624.jpg	yes	200	366285	https://live.staticflickr.com/8052/8140377624_a24499cae8_c.jpg	https://www.flickr.com/photos/treebeard/8140377624/	Honey Bee (Apis mellifera, Hymenoptera) in flower of Fort Tejon Milk-Aster (Stephanomeria cichoriacea, Asteraceae)	282	
8004	a57d662e-0a36-4f1f-acf0-6adcee7334d5	8140402638.jpg	/Users/seltmann/Documents/kummel/work/flickr_recovered_missing_media_20260730_150821/8140402638.jpg	yes	200	222230	https://live.staticflickr.com/8334/8140402638_b3a9ddd92e_b.jpg	https://www.flickr.com/photos/treebeard/8140402638/	Native composite Bush Groundsel (Senecio flaccidus var. douglasii, Asteraceae) - still flowering	287	
8005	273cecac-4953-4511-be2d-e5926f3afece	8140416187.jpg	/Users/seltmann/Documents/kummel/work/flickr_recovered_missing_media_20260730_150821/8140416187.jpg	yes	200	430015	https://live.staticflickr.com/8052/8140416187_c5c4c40b1f_c.jpg	https://www.flickr.com/photos/treebeard/8140416187/	Mormon Metalmark (Apodemia mormo) butterfly on Bush Groundsel (Senecio flaccidus var. douglasii, Asteraceae)	59	
8006	3c7e45f6-b5c2-48b7-a35d-ed8d99d505cd	8140444255.jpg	/Users/seltmann/Documents/kummel/work/flickr_recovered_missing_media_20260730_150821/8140444255.jpg	yes	200	434672	https://live.staticflickr.com/8047/8140444255_c5b018cea0_c.jpg	https://www.flickr.com/photos/treebeard/8140444255/	Orange Sulphur (Colias eurytheme) butterfly with the sun behind	346	
8007	92b7acdb-2eb7-40ce-ae09-12f6d14c5214	8143200829.jpg	/Users/seltmann/Documents/kummel/work/flickr_recovered_missing_media_20260730_150821/8143200829.jpg	yes	200	140859	https://live.staticflickr.com/8049/8143200829_beec19ca8c_b.jpg	https://www.flickr.com/photos/treebeard/8143200829/	Gall of a Ruptured Twig Gall Wasp (Callirhytis perdens, Cynipidae, Hymenoptera) on a stem of Coast Live Oak (Quercus agrifolia, Fagaceae)	310	
8008	8f21a17e-14ac-4561-a1aa-2e4b98c4a944	8143235567.jpg	/Users/seltmann/Documents/kummel/work/flickr_recovered_missing_media_20260730_150821/8143235567.jpg	yes	200	357364	https://live.staticflickr.com/8326/8143235567_cd5559a832_c.jpg	https://www.flickr.com/photos/treebeard/8143235567/	Walnut-sized summer gall of the Live Oak Apple Gall Wasp (Callirhytis quercuspomiformis, Cynipidae, Hymenoptera) on Coast Live Oak (Quercus agrifolia, Fagaceae)	298	
8009	60c83eda-4a06-4d5a-8493-ba555ced9866	8143318113.jpg	/Users/seltmann/Documents/kummel/work/flickr_recovered_missing_media_20260730_150821/8143318113.jpg	yes	200	354850	https://live.staticflickr.com/8323/8143318113_596b8cc607_c.jpg	https://www.flickr.com/photos/treebeard/8143318113/	Late-season growths of the Manzanita Leaf Fungus (Exobasidium vacinii) on Bigberry Manzanita (Arctostaphylos glauca, Ericaceae)	257	
8010	9acfe8ed-3b46-4840-90fe-c2d962c9ad5c	8143372529.jpg	/Users/seltmann/Documents/kummel/work/flickr_recovered_missing_media_20260730_150821/8143372529.jpg	yes	200	384317	https://live.staticflickr.com/8334/8143372529_37ef5b5f51_c.jpg	https://www.flickr.com/photos/treebeard/8143372529/	Ripe nuts of native Snowdrop Bush (Styrax redivivus, Styracaceae)	338	
8011	901effc5-4941-43c1-b9c0-6b129d3bf6cc	8143408181.jpg	/Users/seltmann/Documents/kummel/work/flickr_recovered_missing_media_20260730_150821/8143408181.jpg	yes	200	226885	https://live.staticflickr.com/8467/8143408181_4a70cf5361_b.jpg	https://www.flickr.com/photos/treebeard/8143408181/	Ripening berries of native Toyon (Heteromeles arbutifolia, Rosaceae)	273	
8012	736a08b3-7e65-4e1e-b44a-3ba0e5eb77d3	8143425763.jpg	/Users/seltmann/Documents/kummel/work/flickr_recovered_missing_media_20260730_150821/8143425763.jpg	yes	200	424797	https://live.staticflickr.com/8327/8143425763_aa5a6b03cf_b.jpg	https://www.flickr.com/photos/treebeard/8143425763/	New weed - maybe Lanceleaf Nightshade (Solanum lanceolatum, Solanaceae) on Gibraltar Road	354	
8013	33d38bd0-d2e1-4ae7-92eb-12f2a2b62f5e	8143526805.jpg	/Users/seltmann/Documents/kummel/work/flickr_recovered_missing_media_20260730_150821/8143526805.jpg	yes	200	481054	https://live.staticflickr.com/8474/8143526805_88e3d041ed_c.jpg	https://www.flickr.com/photos/treebeard/8143526805/	Orb-Weaver Spider (Araneidae) clutching a shrouded Western Paper Wasp (Mischocyttarus flavitarsis, Vespidae, Hymenoptera) wasp	334	
8014	92eb36f8-efab-4eba-a683-273a1bce82d9	8143543836.jpg	/Users/seltmann/Documents/kummel/work/flickr_recovered_missing_media_20260730_150821/8143543836.jpg	yes	200	388960	https://live.staticflickr.com/8463/8143543836_ef17dc9025_c.jpg	https://www.flickr.com/photos/treebeard/8143543836/	New weed - maybe Lanceleaf Nightshade (Solanum lanceolatum, Solanaceae) on Gibraltar Road	295	
8015	2bbffd1d-8f20-4263-9546-bf1237250ea6	8146458975.jpg	/Users/seltmann/Documents/kummel/work/flickr_recovered_missing_media_20260730_150821/8146458975.jpg	yes	200	59188	https://live.staticflickr.com/8471/8146458975_a2d8e25e12_b.jpg	https://www.flickr.com/photos/treebeard/8146458975/	Almost-full Halloween moon rising through the native Coulter Pines (Pinus coulteri) at home	223	
8016	69ccaa2f-24f9-42fc-a6b0-12a0bd12eb0f	8146522744.jpg	/Users/seltmann/Documents/kummel/work/flickr_recovered_missing_media_20260730_150821/8146522744.jpg	yes	200	351912	https://live.staticflickr.com/8472/8146522744_ee6f36b50d_c.jpg	https://www.flickr.com/photos/treebeard/8146522744/	"Tiny gall of a ""Pumpkin Gall Wasp"" (Dryocosmus minusculus, Cynipidae, Hymenoptera)"	368	
8017	cc08ee57-6bc6-43d2-8b21-21a055522d22	8146578322.jpg	/Users/seltmann/Documents/kummel/work/flickr_recovered_missing_media_20260730_150821/8146578322.jpg	yes	200	442826	https://live.staticflickr.com/8048/8146578322_d7f4a9d23e_c.jpg	https://www.flickr.com/photos/treebeard/8146578322/	Spiderlings of a Green Lynx Spider (Peucetia viridans, Oxyopidae) on Coyote Bush (Baccharis pilularis, Asteraceae)	303	
8018	cca9810c-a7d0-444b-993b-00448c29566d	8146599066.jpg	/Users/seltmann/Documents/kummel/work/flickr_recovered_missing_media_20260730_150821/8146599066.jpg	yes	200	395802	https://live.staticflickr.com/8184/8146599066_6e83806d88_c.jpg	https://www.flickr.com/photos/treebeard/8146599066/	"Honey Bee (Apis mellifera, Hymenoptera) committing ""nectar theft"" on native Wood Mint (Stachys bullata, Labiatae) in the garden"	350	
8019	e8976387-c573-42e0-8006-50a39bebe745	8149086173.jpg	/Users/seltmann/Documents/kummel/work/flickr_recovered_missing_media_20260730_150821/8149086173.jpg	yes	200	166095	https://live.staticflickr.com/8471/8149086173_e9c727d4ea_b.jpg	https://www.flickr.com/photos/treebeard/8149086173/	Pretty little Syrphid Flower Fly (Syrphidae, Diptera) on Wild Blackberry (Rubus ursinus, Rosaceae)	304	
8020	c0bd4569-cf6a-45cc-9d3e-07d9a2756377	8149106659.jpg	/Users/seltmann/Documents/kummel/work/flickr_recovered_missing_media_20260730_150821/8149106659.jpg	yes	200	103598	https://live.staticflickr.com/8469/8149106659_26846a4648_b.jpg	https://www.flickr.com/photos/treebeard/8149106659/	Syrphid Flower Fly (Syrphidae, Diptera) on staminate flowers of Coyote Bush (Baccharis pilularis, Asteraceae)	285	
8021	74b7b3a0-7490-46e7-a7fb-2d3e61a53f0f	8149126549.jpg	/Users/seltmann/Documents/kummel/work/flickr_recovered_missing_media_20260730_150821/8149126549.jpg	yes	200	121951	https://live.staticflickr.com/8464/8149126549_6a81e92b5e_b.jpg	https://www.flickr.com/photos/treebeard/8149126549/	Tachinid Fly (Tachinidae, Diptera) on staminate flowers of Coyote Bush (Baccharis pilularis, Asteraceae)	274	
8022	1ea4ad57-50b0-4949-baab-a3e56d032e8f	8149152943.jpg	/Users/seltmann/Documents/kummel/work/flickr_recovered_missing_media_20260730_150821/8149152943.jpg	yes	200	115996	https://live.staticflickr.com/8472/8149152943_79db9f051d_b.jpg	https://www.flickr.com/photos/treebeard/8149152943/	"Bristly fly (Diptera) on staminate Coyote Bush (Baccharis pilularis, Asteraceae) - strange orange ""palps"" on its proboscis"	293	
8023	f2ce836b-d370-43ac-b5a0-2d85dd6bfaba	8149246314.jpg	/Users/seltmann/Documents/kummel/work/flickr_recovered_missing_media_20260730_150821/8149246314.jpg	yes	200	374554	https://live.staticflickr.com/8055/8149246314_167573db90_c.jpg	https://www.flickr.com/photos/treebeard/8149246314/	Bristly fly (Diptera) on staminate Coyote Bush (Baccharis pilularis, Asteraceae) - maybe a Tachinid Fly (Tachinidae)	323	
8024	64e3faab-09cc-47fb-bcc2-72218424252c	8149260834.jpg	/Users/seltmann/Documents/kummel/work/flickr_recovered_missing_media_20260730_150821/8149260834.jpg	yes	200	421442	https://live.staticflickr.com/8187/8149260834_8dc0f6854f_c.jpg	https://www.flickr.com/photos/treebeard/8149260834/	"Maybe the ""Secondary Screwworm"" (Cochliomyia macellaria, Calliphoridae, Diptera) - not a trash fly, but an interesting native on staminate Coyote Bush (Baccharis pilularis, Asteraceae)"	286	
8025	6af5ab59-42c1-4207-a93d-9bfecf01dbde	8149272217.jpg	/Users/seltmann/Documents/kummel/work/flickr_recovered_missing_media_20260730_150821/8149272217.jpg	yes	200	134207	https://live.staticflickr.com/8055/8149272217_b489199102_b.jpg	https://www.flickr.com/photos/treebeard/8149272217/	Big-headed Syrphid Flower Fly (Syrphidae, Diptera) on staminate Coyote Bush (Baccharis pilularis, Asteraceae)	267	
8026	c8552893-5bb1-48d9-a1c4-e9fda617cfb1	8149284598.jpg	/Users/seltmann/Documents/kummel/work/flickr_recovered_missing_media_20260730_150821/8149284598.jpg	yes	200	123062	https://live.staticflickr.com/8471/8149284598_c4e0dc92b6_b.jpg	https://www.flickr.com/photos/treebeard/8149284598/	Big-headed Syrphid Flower Fly (Syrphidae, Diptera) touching its proboscis to a staminate flower of Coyote Bush (Baccharis pilularis, Asteraceae)	285	
8027	650449ec-91ba-47d1-ba0f-8e4274ba7485	8152252246.jpg	/Users/seltmann/Documents/kummel/work/flickr_recovered_missing_media_20260730_150821/8152252246.jpg	yes	200	110625	https://live.staticflickr.com/8339/8152252246_1940cf4bc6_b.jpg	https://www.flickr.com/photos/treebeard/8152252246/	Syrphid Flower Fly (Syrphidae, Diptera) visiting a non-native Aster (Aster, Asteraceae) flower in the garden	322	
8028	31268cf4-50d2-4602-80fd-be18674f08c2	8152285828.jpg	/Users/seltmann/Documents/kummel/work/flickr_recovered_missing_media_20260730_150821/8152285828.jpg	yes	200	420268	https://live.staticflickr.com/8486/8152285828_283eaa4214_c.jpg	https://www.flickr.com/photos/treebeard/8152285828/	Another interesting Fly (Diptera) on Coast Live Oak (Quercus agrifolia, Fagaceae)	323	
8029	831dad33-62fd-4b94-8857-9d9956c84c23	8152302266.jpg	/Users/seltmann/Documents/kummel/work/flickr_recovered_missing_media_20260730_150821/8152302266.jpg	yes	200	402174	https://live.staticflickr.com/8489/8152302266_7d2f2cac15_c.jpg	https://www.flickr.com/photos/treebeard/8152302266/	Another bristly Fly (Diptera) on Coast Live Oak (Quercus agrifolia, Fagaceae) - maybe a Tachinid Fly (Tachinidae)	330	
8030	91377035-f0df-4ae3-a384-bfea9928061a	8152347689.jpg	/Users/seltmann/Documents/kummel/work/flickr_recovered_missing_media_20260730_150821/8152347689.jpg	yes	200	197446	https://live.staticflickr.com/7273/8152347689_35755ea650_b.jpg	https://www.flickr.com/photos/treebeard/8152347689/	This is bad grass - non-native Smilo Grass (Piptatherum miliaceum, Poaceae), invasive in our mountains	257	
8031	0dfbc2c2-a233-468c-86c2-d54f3039eec9	8152474630.jpg	/Users/seltmann/Documents/kummel/work/flickr_recovered_missing_media_20260730_150821/8152474630.jpg	yes	200	334658	https://live.staticflickr.com/8061/8152474630_5fa55239a7_b.jpg	https://www.flickr.com/photos/treebeard/8152474630/	Another new weed in our mountains - Skeleton Weed (Chondrilla juncea, Asteraceae)	300	
8032	c3e6f02c-9909-4d1e-a49c-fbfa825d0c37	8152547731.jpg	/Users/seltmann/Documents/kummel/work/flickr_recovered_missing_media_20260730_150821/8152547731.jpg	yes	200	347008	https://live.staticflickr.com/8201/8152547731_8b6cd7cbfa_c.jpg	https://www.flickr.com/photos/treebeard/8152547731/	Another new weed in our mountains - Skeleton Weed (Chondrilla juncea, Asteraceae)	339	
8033	28a47622-a698-4360-afcc-493b3491849c	8152573671.jpg	/Users/seltmann/Documents/kummel/work/flickr_recovered_missing_media_20260730_150821/8152573671.jpg	yes	200	409859	https://live.staticflickr.com/8069/8152573671_29e307ef42_c.jpg	https://www.flickr.com/photos/treebeard/8152573671/	Bagrada Bug (Bagrada hilaris, Pentatomidae, Hemiptera) on Wild Blackberry (Rubus ursinus, Rosaceae) - on the edge of our garden	282	
8034	bd03c2ec-fca1-43c8-a440-d1b322159b3b	8155937399.jpg	/Users/seltmann/Documents/kummel/work/flickr_recovered_missing_media_20260730_150821/8155937399.jpg	yes	200	114673	https://live.staticflickr.com/8062/8155937399_5bb908ab10_b.jpg	https://www.flickr.com/photos/treebeard/8155937399/	Tiny cocoon of a Ribbed Casemaker Moth (Bucculatrix, Buccularicidae, Lepidoptera) on a Coast Live Oak (Quercus agrifolia, Fagaceae) leaf - Live Oak Ribbed Casemaker (Bucculatrix albertiella) moth	315	
8035	07f5b5cf-7086-41b8-8a21-01c098b7e50a	8156032476.jpg	/Users/seltmann/Documents/kummel/work/flickr_recovered_missing_media_20260730_150821/8156032476.jpg	yes	200	403298	https://live.staticflickr.com/8197/8156032476_98c7545de5_c.jpg	https://www.flickr.com/photos/treebeard/8156032476/	Tiny bullet-headed Leafhopper (Cicadellidae, Homoptera) on Wild Blackberry (Rubus ursinus, Rosaceae)	341	
8036	7fb0017c-1f4d-42fa-a0ac-ddcc0b855cbf	8156180150.jpg	/Users/seltmann/Documents/kummel/work/flickr_recovered_missing_media_20260730_150821/8156180150.jpg	yes	200	397447	https://live.staticflickr.com/7128/8156180150_59312f0d09_c.jpg	https://www.flickr.com/photos/treebeard/8156180150/	Orb-Weaver Spider (Araneidae) had a good morning hunting	308	
8037	a5d50ddf-9b2e-4c48-abda-48bfc6bb0b21	8156216384.jpg	/Users/seltmann/Documents/kummel/work/flickr_recovered_missing_media_20260730_150821/8156216384.jpg	yes	200	177306	https://live.staticflickr.com/8199/8156216384_edb1c2aa6e_b.jpg	https://www.flickr.com/photos/treebeard/8156216384/	Web of a Labyrinth Spider (Metepeira, Araneidae) strung between branches of Bitter Gooseberry (Ribes amarum, Grossulariaceae)	275	
8038	717b84e8-739f-42e6-80ad-1d8983f67ee7	8156247537.jpg	/Users/seltmann/Documents/kummel/work/flickr_recovered_missing_media_20260730_150821/8156247537.jpg	yes	200	182223	https://live.staticflickr.com/7132/8156247537_cc1ba4083b_b.jpg	https://www.flickr.com/photos/treebeard/8156247537/	CD-size web of a tiny Orb-Weaver Spider (Araneidae) in Bitter Gooseberry (Ribes amarum, Grossulariaceae) shrub	316	
8039	7ee63285-f083-4ed1-8352-919809e5f8ec	8156275107.jpg	/Users/seltmann/Documents/kummel/work/flickr_recovered_missing_media_20260730_150821/8156275107.jpg	yes	200	209988	https://live.staticflickr.com/7121/8156275107_cf89384872_b.jpg	https://www.flickr.com/photos/treebeard/8156275107/	Pallid-winged Grasshopper (Trimerotropis pallidipennis, Oedipodinae, Acrididae, Orthoptera) on our chip seal road	286	
8040	4b1da4c9-131f-4ba7-a5bf-879edebde05a	8156407850.jpg	/Users/seltmann/Documents/kummel/work/flickr_recovered_missing_media_20260730_150821/8156407850.jpg	yes	200	411654	https://live.staticflickr.com/8348/8156407850_54d98ca942_c.jpg	https://www.flickr.com/photos/treebeard/8156407850/	Grayish Sagebrush Grasshopper (Melanoplus cinereus ssp. cyanipes, Melanoplinae, Acrididae, Orthoptera) Coyote Bush (Baccharis pilularis, Asteraceae)	404	
8041	2af4e9e8-d227-4adf-bcd6-bfe45fa7c28d	8156425717.jpg	/Users/seltmann/Documents/kummel/work/flickr_recovered_missing_media_20260730_150821/8156425717.jpg	yes	200	428704	https://live.staticflickr.com/7279/8156425717_0ac41f3c00_c.jpg	https://www.flickr.com/photos/treebeard/8156425717/	Grayish Sagebrush Grasshopper (Melanoplus cinereus ssp. cyanipes, Melanoplinae, Acrididae, Orthoptera) munching a staminate flower of Coyote Bush (Baccharis pilularis, Asteraceae)	282	
8042	9581c036-1125-4b04-ac68-81476f313bfb	8159750631.jpg	/Users/seltmann/Documents/kummel/work/flickr_recovered_missing_media_20260730_150821/8159750631.jpg	yes	200	114309	https://live.staticflickr.com/7117/8159750631_29503f46f6_b.jpg	https://www.flickr.com/photos/treebeard/8159750631/	Different view of a Common Buckeye (Junonia coenia) butterfly on Coyote Bush (Baccharis pilularis, Asteraceae)	452	
8043	e612d789-d30e-4529-909b-1eb8056d36b4	8159781867.jpg	/Users/seltmann/Documents/kummel/work/flickr_recovered_missing_media_20260730_150821/8159781867.jpg	yes	200	401951	https://live.staticflickr.com/7137/8159781867_644eb606c8_c.jpg	https://www.flickr.com/photos/treebeard/8159781867/	Ambush Bug (Phymatidae, Hemiptera) - probably the Pacific Ambush Bug (Phymata pacifica) - on Coyote Bush (Baccharis pilularis, Asteraceae)	271	
8044	308645fc-4b40-4a21-9032-d738dd27dd7a	8159842200.jpg	/Users/seltmann/Documents/kummel/work/flickr_recovered_missing_media_20260730_150821/8159842200.jpg	yes	200	413686	https://live.staticflickr.com/7116/8159842200_29a4c5e96f_c.jpg	https://www.flickr.com/photos/treebeard/8159842200/	"""Secondary Screwworm"" (Cochliomyia macellaria, Calliphoridae, Diptera) - not a trash fly, but an interesting native on staminate Coyote Bush (Baccharis pilularis, Asteraceae)"	311	
8045	e0aa337b-0c29-401c-9808-9064f1d0b409	8159883444.jpg	/Users/seltmann/Documents/kummel/work/flickr_recovered_missing_media_20260730_150821/8159883444.jpg	yes	200	417960	https://live.staticflickr.com/8339/8159883444_549c2df45f_c.jpg	https://www.flickr.com/photos/treebeard/8159883444/	Rather threadbare Gray Hairstreak (Strymon melinus) butterfly on Coyote Bush (Baccharis pilularis, Asteraceae)	356	
8046	074711a8-e316-4d0d-91d1-a3d04f0a343e	8162915482.jpg	/Users/seltmann/Documents/kummel/work/flickr_recovered_missing_media_20260730_150821/8162915482.jpg	yes	200	144059	https://live.staticflickr.com/7106/8162915482_2a91cd34de_b.jpg	https://www.flickr.com/photos/treebeard/8162915482/	Looking at the Channel Islands - Santa Cruz Island left, and Santa Rosa Island right - with pines in front	270	
8047	eeb6d686-8e8c-4844-a031-891b6f9384fb	8162962527.jpg	/Users/seltmann/Documents/kummel/work/flickr_recovered_missing_media_20260730_150821/8162962527.jpg	yes	200	92339	https://live.staticflickr.com/7265/8162962527_52a1b32c7d_b.jpg	https://www.flickr.com/photos/treebeard/8162962527/	Ginger (maybe Zingiber officinale) in the Zingiberaceae plant family, in the garden	253	
8048	96cd1984-5aa6-4bd8-979f-183ad3e09261	8163005297.jpg	/Users/seltmann/Documents/kummel/work/flickr_recovered_missing_media_20260730_150821/8163005297.jpg	yes	200	170202	https://live.staticflickr.com/7107/8163005297_4970e5336f_b.jpg	https://www.flickr.com/photos/treebeard/8163005297/	Fall colors of native Snowdrop Bush (Styrax redivivus, Styracaceae)	309	
8049	00b8c240-877a-4691-a2cf-0aa44e3dda8c	8163032327.jpg	/Users/seltmann/Documents/kummel/work/flickr_recovered_missing_media_20260730_150821/8163032327.jpg	yes	200	388990	https://live.staticflickr.com/7128/8163032327_8377818b5c_c.jpg	https://www.flickr.com/photos/treebeard/8163032327/	Grayish Sagebrush Grasshopper (Melanoplus cinereus ssp. cyanipes, Melanoplinae, Acrididae, Orthoptera) on California Buckwheat (Eriogonum fasciculatum, Polygonaceae)	299	
8050	48a15817-2b10-4b14-b843-a890c8b87664	8163068375.jpg	/Users/seltmann/Documents/kummel/work/flickr_recovered_missing_media_20260730_150821/8163068375.jpg	yes	200	199466	https://live.staticflickr.com/7259/8163068375_66afc77a80_b.jpg	https://www.flickr.com/photos/treebeard/8163068375/	CD-size web of a tiny Orb-Weaver Spider (Araneidae) under the eave of our roof	326	
8051	e0e18f1e-e42a-4735-855c-a7c2156b2d96	8163111392.jpg	/Users/seltmann/Documents/kummel/work/flickr_recovered_missing_media_20260730_150821/8163111392.jpg	yes	200	429364	https://live.staticflickr.com/7136/8163111392_111d7dfc73_c.jpg	https://www.flickr.com/photos/treebeard/8163111392/	"""Cat-Faced Spider"" (Araneus gemmoides, Araneidae) - a large bottle cap-sized Orb-Weaver Spider"	328	
8052	9e96420a-c603-4f69-9565-18a007a358e8	8165505979.jpg	/Users/seltmann/Documents/kummel/work/flickr_recovered_missing_media_20260730_150821/8165505979.jpg	yes	200	603493	https://live.staticflickr.com/7269/8165505979_c0b1437327_c.jpg	https://www.flickr.com/photos/treebeard/8165505979/	Late-season flowers of Longstem Buckwheat (Eriogonum elongatum, Polygonaceae) - still flowering!	353	
8053	f314cec1-fad9-4b30-ba95-860574c0fc02	8165524642.jpg	/Users/seltmann/Documents/kummel/work/flickr_recovered_missing_media_20260730_150821/8165524642.jpg	yes	200	121983	https://live.staticflickr.com/8338/8165524642_42a0e3d559_b.jpg	https://www.flickr.com/photos/treebeard/8165524642/	New flower clusters of native Chaparral Currant (Ribes malvaceum, Grossulariaceae) - our first flower of the new rain year	223	
8054	dbe943b5-4397-4018-82f2-0c3818a9ac9e	8165542261.jpg	/Users/seltmann/Documents/kummel/work/flickr_recovered_missing_media_20260730_150821/8165542261.jpg	yes	200	164952	https://live.staticflickr.com/8483/8165542261_2f7bcf5f8d_b.jpg	https://www.flickr.com/photos/treebeard/8165542261/	Droopy seed heads of Ocean Spray aka Creambush (Holodiscus discolor, Rosaceae)	315	
8055	2ee8bb37-78cb-4ed8-b229-10fd30a37563	8165670533.jpg	/Users/seltmann/Documents/kummel/work/flickr_recovered_missing_media_20260730_150821/8165670533.jpg	yes	200	210148	https://live.staticflickr.com/7273/8165670533_e8cee0d21e_b.jpg	https://www.flickr.com/photos/treebeard/8165670533/	Fallen leaves of native Bigleaf Maple (Acer macrophyllum, Aceraceae)	381	
8056	2ac6c1df-1435-4c61-89c3-f49b2168cdfb	8165678472.jpg	/Users/seltmann/Documents/kummel/work/flickr_recovered_missing_media_20260730_150821/8165678472.jpg	yes	200	291621	https://live.staticflickr.com/8198/8165678472_aae6299891_b.jpg	https://www.flickr.com/photos/treebeard/8165678472/	My trail today - California Bay (Umbellularia californica, Lauraceae), Coastal Wood Fern (Dryopteris arguta), and fallen leaves of Bigleaf Maple (Acer macrophyllum, Aceraceae)	284	
8057	016eaef3-e349-4cce-80ce-ee7303db2e04	8165733114.jpg	/Users/seltmann/Documents/kummel/work/flickr_recovered_missing_media_20260730_150821/8165733114.jpg	yes	200	262310	https://live.staticflickr.com/8349/8165733114_597577d678_b.jpg	https://www.flickr.com/photos/treebeard/8165733114/	Five-Finger Fern (Adiantum aleuticum, Polypodiaceae) and fallen leaf of Bigleaf Maple (Acer macrophyllum, Aceraceae) - similar shape	308	
8058	2230ca1b-231d-45a9-9e7f-f1f29bb8bc0a	8170808057.jpg	/Users/seltmann/Documents/kummel/work/flickr_recovered_missing_media_20260730_150821/8170808057.jpg	yes	200	124448	https://live.staticflickr.com/8062/8170808057_01c8af3240_b.jpg	https://www.flickr.com/photos/treebeard/8170808057/	Papery calyces of native Pitcher Sage (Lepechinia calycina, Lamiaceae)	401	
8059	b88bd7dc-0799-421d-854b-57c91ed27053	8170823477.jpg	/Users/seltmann/Documents/kummel/work/flickr_recovered_missing_media_20260730_150821/8170823477.jpg	yes	200	108217	https://live.staticflickr.com/8205/8170823477_cb141cb6d5_b.jpg	https://www.flickr.com/photos/treebeard/8170823477/	Last leaves on deciduous native Blue Elderberry (Sambucus mexicana, Caprifoliaceae)	304	
8060	b6142d33-0dbb-44be-9a5d-09d84a79811b	8170870075.jpg	/Users/seltmann/Documents/kummel/work/flickr_recovered_missing_media_20260730_150821/8170870075.jpg	yes	200	343917	https://live.staticflickr.com/8489/8170870075_37fe142a56_b.jpg	https://www.flickr.com/photos/treebeard/8170870075/	Giant Rye Grass (Leymus condensatus, Poaceae) - NOT flowering in the canyon	287	
8061	f85b3482-e46f-4e70-aa53-a08bed75bff1	8170876046.jpg	/Users/seltmann/Documents/kummel/work/flickr_recovered_missing_media_20260730_150821/8170876046.jpg	yes	200	125088	https://live.staticflickr.com/8350/8170876046_25ab3100b7_b.jpg	https://www.flickr.com/photos/treebeard/8170876046/	Ripening fruit of native California Bay (Umbellularia californica, Lauraceae)	560	
8062	e7d08634-d0c3-440a-9f00-7701575f566c	8170910523.jpg	/Users/seltmann/Documents/kummel/work/flickr_recovered_missing_media_20260730_150821/8170910523.jpg	yes	200	278387	https://live.staticflickr.com/8489/8170910523_11e5c9099c_b.jpg	https://www.flickr.com/photos/treebeard/8170910523/	Well-named native Thin Grass (Agrostis pallens, Poaceae)	306	
8063	e76f7ec4-9530-4ae2-a8a1-edfcca7c2e4c	8170953116.jpg	/Users/seltmann/Documents/kummel/work/flickr_recovered_missing_media_20260730_150821/8170953116.jpg	yes	200	665090	https://live.staticflickr.com/8347/8170953116_a5f41b32c9_c.jpg	https://www.flickr.com/photos/treebeard/8170953116/	Bad grass - non-native Smilo Grass (Piptatherum miliaceum, Poaceae)	280	
8064	3152d5ba-559b-4e3b-a114-c98dbc4eb5cf	8170989626.jpg	/Users/seltmann/Documents/kummel/work/flickr_recovered_missing_media_20260730_150821/8170989626.jpg	yes	200	487374	https://live.staticflickr.com/8208/8170989626_d435a3e5c1_c.jpg	https://www.flickr.com/photos/treebeard/8170989626/	Old gall of Gouty Stem Gall Wasps (Callirhtis quercussuttoni, Cynipidae, Hymenoptera) from Coast Live Oak (Quercus agrifolia, Fagaceae)	323	
8065	6d24767c-f3c8-48b3-99db-4d88eb3255be	8171036455.jpg	/Users/seltmann/Documents/kummel/work/flickr_recovered_missing_media_20260730_150821/8171036455.jpg	yes	200	414861	https://live.staticflickr.com/8343/8171036455_ded7971d82_c.jpg	https://www.flickr.com/photos/treebeard/8171036455/	Tiny gall of a Gall Wasp (Cynipidae, Hymenoptera) on a leaf of Coast Live Oak (Quercus agrifolia, Fagaceae) - maybe Callirhtis quercussuttoni?	334	
8066	d126f174-cf3b-48bc-bf69-8a046e3199db	8173676763.jpg	/Users/seltmann/Documents/kummel/work/flickr_recovered_missing_media_20260730_150821/8173676763.jpg	yes	200	329451	https://live.staticflickr.com/8065/8173676763_91a76fa118_b.jpg	https://www.flickr.com/photos/treebeard/8173676763/	"Fallen leaves of native Bigleaf Maple (Acer macrophyllum, Aceraceae) on our ""trail"" to the waterfall today"	293	
8067	81d72672-1884-42b0-a219-50f78b9d76d4	8173732968.jpg	/Users/seltmann/Documents/kummel/work/flickr_recovered_missing_media_20260730_150821/8173732968.jpg	yes	200	296006	https://live.staticflickr.com/8205/8173732968_db0eb4d7d0_b.jpg	https://www.flickr.com/photos/treebeard/8173732968/	A grove of California Bay (Umbellularia californica, Lauraceae) trees	298	
8068	4f6a2671-564a-4320-98bc-3fd108e87464	8173769552.jpg	/Users/seltmann/Documents/kummel/work/flickr_recovered_missing_media_20260730_150821/8173769552.jpg	yes	200	430939	https://live.staticflickr.com/8345/8173769552_de69a9d023_b.jpg	https://www.flickr.com/photos/treebeard/8173769552/	White Alder (Alnus rhombifolia, Betulaceae) reaching for the sun	289	
8069	c5c179e4-ea58-456d-8a2e-463a68fa5fed	8173786500.jpg	/Users/seltmann/Documents/kummel/work/flickr_recovered_missing_media_20260730_150821/8173786500.jpg	yes	200	669493	https://live.staticflickr.com/8064/8173786500_529c2025d5_c.jpg	https://www.flickr.com/photos/treebeard/8173786500/	Hikers admiring locally uncommon Five-Finger Fern (Adiantum aleuticum, Polypodiaceae) in Tequepis Canyon	283	
8070	77bd24e9-5f9a-4945-b347-9c4e54266be7	8173814136.jpg	/Users/seltmann/Documents/kummel/work/flickr_recovered_missing_media_20260730_150821/8173814136.jpg	yes	200	255578	https://live.staticflickr.com/8069/8173814136_a7095e3e76_b.jpg	https://www.flickr.com/photos/treebeard/8173814136/	A rave of ladybugs - Convergent Lady Beetles (Hippodamia convergens, Coccinellidae, Coleoptera)	336	
8071	ff0153e6-8593-485e-a80b-38e285eb6617	8177126691.jpg	/Users/seltmann/Documents/kummel/work/flickr_recovered_missing_media_20260730_150821/8177126691.jpg	yes	200	83946	https://live.staticflickr.com/8482/8177126691_531fec1221_b.jpg	https://www.flickr.com/photos/treebeard/8177126691/	New flowers of native California Fuschia (Epilobium canum ssp. angustifolium, Onagraceae)	189	
8072	75f45241-fcb8-4d4e-b850-fc4d16d2e62a	8177135070.jpg	/Users/seltmann/Documents/kummel/work/flickr_recovered_missing_media_20260730_150821/8177135070.jpg	yes	200	425184	https://live.staticflickr.com/8067/8177135070_b356b58275_c.jpg	https://www.flickr.com/photos/treebeard/8177135070/	Dandelion-like seeds of native Coyote Bush (Baccharis pilularis, Asteraceae) leaving home	338	
8073	fa8a798e-4c2b-46b4-b0b3-b0bbc248e784	8177181136.jpg	/Users/seltmann/Documents/kummel/work/flickr_recovered_missing_media_20260730_150821/8177181136.jpg	yes	200	432312	https://live.staticflickr.com/8067/8177181136_f6c005bd5c_c.jpg	https://www.flickr.com/photos/treebeard/8177181136/	I guess a Flesh Fly (Sarcophagidae, Diptera) on Coast Live Oak (Quercus agrifolia, Fagaceae)	292	
8074	4c89fa07-77f3-4234-a33f-a6ec554540dc	8177237962.jpg	/Users/seltmann/Documents/kummel/work/flickr_recovered_missing_media_20260730_150821/8177237962.jpg	yes	200	432419	https://live.staticflickr.com/8206/8177237962_030f1f9be6_c.jpg	https://www.flickr.com/photos/treebeard/8177237962/	Different fly (Diptera) trying to warm up on Coast Live Oak (Quercus agrifolia, Fagaceae)	437	
8075	05cf11ab-e130-402e-b4c8-3bc91ad7c7a5	8177256632.jpg	/Users/seltmann/Documents/kummel/work/flickr_recovered_missing_media_20260730_150821/8177256632.jpg	yes	200	139228	https://live.staticflickr.com/8066/8177256632_4abe59741b_b.jpg	https://www.flickr.com/photos/treebeard/8177256632/	Another fly (Diptera) with orange antennae perched on Mugwort (Artemisia douglasiana, Asteraceae)	273	
8076	8f8138b2-103a-4e33-b86b-b729fc6bdf63	8177277522.jpg	/Users/seltmann/Documents/kummel/work/flickr_recovered_missing_media_20260730_150821/8177277522.jpg	yes	200	386718	https://live.staticflickr.com/8487/8177277522_d78c416a1e_c.jpg	https://www.flickr.com/photos/treebeard/8177277522/	Interesting gray fly (Diptera) on Coast Live Oak (Quercus agrifolia, Fagaceae)	326	
8077	146f61a9-f083-44b3-877b-425fa8277c74	8177327170.jpg	/Users/seltmann/Documents/kummel/work/flickr_recovered_missing_media_20260730_150821/8177327170.jpg	yes	200	390062	https://live.staticflickr.com/8064/8177327170_0b28197612_c.jpg	https://www.flickr.com/photos/treebeard/8177327170/	Western Paper Wasp (Mischocyttarus flavitarsis, Vespidae, Hymenoptera on Coyote Bush (Baccharis pilularis, Asteraceae)	354	
8078	01805042-3922-48d0-97a3-531d631ed755	8177352456.jpg	/Users/seltmann/Documents/kummel/work/flickr_recovered_missing_media_20260730_150821/8177352456.jpg	yes	200	438353	https://live.staticflickr.com/8485/8177352456_0459fe42a1_c.jpg	https://www.flickr.com/photos/treebeard/8177352456/	Painted Lady (Vanessa cardui) butterfly trying to warm up on oak leaves by the creek.	272	
8079	a2299e49-50cd-407c-8fa7-147a2d51d82c	8180736854.jpg	/Users/seltmann/Documents/kummel/work/flickr_recovered_missing_media_20260730_150821/8180736854.jpg	yes	200	297243	https://live.staticflickr.com/8346/8180736854_1faacbd9f5_b.jpg	https://www.flickr.com/photos/treebeard/8180736854/	Dry river bed of the Santa Ynez Valley River - with cottonwood and sycamore trees	266	
8080	f039291e-0581-426d-813a-9fb333ab104e	8180804574.jpg	/Users/seltmann/Documents/kummel/work/flickr_recovered_missing_media_20260730_150821/8180804574.jpg	yes	200	113680	https://live.staticflickr.com/8200/8180804574_3b10ce0285_b.jpg	https://www.flickr.com/photos/treebeard/8180804574/	New and old flowers of Chaparral Mallow (Malacothamnus fasciculatus, Malvaceae) by the river	307	
8081	e4e9b42d-6969-476b-9977-c3f1786cc4e5	8180835978.jpg	/Users/seltmann/Documents/kummel/work/flickr_recovered_missing_media_20260730_150821/8180835978.jpg	yes	200	468854	https://live.staticflickr.com/8062/8180835978_b548caf554_c.jpg	https://www.flickr.com/photos/treebeard/8180835978/	Bristly fly (Diptera) on Canyon Sunflower (Venegasia carpesioides, Asteraceae) - maybe a Tachinid Fly (Tachinidae)	298	
8082	d7229125-7a76-4600-bc92-b165dd8a1374	8180868076.jpg	/Users/seltmann/Documents/kummel/work/flickr_recovered_missing_media_20260730_150821/8180868076.jpg	yes	200	498408	https://live.staticflickr.com/8069/8180868076_286afaeccf_c.jpg	https://www.flickr.com/photos/treebeard/8180868076/	Different bristly fly (Diptera) on Wild Blackberry (Rubus ursinus, Rosaceae) - maybe another Tachinid Fly (Tachinidae)	351	
8083	81c7833f-c562-4009-a935-f5ce7653da41	8180886537.jpg	/Users/seltmann/Documents/kummel/work/flickr_recovered_missing_media_20260730_150821/8180886537.jpg	yes	200	349722	https://live.staticflickr.com/8197/8180886537_98eea6e64e_c.jpg	https://www.flickr.com/photos/treebeard/8180886537/	Golden Dung Fly (Scathophaga stercoraria, Scathophagidae, Diptera) on	308	
8084	fa5820d5-9dc4-4852-9bf4-dbbe0d7f3c99	8180889170.jpg	/Users/seltmann/Documents/kummel/work/flickr_recovered_missing_media_20260730_150821/8180889170.jpg	yes	200	114521	https://live.staticflickr.com/8480/8180889170_37ce52c55c_b.jpg	https://www.flickr.com/photos/treebeard/8180889170/	Bristly fly (Diptera) with amazing head - maybe a Tachinid Fly (Tachinidae)	304	
8085	7793ec66-0d0e-4b1c-b589-61e9bc1b7622	8180953291.jpg	/Users/seltmann/Documents/kummel/work/flickr_recovered_missing_media_20260730_150821/8180953291.jpg	yes	200	430696	https://live.staticflickr.com/8346/8180953291_e24fba6a47_c.jpg	https://www.flickr.com/photos/treebeard/8180953291/	Late-season Mormon Metalmark (Apodemia mormo) butterfly on Coastal Goldenbush (Isocoma menziesii, Asteraceae)	275	
8086	a905d941-adf2-4838-a966-aeb0f77ad26c	8181007678.jpg	/Users/seltmann/Documents/kummel/work/flickr_recovered_missing_media_20260730_150821/8181007678.jpg	yes	200	352516	https://live.staticflickr.com/8345/8181007678_4a3016bd22_c.jpg	https://www.flickr.com/photos/treebeard/8181007678/	Tiny female Western Pygmy Blue (Brephidium exile) butterfly on Russian Thistle (Salsola tragus, Chenopodiaceae)	307	
8087	2fa245bb-81af-45c0-875d-8a4a5a1b67ca	8183817477.jpg	/Users/seltmann/Documents/kummel/work/flickr_recovered_missing_media_20260730_150821/8183817477.jpg	yes	200	376735	https://live.staticflickr.com/8346/8183817477_e86e4994e7_c.jpg	https://www.flickr.com/photos/treebeard/8183817477/	Bristly fly (Diptera) on Coyote Bush (Baccharis pilularis, Asteraceae)	280	
8088	7ec5548b-7524-4c62-a38e-2a4b171fc525	8183832008.jpg	/Users/seltmann/Documents/kummel/work/flickr_recovered_missing_media_20260730_150821/8183832008.jpg	yes	200	354158	https://live.staticflickr.com/8207/8183832008_02db106b53_c.jpg	https://www.flickr.com/photos/treebeard/8183832008/	Tiny Crab Spider (Thomisidae) on Coyote Bush (Baccharis pilularis, Asteraceae)	336	
8089	5d69a6cd-69ec-4e9d-9205-81c88494796f	8183856365.jpg	/Users/seltmann/Documents/kummel/work/flickr_recovered_missing_media_20260730_150821/8183856365.jpg	yes	200	372472	https://live.staticflickr.com/8344/8183856365_cc60ae2d44_c.jpg	https://www.flickr.com/photos/treebeard/8183856365/	Handsome little Syrphid Flower Fly (Syrphidae, Diptera) on Coyote Bush (Baccharis pilularis, Asteraceae)	312	
8090	7f67c482-754a-4a32-b36d-0e31c161f25b	8183876575.jpg	/Users/seltmann/Documents/kummel/work/flickr_recovered_missing_media_20260730_150821/8183876575.jpg	yes	200	419236	https://live.staticflickr.com/8485/8183876575_396f897a20_c.jpg	https://www.flickr.com/photos/treebeard/8183876575/	Furry bee-mimic Syrphid Flower Fly (Syrphidae, Diptera) on Coyote Bush (Baccharis pilularis, Asteraceae) - maybe a Drone Fly (Eristalis tenax)	327	
8091	25d451c3-5d7a-43f9-afcb-0c5beacea969	8183957274.jpg	/Users/seltmann/Documents/kummel/work/flickr_recovered_missing_media_20260730_150821/8183957274.jpg	yes	200	389682	https://live.staticflickr.com/8059/8183957274_5f4dd59669_c.jpg	https://www.flickr.com/photos/treebeard/8183957274/	Different furry bee-mimic Syrphid Flower Fly (Syrphidae, Diptera) on Coyote Bush (Baccharis pilularis, Asteraceae) - maybe genus Eristalis	359	
8092	4d945a23-9d56-4004-9d3c-c1d60dfa3fed	8183970351.jpg	/Users/seltmann/Documents/kummel/work/flickr_recovered_missing_media_20260730_150821/8183970351.jpg	yes	200	364241	https://live.staticflickr.com/8350/8183970351_7e80ce2bc0_c.jpg	https://www.flickr.com/photos/treebeard/8183970351/	Maybe a common Blow Fly (Lucilia, Calliphoridae, Diptera) on Coyote Bush (Baccharis pilularis, Asteraceae) in the woods	303	
8093	24054539-cb90-4950-9610-c4729e8f4b3b	8183999205.jpg	/Users/seltmann/Documents/kummel/work/flickr_recovered_missing_media_20260730_150821/8183999205.jpg	yes	200	417318	https://live.staticflickr.com/8490/8183999205_1639899f25_c.jpg	https://www.flickr.com/photos/treebeard/8183999205/	"""Secondary Screwworm"" (Cochliomyia macellaria, Calliphoridae, Diptera) - not a trash fly, but an interesting native on Coyote Bush (Baccharis pilularis, Asteraceae)"	474	
8094	62ae32c9-46ce-4fcc-859e-c31d21a8a474	8184030251.jpg	/Users/seltmann/Documents/kummel/work/flickr_recovered_missing_media_20260730_150821/8184030251.jpg	yes	200	407357	https://live.staticflickr.com/8341/8184030251_4cb77b9315_c.jpg	https://www.flickr.com/photos/treebeard/8184030251/	Painted Lady (Vanessa cardui) butterfly on native Coyote Bush (Baccharis pilularis, Asteraceae)	296	
8095	3a9f1cdd-3536-4503-aa64-380fdda0d03f	8186302415.jpg	/Users/seltmann/Documents/kummel/work/flickr_recovered_missing_media_20260730_150821/8186302415.jpg	yes	200	118698	https://live.staticflickr.com/8210/8186302415_9bdea35c84_b.jpg	https://www.flickr.com/photos/treebeard/8186302415/	Yellow Jacket-type wasp (Vespidae, Hymenoptera) on Coast Live Oak (Quercus agrifolia, Fagaceae)	327	
8096	d2687c3d-4950-4451-b2a5-e7b8e3f0a2a9	8186341007.jpg	/Users/seltmann/Documents/kummel/work/flickr_recovered_missing_media_20260730_150821/8186341007.jpg	yes	200	113605	https://live.staticflickr.com/8479/8186341007_3950a89555_b.jpg	https://www.flickr.com/photos/treebeard/8186341007/	"""Stink Bug"" (Pentatomidae, Hemiptera) inside a seed pod of Weed's Mariposa Lily (Calochortus weedii var. vestus aka C. fimbriata, Liliaceae)"	330	
8097	d6792f0e-9bdc-439e-ad65-ad7337326983	8188724077.jpg	/Users/seltmann/Documents/kummel/work/flickr_recovered_missing_media_20260730_150821/8188724077.jpg	yes	200	453195	https://live.staticflickr.com/8487/8188724077_dba5887865_c.jpg	https://www.flickr.com/photos/treebeard/8188724077/	"Looking inside a ""rolled oak leaf"" on native Coast Live Oak (Quercus agrifolia, Fagaceae) - not a gall"	388	
8098	22054f08-bf7f-4aad-a056-83a9a504543e	8188883063.jpg	/Users/seltmann/Documents/kummel/work/flickr_recovered_missing_media_20260730_150821/8188883063.jpg	yes	200	418952	https://live.staticflickr.com/8070/8188883063_fd9aec498d_c.jpg	https://www.flickr.com/photos/treebeard/8188883063/	New flowers and seed heads of native composite Telegraph Weed (Heterotheca grandiflora, Asteraceae)	359	
8099	9d42c231-309f-42fe-8253-954fef422167	8188941823.jpg	/Users/seltmann/Documents/kummel/work/flickr_recovered_missing_media_20260730_150821/8188941823.jpg	yes	200	391339	https://live.staticflickr.com/8484/8188941823_b3028085d0_c.jpg	https://www.flickr.com/photos/treebeard/8188941823/	Furry bee-mimic Syrphid Flower Fly (Syrphidae, Diptera) on Coyote Bush (Baccharis pilularis, Asteraceae) - maybe genus Eristalis	339	
8100	f0db4c44-e912-40cf-89b6-990bf7506ca4	8188979435.jpg	/Users/seltmann/Documents/kummel/work/flickr_recovered_missing_media_20260730_150821/8188979435.jpg	yes	200	347370	https://live.staticflickr.com/8477/8188979435_2c19351f50_c.jpg	https://www.flickr.com/photos/treebeard/8188979435/	Amazing eyes of tiny Tephritid Fruit Fly (Tephritidae, Diptera) - maybe Trupanea vicina - on Coyote Bush (Baccharis pilularis, Asteraceae)	349	
8101	c261ffa4-af87-4cc2-86a6-5ca3d8ef75a2	8189835266.jpg	/Users/seltmann/Documents/kummel/work/flickr_recovered_missing_media_20260730_150821/8189835266.jpg	yes	200	369958	https://live.staticflickr.com/8207/8189835266_0c6c48eab3_c.jpg	https://www.flickr.com/photos/treebeard/8189835266/	Gall of Split Twig Gall Wasps (Dryocosmus asymmetricus, Cynipidae, Hymenoptera) on Canyon Live Oak (Quercus chrysolepis, Fagaceae)	391	
8102	a554beae-2c44-4025-aa3a-46ce984b5129	8189918732.jpg	/Users/seltmann/Documents/kummel/work/flickr_recovered_missing_media_20260730_150821/8189918732.jpg	yes	200	133979	https://live.staticflickr.com/8058/8189918732_32148de05c_b.jpg	https://www.flickr.com/photos/treebeard/8189918732/	Ripening fruit of native California Bay (Umbellularia californica, Lauraceae) tree	268	
8103	0b5e858d-4d59-4778-827c-9ff7d3b51b3f	8189942080.jpg	/Users/seltmann/Documents/kummel/work/flickr_recovered_missing_media_20260730_150821/8189942080.jpg	yes	200	378881	https://live.staticflickr.com/8482/8189942080_22b14d056e_b.jpg	https://www.flickr.com/photos/treebeard/8189942080/	Fremont Cottonwood (Populus fremontii, Salicaceae) and Western Sycamore (Platanus racemosa, Platanaceae) starting to show fall colors	319	
8104	c8845ab4-f51a-4cfa-bc5b-b87a77d82443	8189994340.jpg	/Users/seltmann/Documents/kummel/work/flickr_recovered_missing_media_20260730_150821/8189994340.jpg	yes	200	382354	https://live.staticflickr.com/8198/8189994340_1b7725ff0e_c.jpg	https://www.flickr.com/photos/treebeard/8189994340/	Male (pollen-bearing) and female (seed-bearing) flowers of Coyote Bush (Baccharis pilularis, Asteraceae)	283	
8105	3e3bcfe5-1f63-462b-9b72-6818e6d3ab7b	8192162118.jpg	/Users/seltmann/Documents/kummel/work/flickr_recovered_missing_media_20260730_150821/8192162118.jpg	yes	200	134536	https://live.staticflickr.com/8205/8192162118_d8f687edbd_b.jpg	https://www.flickr.com/photos/treebeard/8192162118/	Looking past a stand of Coulter Pines (Pinus coulteri, Pinaceae) towards San Miguel Island - the westernmost of the Channel Islands	257	
8106	a83b5c96-51ee-4906-88e7-73ad7944568a	8192276294.jpg	/Users/seltmann/Documents/kummel/work/flickr_recovered_missing_media_20260730_150821/8192276294.jpg	yes	200	771139	https://live.staticflickr.com/8061/8192276294_8b91fa9aa1_c.jpg	https://www.flickr.com/photos/treebeard/8192276294/	Almost-ripe berries in a beautiful Madrone (Arbutus menziesii, Ericaceae) tree	321	
8107	f9131c32-8b43-49f2-84fc-6e80b72e856c	8227417507.jpg	/Users/seltmann/Documents/kummel/work/flickr_recovered_missing_media_20260730_150821/8227417507.jpg	yes	200	182293	https://live.staticflickr.com/8203/8227417507_9e78bd3971_b.jpg	https://www.flickr.com/photos/treebeard/8227417507/	Yellow Fairy Cups or Lemon Discos (Bisporella citrina or kin, Helotiaceae) fungi	319	
8108	3ff4929e-3e92-4180-b367-d032821819bc	8227460199.jpg	/Users/seltmann/Documents/kummel/work/flickr_recovered_missing_media_20260730_150821/8227460199.jpg	yes	200	225465	https://live.staticflickr.com/8063/8227460199_984043a8fb_b.jpg	https://www.flickr.com/photos/treebeard/8227460199/	"Bird's Nest Fungi (Nidulariales) with tiny ""eggs"" or peridioles"	254	
8109	a93cc89f-3168-419e-9b53-f692cc8aa093	8227602283.jpg	/Users/seltmann/Documents/kummel/work/flickr_recovered_missing_media_20260730_150821/8227602283.jpg	yes	200	216275	https://live.staticflickr.com/8057/8227602283_5976456568_b.jpg	https://www.flickr.com/photos/treebeard/8227602283/	Coral Mushroom (Ramaria, Clavariaceae) in the Oregon woods	257	
8110	ee50cb26-f20a-445e-ae6f-f8a7927a12a1	8227654203.jpg	/Users/seltmann/Documents/kummel/work/flickr_recovered_missing_media_20260730_150821/8227654203.jpg	yes	200	218993	https://live.staticflickr.com/8350/8227654203_9335604573_b.jpg	https://www.flickr.com/photos/treebeard/8227654203/	Coral Mushrooms (Ramaria, Clavariaceae) in the Oregon woods	327	
8111	af1c8260-84d5-4953-a3f5-1752988e1d5b	8227686919.jpg	/Users/seltmann/Documents/kummel/work/flickr_recovered_missing_media_20260730_150821/8227686919.jpg	yes	200	514971	https://live.staticflickr.com/8202/8227686919_00f5235b7f_c.jpg	https://www.flickr.com/photos/treebeard/8227686919/	Coral Mushrooms (Ramaria, Clavariaceae) in the Oregon woods	314	
8112	22b04c3d-36e7-45c5-90c9-105c15e4251f	8228355942.jpg	/Users/seltmann/Documents/kummel/work/flickr_recovered_missing_media_20260730_150821/8228355942.jpg	yes	200	376174	https://live.staticflickr.com/8208/8228355942_f652e48267_c.jpg	https://www.flickr.com/photos/treebeard/8228355942/	Candlesnuff Fungi (Xylaria hypoxylon or kin) growing on rotting wood in the Oregon woods	404	
8113	723d2fad-aee6-4a2a-b90c-182b07d4cf55	8228596698.jpg	/Users/seltmann/Documents/kummel/work/flickr_recovered_missing_media_20260730_150821/8228596698.jpg	yes	200	441146	https://live.staticflickr.com/8344/8228596698_c549bea871_c.jpg	https://www.flickr.com/photos/treebeard/8228596698/	Different little Bird's Nest Fungi (Nidulariales) - maybe Nidula candida	332	
8114	5b1a3ac9-0978-4f6b-8ebf-4ec8bd23b248	8228646648.jpg	/Users/seltmann/Documents/kummel/work/flickr_recovered_missing_media_20260730_150821/8228646648.jpg	yes	200	519143	https://live.staticflickr.com/8200/8228646648_2cfdcfdf41_c.jpg	https://www.flickr.com/photos/treebeard/8228646648/	Strange rubbery Toothed Jelly Fungi (Pseudohydnum gelatinosum, Tremellales)	332	
8115	b17acc1e-2375-4d6d-ba65-813f18716803	8230191157.jpg	/Users/seltmann/Documents/kummel/work/flickr_recovered_missing_media_20260730_150821/8230191157.jpg	yes	200	230773	https://live.staticflickr.com/8349/8230191157_9dbe511fab_b.jpg	https://www.flickr.com/photos/treebeard/8230191157/	Different Russula mushroom - maybe Russula bicolor?	500	
8116	75130eff-1b4d-4ca3-b633-bdf3dcce4a25	8230247807.jpg	/Users/seltmann/Documents/kummel/work/flickr_recovered_missing_media_20260730_150821/8230247807.jpg	yes	200	509310	https://live.staticflickr.com/8067/8230247807_582d15a4f8_c.jpg	https://www.flickr.com/photos/treebeard/8230247807/	"Handsome ""Bolete"" (family Boletaceae) mushroom in the Oregon woods"	285	
8117	201bb18c-e0d1-49bd-a391-f869e485f3e2	8230328761.jpg	/Users/seltmann/Documents/kummel/work/flickr_recovered_missing_media_20260730_150821/8230328761.jpg	yes	200	219484	https://live.staticflickr.com/8343/8230328761_d6e4c8f246_b.jpg	https://www.flickr.com/photos/treebeard/8230328761/	Amethyst Laccaria (Laccaria amethystina) mushrooms in the Oregon woods	377	
8118	4b2b2f14-812f-4008-bbb3-67304d36481e	8231209270.jpg	/Users/seltmann/Documents/kummel/work/flickr_recovered_missing_media_20260730_150821/8231209270.jpg	yes	200	465656	https://live.staticflickr.com/8061/8231209270_4a25c5fcd6_c.jpg	https://www.flickr.com/photos/treebeard/8231209270/	Russula mushroom in the Oregon woods - maybe the Shrimp Mushroom (Russula xerampelina)?	291	
8119	d81d5b9f-16d0-486f-85f1-70547d9264f8	8231355466.jpg	/Users/seltmann/Documents/kummel/work/flickr_recovered_missing_media_20260730_150821/8231355466.jpg	yes	200	517284	https://live.staticflickr.com/8340/8231355466_00aea5b9ef_c.jpg	https://www.flickr.com/photos/treebeard/8231355466/	"Maybe the ""Lackluster Laccaria"" (Laccaria laccata) mushrooms"	395	
8120	801556b6-8b90-49b6-b38b-c85cd6e7e6c2	8231421298.jpg	/Users/seltmann/Documents/kummel/work/flickr_recovered_missing_media_20260730_150821/8231421298.jpg	yes	200	490733	https://live.staticflickr.com/8202/8231421298_abd53c4121_c.jpg	https://www.flickr.com/photos/treebeard/8231421298/	Violet Cortinarius (Cortinarius violaceus) mushroom in the Oregon woods	284	
8121	0658f13d-f12a-4c38-a4c5-cad43fd84581	8231446134.jpg	/Users/seltmann/Documents/kummel/work/flickr_recovered_missing_media_20260730_150821/8231446134.jpg	yes	200	505675	https://live.staticflickr.com/8486/8231446134_1a011af793_c.jpg	https://www.flickr.com/photos/treebeard/8231446134/	Surprisingly beautiful Witch's Hat (Hygrocybe conica aka Hygrophorus conicus) mushrooms in the Oregon woods	381	
8122	b03fd4d3-26cb-4248-9fe0-6a4bf614256a	8231484916.jpg	/Users/seltmann/Documents/kummel/work/flickr_recovered_missing_media_20260730_150821/8231484916.jpg	yes	200	195946	https://live.staticflickr.com/8480/8231484916_0d30a7eb27_b.jpg	https://www.flickr.com/photos/treebeard/8231484916/	"""Questionable Stropharia"" (Stropharia ambigua) mushrooms in the Oregon woods"	256	
8123	0d625a2e-ab8f-41fa-992c-3ae2a6157eff	8232621317.jpg	/Users/seltmann/Documents/kummel/work/flickr_recovered_missing_media_20260730_150821/8232621317.jpg	yes	200	237009	https://live.staticflickr.com/8068/8232621317_57c1a5ba55_b.jpg	https://www.flickr.com/photos/treebeard/8232621317/	Neat little Puffball mushrooms - probably the Common Puffball (Lycoperdon perlatum) or kin	378	
8124	1a1e5cdb-0930-4b0b-ac59-65b3865ec40d	8232700585.jpg	/Users/seltmann/Documents/kummel/work/flickr_recovered_missing_media_20260730_150821/8232700585.jpg	yes	200	514088	https://live.staticflickr.com/8209/8232700585_c0b39fa42c_c.jpg	https://www.flickr.com/photos/treebeard/8232700585/	Vase-shaped Scaly Canterelle (Gomphus floccosus or kin) mushroom - not edible?	292	
8125	3daec5f8-b6fc-4c34-ad7b-2444d6b6d290	8232740619.jpg	/Users/seltmann/Documents/kummel/work/flickr_recovered_missing_media_20260730_150821/8232740619.jpg	yes	200	472300	https://live.staticflickr.com/8482/8232740619_e56f9c1667_c.jpg	https://www.flickr.com/photos/treebeard/8232740619/	Truncate Club Coral (Clavariadelphus truncatus) mushroom - like a Chanterelle without gills	328	
8126	bd5b794a-4dc3-4e1b-be58-3391df708c3c	8232874587.jpg	/Users/seltmann/Documents/kummel/work/flickr_recovered_missing_media_20260730_150821/8232874587.jpg	yes	200	508172	https://live.staticflickr.com/8197/8232874587_71c701710a_c.jpg	https://www.flickr.com/photos/treebeard/8232874587/	Shaggy-Stalked Parasol (Lepiota clypeolaria or kin) mushrooms in the Oregon woods	380	
8127	b2a9a129-0649-4984-9d19-2c89fe4fdb3f	8232885149.jpg	/Users/seltmann/Documents/kummel/work/flickr_recovered_missing_media_20260730_150821/8232885149.jpg	yes	200	480420	https://live.staticflickr.com/8478/8232885149_3c9d58c279_c.jpg	https://www.flickr.com/photos/treebeard/8232885149/	Amanita sect. Vaginatae mushrooms - maybe the Grisette (Amanita vaginata)?	338	
8128	891c59b7-1360-4260-8791-f507dbf47844	8233844252.jpg	/Users/seltmann/Documents/kummel/work/flickr_recovered_missing_media_20260730_150821/8233844252.jpg	yes	200	507232	https://live.staticflickr.com/8059/8233844252_c8808f994c_c.jpg	https://www.flickr.com/photos/treebeard/8233844252/	White Chanterelle (Cantherellus subalbidus) mushroom - edible and delicious	346	
8129	73bce801-2e43-4db5-afc2-0b22f1f3d521	8233879552.jpg	/Users/seltmann/Documents/kummel/work/flickr_recovered_missing_media_20260730_150821/8233879552.jpg	yes	200	252320	https://live.staticflickr.com/8204/8233879552_f4d308583e_b.jpg	https://www.flickr.com/photos/treebeard/8233879552/	Corn Silk Inocybe (Inocybe sororia or kin) mushrooms in the Oregon woods	424	
8130	5eb80497-4164-40af-b235-3221f4fe3202	8234009616.jpg	/Users/seltmann/Documents/kummel/work/flickr_recovered_missing_media_20260730_150821/8234009616.jpg	yes	200	222982	https://live.staticflickr.com/8059/8234009616_aa5fbc225e_b.jpg	https://www.flickr.com/photos/treebeard/8234009616/	Coccora (Amanita calyptrata) mushroom in the Oregon woods	408	
8131	35e0e358-a49d-426e-9fc8-1d434f4f3aaf	8235580793.jpg	/Users/seltmann/Documents/kummel/work/flickr_recovered_missing_media_20260730_150821/8235580793.jpg	yes	200	518485	https://live.staticflickr.com/8477/8235580793_5898acdf4c_c.jpg	https://www.flickr.com/photos/treebeard/8235580793/	Amanita sect. Vaginatae mushroom - maybe the Grisette (Amanita vaginata)?	350	
8132	aff443f4-f0fe-42d0-959b-8e474375947f	8235643597.jpg	/Users/seltmann/Documents/kummel/work/flickr_recovered_missing_media_20260730_150821/8235643597.jpg	yes	200	91587	https://live.staticflickr.com/8343/8235643597_9c8fbc7f87_b.jpg	https://www.flickr.com/photos/treebeard/8235643597/	Not puffball fungi, but Slime Molds (Myxomycetes or Myxogastria), maybe the species Lycogala epidendrum	211	
8133	46c172c1-780c-47b9-b420-31ff39a1af86	8235726849.jpg	/Users/seltmann/Documents/kummel/work/flickr_recovered_missing_media_20260730_150821/8235726849.jpg	yes	200	234418	https://live.staticflickr.com/8209/8235726849_90ddb633b1_b.jpg	https://www.flickr.com/photos/treebeard/8235726849/	Bolete-type mushrooms (Boletaceae) - maybe the Western Painted Suillus (Suillus lakei)?	285	
8134	f4ea606e-dabb-4793-b7bc-401caa10f479	8235921903.jpg	/Users/seltmann/Documents/kummel/work/flickr_recovered_missing_media_20260730_150821/8235921903.jpg	yes	200	202165	https://live.staticflickr.com/8064/8235921903_3d4989cfa6_b.jpg	https://www.flickr.com/photos/treebeard/8235921903/	Looks like a Russula mushroom - maybe Russula albidula? - but also looks like Tricholoma pardinum	278	
8135	d233428c-f44d-419e-9c35-5dd473dddc05	8236753474.jpg	/Users/seltmann/Documents/kummel/work/flickr_recovered_missing_media_20260730_150821/8236753474.jpg	yes	200	161603	https://live.staticflickr.com/8485/8236753474_f0f3ea2195_b.jpg	https://www.flickr.com/photos/treebeard/8236753474/	"Some kind of Polypore (Polyporaceae) ""bracket fungus"" growing on fallen Douglas Fir (Pseudotsuga menziesii) tree"	252	
8136	d42303d1-d368-40f1-b072-c606ed8acae3	8236913802.jpg	/Users/seltmann/Documents/kummel/work/flickr_recovered_missing_media_20260730_150821/8236913802.jpg	yes	200	234953	https://live.staticflickr.com/8477/8236913802_73708dea02_b.jpg	https://www.flickr.com/photos/treebeard/8236913802/	Maybe the Tiger Tricholoma (Tricholoma pardinum) or kin mushroom in the Oregon woods	388	
8137	1003e092-c6da-4be0-b289-fe63f591777b	8237016858.jpg	/Users/seltmann/Documents/kummel/work/flickr_recovered_missing_media_20260730_150821/8237016858.jpg	yes	200	200715	https://live.staticflickr.com/8490/8237016858_ef3108bd23_b.jpg	https://www.flickr.com/photos/treebeard/8237016858/	Honey Mushrooms (Armillariella mellea) on the stump of a Coast Live Oak (Quercus agrifolia, Fagaceae) tree	249	
8138	72dba5b6-942a-4157-a6bb-1b4fbaf61819	8238947095.jpg	/Users/seltmann/Documents/kummel/work/flickr_recovered_missing_media_20260730_150821/8238947095.jpg	yes	200	267281	https://live.staticflickr.com/8348/8238947095_815fbbbe59_b.jpg	https://www.flickr.com/photos/treebeard/8238947095/	Oregon mushroom woods - Bigleaf Maple, Douglas Fir, Western Hemlock, and lots more	301	
8139	57a9c984-a6dc-4467-be36-ac142c67f716	8239012511.jpg	/Users/seltmann/Documents/kummel/work/flickr_recovered_missing_media_20260730_150821/8239012511.jpg	yes	200	270032	https://live.staticflickr.com/8339/8239012511_899db0205d_b.jpg	https://www.flickr.com/photos/treebeard/8239012511/	"""Resurrection ferns"" - maybe Polypodium vulgare (Polypodiaceae) in the Oregon woods"	348	
8140	fadf49f9-7584-4903-a800-79dc7422299c	8239099037.jpg	/Users/seltmann/Documents/kummel/work/flickr_recovered_missing_media_20260730_150821/8239099037.jpg	yes	200	191421	https://live.staticflickr.com/8068/8239099037_cebf7d223b_b.jpg	https://www.flickr.com/photos/treebeard/8239099037/	British Soldier Lichens (Cladonia cristatella or kin) and Mosses in the Oregon woods	353	
8141	2cc36b1b-4d87-4d86-93dc-6080261bdf84	8239135607.jpg	/Users/seltmann/Documents/kummel/work/flickr_recovered_missing_media_20260730_150821/8239135607.jpg	yes	200	165388	https://live.staticflickr.com/8063/8239135607_4f88ec7c85_b.jpg	https://www.flickr.com/photos/treebeard/8239135607/	Apothecia of Membranous Felt Lichen aka Membranous Dog-lichen (Peltigera membranacea)	291	
8142	13bc0627-a0c0-4f0e-b277-f1ef045f05d8	8239512143.jpg	/Users/seltmann/Documents/kummel/work/flickr_recovered_missing_media_20260730_150821/8239512143.jpg	yes	200	385624	https://live.staticflickr.com/8063/8239512143_f0ed17effb_c.jpg	https://www.flickr.com/photos/treebeard/8239512143/	Beautiful and unusual native terrestrial Land Snail (Gastropoda), maybe genus Helminthoglypta - taking a dump	333	
8143	d0616103-91f5-43a0-9549-850ee24e121b	8240145650.jpg	/Users/seltmann/Documents/kummel/work/flickr_recovered_missing_media_20260730_150821/8240145650.jpg	yes	200	280129	https://live.staticflickr.com/8342/8240145650_74dd767d43_b.jpg	https://www.flickr.com/photos/treebeard/8240145650/	Leathery Grape Fern (Botrychium multifidum, Opioglossaceae) in the Oregon woods	303	
8144	8ec67e5b-2f75-468f-b111-cd1c64386f1b	8240458576.jpg	/Users/seltmann/Documents/kummel/work/flickr_recovered_missing_media_20260730_150821/8240458576.jpg	yes	200	265212	https://live.staticflickr.com/8479/8240458576_d94fe8d0d0_b.jpg	https://www.flickr.com/photos/treebeard/8240458576/	"""Ping Pong Galls"" of the Speckled Gall Wasp (Besbicus mirabilis, Cynipidae, Hymenoptera) on a fallen leaf of Oregon White Oak (Quercus garryana, Fagaceae)"	497	
8145	46569986-73a3-444f-a85a-afc9ab7b6806	8240496166.jpg	/Users/seltmann/Documents/kummel/work/flickr_recovered_missing_media_20260730_150821/8240496166.jpg	yes	200	220001	https://live.staticflickr.com/8203/8240496166_552590a0d2_b.jpg	https://www.flickr.com/photos/treebeard/8240496166/	Oregon version of a Pacific Banana Slug (Ariolimax columbianus, Gastropoda, Mollusca)	320	
8146	85d9a160-3328-48ce-b76e-16dc0d0e9f2c	8242355229.jpg	/Users/seltmann/Documents/kummel/work/flickr_recovered_missing_media_20260730_150821/8242355229.jpg	yes	200	191422	https://live.staticflickr.com/8482/8242355229_88c74d27ba_b.jpg	https://www.flickr.com/photos/treebeard/8242355229/	Mystery mushroom on a tree trunk - sure is pretty!	266	
8147	6ad01777-af55-4dd4-b49a-6a14e4108558	8242438579.jpg	/Users/seltmann/Documents/kummel/work/flickr_recovered_missing_media_20260730_150821/8242438579.jpg	yes	200	521746	https://live.staticflickr.com/8061/8242438579_16d041ed6d_c.jpg	https://www.flickr.com/photos/treebeard/8242438579/	Odd colony of Slime Molds (Myxomycetes or Myxogastria) growing on an oak leaf	385	
8148	59f0d306-882c-4260-9d14-6800ce20f968	8243252524.jpg	/Users/seltmann/Documents/kummel/work/flickr_recovered_missing_media_20260730_150821/8243252524.jpg	yes	200	304852	https://live.staticflickr.com/8064/8243252524_30c1f712f8_b.jpg	https://www.flickr.com/photos/treebeard/8243252524/	Oregon Lung Lobaria aka Lettuce Lichen (Lobaria oregana) lichen	346	
8149	7f5ce3c1-352c-4eec-9640-5ec292134bc1	8243357726.jpg	/Users/seltmann/Documents/kummel/work/flickr_recovered_missing_media_20260730_150821/8243357726.jpg	yes	200	203513	https://live.staticflickr.com/8345/8243357726_4898da245d_c.jpg	https://www.flickr.com/photos/treebeard/8243357726/	Handsome and edible Shaggy Mane (Coprinus comatus) mushrooms on our driveway	311	
8150	687b1099-4a2b-4e92-905a-9fe4a9feb9d8	8243384770.jpg	/Users/seltmann/Documents/kummel/work/flickr_recovered_missing_media_20260730_150821/8243384770.jpg	yes	200	422613	https://live.staticflickr.com/8337/8243384770_2c166580de_c.jpg	https://www.flickr.com/photos/treebeard/8243384770/	Pale yellow mushrooms growing on a fallen tree - Sulfur Tuft aka Clustered Woodlover (Naematoloma fasciculare) or kin mushrooms?	338	
8151	14d9ed11-3d35-47a3-a0a3-c08f64bf75c2	8245203043.jpg	/Users/seltmann/Documents/kummel/work/flickr_recovered_missing_media_20260730_150821/8245203043.jpg	yes	200	562463	https://live.staticflickr.com/8483/8245203043_d03a7cbb13_c.jpg	https://www.flickr.com/photos/treebeard/8245203043/	Colony of Slime Molds (Myxomycetes or Myxogastria) on an oak leaf - maybe Diderma effusum	355	
8152	715d45e4-0e7f-4d5a-82d3-b492f94780fa	8245235077.jpg	/Users/seltmann/Documents/kummel/work/flickr_recovered_missing_media_20260730_150821/8245235077.jpg	yes	200	208456	https://live.staticflickr.com/8201/8245235077_a43fa51f46_b.jpg	https://www.flickr.com/photos/treebeard/8245235077/	Plasmodia of Slime Molds (Myxomycetes or Myxogastria) becoming gray fruiting bodies - maybe Diderma effusum	322	
8153	bf634fef-7592-4ca2-bc47-c2b009cf66ec	8245284999.jpg	/Users/seltmann/Documents/kummel/work/flickr_recovered_missing_media_20260730_150821/8245284999.jpg	yes	200	212644	https://live.staticflickr.com/8202/8245284999_0a196439fa_b.jpg	https://www.flickr.com/photos/treebeard/8245284999/	Crown of white plasmodia of Slime Molds (Myxomycetes or Myxogastria) on a fallen leaf - maybe Diderma effusum	264	
8154	dca5a2bb-256b-4dbc-a5e4-a72ac402a30d	8245395939.jpg	/Users/seltmann/Documents/kummel/work/flickr_recovered_missing_media_20260730_150821/8245395939.jpg	yes	200	177400	https://live.staticflickr.com/8203/8245395939_af58bcae6f_b.jpg	https://www.flickr.com/photos/treebeard/8245395939/	Beautiful cluster of plasmodia of Slime Molds (Myxomycetes or Myxogastria) - maybe Physarella oblongata	294	
8155	6dd8738f-b4f9-4b20-970e-975c49127282	8246231478.jpg	/Users/seltmann/Documents/kummel/work/flickr_recovered_missing_media_20260730_150821/8246231478.jpg	yes	200	380110	https://live.staticflickr.com/8483/8246231478_24580d2ded_c.jpg	https://www.flickr.com/photos/treebeard/8246231478/	Beautiful spiral shell of a native terrestrial Land Snail (Gastropoda)	297	
8156	b07d6e04-f007-46a9-b531-1d2fa7839cf8	8246390668.jpg	/Users/seltmann/Documents/kummel/work/flickr_recovered_missing_media_20260730_150821/8246390668.jpg	yes	200	537971	https://live.staticflickr.com/8063/8246390668_24cfd0fe2d_c.jpg	https://www.flickr.com/photos/treebeard/8246390668/	Fallen leaf covered with white plasmodia of Slime Molds (Myxomycetes or Myxogastria) - maybe Diderma effusum	308	
8157	ac73487b-58b4-4224-9547-046047582194	8246414146.jpg	/Users/seltmann/Documents/kummel/work/flickr_recovered_missing_media_20260730_150821/8246414146.jpg	yes	200	177738	https://live.staticflickr.com/8061/8246414146_212a51554a_b.jpg	https://www.flickr.com/photos/treebeard/8246414146/	Beautiful cluster of plasmodia of Slime Molds (Myxomycetes or Myxogastria) - maybe Physarella oblongata	243	
8158	2922b20e-bc8b-43f8-9c4b-0a1464e84920	8246481348.jpg	/Users/seltmann/Documents/kummel/work/flickr_recovered_missing_media_20260730_150821/8246481348.jpg	yes	200	565339	https://live.staticflickr.com/8061/8246481348_710db13abe_c.jpg	https://www.flickr.com/photos/treebeard/8246481348/	Large hand-sized Pacific Banana Slug (Ariolimax columbianus - or is it Ariolimax californicus?)	330	
8159	dc56b310-785b-4d28-a7fb-573933734a02	8247753051.jpg	/Users/seltmann/Documents/kummel/work/flickr_recovered_missing_media_20260730_150821/8247753051.jpg	yes	200	535119	https://live.staticflickr.com/8488/8247753051_fd8f5119ff_c.jpg	https://www.flickr.com/photos/treebeard/8247753051/	Mushrooms in the garden - Rufous Candy Cap (Lactarius rufulus)	384	
8160	d5c6a7fa-2159-43a1-85b4-d39df9cdd37f	8247770193.jpg	/Users/seltmann/Documents/kummel/work/flickr_recovered_missing_media_20260730_150821/8247770193.jpg	yes	200	146964	https://live.staticflickr.com/8337/8247770193_9f08157fdb_b.jpg	https://www.flickr.com/photos/treebeard/8247770193/	Heart-shaped Lentinellus ursinus mushroom in the Tricholomataceae on a fallen branch of Coast Live Oak (Quercus agrifolia, Fagaceae)	292	
8161	5c0a0310-eea5-429e-b35b-ff8be16bc146	8247808917.jpg	/Users/seltmann/Documents/kummel/work/flickr_recovered_missing_media_20260730_150821/8247808917.jpg	yes	200	203831	https://live.staticflickr.com/8063/8247808917_bd2fc5c255_b.jpg	https://www.flickr.com/photos/treebeard/8247808917/	Oak-Loving Collybia (Collybia dryophila) mushrooms under Coast Live Oak (Quercus agrifolia, Fagaceae)	312	
8162	c0afb0a5-a086-4bd2-b0ec-ff7da06872bd	8247854987.jpg	/Users/seltmann/Documents/kummel/work/flickr_recovered_missing_media_20260730_150821/8247854987.jpg	yes	200	382566	https://live.staticflickr.com/8350/8247854987_c49daa1c72_c.jpg	https://www.flickr.com/photos/treebeard/8247854987/	Candlesnuff Fungus (Xylaria hypoxylon or kin) - with raindrops	468	
8163	050e1faf-693f-46c2-9408-d1b07b708324	8247875403.jpg	/Users/seltmann/Documents/kummel/work/flickr_recovered_missing_media_20260730_150821/8247875403.jpg	yes	200	151214	https://live.staticflickr.com/8484/8247875403_2da35684b4_b.jpg	https://www.flickr.com/photos/treebeard/8247875403/	Rather small Pacific Banana Slug (Ariolimax columbianus - or Ariolimax californicus?) crawling over an oak leaf	315	
8164	312bb24d-69ce-48ed-ba82-af330e588ac5	8247912811.jpg	/Users/seltmann/Documents/kummel/work/flickr_recovered_missing_media_20260730_150821/8247912811.jpg	yes	200	336719	https://live.staticflickr.com/8339/8247912811_f0b25f5d05_c.jpg	https://www.flickr.com/photos/treebeard/8247912811/	The yellow Slime Molds (Myxomycetes or Myxogastria) I photographed yesterday - a day later	278	
8165	a6705bc8-9b38-45a2-b506-2e60be623d3f	8247957611.jpg	/Users/seltmann/Documents/kummel/work/flickr_recovered_missing_media_20260730_150821/8247957611.jpg	yes	200	179229	https://live.staticflickr.com/8478/8247957611_50e197efcb_b.jpg	https://www.flickr.com/photos/treebeard/8247957611/	Beautiful plasmodia of Slime Molds (Myxomycetes or Myxogastria) - maybe Physarella oblongata	296	
8166	1bb10b9e-6a09-4c18-a254-08d58e9f180a	8249047608.jpg	/Users/seltmann/Documents/kummel/work/flickr_recovered_missing_media_20260730_150821/8249047608.jpg	yes	200	433677	https://live.staticflickr.com/8200/8249047608_2a08585bf9_c.jpg	https://www.flickr.com/photos/treebeard/8249047608/	Honey Mushrooms (Armillariella mellea) have become a mass of maggots of Drosophilid Flies (Drosophilidae, Diptera)	354	
8167	56c8e757-eded-429a-8965-e8c097061d3c	8250438383.jpg	/Users/seltmann/Documents/kummel/work/flickr_recovered_missing_media_20260730_150821/8250438383.jpg	yes	200	219413	https://live.staticflickr.com/8059/8250438383_135266456c_b.jpg	https://www.flickr.com/photos/treebeard/8250438383/	Large, satisfying Cortinarius mushroom in the woods today - maybe Cortinarius regalis?	720	
8168	b3608c2e-1050-4357-b6cd-e30c2dcb6eb2	8250491129.jpg	/Users/seltmann/Documents/kummel/work/flickr_recovered_missing_media_20260730_150821/8250491129.jpg	yes	200	202390	https://live.staticflickr.com/8207/8250491129_52f442e794_b.jpg	https://www.flickr.com/photos/treebeard/8250491129/	Agaricus mushrooms with grass-like Roundfruit Sedge (Carex globosa, Cyperaceae) - maybe Agaricus hondensis, yech!	286	
8169	cce2a53a-8962-4911-adaf-c135a4812cb4	8250552931.jpg	/Users/seltmann/Documents/kummel/work/flickr_recovered_missing_media_20260730_150821/8250552931.jpg	yes	200	131259	https://live.staticflickr.com/8199/8250552931_4f20d8b0ee_b.jpg	https://www.flickr.com/photos/treebeard/8250552931/	Mycena acicula mushrooms on oak wood - only a millimeter or two across	276	
8170	3f0ee524-815d-4ab9-b669-009f7612f315	8250633345.jpg	/Users/seltmann/Documents/kummel/work/flickr_recovered_missing_media_20260730_150821/8250633345.jpg	yes	200	447203	https://live.staticflickr.com/8199/8250633345_08dcb8cbb0_c.jpg	https://www.flickr.com/photos/treebeard/8250633345/	Ripening fruiting bodies of a Stemonitis slime mold (Myxomycetes or Myxogastria) on a fallen Coast Live Oak (Quercus agrifolia, Fagaceae) tree	330	
8171	1593054e-3b60-4594-a249-e6a771a04b27	8250650539.jpg	/Users/seltmann/Documents/kummel/work/flickr_recovered_missing_media_20260730_150821/8250650539.jpg	yes	200	222847	https://live.staticflickr.com/8338/8250650539_ae6e0eccc5_b.jpg	https://www.flickr.com/photos/treebeard/8250650539/	Neat sporangia of a genus Physarum slime mold, and maybe a Stemonitis plasmodium in the upper right?	308	
8172	06196db5-a6b5-4b68-9443-96b00ccc58af	8251653088.jpg	/Users/seltmann/Documents/kummel/work/flickr_recovered_missing_media_20260730_150821/8251653088.jpg	yes	200	446786	https://live.staticflickr.com/8207/8251653088_818593af1d_c.jpg	https://www.flickr.com/photos/treebeard/8251653088/	Lycogala epidendrum slime molds on a fallen Coast Live Oak (Quercus agrifolia, Fagaceae)	334	
8173	949f3ff3-12ef-4473-8855-e79583f4bbcb	8251672572.jpg	/Users/seltmann/Documents/kummel/work/flickr_recovered_missing_media_20260730_150821/8251672572.jpg	yes	200	217291	https://live.staticflickr.com/8485/8251672572_b679433863_b.jpg	https://www.flickr.com/photos/treebeard/8251672572/	Odd fruiting bodies of a Stemonitis slime mold (Myxomycetes or Myxogastria) on a fallen Coast Live Oak (Quercus agrifolia, Fagaceae) tree	306	
8174	91ebc4d2-c86f-4610-a377-4fb67b6efb35	8251761646.jpg	/Users/seltmann/Documents/kummel/work/flickr_recovered_missing_media_20260730_150821/8251761646.jpg	yes	200	127552	https://live.staticflickr.com/8486/8251761646_1f9142bf33_b.jpg	https://www.flickr.com/photos/treebeard/8251761646/	Tiny sporangia of a Physarum slime mold (Myxomycetes or Myxogastria) on a fallen Coast Live Oak (Quercus agrifolia, Fagaceae)	62	
8175	3d85c6d5-76d1-4a6c-86b6-6efb44fc1681	8253004093.jpg	/Users/seltmann/Documents/kummel/work/flickr_recovered_missing_media_20260730_150821/8253004093.jpg	yes	200	439804	https://live.staticflickr.com/8355/8253004093_201cced620_c.jpg	https://www.flickr.com/photos/treebeard/8253004093/	Some kind of white Hygrophorus mushroom in the woods, growing on dead wood	339	
8176	a6d63c9f-e497-4a0d-8a47-579e8592556e	8254036744.jpg	/Users/seltmann/Documents/kummel/work/flickr_recovered_missing_media_20260730_150821/8254036744.jpg	yes	200	213112	https://live.staticflickr.com/8218/8254036744_0dbcdd52e9_b.jpg	https://www.flickr.com/photos/treebeard/8254036744/	Psathyrella longipesor kin mushrooms in the dark-spored Coprinaceae family	350	
8177	f369e96e-3139-4a6f-9bfd-e261cde93e9d	8254102968.jpg	/Users/seltmann/Documents/kummel/work/flickr_recovered_missing_media_20260730_150821/8254102968.jpg	yes	200	432327	https://live.staticflickr.com/8340/8254102968_ca33c0136f_c.jpg	https://www.flickr.com/photos/treebeard/8254102968/	Some kind of Psathyrella mushrooms in the dark-spored Coprinaceae family	351	
8178	46ef0ebe-c1b5-431f-a9c8-548caebb51bb	8254134502.jpg	/Users/seltmann/Documents/kummel/work/flickr_recovered_missing_media_20260730_150821/8254134502.jpg	yes	200	368430	https://live.staticflickr.com/8498/8254134502_9aba429318_c.jpg	https://www.flickr.com/photos/treebeard/8254134502/	Tiny lime-encrusted sporangia Physarum slime molds (Myxomycetes or Myxogastria) on native California Brome (Bromus carinatus, Poaceae) grass	263	
8179	36545fd1-fc26-4c7e-964a-1df14a4ef463	8254185426.jpg	/Users/seltmann/Documents/kummel/work/flickr_recovered_missing_media_20260730_150821/8254185426.jpg	yes	200	470868	https://live.staticflickr.com/8069/8254185426_75e54a81bd_c.jpg	https://www.flickr.com/photos/treebeard/8254185426/	Electric white growth of a fungus growing over a leaf of Coast Live Oak (Quercus agrifolia, Fagaceae)	317	
8180	df07248b-8284-446a-96ca-ffd6d29fa28c	8254214516.jpg	/Users/seltmann/Documents/kummel/work/flickr_recovered_missing_media_20260730_150821/8254214516.jpg	yes	200	411782	https://live.staticflickr.com/8203/8254214516_4c8631c082_c.jpg	https://www.flickr.com/photos/treebeard/8254214516/	"Micro-world of tiny Fairy Hair (Macrotyphula juncea) ""mushrooms"" growing from oak leaves"	305	
8181	6e454f51-d1cd-46c1-b522-dc2039f7c90a	8255611689.jpg	/Users/seltmann/Documents/kummel/work/flickr_recovered_missing_media_20260730_150821/8255611689.jpg	yes	200	93314	https://live.staticflickr.com/8212/8255611689_fd74225c26_b.jpg	https://www.flickr.com/photos/treebeard/8255611689/	Tiny mushroom in the woods on Coast Live Oak (Quercus agrifolia) leaf	250	
8182	bdcbfb8e-3ace-423c-940c-0f60460abccc	8255629787.jpg	/Users/seltmann/Documents/kummel/work/flickr_recovered_missing_media_20260730_150821/8255629787.jpg	yes	200	232124	https://live.staticflickr.com/8210/8255629787_55bed0eabe_b.jpg	https://www.flickr.com/photos/treebeard/8255629787/	Slime Mold (Myxomycetes or Myxogastria) sporangia on fallen leaves of Coast Live Oak (Quercus agrifolia)	264	
8183	a09f985d-cc4f-4ee5-9f18-a6a1699742c4	8255704309.jpg	/Users/seltmann/Documents/kummel/work/flickr_recovered_missing_media_20260730_150821/8255704309.jpg	yes	200	192784	https://live.staticflickr.com/8362/8255704309_32010fed0b_b.jpg	https://www.flickr.com/photos/treebeard/8255704309/	Ripe sorangia of Slime Molds (Myxomycetes or Myxogastria) growing on wood of Coast Live Oak (Quercus agrifolia) tree	279	
8184	91be1ec8-4aa2-4b23-8444-698e3d472ce5	8255768625.jpg	/Users/seltmann/Documents/kummel/work/flickr_recovered_missing_media_20260730_150821/8255768625.jpg	yes	200	135493	https://live.staticflickr.com/8362/8255768625_091264d979_b.jpg	https://www.flickr.com/photos/treebeard/8255768625/	Still-streaming plasmodia of a Slime Mold (Myxomycetes or Myxogastria) on dead wood of Coast Live Oak (Quercus agrifolia, Fagaceae)	285	
8185	a0a64134-fce7-4d2b-8392-561466967e51	8255894699.jpg	/Users/seltmann/Documents/kummel/work/flickr_recovered_missing_media_20260730_150821/8255894699.jpg	yes	200	183930	https://live.staticflickr.com/8502/8255894699_77077f89ba_b.jpg	https://www.flickr.com/photos/treebeard/8255894699/	Plasmodia and fruiting bodies of a Slime Mold (Myxomycetes or Myxogastria) on dead Coast Live Oak (Quercus agrifolia) - I believe Ceratiomyxa fruticulosa	347	
8186	7a05f89e-1fcb-4728-bb4e-5a2a43da2b44	8256739776.jpg	/Users/seltmann/Documents/kummel/work/flickr_recovered_missing_media_20260730_150821/8256739776.jpg	yes	200	343433	https://live.staticflickr.com/8076/8256739776_10820d8ea5_c.jpg	https://www.flickr.com/photos/treebeard/8256739776/	Sporangia of Slime Molds (Myxomycetes or Myxogastria) growing on dead wood - genus Stemonitis	376	
8187	47e31730-1315-4238-8254-7c368fe75695	8256876762.jpg	/Users/seltmann/Documents/kummel/work/flickr_recovered_missing_media_20260730_150821/8256876762.jpg	yes	200	167561	https://live.staticflickr.com/8082/8256876762_49e2e1aaae_b.jpg	https://www.flickr.com/photos/treebeard/8256876762/	Ripe sporangia of Slime Molds (Myxomycetes or Myxogastria) on dead Coast Live Oak (Quercus agrifolia)	279	
8188	992ea693-0297-4758-b0b6-48d6e2a0b32e	8256905604.jpg	/Users/seltmann/Documents/kummel/work/flickr_recovered_missing_media_20260730_150821/8256905604.jpg	yes	200	446282	https://live.staticflickr.com/8082/8256905604_e8d7b9647d_c.jpg	https://www.flickr.com/photos/treebeard/8256905604/	Fruiting bodies of a Slime Mold (Myxomycetes or Myxogastria) on dead Coast Live Oak (Quercus agrifolia) - I believe Ceratiomyxa fruticulosa	321	
8189	de71df7b-9022-431c-a733-036fe79038a0	8258748895.jpg	/Users/seltmann/Documents/kummel/work/flickr_recovered_missing_media_20260730_150821/8258748895.jpg	yes	200	515546	https://live.staticflickr.com/8489/8258748895_e306615382_c.jpg	https://www.flickr.com/photos/treebeard/8258748895/	More sporangia of Slime Molds (Myxomycetes or Myxogastria) on Coast Live Oak (Quercus agrifolia, Fagaceae) - different or the same?	338	
8190	ffc7807d-8ffc-4815-a557-f396bff32b98	8259783000.jpg	/Users/seltmann/Documents/kummel/work/flickr_recovered_missing_media_20260730_150821/8259783000.jpg	yes	200	349501	https://live.staticflickr.com/8075/8259783000_31a5f0c88c_c.jpg	https://www.flickr.com/photos/treebeard/8259783000/	More still-streaming plasmodia of Slime Molds (Myxomycetes or Myxogastria) on Coast Live Oak (Quercus agrifolia, Fagaceae)	287	
8191	2e7b8e90-99ce-405f-8392-510f94f5b807	8259866286.jpg	/Users/seltmann/Documents/kummel/work/flickr_recovered_missing_media_20260730_150821/8259866286.jpg	yes	200	197176	https://live.staticflickr.com/8485/8259866286_e340be72c0_b.jpg	https://www.flickr.com/photos/treebeard/8259866286/	Agaricus mushrooms in the woods - maybe the yellow-staining Woodland Agaricus (Agaricus silvicola) or kin?	336	
8192	25cc5622-72b8-464f-bba5-98edd4229071	8259921194.jpg	/Users/seltmann/Documents/kummel/work/flickr_recovered_missing_media_20260730_150821/8259921194.jpg	yes	200	181340	https://live.staticflickr.com/8219/8259921194_d077ee1975_b.jpg	https://www.flickr.com/photos/treebeard/8259921194/	Potato-like Dark Puffball (Lycoperdon foetidum) mushroom	285	
8193	d8217b9b-b4af-4823-8d3c-ecfb043c420d	8259973426.jpg	/Users/seltmann/Documents/kummel/work/flickr_recovered_missing_media_20260730_150821/8259973426.jpg	yes	200	107276	https://live.staticflickr.com/8199/8259973426_d5e2291964_b.jpg	https://www.flickr.com/photos/treebeard/8259973426/	Ripe berries of locally uncommon native Wild Huckleberry (Vaccinium ovatum, Ericaceae)	292	
8194	46fddee7-e9ba-4707-a125-58f301cb677f	8260034330.jpg	/Users/seltmann/Documents/kummel/work/flickr_recovered_missing_media_20260730_150821/8260034330.jpg	yes	200	254631	https://live.staticflickr.com/8059/8260034330_c93ffafe10_b.jpg	https://www.flickr.com/photos/treebeard/8260034330/	Ripe berries of beautiful native Madrone (Arbutus menziesii, Ericaceae) tree	288	
8195	7ad0745c-d9fc-4066-9843-823e7c26d025	8260068314.jpg	/Users/seltmann/Documents/kummel/work/flickr_recovered_missing_media_20260730_150821/8260068314.jpg	yes	200	127050	https://live.staticflickr.com/8502/8260068314_871c76aeaf_b.jpg	https://www.flickr.com/photos/treebeard/8260068314/	"Remarkable ""Many-Plume  Moth"" (Alucitidae, Lepidoptera) - probably Alucita montana"	337	
8196	1082b87c-c1ab-45cb-a500-c93b557322aa	8260148602.jpg	/Users/seltmann/Documents/kummel/work/flickr_recovered_missing_media_20260730_150821/8260148602.jpg	yes	200	473154	https://live.staticflickr.com/8480/8260148602_d5c06d49bd_c.jpg	https://www.flickr.com/photos/treebeard/8260148602/	Tiny fly (Diptera) - Fungus Gnat (Mycetophilidae)? - near Yellow Fairy Cups (Bisporella citrina or kin) mushrooms	292	
8197	23b63836-1efe-4a24-b3db-a8feb4d81605	8262149667.jpg	/Users/seltmann/Documents/kummel/work/flickr_recovered_missing_media_20260730_150821/8262149667.jpg	yes	200	266313	https://live.staticflickr.com/8060/8262149667_a6c24869ff_b.jpg	https://www.flickr.com/photos/treebeard/8262149667/	Dark Puffball (Lycoperdon foetidum) mushrooms in the woods	340	
8198	b9a2d663-6950-4c93-9437-5285de706e8b	8262192393.jpg	/Users/seltmann/Documents/kummel/work/flickr_recovered_missing_media_20260730_150821/8262192393.jpg	yes	200	244791	https://live.staticflickr.com/8198/8262192393_49d359c98a_b.jpg	https://www.flickr.com/photos/treebeard/8262192393/	Ripe berries of native Toyon (Heteromeles arbutifolia, Rosaceae)	280	
8199	42aba4b7-b9a2-4a11-9e21-071e04bfd410	8262241373.jpg	/Users/seltmann/Documents/kummel/work/flickr_recovered_missing_media_20260730_150821/8262241373.jpg	yes	200	347605	https://live.staticflickr.com/8496/8262241373_38e2c16d31_c.jpg	https://www.flickr.com/photos/treebeard/8262241373/	Really tiny Thrips (maybe Aeolothrips, Aeolothripidae, Thysanoptera) on a blushing new flower of Bigberry Manzanita (Arctostaphylos glauca, Ericaceae)	447	
8200	a8aa7bf2-d60a-4fcf-9fcd-99b1834e0859	8263095938.jpg	/Users/seltmann/Documents/kummel/work/flickr_recovered_missing_media_20260730_150821/8263095938.jpg	yes	200	349738	https://live.staticflickr.com/8359/8263095938_96b9e25780_c.jpg	https://www.flickr.com/photos/treebeard/8263095938/	WTF - probably the shell of a Gall-like Scale Insect (Kermesidae, Coccoidea, Homoptera), with parasite holes?	299	
8201	5d7110cd-cbbf-4067-a9a2-6adf2ca70c22	8263136166.jpg	/Users/seltmann/Documents/kummel/work/flickr_recovered_missing_media_20260730_150821/8263136166.jpg	yes	200	562233	https://live.staticflickr.com/8211/8263136166_ccb19b8ffa_c.jpg	https://www.flickr.com/photos/treebeard/8263136166/	"""Little Brown Mushrooms"" on well-rotted wood of Coast Live Oak (Quercus agrifolia)- maybe Galerina?"	375	
8202	22c26853-cb78-4d6e-b37a-58cbb95fa5f4	8263193566.jpg	/Users/seltmann/Documents/kummel/work/flickr_recovered_missing_media_20260730_150821/8263193566.jpg	yes	200	176612	https://live.staticflickr.com/8080/8263193566_10b63efdd8_b.jpg	https://www.flickr.com/photos/treebeard/8263193566/	Rodent nibbles on this potato-like Dark Puffball (Lycoperdon foetidum) mushroom	245	
8203	1dc61697-95de-4bb5-8fc6-273b16607046	8263275522.jpg	/Users/seltmann/Documents/kummel/work/flickr_recovered_missing_media_20260730_150821/8263275522.jpg	yes	200	133829	https://live.staticflickr.com/8063/8263275522_cfb35b6d01_b.jpg	https://www.flickr.com/photos/treebeard/8263275522/	New flowers of Chaparral Currant (Ribes malvaceum, Grossulariaceae)	313	
8204	8894e675-aefe-4ecd-b9e3-f53b7c1402a5	8263356742.jpg	/Users/seltmann/Documents/kummel/work/flickr_recovered_missing_media_20260730_150821/8263356742.jpg	yes	200	132605	https://live.staticflickr.com/8060/8263356742_919ef7c859_b.jpg	https://www.flickr.com/photos/treebeard/8263356742/	Blushing new flowers of Bigberry Manzanita (Arctostaphylos glauca, Ericaceae) - with thrips	300	
8205	2a7a377c-7e9b-4e6c-989d-99492de29805	8264997743.jpg	/Users/seltmann/Documents/kummel/work/flickr_recovered_missing_media_20260730_150821/8264997743.jpg	yes	200	223481	https://live.staticflickr.com/8340/8264997743_a43916a044_b.jpg	https://www.flickr.com/photos/treebeard/8264997743/	Agaricus mushrooms in the woods - maybe edible, maybe not!	282	
8206	cc6b2890-335a-405d-83fa-d2d438f81050	8265060903.jpg	/Users/seltmann/Documents/kummel/work/flickr_recovered_missing_media_20260730_150821/8265060903.jpg	yes	200	217115	https://live.staticflickr.com/8501/8265060903_5e326ecfe2_b.jpg	https://www.flickr.com/photos/treebeard/8265060903/	I guess these are odd Sessile Earthstar (Geastrum saccatum or kin) mushrooms	305	
8207	e56f1574-ab23-4b54-98aa-1a099456f178	8265127943.jpg	/Users/seltmann/Documents/kummel/work/flickr_recovered_missing_media_20260730_150821/8265127943.jpg	yes	200	158028	https://live.staticflickr.com/8481/8265127943_9063fa0085_b.jpg	https://www.flickr.com/photos/treebeard/8265127943/	New flowers of Bigberry Manzanita (Arctostaphylos glauca, Ericaceae) - with thrips	297	
8208	4e853fc0-b13e-47a8-b4cf-47670184e0e0	8265153519.jpg	/Users/seltmann/Documents/kummel/work/flickr_recovered_missing_media_20260730_150821/8265153519.jpg	yes	200	143783	https://live.staticflickr.com/8068/8265153519_59bdb1ff41_b.jpg	https://www.flickr.com/photos/treebeard/8265153519/	Wild Bee (Anthophila aka Apoidae, Hymenoptera) working new flowers of Bigberry Manzanita (Arctostaphylos glauca, Ericaceae) - with Thrips (Thysanoptera)	297	
8209	f4871b34-93e1-4603-9045-ca814f7dc6c0	8265261035.jpg	/Users/seltmann/Documents/kummel/work/flickr_recovered_missing_media_20260730_150821/8265261035.jpg	yes	200	407332	https://live.staticflickr.com/8344/8265261035_0868ee762f_c.jpg	https://www.flickr.com/photos/treebeard/8265261035/	New flower catkins of native Veatch Silk-Tassel (Garrya veatchii, Garryaceae)	384	
8210	b12a11d0-5c3a-43e4-b38e-762e11c8a515	8266035746.jpg	/Users/seltmann/Documents/kummel/work/flickr_recovered_missing_media_20260730_150821/8266035746.jpg	yes	200	336586	https://live.staticflickr.com/8069/8266035746_aa472e32b6_c.jpg	https://www.flickr.com/photos/treebeard/8266035746/	Very tiny Mycena acicula (or kin) mushroom growing from a wood chip	399	
8211	fb2e7ad6-a1be-4556-8fc7-08113b809a5c	8266101698.jpg	/Users/seltmann/Documents/kummel/work/flickr_recovered_missing_media_20260730_150821/8266101698.jpg	yes	200	215462	https://live.staticflickr.com/8482/8266101698_3c7044f374_b.jpg	https://www.flickr.com/photos/treebeard/8266101698/	Hygrophanous caps of dark-spored Psathyrella mushrooms - maybe Clustered Psathyella (Psathyrella hydrophila)?	331	
8212	71287ebc-e597-435a-9e0a-1a213aa25506	8266281104.jpg	/Users/seltmann/Documents/kummel/work/flickr_recovered_missing_media_20260730_150821/8266281104.jpg	yes	200	124478	https://live.staticflickr.com/8063/8266281104_c1cbb1b468_b.jpg	https://www.flickr.com/photos/treebeard/8266281104/	New flowers of native Veatch Silk-Tassel (Garrya veatchii, Garryaceae) starting to open	272	
8213	77171945-27a7-413c-91e4-882504086493	8270413697.jpg	/Users/seltmann/Documents/kummel/work/flickr_recovered_missing_media_20260730_150821/8270413697.jpg	yes	200	131640	https://live.staticflickr.com/8341/8270413697_e9f371324f_b.jpg	https://www.flickr.com/photos/treebeard/8270413697/	Slime molds (Myxomycetes or Myxogastria) on fallen oak leaves - maybe Badhamia utricularis?	279	
8214	21ecd543-b30a-4fa9-a401-a52f4c2ce2bf	8270511498.jpg	/Users/seltmann/Documents/kummel/work/flickr_recovered_missing_media_20260730_150821/8270511498.jpg	yes	200	175143	https://live.staticflickr.com/8081/8270511498_2344ef49ed_b.jpg	https://www.flickr.com/photos/treebeard/8270511498/	Lichens growing on a twig of Canyon Live Oak (Quercus chrysolepis, Fagaceae)	271	
8215	914978f0-ed7e-4a4c-9752-4a00a4f9a563	8271371268.jpg	/Users/seltmann/Documents/kummel/work/flickr_recovered_missing_media_20260730_150821/8271371268.jpg	yes	200	500919	https://live.staticflickr.com/8062/8271371268_f641bed491_c.jpg	https://www.flickr.com/photos/treebeard/8271371268/	Edible and delicious Blewit (Clitocybe nuda) mushrooms - but beware look-alikes!	307	
8216	d020d024-53b5-499e-99d3-86de1356ecef	8271417968.jpg	/Users/seltmann/Documents/kummel/work/flickr_recovered_missing_media_20260730_150821/8271417968.jpg	yes	200	429790	https://live.staticflickr.com/8352/8271417968_3e930b0dd0_c.jpg	https://www.flickr.com/photos/treebeard/8271417968/	Dark-spored Inky Cap (genus Coprinus) mushroom	392	
8217	210299fb-632e-471a-a118-ecfbd1803682	8271544260.jpg	/Users/seltmann/Documents/kummel/work/flickr_recovered_missing_media_20260730_150821/8271544260.jpg	yes	200	207068	https://live.staticflickr.com/8219/8271544260_e0f02b3b54_b.jpg	https://www.flickr.com/photos/treebeard/8271544260/	Lycogala epidendrum slime molds (Myxomycetes or Myxogastria) on oak leaves	284	
8218	41005c2c-0358-4a53-8ea4-097c44e7959d	8271585156.jpg	/Users/seltmann/Documents/kummel/work/flickr_recovered_missing_media_20260730_150821/8271585156.jpg	yes	200	210316	https://live.staticflickr.com/8490/8271585156_8c7a569458_b.jpg	https://www.flickr.com/photos/treebeard/8271585156/	Lycogala epidendrum slime molds (Myxomycetes or Myxogastria) on oak leaves	286	
8219	f1a93030-d2d5-485f-acb4-cfe9e29677e1	8271606992.jpg	/Users/seltmann/Documents/kummel/work/flickr_recovered_missing_media_20260730_150821/8271606992.jpg	yes	200	142023	https://live.staticflickr.com/8204/8271606992_4c6e78280f_b.jpg	https://www.flickr.com/photos/treebeard/8271606992/	Cellular mass of Slime Molds (Myxomycetes or Myxogastria) living up to their name - maybe genus Stemonitis	383	
8220	9c1c0e2f-7684-4929-a2ef-060890308805	8271676592.jpg	/Users/seltmann/Documents/kummel/work/flickr_recovered_missing_media_20260730_150821/8271676592.jpg	yes	200	105235	https://live.staticflickr.com/8493/8271676592_9bbbd94a55_b.jpg	https://www.flickr.com/photos/treebeard/8271676592/	Bubbly mass of Slime Molds (Myxomycetes or Myxogastria) on dead wood - maybe genus Stemonitis	289	
8221	3b012aa1-a132-405a-a49a-be443671b4c5	8272878947.jpg	/Users/seltmann/Documents/kummel/work/flickr_recovered_missing_media_20260730_150821/8272878947.jpg	yes	200	170621	https://live.staticflickr.com/8072/8272878947_939d25feac_b.jpg	https://www.flickr.com/photos/treebeard/8272878947/	Beautiful cluster of Psathyrella longipes (or kin) mushrooms in the dark-spored Coprinaceae family	318	
8222	5c22e627-a4b9-4e6d-bf0f-d52b598f470f	8272910815.jpg	/Users/seltmann/Documents/kummel/work/flickr_recovered_missing_media_20260730_150821/8272910815.jpg	yes	200	438692	https://live.staticflickr.com/8082/8272910815_98b48ea208_c.jpg	https://www.flickr.com/photos/treebeard/8272910815/	Lepiota mushrooms look like the Shaggy-Stalked Parasol (Lepiota clypeolaria)	268	
8223	6defb677-44e9-4adc-8479-36f7ed69b8b0	8273048531.jpg	/Users/seltmann/Documents/kummel/work/flickr_recovered_missing_media_20260730_150821/8273048531.jpg	yes	200	428942	https://live.staticflickr.com/8345/8273048531_a260a49079_c.jpg	https://www.flickr.com/photos/treebeard/8273048531/	Sporangia of Slime Molds (Stemonitis, Myxomycetes or Myxogastria)	341	
8224	91879c9f-8378-4411-9931-8a8ce38af9d8	8273078337.jpg	/Users/seltmann/Documents/kummel/work/flickr_recovered_missing_media_20260730_150821/8273078337.jpg	yes	200	206638	https://live.staticflickr.com/8358/8273078337_0f936ef74f_b.jpg	https://www.flickr.com/photos/treebeard/8273078337/	Streaming plasmodium of a Slime Mold (Myxomycetes or Myxogastria) on dead wood	283	
8225	7d88dd58-4ea8-45cc-beb0-a4d1dc37e529	8273109615.jpg	/Users/seltmann/Documents/kummel/work/flickr_recovered_missing_media_20260730_150821/8273109615.jpg	yes	200	110698	https://live.staticflickr.com/8057/8273109615_f405f69df0_b.jpg	https://www.flickr.com/photos/treebeard/8273109615/	Plasmodium streaming into new sporangia of a Slime Mold (Myxomycetes or Myxogastria) on dead wood	316	
8226	62b6e110-c3ff-46ce-818f-363b0d6a9143	8273934626.jpg	/Users/seltmann/Documents/kummel/work/flickr_recovered_missing_media_20260730_150821/8273934626.jpg	yes	200	152618	https://live.staticflickr.com/8221/8273934626_7805d53450_b.jpg	https://www.flickr.com/photos/treebeard/8273934626/	Beautiful cluster of Oak-Loving Collybia (Collybia dryophila) mushrooms	274	
8227	008bbee3-8fde-42d1-9f72-cd067df8ece3	8274015878.jpg	/Users/seltmann/Documents/kummel/work/flickr_recovered_missing_media_20260730_150821/8274015878.jpg	yes	200	298604	https://live.staticflickr.com/8079/8274015878_3c59d2d05e_b.jpg	https://www.flickr.com/photos/treebeard/8274015878/	Liverwort (Marchantiophyta) plant in the canyon - maybe the California Liverwort (Asterella californica), with gemmae	293	
8228	8661c718-0c03-44e2-8ec8-5b302b3fb8c9	8274045310.jpg	/Users/seltmann/Documents/kummel/work/flickr_recovered_missing_media_20260730_150821/8274045310.jpg	yes	200	508527	https://live.staticflickr.com/8072/8274045310_c68b52f1ed_c.jpg	https://www.flickr.com/photos/treebeard/8274045310/	Ripe sporangia of Slime Molds (Stemonitis, Myxomycetes or Myxogastria)	287	
8229	91ba1bb2-2461-4dec-b20d-f4c947442d41	8275532771.jpg	/Users/seltmann/Documents/kummel/work/flickr_recovered_missing_media_20260730_150821/8275532771.jpg	yes	200	503507	https://live.staticflickr.com/8073/8275532771_8982a9af23_c.jpg	https://www.flickr.com/photos/treebeard/8275532771/	Pretty yellow Bolbitius vitellinus mushrooms along our driveway - here today and gone tomorrow	291	
8230	6bf802fa-7a81-49b7-b728-eeb7d6c9fafb	8275674613.jpg	/Users/seltmann/Documents/kummel/work/flickr_recovered_missing_media_20260730_150821/8275674613.jpg	yes	200	231291	https://live.staticflickr.com/8213/8275674613_404e12a840_b.jpg	https://www.flickr.com/photos/treebeard/8275674613/	Pyxie Cup Lichens (genus Cladonia) growing on sandstone	332	
8231	5163ded2-113f-4261-b341-a487ee885b62	8275732837.jpg	/Users/seltmann/Documents/kummel/work/flickr_recovered_missing_media_20260730_150821/8275732837.jpg	yes	200	231388	https://live.staticflickr.com/8201/8275732837_00acbf166e_b.jpg	https://www.flickr.com/photos/treebeard/8275732837/	Liverwort (Marchantiophyta) plants - maybe the California Liverwort (Asterella californica) - showing sporophytes	261	
8232	68cc64b2-4fbc-414e-9b05-2186872032f3	8275800189.jpg	/Users/seltmann/Documents/kummel/work/flickr_recovered_missing_media_20260730_150821/8275800189.jpg	yes	200	146537	https://live.staticflickr.com/8489/8275800189_6497996758_b.jpg	https://www.flickr.com/photos/treebeard/8275800189/	Native terrestrial Land Snail (Gastropoda) in the woods - maybe genus Helminthoglypta?	278	
8233	06aefd04-2ad7-4abd-8f24-90cae01e8706	8276579720.jpg	/Users/seltmann/Documents/kummel/work/flickr_recovered_missing_media_20260730_150821/8276579720.jpg	yes	200	166524	https://live.staticflickr.com/8499/8276579720_9f16ccb45b_b.jpg	https://www.flickr.com/photos/treebeard/8276579720/	Streaming plasmodium of a diferent Slime Mold (Myxomycetes or Myxogastria) on dead wood	297	
8234	74b55212-efa7-4ca5-9b75-aad34adc276f	8276671238.jpg	/Users/seltmann/Documents/kummel/work/flickr_recovered_missing_media_20260730_150821/8276671238.jpg	yes	200	235344	https://live.staticflickr.com/8204/8276671238_d9d5ab7f1b_b.jpg	https://www.flickr.com/photos/treebeard/8276671238/	"""Little Brown Mushrooms"" - LBMs - probably Tubaria furfuracea"	318	
8235	98987851-d3bf-4c60-a584-3c4b8e954b61	8276695320.jpg	/Users/seltmann/Documents/kummel/work/flickr_recovered_missing_media_20260730_150821/8276695320.jpg	yes	200	240453	https://live.staticflickr.com/8350/8276695320_c975726174_b.jpg	https://www.flickr.com/photos/treebeard/8276695320/	Earthstar (Astraeus hygrometricus) fungus under Coast Live Oak (Quercus agrifolia)	270	
8236	bdaccba8-75e0-49dd-a839-bc906b381c03	8276821326.jpg	/Users/seltmann/Documents/kummel/work/flickr_recovered_missing_media_20260730_150821/8276821326.jpg	yes	200	169790	https://live.staticflickr.com/8501/8276821326_91a060c25f_b.jpg	https://www.flickr.com/photos/treebeard/8276821326/	Large hand-sized Pacific Banana Slug (Ariolimax columbianus or Ariolimax californicus) prowling through the woods	277	
8237	13c0587f-94fd-4ab1-9d37-5f31f04e1193	8278733965.jpg	/Users/seltmann/Documents/kummel/work/flickr_recovered_missing_media_20260730_150821/8278733965.jpg	yes	200	297998	https://live.staticflickr.com/8357/8278733965_de990d066c_b.jpg	https://www.flickr.com/photos/treebeard/8278733965/	A different Cladonia lichen growing on sandstone	349	
8238	27f4f468-060f-46e8-9f9c-b1c34e5bf1b5	8278825289.jpg	/Users/seltmann/Documents/kummel/work/flickr_recovered_missing_media_20260730_150821/8278825289.jpg	yes	200	411659	https://live.staticflickr.com/8075/8278825289_8546337c2c_c.jpg	https://www.flickr.com/photos/treebeard/8278825289/	Dark-spored Inky Cap (Coprinus) mushroom - Woolly Inky Cap (Coprinus lagopus or kin)	418	
8239	4543f72b-5848-425e-bf74-fae5e40e58e5	8278896911.jpg	/Users/seltmann/Documents/kummel/work/flickr_recovered_missing_media_20260730_150821/8278896911.jpg	yes	200	185981	https://live.staticflickr.com/8362/8278896911_2be3b58c80_b.jpg	https://www.flickr.com/photos/treebeard/8278896911/	White gills, but I believe they are pink-spored Pluteus petasatus mushrooms	315	
8240	c1476784-a2ed-4839-a32f-72bedee8a186	8278926643.jpg	/Users/seltmann/Documents/kummel/work/flickr_recovered_missing_media_20260730_150821/8278926643.jpg	yes	200	185545	https://live.staticflickr.com/8339/8278926643_73bf045e71_b.jpg	https://www.flickr.com/photos/treebeard/8278926643/	Pink-spored Pluteus petasatus mushrooms on dead oak wood in the woods	338	
8241	97763d37-4c4c-41b4-b676-3ecf16e35531	8279549604.jpg	/Users/seltmann/Documents/kummel/work/flickr_recovered_missing_media_20260730_150821/8279549604.jpg	yes	200	140117	https://live.staticflickr.com/8076/8279549604_886df870de_b.jpg	https://www.flickr.com/photos/treebeard/8279549604/	"""Gelatinous blob"" of Witch's Butter (Tremella mesenterica), a Jelly Fungus (Tremelliales)"	318	
8242	675acbc5-044c-441f-96ed-c807f4de1f8d	8279602352.jpg	/Users/seltmann/Documents/kummel/work/flickr_recovered_missing_media_20260730_150821/8279602352.jpg	yes	200	251190	https://live.staticflickr.com/8488/8279602352_016c3c3c4f_b.jpg	https://www.flickr.com/photos/treebeard/8279602352/	Mystery reddish-staining Agaricus mushroom in the woods	312	
8243	f69dbe7d-b0ae-419b-865c-57fe00ab86e5	8279729926.jpg	/Users/seltmann/Documents/kummel/work/flickr_recovered_missing_media_20260730_150821/8279729926.jpg	yes	200	252737	https://live.staticflickr.com/8062/8279729926_b60b556244_b.jpg	https://www.flickr.com/photos/treebeard/8279729926/	Mystery mushroom growing on rotted wood	311	
8244	2edf2294-03b5-40e2-bfd7-e7ec3ee4ca8e	8279861992.jpg	/Users/seltmann/Documents/kummel/work/flickr_recovered_missing_media_20260730_150821/8279861992.jpg	yes	200	188542	https://live.staticflickr.com/8348/8279861992_7b55d5e36b_b.jpg	https://www.flickr.com/photos/treebeard/8279861992/	Pyxie Cup (Cladonia) lichens covered with powdery soredia reproductive structures	302	
8245	9311adc9-5585-47a5-9275-99d7264afdd4	8281990929.jpg	/Users/seltmann/Documents/kummel/work/flickr_recovered_missing_media_20260730_150821/8281990929.jpg	yes	200	173360	https://live.staticflickr.com/8479/8281990929_f74cefc023_b.jpg	https://www.flickr.com/photos/treebeard/8281990929/	Troop of tiny white-spored Mycena mushrooms on fallen leaves of Coast Live Oak (Quercus agrifolia, Fagaceae)	269	
8246	0fd8da88-e198-49c0-aeb1-5fcd03ffdac7	8282136969.jpg	/Users/seltmann/Documents/kummel/work/flickr_recovered_missing_media_20260730_150821/8282136969.jpg	yes	200	182236	https://live.staticflickr.com/8213/8282136969_4c61842c5f_b.jpg	https://www.flickr.com/photos/treebeard/8282136969/	Slime Mold (Myxomycetes or Myxogastria) plasmodia becoming sporangia on fallen leaves and twigs of Coast Live Oak (Quercus agrifolia, Fagaceae)	263	
8247	ff1c7f20-6c54-41ca-a802-e2f195bdab71	8282168559.jpg	/Users/seltmann/Documents/kummel/work/flickr_recovered_missing_media_20260730_150821/8282168559.jpg	yes	200	193542	https://live.staticflickr.com/8350/8282168559_b48c930a7c_b.jpg	https://www.flickr.com/photos/treebeard/8282168559/	Badhamia utricularis Slime Mold (Myxomycetes or Myxogastria) forming sporangia	265	
8248	241e2a70-f406-48c7-a6f4-9e3215ddcb22	8282231763.jpg	/Users/seltmann/Documents/kummel/work/flickr_recovered_missing_media_20260730_150821/8282231763.jpg	yes	200	161369	https://live.staticflickr.com/8356/8282231763_ec0c57f9af_b.jpg	https://www.flickr.com/photos/treebeard/8282231763/	New seedlings of native Fiesta Flower (Pholistoma auritum, Hydrophyllaceae)	287	
8249	6d65dc1b-322b-4c75-8e44-eace21e97c36	8282263945.jpg	/Users/seltmann/Documents/kummel/work/flickr_recovered_missing_media_20260730_150821/8282263945.jpg	yes	200	106303	https://live.staticflickr.com/8063/8282263945_17d834b09c_b.jpg	https://www.flickr.com/photos/treebeard/8282263945/	New leaves on native Deerweed (Lotus scoparius, Fabaceae), with raindrops	439	
8250	4d84621c-e099-435f-beea-8efa27f468a7	8283068038.jpg	/Users/seltmann/Documents/kummel/work/flickr_recovered_missing_media_20260730_150821/8283068038.jpg	yes	200	203745	https://live.staticflickr.com/8221/8283068038_ef9d2dbfa5_b.jpg	https://www.flickr.com/photos/treebeard/8283068038/	Different white-spored Mycena mushroom growing from dead wood of Coast Live Oak (Quercus agrifolia, Fagaceae)	292	
8251	57cdce05-9dbb-4ca5-ac08-43e55ade6825	8283140256.jpg	/Users/seltmann/Documents/kummel/work/flickr_recovered_missing_media_20260730_150821/8283140256.jpg	yes	200	197704	https://live.staticflickr.com/8204/8283140256_6b8e1a7ee0_b.jpg	https://www.flickr.com/photos/treebeard/8283140256/	These Lichens are abundant on tree branches like this fallen twig of Coast Live Oak (Quercus agrifolia, Fagaceae)	267	
8252	afeae437-300b-4820-9915-d6977363ce3f	8283345178.jpg	/Users/seltmann/Documents/kummel/work/flickr_recovered_missing_media_20260730_150821/8283345178.jpg	yes	200	177295	https://live.staticflickr.com/8204/8283345178_78a9255d4b_b.jpg	https://www.flickr.com/photos/treebeard/8283345178/	Raindrops skewered by sporophytes of a native Moss (Bryophyta)	313	
8253	9bccb49c-37dd-4793-b194-c2477b488eb3	8285203387.jpg	/Users/seltmann/Documents/kummel/work/flickr_recovered_missing_media_20260730_150821/8285203387.jpg	yes	200	203626	https://live.staticflickr.com/8059/8285203387_4eeb36f3ca_b.jpg	https://www.flickr.com/photos/treebeard/8285203387/	Felt-Ringed Agaricus (Agaricus hondensis) mushroom - looks delicious, but tastes like phenol	297	
8254	95147235-9241-4624-864b-e18d1af1ddb0	8285243383.jpg	/Users/seltmann/Documents/kummel/work/flickr_recovered_missing_media_20260730_150821/8285243383.jpg	yes	200	504474	https://live.staticflickr.com/8359/8285243383_cf69f0fde8_c.jpg	https://www.flickr.com/photos/treebeard/8285243383/	"Lepiota mushrooms with the ragged cap of Shaggy-Stalked Parasol (Lepiota clypeolaria or kin) mushroom, maybe form ""nabiscodisca"""	302	
8255	b0b93859-617b-431d-a9ea-1759b33945c9	8285274965.jpg	/Users/seltmann/Documents/kummel/work/flickr_recovered_missing_media_20260730_150821/8285274965.jpg	yes	200	245129	https://live.staticflickr.com/8484/8285274965_4439978911_b.jpg	https://www.flickr.com/photos/treebeard/8285274965/	Liverwort (Marchantiophyta) plants - maybe the California Liverwort (Asterella californica) - showing gemmae	342	
8256	7b731d03-c605-4301-95ec-b8f41adef846	8285340907.jpg	/Users/seltmann/Documents/kummel/work/flickr_recovered_missing_media_20260730_150821/8285340907.jpg	yes	200	187186	https://live.staticflickr.com/8198/8285340907_623f995610_b.jpg	https://www.flickr.com/photos/treebeard/8285340907/	"""Poison Pie"" (Hebeloma crustuliniforme or kin) mushrooms in the woods"	354	
8257	cf78a88a-0c3f-44d8-8dea-c3f28fb8878e	8285441543.jpg	/Users/seltmann/Documents/kummel/work/flickr_recovered_missing_media_20260730_150821/8285441543.jpg	yes	200	384327	https://live.staticflickr.com/8499/8285441543_1817a37c86_c.jpg	https://www.flickr.com/photos/treebeard/8285441543/	Small mushroom on a moss bank, with lichen behind it - maybe Galerina?	345	
8258	57da9ae7-f08a-4d05-9700-82595023bbb3	8286227534.jpg	/Users/seltmann/Documents/kummel/work/flickr_recovered_missing_media_20260730_150821/8286227534.jpg	yes	200	188251	https://live.staticflickr.com/8338/8286227534_24a5cda57d_b.jpg	https://www.flickr.com/photos/treebeard/8286227534/	Red-staining Agaricus mushrooms in the woods	295	
8259	e5497b16-2804-4e9f-b8d5-ff14ce11d0de	8286440164.jpg	/Users/seltmann/Documents/kummel/work/flickr_recovered_missing_media_20260730_150821/8286440164.jpg	yes	200	241824	https://live.staticflickr.com/8351/8286440164_ffb6a96995_b.jpg	https://www.flickr.com/photos/treebeard/8286440164/	Bolete mushrooms - maybe Boletus chrysenteron or Boletus subtomentosus	311	
8260	b2d62658-afb7-4eae-aa3d-e501c65c91c9	8286563252.jpg	/Users/seltmann/Documents/kummel/work/flickr_recovered_missing_media_20260730_150821/8286563252.jpg	yes	200	160091	https://live.staticflickr.com/8361/8286563252_24fab19940_b.jpg	https://www.flickr.com/photos/treebeard/8286563252/	Raindrops on a new leaf of Canyon Lupine (Lupinus latifolius, Fabaceae)	280	
8261	33b7e246-cafe-4a91-8fe8-4faf38589ddf	8288956927.jpg	/Users/seltmann/Documents/kummel/work/flickr_recovered_missing_media_20260730_150821/8288956927.jpg	yes	200	267175	https://live.staticflickr.com/8221/8288956927_3a5e0d51b8_b.jpg	https://www.flickr.com/photos/treebeard/8288956927/	"The ""mast"" - the accumulation of fallen flowers and fruit - under a flowering shrub of Bigberry Manzanita (Arctostaphylos glauca, Ericaceae)"	310	
8262	d8ee5952-f436-46a7-9746-f29f43c860a6	8289014775.jpg	/Users/seltmann/Documents/kummel/work/flickr_recovered_missing_media_20260730_150821/8289014775.jpg	yes	200	137121	https://live.staticflickr.com/8218/8289014775_8ed301928f_b.jpg	https://www.flickr.com/photos/treebeard/8289014775/	Unusually rosy flowers of Bigberry Manzanita (Arctostaphylos glauca, Ericaceae) - the stuff of cultivars	297	
8263	195b5d98-b067-4b35-8632-84ac4ec8d2f0	8289068535.jpg	/Users/seltmann/Documents/kummel/work/flickr_recovered_missing_media_20260730_150821/8289068535.jpg	yes	200	185650	https://live.staticflickr.com/8353/8289068535_b4768493b9_b.jpg	https://www.flickr.com/photos/treebeard/8289068535/	"""Infundibular"" (funnel-shaped) mushrooms in the woods - maybe genus Clitocybe"	304	
8264	2cc257bd-dbc6-4bda-afc6-6eba034302e6	8289090597.jpg	/Users/seltmann/Documents/kummel/work/flickr_recovered_missing_media_20260730_150821/8289090597.jpg	yes	200	226732	https://live.staticflickr.com/8211/8289090597_98749d2ddc_b.jpg	https://www.flickr.com/photos/treebeard/8289090597/	Potato-like Dark Puffball (Lycoperdon foetidum) mushrooms	314	
8265	c05a616f-f9bb-4177-9a51-7261a3167f4d	8289164731.jpg	/Users/seltmann/Documents/kummel/work/flickr_recovered_missing_media_20260730_150821/8289164731.jpg	yes	200	198495	https://live.staticflickr.com/8223/8289164731_d1394d9291_b.jpg	https://www.flickr.com/photos/treebeard/8289164731/	Little coral mushroom is the Meadow Coral (Clavulinopsis corniculata) or kin - only an inch across	255	
8266	d138a079-4875-42c7-8ce4-b951edfe2859	8289235737.jpg	/Users/seltmann/Documents/kummel/work/flickr_recovered_missing_media_20260730_150821/8289235737.jpg	yes	200	138800	https://live.staticflickr.com/8502/8289235737_1184c2b6b2_b.jpg	https://www.flickr.com/photos/treebeard/8289235737/	Little coral mushroom is the Meadow Coral (Clavulinopsis corniculata) or kin - only an inch across	270	
8267	eb2e98a9-e74f-4784-b8d8-daab7fa5ec76	8290094624.jpg	/Users/seltmann/Documents/kummel/work/flickr_recovered_missing_media_20260730_150821/8290094624.jpg	yes	200	172800	https://live.staticflickr.com/8354/8290094624_d043cbf764_b.jpg	https://www.flickr.com/photos/treebeard/8290094624/	"First new ""flowers"" of Woolly Indian Paintbrush (Castilleja foliolosa, Scrophulariaceae)"	578	
8268	5d8d55a4-10e9-4aa5-94e9-058bde9e5d0d	8290167848.jpg	/Users/seltmann/Documents/kummel/work/flickr_recovered_missing_media_20260730_150821/8290167848.jpg	yes	200	206700	https://live.staticflickr.com/8354/8290167848_a1f8e597c4_b.jpg	https://www.flickr.com/photos/treebeard/8290167848/	Yellow-colored ripe fruiting bodies of Dark Puffball (Lycoperdon foetidum) mushrooms	271	
8269	400e2615-20b8-488b-93aa-78f0f926a8a4	8292022487.jpg	/Users/seltmann/Documents/kummel/work/flickr_recovered_missing_media_20260730_150821/8292022487.jpg	yes	200	202796	https://live.staticflickr.com/8212/8292022487_e95687e751_b.jpg	https://www.flickr.com/photos/treebeard/8292022487/	Maybe a pink-spored Nolanea stricta mushroom in the woods	287	
8270	36d32550-7b34-4ba6-8a17-24d2818746ee	8292122757.jpg	/Users/seltmann/Documents/kummel/work/flickr_recovered_missing_media_20260730_150821/8292122757.jpg	yes	200	233935	https://live.staticflickr.com/8072/8292122757_2ea1201004_b.jpg	https://www.flickr.com/photos/treebeard/8292122757/	Mystery mushroom in the garden, with Coast Live Oak (Quercus agrifolia) nearby -  looks like a Tricholoma, but isn't	397	
8271	4611dd45-3227-4ea0-a9b8-2eff7fcba160	8293114098.jpg	/Users/seltmann/Documents/kummel/work/flickr_recovered_missing_media_20260730_150821/8293114098.jpg	yes	200	218862	https://live.staticflickr.com/8221/8293114098_05ace58411_b.jpg	https://www.flickr.com/photos/treebeard/8293114098/	"""Wood Chipper Mushrooms"" (my name) growing on wood chips - maybe some kind of Agrocybe?"	349	
8272	681ff0f0-df10-4b32-b47b-6cf7b747bfb7	8293232094.jpg	/Users/seltmann/Documents/kummel/work/flickr_recovered_missing_media_20260730_150821/8293232094.jpg	yes	200	177113	https://live.staticflickr.com/8364/8293232094_4cb5ffafdd_b.jpg	https://www.flickr.com/photos/treebeard/8293232094/	Mystery mushroom in the woods - maybe a Tricholoma?	266	
8273	fc48f495-d0a3-4385-9b48-2bf5555b2520	8294736397.jpg	/Users/seltmann/Documents/kummel/work/flickr_recovered_missing_media_20260730_150821/8294736397.jpg	yes	200	194971	https://live.staticflickr.com/8211/8294736397_b27400da3f_b.jpg	https://www.flickr.com/photos/treebeard/8294736397/	Little puffball (Lycoperdon) mushrooms in the woods	430	
8274	f0a7f905-6edb-4985-ab4d-ad10d2e1cbad	8294863053.jpg	/Users/seltmann/Documents/kummel/work/flickr_recovered_missing_media_20260730_150821/8294863053.jpg	yes	200	284404	https://live.staticflickr.com/8361/8294863053_f318b60568_b.jpg	https://www.flickr.com/photos/treebeard/8294863053/	"Large ""Earth-mover mushroom"" (Cortinarius) - pushing up a ""mushrump"" under Coast Live Oak (Quercus agrifolia)"	325	
8275	ae6a5767-ed0a-42ac-8a7c-2ea48a50e49f	8294898507.jpg	/Users/seltmann/Documents/kummel/work/flickr_recovered_missing_media_20260730_150821/8294898507.jpg	yes	200	516687	https://live.staticflickr.com/8500/8294898507_901a5d7339_c.jpg	https://www.flickr.com/photos/treebeard/8294898507/	"Large ""earth-mover"" Cortinarius mushroom under Coast Live Oak (Quercus agrifolia) - subgenus Bulbopodium"	255	
8276	01c084ee-207c-42ec-9d40-0e0a7e510cda	8294937307.jpg	/Users/seltmann/Documents/kummel/work/flickr_recovered_missing_media_20260730_150821/8294937307.jpg	yes	200	118899	https://live.staticflickr.com/8500/8294937307_6e57aaa555_c.jpg	https://www.flickr.com/photos/treebeard/8294937307/	New flowers on staminate catkins of Veatch Silk-Tassel (Garrya veatchii, Garryaceae)	338	
8277	7e0f9412-12bb-4a19-8795-f7f977d133c1	8295724386.jpg	/Users/seltmann/Documents/kummel/work/flickr_recovered_missing_media_20260730_150821/8295724386.jpg	yes	200	591180	https://live.staticflickr.com/8354/8295724386_48632fd877_c.jpg	https://www.flickr.com/photos/treebeard/8295724386/	Strange Earthstar (Astraeus) mushroom showing the inner spore sack	322	
8278	14289e9e-49d1-49e0-9814-995448a29a5c	8295873380.jpg	/Users/seltmann/Documents/kummel/work/flickr_recovered_missing_media_20260730_150821/8295873380.jpg	yes	200	211237	https://live.staticflickr.com/8501/8295873380_a549fb62b2_b.jpg	https://www.flickr.com/photos/treebeard/8295873380/	Odd puffball (Lycoperdon) with outer skin the peels away - maybe the Peeling Puffball (Lycoperdon marginatum)?	301	
8279	8d5ffacd-cf7d-452d-915c-2d44f497e7e3	8296001860.jpg	/Users/seltmann/Documents/kummel/work/flickr_recovered_missing_media_20260730_150821/8296001860.jpg	yes	200	81075	https://live.staticflickr.com/8356/8296001860_77335713e4_c.jpg	https://www.flickr.com/photos/treebeard/8296001860/	Mature galls on leaves of Goldencup Oak aka Canyon Live Oak (Quercus chrysolepis, Fagaceae)	196	
8280	515e679c-6120-4168-a715-af1daa94f312	8296024732.jpg	/Users/seltmann/Documents/kummel/work/flickr_recovered_missing_media_20260730_150821/8296024732.jpg	yes	200	92303	https://live.staticflickr.com/8362/8296024732_74e1c79dcd_c.jpg	https://www.flickr.com/photos/treebeard/8296024732/	Tiny gall on leaf of Scrub Oak (Quercus berberidifolia, Fagaceae), with exit hole	394	
8281	a8e56d96-4993-4ef3-a6da-428b9a736b71	8297605843.jpg	/Users/seltmann/Documents/kummel/work/flickr_recovered_missing_media_20260730_150821/8297605843.jpg	yes	200	129900	https://live.staticflickr.com/8501/8297605843_686caa48c6_b.jpg	https://www.flickr.com/photos/treebeard/8297605843/	"Lumpy ""non-detachable"" gall of the Irregular Spindle Gall Wasp (Andricus chrysolepidicola, Cynipidae, Hymenoptera)"	280	
8282	e0144e11-09e1-4bad-a2b8-0a812c8ea2b3	8297637147.jpg	/Users/seltmann/Documents/kummel/work/flickr_recovered_missing_media_20260730_150821/8297637147.jpg	yes	200	181259	https://live.staticflickr.com/8352/8297637147_12be464562_b.jpg	https://www.flickr.com/photos/treebeard/8297637147/	"""Crust Mushroom"" in the Stereaceae mushroom family"	288	
8283	2872532b-5690-49c7-9458-213dadf7b253	8297829929.jpg	/Users/seltmann/Documents/kummel/work/flickr_recovered_missing_media_20260730_150821/8297829929.jpg	yes	200	428669	https://live.staticflickr.com/8491/8297829929_e15ea1b372_c.jpg	https://www.flickr.com/photos/treebeard/8297829929/	Staminate catkins of Veatch Silk-Tassel (Garrya veatchii, Garryaceae) - hanging like a Christmas tree ornament	302	
8284	65ea232a-2e84-4cec-ba7b-462b07c7b954	8297871931.jpg	/Users/seltmann/Documents/kummel/work/flickr_recovered_missing_media_20260730_150821/8297871931.jpg	yes	200	148453	https://live.staticflickr.com/8214/8297871931_90c277ee2c_b.jpg	https://www.flickr.com/photos/treebeard/8297871931/	Holly-like leaves of Holly-Leaved Redberry (Rhamnus ilicifolia, Rhamnaceae)	254	
8285	82c2ad93-4976-4456-ad1e-5546130b0923	8297920281.jpg	/Users/seltmann/Documents/kummel/work/flickr_recovered_missing_media_20260730_150821/8297920281.jpg	yes	200	215282	https://live.staticflickr.com/8213/8297920281_bed8d2aaf9_b.jpg	https://www.flickr.com/photos/treebeard/8297920281/	Brilliant ripe berries of native Christmas Berry aka Toyon (Heteromeles arbutifolia, Rosaceae)	308	
8286	f0f2b65c-4ab2-4eb8-8b0d-fdf47937c70f	8298752796.jpg	/Users/seltmann/Documents/kummel/work/flickr_recovered_missing_media_20260730_150821/8298752796.jpg	yes	200	393819	https://live.staticflickr.com/8357/8298752796_13bd2ea6ac_c.jpg	https://www.flickr.com/photos/treebeard/8298752796/	Small Lepiota mushroom growing from debris of Coast Live Oak (Quercus agrifolia, Fagaceae)	381	
8287	01059ad1-abe6-422c-a543-9f9844de0715	8298797400.jpg	/Users/seltmann/Documents/kummel/work/flickr_recovered_missing_media_20260730_150821/8298797400.jpg	yes	200	209820	https://live.staticflickr.com/8502/8298797400_fbf111d5c3_b.jpg	https://www.flickr.com/photos/treebeard/8298797400/	Lepiota mushrooms - maybe the Shaggy-Stalked Parasol (Lepiota clypeolaria or kin), maybe not	290	
8288	b73baf83-c5fa-4125-89e8-ab6187f9913a	8301554943.jpg	/Users/seltmann/Documents/kummel/work/flickr_recovered_missing_media_20260730_150821/8301554943.jpg	yes	200	181349	https://live.staticflickr.com/8075/8301554943_e83898d14e_b.jpg	https://www.flickr.com/photos/treebeard/8301554943/	New cluster of Sulfur Tuft aka Clustered Woodlover (Naematoloma fasciculare) mushrooms	312	
8289	cfa96f65-2a18-403a-9efc-ca79b1c1e620	8301591901.jpg	/Users/seltmann/Documents/kummel/work/flickr_recovered_missing_media_20260730_150821/8301591901.jpg	yes	200	123977	https://live.staticflickr.com/8351/8301591901_cdb49f5c9a_b.jpg	https://www.flickr.com/photos/treebeard/8301591901/	Pretty little mushrooms on bark of Coast Live Oak (Quercus agrifolia) tree	372	
8290	83e13b3c-bf66-413e-811a-37aebe4fd74f	8301747515.jpg	/Users/seltmann/Documents/kummel/work/flickr_recovered_missing_media_20260730_150821/8301747515.jpg	yes	200	120529	https://live.staticflickr.com/8077/8301747515_8bdbf76810_b.jpg	https://www.flickr.com/photos/treebeard/8301747515/	New roots of native Wild Blackberry (Rubus ursinus, Rosaceae) - growing in the air!	291	
8291	67d14dcd-4cb8-4f99-a373-fe07642778c6	8302510388.jpg	/Users/seltmann/Documents/kummel/work/flickr_recovered_missing_media_20260730_150821/8302510388.jpg	yes	200	421598	https://live.staticflickr.com/8079/8302510388_d632812a3e_c.jpg	https://www.flickr.com/photos/treebeard/8302510388/	Strange antler-like fruiting bodies of Candlesnuff Fungus (Xylaria hypoxylon or kin) - with raindrops	300	
8292	232894cc-e965-42c7-bfa1-38e2fae4316a	8302533812.jpg	/Users/seltmann/Documents/kummel/work/flickr_recovered_missing_media_20260730_150821/8302533812.jpg	yes	200	352637	https://live.staticflickr.com/8494/8302533812_b57e1785eb_c.jpg	https://www.flickr.com/photos/treebeard/8302533812/	Frosted Marasmius (Marasmius plicatulus or kin) mushrooms growing under Coast Live Oak (Quercus agrifolia) and Wild Blackberry (Rubus ursinus)	363	
8293	b0ffa106-3e17-4c44-9939-1a2970a85d03	8302700868.jpg	/Users/seltmann/Documents/kummel/work/flickr_recovered_missing_media_20260730_150821/8302700868.jpg	yes	200	197054	https://live.staticflickr.com/8500/8302700868_b2f59c1682_b.jpg	https://www.flickr.com/photos/treebeard/8302700868/	Ripe sporangia of a Slime Mold (Myxomycetes or Myxogastria) on fallen Coast Live Oak (Quercus agrifolia) tree - with raindrops	300	
8294	8018cd95-03bb-4c9d-be1d-19b39105ddfe	8302744430.jpg	/Users/seltmann/Documents/kummel/work/flickr_recovered_missing_media_20260730_150821/8302744430.jpg	yes	200	294617	https://live.staticflickr.com/8504/8302744430_d1324527b2_b.jpg	https://www.flickr.com/photos/treebeard/8302744430/	Streaming plasmodium of a Slime Mold (Myxomycetes or Myxogastria) on dead Coast Live Oak (Quercus agrifolia)	269	
8295	a65bcaf3-9359-40fa-bacc-111f5b05ffea	8302867444.jpg	/Users/seltmann/Documents/kummel/work/flickr_recovered_missing_media_20260730_150821/8302867444.jpg	yes	200	182028	https://live.staticflickr.com/8497/8302867444_8de39bfbfb_b.jpg	https://www.flickr.com/photos/treebeard/8302867444/	Raindrops on new leaves of Canyon Lupine (Lupinus latifolius, Fabaceae)	388	
8296	16f9638c-bf9e-4681-a0af-a9a36281335b	8304770945.jpg	/Users/seltmann/Documents/kummel/work/flickr_recovered_missing_media_20260730_150821/8304770945.jpg	yes	200	226413	https://live.staticflickr.com/8364/8304770945_f1f0a91c8f_b.jpg	https://www.flickr.com/photos/treebeard/8304770945/	"""Bleeding mycelium"" of some fungus on bark of Coast Live Oak (Quercus agrifolia)"	301	
8297	6bd10e61-f680-49cd-b575-8e1b29371e5c	8304885441.jpg	/Users/seltmann/Documents/kummel/work/flickr_recovered_missing_media_20260730_150821/8304885441.jpg	yes	200	338035	https://live.staticflickr.com/8355/8304885441_59561903b3_c.jpg	https://www.flickr.com/photos/treebeard/8304885441/	Tiny shell-like caps of Marasmiellus candidus growing on a dead stem of Giant Rye Grass (Leymus condensatus, Poaceae)	310	
8298	5f8bbc77-7289-4961-abf7-a9ca9739ce9a	8304974027.jpg	/Users/seltmann/Documents/kummel/work/flickr_recovered_missing_media_20260730_150821/8304974027.jpg	yes	200	184196	https://live.staticflickr.com/8499/8304974027_b7bbd454c1_b.jpg	https://www.flickr.com/photos/treebeard/8304974027/	Pacific Banana Slug (Ariolimax columbianus - or is it Ariolimax californicus?) prowling through the woods	364	
8299	7d3c0dc2-f96c-46e7-a2b5-05e07943c96c	8305843564.jpg	/Users/seltmann/Documents/kummel/work/flickr_recovered_missing_media_20260730_150821/8305843564.jpg	yes	200	200112	https://live.staticflickr.com/8071/8305843564_0d4a60acf6_b.jpg	https://www.flickr.com/photos/treebeard/8305843564/	Young and old Pear-shaped Puffballs (Lycoperdon pyriforme) in the woods	258	
8300	f16fc974-ea7b-42eb-9e72-485eb78b880e	8305899242.jpg	/Users/seltmann/Documents/kummel/work/flickr_recovered_missing_media_20260730_150821/8305899242.jpg	yes	200	180829	https://live.staticflickr.com/8082/8305899242_f0d11479b3_b.jpg	https://www.flickr.com/photos/treebeard/8305899242/	"Micro-world of tiny Fairy Hair (Macrotyphula juncea) ""mushrooms"" growing on Coast Live Oak (Quercus agrifolia) leaves"	335	
8301	64adb95c-7b79-4d4f-aafa-99e44bee1be1	8305957182.jpg	/Users/seltmann/Documents/kummel/work/flickr_recovered_missing_media_20260730_150821/8305957182.jpg	yes	200	225928	https://live.staticflickr.com/8213/8305957182_de16cdcbf8_b.jpg	https://www.flickr.com/photos/treebeard/8305957182/	"Oak-Loving Bolete (Boletus dryophilus) mushrooms, taken over by the ""Bolete Eater"" (Hypomyces chrysospermus) fungus"	336	
8302	754a9a59-c34b-4962-825b-83940d0b2037	8306042066.jpg	/Users/seltmann/Documents/kummel/work/flickr_recovered_missing_media_20260730_150821/8306042066.jpg	yes	200	129072	https://live.staticflickr.com/8082/8306042066_15266e3f23_b.jpg	https://www.flickr.com/photos/treebeard/8306042066/	Raindrops on a grass blade	334	
8303	f01554b4-4825-4e9b-a28e-707b25d94616	8306080302.jpg	/Users/seltmann/Documents/kummel/work/flickr_recovered_missing_media_20260730_150821/8306080302.jpg	yes	200	94439	https://live.staticflickr.com/8084/8306080302_221aa6420d_b.jpg	https://www.flickr.com/photos/treebeard/8306080302/	Galls of Beaked Twig Gall Wasp (Disholcaspis plumbella, Cynipidae, Hymenoptera) on Scrub Oak (Quercus berberidifolia, Fagaceae) - like Christmas ornaments	251	
8304	903671a1-176d-4ef6-94f9-da20fe8b66f2	8308380497.jpg	/Users/seltmann/Documents/kummel/work/flickr_recovered_missing_media_20260730_150821/8308380497.jpg	yes	200	526130	https://live.staticflickr.com/8498/8308380497_3ab52d81fe_c.jpg	https://www.flickr.com/photos/treebeard/8308380497/	Oyster Mushrooms (Pleurotis ostreatus) or other pleurotid fungi on broken trunk of Coast Live Oak (Quercus agrifolia, Fagaceae)	344	
8305	d49e0043-0caa-4fcd-aba1-f4bb2f956239	8309376562.jpg	/Users/seltmann/Documents/kummel/work/flickr_recovered_missing_media_20260730_150821/8309376562.jpg	yes	200	167131	https://live.staticflickr.com/8352/8309376562_e67d793e7c_b.jpg	https://www.flickr.com/photos/treebeard/8309376562/	Bright little sporangia of Slime Molds (Myxomycetes or Myxogastria) on fallen leaves and twigs of Coast Live Oak (Quercus agrifolia, Fagaceae)	307	
8306	c2db5edd-0494-4576-bc15-1b29ff299d7f	8309504130.jpg	/Users/seltmann/Documents/kummel/work/flickr_recovered_missing_media_20260730_150821/8309504130.jpg	yes	200	235526	https://live.staticflickr.com/8496/8309504130_1f32bb6e5a_b.jpg	https://www.flickr.com/photos/treebeard/8309504130/	Big Laughing Mushroom (Gymnopilus spectabilis) growing from the base of a dying tree of non-native Knobcone Pine (Pinus attenuata)	281	
8307	7f29c703-c644-45a1-b39a-bea5da91d01a	8311917591.jpg	/Users/seltmann/Documents/kummel/work/flickr_recovered_missing_media_20260730_150821/8311917591.jpg	yes	200	226585	https://live.staticflickr.com/8073/8311917591_951f283d0f_b.jpg	https://www.flickr.com/photos/treebeard/8311917591/	Odd but pretty Slime Molds (Myxomycetes or Myxogastria) on fallen twigs of Coast Live Oak (Quercus agrifolia, Fagaceae)	269	
8308	fa949f5f-1ab9-4c95-af99-149342faa433	8312067115.jpg	/Users/seltmann/Documents/kummel/work/flickr_recovered_missing_media_20260730_150821/8312067115.jpg	yes	200	268987	https://live.staticflickr.com/8504/8312067115_92189e724c_b.jpg	https://www.flickr.com/photos/treebeard/8312067115/	Large cluster of Big Laughing Mushrooms (Gymnopilus spectabilisor kin) growing from Knobcone Pine (Pinus attenuata, Pinaceae)	301	
8309	9646da26-64e3-48ad-8527-52dd4970a997	8312152305.jpg	/Users/seltmann/Documents/kummel/work/flickr_recovered_missing_media_20260730_150821/8312152305.jpg	yes	200	189969	https://live.staticflickr.com/8359/8312152305_9ca34e9633_b.jpg	https://www.flickr.com/photos/treebeard/8312152305/	Granulated Slippery Jack (Suillus granulatus) mushroom growing under Knobcone Pine (Pinus attenuata, Pinaceae)	291	
8310	f2064d7e-70e5-4d01-a225-52ba139fe173	8312995372.jpg	/Users/seltmann/Documents/kummel/work/flickr_recovered_missing_media_20260730_150821/8312995372.jpg	yes	200	446667	https://live.staticflickr.com/8359/8312995372_7656b901d1_c.jpg	https://www.flickr.com/photos/treebeard/8312995372/	Streaming plasmodium of a Slime Mold (Myxomycetes or Myxogastria) on a fallen leaf of Coast Live Oak (Quercus agrifolia, Fagaceae)	322	
8311	e2d0d39e-b78d-4920-abfb-9cdc1d414976	8313043082.jpg	/Users/seltmann/Documents/kummel/work/flickr_recovered_missing_media_20260730_150821/8313043082.jpg	yes	200	138798	https://live.staticflickr.com/8218/8313043082_e944231492_b.jpg	https://www.flickr.com/photos/treebeard/8313043082/	Pleurotid fungus on a broken tree of Coast Live Oak (Quercus agrifolia, Fagaceae) -  the serrated gills suggest genus Lentinus	286	
8312	9d52c3bc-5f02-49a9-aa5e-153a9b4192a1	8313140228.jpg	/Users/seltmann/Documents/kummel/work/flickr_recovered_missing_media_20260730_150821/8313140228.jpg	yes	200	187925	https://live.staticflickr.com/8082/8313140228_cd5747b43f_b.jpg	https://www.flickr.com/photos/treebeard/8313140228/	"Maybe the Woodland Agaricus (Agaricus silvicola) - has ""double veil"" ring with patches on the underside"	314	
8313	e21893a6-18d5-406b-8604-9c2e53eea55c	8313273764.jpg	/Users/seltmann/Documents/kummel/work/flickr_recovered_missing_media_20260730_150821/8313273764.jpg	yes	200	215213	https://live.staticflickr.com/8079/8313273764_4b8ac01b25_b.jpg	https://www.flickr.com/photos/treebeard/8313273764/	Earthstar (Astraeus) mushroom - like a beast climbing over the oak leaves	291	
8314	a08f7894-7fe6-4633-9dd4-a1a9608e979c	8315572271.jpg	/Users/seltmann/Documents/kummel/work/flickr_recovered_missing_media_20260730_150821/8315572271.jpg	yes	200	465288	https://live.staticflickr.com/8361/8315572271_f800c6e6bf_c.jpg	https://www.flickr.com/photos/treebeard/8315572271/	Frosted Marasmius (Marasmius plicatulus or kin) mushrooms growing under Coast Live Oak (Quercus agrifolia, Fagaceae)	344	
8315	ead8ab67-1434-4640-8461-18495e33677e	8315673355.jpg	/Users/seltmann/Documents/kummel/work/flickr_recovered_missing_media_20260730_150821/8315673355.jpg	yes	200	470854	https://live.staticflickr.com/8501/8315673355_b54f7282da_c.jpg	https://www.flickr.com/photos/treebeard/8315673355/	"Strange and beautiful little ""mystery mushroom"" in the woods - with a perfect little ring on the stem"	344	
8316	fb9d10b8-5d19-48a1-a11c-df2ae2072fa5	8315767509.jpg	/Users/seltmann/Documents/kummel/work/flickr_recovered_missing_media_20260730_150821/8315767509.jpg	yes	200	476849	https://live.staticflickr.com/8500/8315767509_18c8c93c8d_c.jpg	https://www.flickr.com/photos/treebeard/8315767509/	"Strange and beautiful little ""mystery mushroom"" in the woods - with a perfect little ring on the stem"	281	
8317	7524d363-b748-4b2e-a0aa-c4b7e8fb8523	8315969237.jpg	/Users/seltmann/Documents/kummel/work/flickr_recovered_missing_media_20260730_150821/8315969237.jpg	yes	200	102135	https://live.staticflickr.com/8503/8315969237_304eb602df_b.jpg	https://www.flickr.com/photos/treebeard/8315969237/	"Maybe a Fungus Gnat (Mycetophilidae, Diptera) on Fairy Hair (Macrotyphula juncea) ""mushroom"""	324	
8318	f6a6d0b1-f405-4c3a-ab91-855eb948179e	8316648738.jpg	/Users/seltmann/Documents/kummel/work/flickr_recovered_missing_media_20260730_150821/8316648738.jpg	yes	200	190541	https://live.staticflickr.com/8360/8316648738_5ff46dc3fc_b.jpg	https://www.flickr.com/photos/treebeard/8316648738/	Handsome Sulfur Tuft aka Clustered Woodlover (Naematoloma fasciculare) mushrooms growing from the base of a Coast Live Oak (Quercus agrifolia,Fagaceae)	387	
8319	c7b85b97-8e0f-47cf-9b6d-5d9ff9cb6ff7	8316710542.jpg	/Users/seltmann/Documents/kummel/work/flickr_recovered_missing_media_20260730_150821/8316710542.jpg	yes	200	216118	https://live.staticflickr.com/8498/8316710542_05ac69df94_b.jpg	https://www.flickr.com/photos/treebeard/8316710542/	Little coral mushroom is the Meadow Coral (Clavulinopsis corniculata) or kin - only an inch across	313	
8320	63bdb30e-29de-4495-88c8-ee52a8c267be	8316888512.jpg	/Users/seltmann/Documents/kummel/work/flickr_recovered_missing_media_20260730_150821/8316888512.jpg	yes	200	175693	https://live.staticflickr.com/8355/8316888512_9d25beef95_b.jpg	https://www.flickr.com/photos/treebeard/8316888512/	These little Mycena mushrooms have lavender colors - maybe the Lilac Mycena (Mycena pura)	316	
8321	83ad8d17-308e-4f6f-9e01-36a4592626d6	8316952642.jpg	/Users/seltmann/Documents/kummel/work/flickr_recovered_missing_media_20260730_150821/8316952642.jpg	yes	200	243995	https://live.staticflickr.com/8083/8316952642_a281ea72af_b.jpg	https://www.flickr.com/photos/treebeard/8316952642/	"Rather small ""Satan's Bolete"" (Boletus satanas) mushrooms in the woods - don't eat them!"	318	
8322	f14f65d0-8c41-4c70-8b62-d895a85a7076	8319532215.jpg	/Users/seltmann/Documents/kummel/work/flickr_recovered_missing_media_20260730_150821/8319532215.jpg	yes	200	208817	https://live.staticflickr.com/8352/8319532215_3405106c3c_b.jpg	https://www.flickr.com/photos/treebeard/8319532215/	Yellow-Staining Agaricus (Agaricus xanthodermus) mushrooms - look beautiful and edible, but taste terrible!	330	
8323	e82f56d8-5cde-42ff-a66f-8852474eadfa	8319677553.jpg	/Users/seltmann/Documents/kummel/work/flickr_recovered_missing_media_20260730_150821/8319677553.jpg	yes	200	188924	https://live.staticflickr.com/8504/8319677553_fba16461ea_b.jpg	https://www.flickr.com/photos/treebeard/8319677553/	"More ""mystery mushrooms"" in the woods growing on a well-rotted oak log"	299	
8324	7d4a1c3a-cbf5-43a0-8c05-7a0e0c403eb3	8319779723.jpg	/Users/seltmann/Documents/kummel/work/flickr_recovered_missing_media_20260730_150821/8319779723.jpg	yes	200	439582	https://live.staticflickr.com/8218/8319779723_5989da0fab_c.jpg	https://www.flickr.com/photos/treebeard/8319779723/	Assassin Bug (Reduviidae, Hemiptera) - maybe the Spiny Assassin Bug (Sinea spinipes)	330	
8325	322da59d-ab9c-473f-a28d-90bc56896fa8	8320490248.jpg	/Users/seltmann/Documents/kummel/work/flickr_recovered_missing_media_20260730_150821/8320490248.jpg	yes	200	541787	https://live.staticflickr.com/8357/8320490248_d1fc7e416f_c.jpg	https://www.flickr.com/photos/treebeard/8320490248/	"Probably the ""Boring Brown Bolete"" (Boletus subtomentosus) with brown cap and large pores"	313	
8326	0832f50f-367d-4497-9340-3313bad5446c	8320652540.jpg	/Users/seltmann/Documents/kummel/work/flickr_recovered_missing_media_20260730_150821/8320652540.jpg	yes	200	234624	https://live.staticflickr.com/8219/8320652540_d198420d9f_b.jpg	https://www.flickr.com/photos/treebeard/8320652540/	Tiny shell-like mushrooms on a bank of moss - maybe Marasmiellus candidus?	328	
8327	2ed09ee5-c99a-4dff-a3aa-d001d8c6c12c	8320692570.jpg	/Users/seltmann/Documents/kummel/work/flickr_recovered_missing_media_20260730_150821/8320692570.jpg	yes	200	149303	https://live.staticflickr.com/8492/8320692570_aa4d017ef9_b.jpg	https://www.flickr.com/photos/treebeard/8320692570/	"Beautiful mushroom in the woods - maybe ""Plums and Custard"" (Tricholomopsis rutilans)?"	284	
8328	afb877c2-4a43-42a3-aad5-33a5a7706f58	8320801832.jpg	/Users/seltmann/Documents/kummel/work/flickr_recovered_missing_media_20260730_150821/8320801832.jpg	yes	200	588926	https://live.staticflickr.com/8358/8320801832_589eacd7d1_c.jpg	https://www.flickr.com/photos/treebeard/8320801832/	"Large ""earth-mover mushroom"" - genus Cortinarius under Coast Live Oak (Quercus agrifolia, Fagaceae)"	309	
8329	cc4a7a48-4f47-40cb-b255-73695a635795	8320923046.jpg	/Users/seltmann/Documents/kummel/work/flickr_recovered_missing_media_20260730_150821/8320923046.jpg	yes	200	493730	https://live.staticflickr.com/8215/8320923046_0d6bc54158_c.jpg	https://www.flickr.com/photos/treebeard/8320923046/	Assassin Bug (Reduviidae, Hemiptera) - maybe the Spiny Assassin Bug (Sinea spinipes)	295	
8330	630e1443-e456-4843-8add-717be22b0632	8323221701.jpg	/Users/seltmann/Documents/kummel/work/flickr_recovered_missing_media_20260730_150821/8323221701.jpg	yes	200	189567	https://live.staticflickr.com/8213/8323221701_02d61cc7d7_b.jpg	https://www.flickr.com/photos/treebeard/8323221701/	Looking under the cap of a Blewit (Clitocybe nuda) mushroom in the woods	287	
8331	8332bdf7-67f4-45c2-a7bb-7c4274d4afc3	8323294455.jpg	/Users/seltmann/Documents/kummel/work/flickr_recovered_missing_media_20260730_150821/8323294455.jpg	yes	200	411476	https://live.staticflickr.com/8360/8323294455_fca0ca6615_c.jpg	https://www.flickr.com/photos/treebeard/8323294455/	Fremont's Star Lily aka Chaparral Death Camas (Zigadenus fremontii var. inezianus, Liliaceae) - with raindrops	295	
8332	cce395e7-00fb-43f6-b6ff-e56a6e074871	8323319335.jpg	/Users/seltmann/Documents/kummel/work/flickr_recovered_missing_media_20260730_150821/8323319335.jpg	yes	200	131885	https://live.staticflickr.com/8363/8323319335_a62213f5fc_b.jpg	https://www.flickr.com/photos/treebeard/8323319335/	Flower buds of native Sugar Bush (Rhus ovata, Anacardiaceae) - with raindrops	340	
8333	215f9064-e3ed-4845-ae89-2bd55ab60c4b	8324200996.jpg	/Users/seltmann/Documents/kummel/work/flickr_recovered_missing_media_20260730_150821/8324200996.jpg	yes	200	178440	https://live.staticflickr.com/8356/8324200996_a4f2b3b136_b.jpg	https://www.flickr.com/photos/treebeard/8324200996/	New cluster of Sulfur Tuft aka Clustered Woodlover (Naematoloma fasciculare) mushrooms	302	
8334	964123ae-b09c-4c5c-9506-3f07201ab925	8324228438.jpg	/Users/seltmann/Documents/kummel/work/flickr_recovered_missing_media_20260730_150821/8324228438.jpg	yes	200	241437	https://live.staticflickr.com/8504/8324228438_6f13e25fac_b.jpg	https://www.flickr.com/photos/treebeard/8324228438/	Rufous Candy Cap (Lactarius rufulus) mushrooms in our garden	325	
8335	e55be365-d96b-4ef3-b89a-18e462137a0e	8324310108.jpg	/Users/seltmann/Documents/kummel/work/flickr_recovered_missing_media_20260730_150821/8324310108.jpg	yes	200	203824	https://live.staticflickr.com/8502/8324310108_180fda4b55_b.jpg	https://www.flickr.com/photos/treebeard/8324310108/	Blewit (Clitocybe nuda) mushrooms in the woods!	338	
8336	67f2340e-fe1c-48d6-8dd8-723e49fd2f19	8324417304.jpg	/Users/seltmann/Documents/kummel/work/flickr_recovered_missing_media_20260730_150821/8324417304.jpg	yes	200	502402	https://live.staticflickr.com/8353/8324417304_1448dc6448_c.jpg	https://www.flickr.com/photos/treebeard/8324417304/	Flower clusters of Chaparral Currant (Ribes malvaceum, Grossulariaceae)	366	
8337	1ee0a944-3826-4fd6-bbc4-9f91dcb4fceb	8324433338.jpg	/Users/seltmann/Documents/kummel/work/flickr_recovered_missing_media_20260730_150821/8324433338.jpg	yes	200	404935	https://live.staticflickr.com/8224/8324433338_c6b92b3464_c.jpg	https://www.flickr.com/photos/treebeard/8324433338/	Flower clusters of Chaparral Currant (Ribes malvaceum, Grossulariaceae) - in the rain	350	
8338	b840a41a-58e7-4c05-9945-0f05e791c3a9	8327503313.jpg	/Users/seltmann/Documents/kummel/work/flickr_recovered_missing_media_20260730_150821/8327503313.jpg	yes	200	217871	https://live.staticflickr.com/8221/8327503313_6695687a9a_b.jpg	https://www.flickr.com/photos/treebeard/8327503313/	"White-gilled ""Tricholoma-like"" mushrooms - but some rusty-spored Cortinarius species"	246	
8339	a5c33266-c7e9-4434-9194-58e0d7ffe030	8327644257.jpg	/Users/seltmann/Documents/kummel/work/flickr_recovered_missing_media_20260730_150821/8327644257.jpg	yes	200	163313	https://live.staticflickr.com/8501/8327644257_c5133fff30_b.jpg	https://www.flickr.com/photos/treebeard/8327644257/	Fresh pile of Pacific Banana Slug (Ariolimax columbianus - or is it Ariolimax californicus?) poo in the woods	309	
8340	6cc00387-3cf0-44c8-8938-deb8e80396ea	8328479866.jpg	/Users/seltmann/Documents/kummel/work/flickr_recovered_missing_media_20260730_150821/8328479866.jpg	yes	200	488907	https://live.staticflickr.com/8351/8328479866_848b431f96_c.jpg	https://www.flickr.com/photos/treebeard/8328479866/	Maybe the Pear-shaped Puffball (Lycoperdon pyriforme) - but on lignin-rich humus instead of wood	364	
8341	dc87399c-8f6b-44d9-9e65-428b5dac90f1	8328666888.jpg	/Users/seltmann/Documents/kummel/work/flickr_recovered_missing_media_20260730_150821/8328666888.jpg	yes	200	167436	https://live.staticflickr.com/8358/8328666888_41fdfd2d44_b.jpg	https://www.flickr.com/photos/treebeard/8328666888/	New leaves of Giant Rye Grass (Leymus condensatus, Poaceae)	341	
8342	46f84420-d773-4e2d-be90-4d8eaab577e0	8328898188.jpg	/Users/seltmann/Documents/kummel/work/flickr_recovered_missing_media_20260730_150821/8328898188.jpg	yes	200	108347	https://live.staticflickr.com/8494/8328898188_a961beb7d4_b.jpg	https://www.flickr.com/photos/treebeard/8328898188/	Another gnarly Assassin Bug (Reduviidae, Hemiptera) - maybe the Spiny Assassin Bug (Sinea spinipes)	355	
8343	ea967eba-39dd-4289-9eee-67d608f1629b	8328957722.jpg	/Users/seltmann/Documents/kummel/work/flickr_recovered_missing_media_20260730_150821/8328957722.jpg	yes	200	126877	https://live.staticflickr.com/8076/8328957722_1489301b62_b.jpg	https://www.flickr.com/photos/treebeard/8328957722/	Sliced button of a new Coccora (Amanita calyptrata) mushroom in the woods	289	
8344	3877df01-1dea-409c-a747-841d888ba2f4	8329040484.jpg	/Users/seltmann/Documents/kummel/work/flickr_recovered_missing_media_20260730_150821/8329040484.jpg	yes	200	572180	https://live.staticflickr.com/8362/8329040484_ec79b8d523_c.jpg	https://www.flickr.com/photos/treebeard/8329040484/	New button of a Coccora (Amanita calyptrata, Amanitaceae) mushroom in the woods today	309	
8345	cfd26872-c0a6-421e-b6a4-09be57a8c630	8329087946.jpg	/Users/seltmann/Documents/kummel/work/flickr_recovered_missing_media_20260730_150821/8329087946.jpg	yes	200	527720	https://live.staticflickr.com/8072/8329087946_e0217c86c4_c.jpg	https://www.flickr.com/photos/treebeard/8329087946/	New button of a Coccora (Amanita calyptrata, Amanitaceae) mushroom in the woods today	457	
8346	571569ba-c989-4464-8694-fb2c2a6e61ee	8330986113.jpg	/Users/seltmann/Documents/kummel/work/flickr_recovered_missing_media_20260730_150821/8330986113.jpg	yes	200	153659	https://live.staticflickr.com/8495/8330986113_e4e511e521_b.jpg	https://www.flickr.com/photos/treebeard/8330986113/	"Odd ""flowers"" of Oak Mistletoe (Phoradendron villosum, Viscaceae) growing as a parasite on Scrub Oak (Quercus berberidifolia, Fagaceae)"	317	
8347	a5190eed-6313-4e2b-bc84-1ad932aa339d	8331969108.jpg	/Users/seltmann/Documents/kummel/work/flickr_recovered_missing_media_20260730_150821/8331969108.jpg	yes	200	116807	https://live.staticflickr.com/8496/8331969108_bb19edd7d9_b.jpg	https://www.flickr.com/photos/treebeard/8331969108/	Gold Eye Lichen (Teloschistes chrysophthalmus or kin) growing on a living branch of Chamise (Adenostoma fasciculatum, Rosaceae)	273	
8348	b3f408a5-42b3-42c5-bebe-1e266fcab227	8332100886.jpg	/Users/seltmann/Documents/kummel/work/flickr_recovered_missing_media_20260730_150821/8332100886.jpg	yes	200	489806	https://live.staticflickr.com/8501/8332100886_1b7fb8b80f_c.jpg	https://www.flickr.com/photos/treebeard/8332100886/	New mushroom-like stems of California Peony (Paeonia californica, Paeoniaceae)	368	
8349	98d03bad-21f3-451c-a513-45a7a8dbfe34	8332124138.jpg	/Users/seltmann/Documents/kummel/work/flickr_recovered_missing_media_20260730_150821/8332124138.jpg	yes	200	167441	https://live.staticflickr.com/8353/8332124138_42261870a8_b.jpg	https://www.flickr.com/photos/treebeard/8332124138/	New leaves of native perennial California Peony (Paeonia californica, Paeoniaceae)	302	
9169	3e11da4c-ac50-4405-859f-8e5c49e446cd	8771269547.jpg	/Users/seltmann/Documents/kummel/work/flickr_recovered_missing_media_20260730_150821/8771269547.jpg	yes	200	109986	https://live.staticflickr.com/3819/8771269547_58290fde6d_b.jpg	https://www.flickr.com/photos/treebeard/8771269547/	Nymph of California Angle-winged Katydid (Microcentrum californicum, Ensifera, Orthoptera) looking into flower of Bush Monkey Flower (Mimulus aurantiacus var. pubescens, Scrophulariaceae or Phrymaceae)	264	
9170	b21fffda-bf1a-4ad0-85a2-3126fce806f9	8772098863.jpg	/Users/seltmann/Documents/kummel/work/flickr_recovered_missing_media_20260730_150821/8772098863.jpg	yes	200	381043	https://live.staticflickr.com/5464/8772098863_36c4795452_c.jpg	https://www.flickr.com/photos/treebeard/8772098863/	Carpenter Bee (Xylocopa, Anthophoridae, Hymenoptera) with mites (Acari), on California Honeysuckle (Lonicera hispidula, Caprifoliaceae)	293	
9171	88982a61-f04b-465a-8c16-6c983f90d183	8772554225.jpg	/Users/seltmann/Documents/kummel/work/flickr_recovered_missing_media_20260730_150821/8772554225.jpg	yes	200	98722	https://live.staticflickr.com/5334/8772554225_d6748eaae5_b.jpg	https://www.flickr.com/photos/treebeard/8772554225/	Beautiful flowers of native Southern California Dudleya aka Lanceleaf Liveforever (Dudleya lanceolata, Crassulaceae)	366	
9172	25d7ce83-2c5a-4db0-8d50-9992671d90b7	8778035632.jpg	/Users/seltmann/Documents/kummel/work/flickr_recovered_missing_media_20260730_150821/8778035632.jpg	yes	200	97512	https://live.staticflickr.com/3811/8778035632_0b13fe7e11_b.jpg	https://www.flickr.com/photos/treebeard/8778035632/	Wonderful little Bee Fly (Bombylius, Bombyliidae, Diptera) flying into new flowers of Trask's Yerba Santa (Eriodictyon traskiae, Hydrophyllaceae or Boraginaceae)	330	
9173	77371e57-74b8-46a1-a4cf-00cd7be77731	8778172588.jpg	/Users/seltmann/Documents/kummel/work/flickr_recovered_missing_media_20260730_150821/8778172588.jpg	yes	200	117844	https://live.staticflickr.com/3688/8778172588_648452a86d_b.jpg	https://www.flickr.com/photos/treebeard/8778172588/	Wonderful little Bee Fly (Bombylius, Bombyliidae, Diptera) on Trask's Yerba Santa (Eriodictyon traskiae, Hydrophyllaceae or Boraginaceae)	333	
9174	b8646789-2824-43a4-a79d-65c961ec080a	8778319012.jpg	/Users/seltmann/Documents/kummel/work/flickr_recovered_missing_media_20260730_150821/8778319012.jpg	yes	200	176207	https://live.staticflickr.com/2819/8778319012_132f013ea8_b.jpg	https://www.flickr.com/photos/treebeard/8778319012/	Western Fence Lizard (Sceloporus occidentalis) with mating colors - and ticks!	305	
9175	5fb165c7-4560-40b7-a30a-01bfe679cc9c	8778527932.jpg	/Users/seltmann/Documents/kummel/work/flickr_recovered_missing_media_20260730_150821/8778527932.jpg	yes	200	135035	https://live.staticflickr.com/7326/8778527932_6fba19a050_b.jpg	https://www.flickr.com/photos/treebeard/8778527932/	Thick-headed Fly (Physocephala burgessi, Conopinae, Conopidae, Diptera) on Canyon Sunflower (Venegasia carpesioides, Asteraceae) - with a mite (Acari)	309	
9176	c52a6c28-72d1-4074-8323-e795c3153b3c	8779324606.jpg	/Users/seltmann/Documents/kummel/work/flickr_recovered_missing_media_20260730_150821/8779324606.jpg	yes	200	97715	https://live.staticflickr.com/2836/8779324606_d808731d29_b.jpg	https://www.flickr.com/photos/treebeard/8779324606/	Butterfly Mariposa Lily (Calochortus venustus, Liliaceae)	348	
9177	89afc4d3-c8c4-4e90-81ea-fb4c3b674853	8785285825.jpg	/Users/seltmann/Documents/kummel/work/flickr_recovered_missing_media_20260730_150821/8785285825.jpg	yes	200	339003	https://live.staticflickr.com/3829/8785285825_c6a26e84db_c.jpg	https://www.flickr.com/photos/treebeard/8785285825/	Rose-colored Butterfly Mariposa Lily (Calochortus venustus, Liliaceae)	283	
9178	97c56740-0066-407b-8a8f-5c7f28b7d806	8785362961.jpg	/Users/seltmann/Documents/kummel/work/flickr_recovered_missing_media_20260730_150821/8785362961.jpg	yes	200	374805	https://live.staticflickr.com/2827/8785362961_dfbd2b8270_c.jpg	https://www.flickr.com/photos/treebeard/8785362961/	Another new weed in the mountains - Moth Mullein (Verbascum blattaria, Scrophulariaceae)	293	
9179	fce93553-f40f-4298-b3aa-ef489bdb3fa0	8785920427.jpg	/Users/seltmann/Documents/kummel/work/flickr_recovered_missing_media_20260730_150821/8785920427.jpg	yes	200	507024	https://live.staticflickr.com/7344/8785920427_d0ca5a3aab_c.jpg	https://www.flickr.com/photos/treebeard/8785920427/	"Gabb's Checkerspot (Chlosyne gabbii) butterfly ""puddling"" in the garden"	279	
9180	69157790-5bfb-46c9-9f2e-45a2b8b41a01	8786014713.jpg	/Users/seltmann/Documents/kummel/work/flickr_recovered_missing_media_20260730_150821/8786014713.jpg	yes	200	186586	https://live.staticflickr.com/2845/8786014713_cab970a0be_b.jpg	https://www.flickr.com/photos/treebeard/8786014713/	"Beautiful Brown Elfin (Callophrys augustinus) butterfly ""puddling"" - taking moisture and salts - on a garden path"	361	
9181	6681ed27-102c-423d-b759-c731526a7f5b	8786097897.jpg	/Users/seltmann/Documents/kummel/work/flickr_recovered_missing_media_20260730_150821/8786097897.jpg	yes	200	139588	https://live.staticflickr.com/8542/8786097897_0e9ed71335_b.jpg	https://www.flickr.com/photos/treebeard/8786097897/	Hedgerow Hairstreak (Satyrium saepium) butterfly on Golden Yarrow (Eriophyllum confertflorum, Asteraceae)	294	
9182	95f15081-b5b7-4b53-b26b-114416d5ddb7	8796166228.jpg	/Users/seltmann/Documents/kummel/work/flickr_recovered_missing_media_20260730_150821/8796166228.jpg	yes	200	91184	https://live.staticflickr.com/5448/8796166228_f2ca0c111b_b.jpg	https://www.flickr.com/photos/treebeard/8796166228/	Native flower of Indian Pink aka Cardinal Catchfly (Silene laciniata, Caryophyllaceae)	256	
9183	5a191721-167b-4959-9f8c-3f1abf1549a4	8796257406.jpg	/Users/seltmann/Documents/kummel/work/flickr_recovered_missing_media_20260730_150821/8796257406.jpg	yes	200	90753	https://live.staticflickr.com/3826/8796257406_4c86e69d05_b.jpg	https://www.flickr.com/photos/treebeard/8796257406/	Speckled Clarkia (Clarkia cylindrica, Onagraceae) - without speckles	247	
9184	5c61ad91-79df-4d99-aa23-84af73e9e676	8796342826.jpg	/Users/seltmann/Documents/kummel/work/flickr_recovered_missing_media_20260730_150821/8796342826.jpg	yes	200	112636	https://live.staticflickr.com/7366/8796342826_0fc8ac74f6_b.jpg	https://www.flickr.com/photos/treebeard/8796342826/	Carpenter Bee (Xylocopa, Anthophoridae, Hymenoptera) on White Sage (Salvia apiana, Lamiaceae)	264	
9185	1223a07b-5423-4ee7-b5fc-50dc0d1c7a86	8797799001.jpg	/Users/seltmann/Documents/kummel/work/flickr_recovered_missing_media_20260730_150821/8797799001.jpg	yes	200	374497	https://live.staticflickr.com/7391/8797799001_af6439e5bc_c.jpg	https://www.flickr.com/photos/treebeard/8797799001/	Feathery seed head of California Chicory (Rafinesquia californica, Asteraceae)	331	
9186	9d73acb0-158d-4d3a-87f7-b1bc8a48e781	8798090147.jpg	/Users/seltmann/Documents/kummel/work/flickr_recovered_missing_media_20260730_150821/8798090147.jpg	yes	200	192966	https://live.staticflickr.com/2828/8798090147_2a7838c958_b.jpg	https://www.flickr.com/photos/treebeard/8798090147/	Tiny new flowers of native Phlox-leaved Bedstraw (Galium andrewii, Rubiacae)	296	
9187	a9f6c076-7457-4bb4-9fec-db9a0a5a8b12	8798209915.jpg	/Users/seltmann/Documents/kummel/work/flickr_recovered_missing_media_20260730_150821/8798209915.jpg	yes	200	168439	https://live.staticflickr.com/2877/8798209915_ee88a238f5_b.jpg	https://www.flickr.com/photos/treebeard/8798209915/	"House Wren (Troglodytes aedon) with neat little ""poop bag"" from babies inside the nest"	286	
9188	33249c48-9d37-434a-9323-fa87caf07a55	8798299625.jpg	/Users/seltmann/Documents/kummel/work/flickr_recovered_missing_media_20260730_150821/8798299625.jpg	yes	200	501525	https://live.staticflickr.com/7412/8798299625_06d27b28cf_c.jpg	https://www.flickr.com/photos/treebeard/8798299625/	House Wren (Troglodytes aedon) feeding her not-so-young baby	350	
9189	a8bf3c74-d041-426f-8a67-6c300dea83b7	8798357841.jpg	/Users/seltmann/Documents/kummel/work/flickr_recovered_missing_media_20260730_150821/8798357841.jpg	yes	200	489026	https://live.staticflickr.com/5455/8798357841_9933018829_c.jpg	https://www.flickr.com/photos/treebeard/8798357841/	House Wren (Troglodytes aedon) delivering a cricket or grasshopper (Orthoptera) to her babies	340	
9190	e6e76055-d6a4-40a2-b92d-0623b8ffffe6	8798601027.jpg	/Users/seltmann/Documents/kummel/work/flickr_recovered_missing_media_20260730_150821/8798601027.jpg	yes	200	190791	https://live.staticflickr.com/8129/8798601027_cbafa31d6e_b.jpg	https://www.flickr.com/photos/treebeard/8798601027/	"""Gotta sing, gotta dance...""  House Wren (Troglodytes aedon) with one of her always hungry babies"	318	
9191	d1b1f676-56f5-42c1-aed9-84bad4ed6e7b	8808432296.jpg	/Users/seltmann/Documents/kummel/work/flickr_recovered_missing_media_20260730_150821/8808432296.jpg	yes	200	171237	https://live.staticflickr.com/5453/8808432296_97a248f5af_b.jpg	https://www.flickr.com/photos/treebeard/8808432296/	New flowers of native Coffeeberry (Rhamnus californica, Rhamnaceae) - with a gall	469	
9192	b112c658-818d-4fb2-93b3-b3616cc7d133	8809048438.jpg	/Users/seltmann/Documents/kummel/work/flickr_recovered_missing_media_20260730_150821/8809048438.jpg	yes	200	201876	https://live.staticflickr.com/3785/8809048438_3729ea3b42_b.jpg	https://www.flickr.com/photos/treebeard/8809048438/	House Wren (Troglodytes aedon) delivering sow bugs to her almost-fledged babies	307	
9193	fcfc3935-857c-4d43-9cd3-a8d813dd1d1b	8809331743.jpg	/Users/seltmann/Documents/kummel/work/flickr_recovered_missing_media_20260730_150821/8809331743.jpg	yes	200	144051	https://live.staticflickr.com/3774/8809331743_ec077db1d5_b.jpg	https://www.flickr.com/photos/treebeard/8809331743/	Bee Assassin (Apiomerus californicus, Reduviidae, Hemiptera) on flowers of Golden Yarrow (Eriophyllum confertflorum, Asteraceae)	287	
9194	079928d9-eb75-4759-8b28-3be448568655	8809450597.jpg	/Users/seltmann/Documents/kummel/work/flickr_recovered_missing_media_20260730_150821/8809450597.jpg	yes	200	450824	https://live.staticflickr.com/3773/8809450597_382aa6d7a3_c.jpg	https://www.flickr.com/photos/treebeard/8809450597/	Another tattered Gabb's Checkerspot (Chlosyne gabbii) butterfly on Golden Yarrow (Eriophyllum confertflorum, Asteraceae)	320	
9195	c1f36d20-4845-440b-93f3-4108cc96fe92	8809806767.jpg	/Users/seltmann/Documents/kummel/work/flickr_recovered_missing_media_20260730_150821/8809806767.jpg	yes	200	435508	https://live.staticflickr.com/7369/8809806767_9ac393e59d_c.jpg	https://www.flickr.com/photos/treebeard/8809806767/	Another male Gorgon Copper (Lycaena gorgon) butterfly on Golden Yarrow (Eriophyllum confertflorum, Asteraceae)	288	
9196	b723780c-d56d-4128-b641-5b45e15ba5d7	8819463194.jpg	/Users/seltmann/Documents/kummel/work/flickr_recovered_missing_media_20260730_150821/8819463194.jpg	yes	200	256354	https://live.staticflickr.com/7346/8819463194_951cc946e5_b.jpg	https://www.flickr.com/photos/treebeard/8819463194/	Invasive non-native weedy Spanish Broom (Spartium junceum, Fabaceae)	290	
9197	d8b48d56-f4ea-48bf-bc82-b269f245c355	8819701576.jpg	/Users/seltmann/Documents/kummel/work/flickr_recovered_missing_media_20260730_150821/8819701576.jpg	yes	200	130251	https://live.staticflickr.com/2845/8819701576_770c81fa5f_b.jpg	https://www.flickr.com/photos/treebeard/8819701576/	New flowers of Climbing Penstemon (Keckiella cordifolia, Scrophulariaceae or Plantaginaceae)	351	
9198	cc9128f6-d078-4d57-9f0d-f6d3f9a7aa52	8819783380.jpg	/Users/seltmann/Documents/kummel/work/flickr_recovered_missing_media_20260730_150821/8819783380.jpg	yes	200	370833	https://live.staticflickr.com/3678/8819783380_d7cfa5142e_b.jpg	https://www.flickr.com/photos/treebeard/8819783380/	New flowers of native Chaparral Penstemon (Penstemon heterophyllus, Scrophulariaceae or Plantaginaceae)	287	
9199	2488a880-d01a-4a38-ab81-9495ae6f9a91	8820195382.jpg	/Users/seltmann/Documents/kummel/work/flickr_recovered_missing_media_20260730_150821/8820195382.jpg	yes	200	421078	https://live.staticflickr.com/8114/8820195382_09f34aab65_c.jpg	https://www.flickr.com/photos/treebeard/8820195382/	Probably a lady Acmon Blue (Plebejus acmon butterfly on Golden Yarrow  (Eriophyllum confertflorum, Asteraceae)	383	
9200	a01a8188-404f-4dc0-807b-f5143126727c	8820335228.jpg	/Users/seltmann/Documents/kummel/work/flickr_recovered_missing_media_20260730_150821/8820335228.jpg	yes	200	386595	https://live.staticflickr.com/2809/8820335228_3cebbac605_c.jpg	https://www.flickr.com/photos/treebeard/8820335228/	Probably a male Acmon Blue (Plebejus acmon) butterfly on Golden Yarrow (Eriophyllum confertflorum, Asteraceae)	288	
9201	2fedd602-c2db-4734-97a3-b15c9d090d80	8833981652.jpg	/Users/seltmann/Documents/kummel/work/flickr_recovered_missing_media_20260730_150821/8833981652.jpg	yes	200	398380	https://live.staticflickr.com/7294/8833981652_80a900a669_c.jpg	https://www.flickr.com/photos/treebeard/8833981652/	California Sister (Adelpha bredowii) butterfly on native Mugwort (Artemisia douglasiana, Asteraceae)	349	
9202	859d416f-7241-4b7c-91f2-b6d27a19a5d0	8834099128.jpg	/Users/seltmann/Documents/kummel/work/flickr_recovered_missing_media_20260730_150821/8834099128.jpg	yes	200	387003	https://live.staticflickr.com/2861/8834099128_2cec8eb0d2_c.jpg	https://www.flickr.com/photos/treebeard/8834099128/	California Hairstreak (Satyrium californica) butterfly on native Coffeeberry (Rhamnus californica, Rhamnaceae)	337	
9203	2ee540a7-3ca8-4d96-b39f-38e305c25458	8834324418.jpg	/Users/seltmann/Documents/kummel/work/flickr_recovered_missing_media_20260730_150821/8834324418.jpg	yes	200	396998	https://live.staticflickr.com/3815/8834324418_7a100b4f52_c.jpg	https://www.flickr.com/photos/treebeard/8834324418/	Upper-wings of a male Spring Azure (Celastrina ladon) butterfly on Coffeeberry (Rhamnus californica, Rhamnaceae)	283	
9204	9083ed81-f70d-4532-ba45-c7f4b622a2a1	8834519922.jpg	/Users/seltmann/Documents/kummel/work/flickr_recovered_missing_media_20260730_150821/8834519922.jpg	yes	200	408289	https://live.staticflickr.com/3680/8834519922_d5592d4ce7_c.jpg	https://www.flickr.com/photos/treebeard/8834519922/	Lower-wings of Spring Azure (Celastrina ladon) butterfly on native Coffeeberry (Rhamnus californica, Rhamnaceae)	324	
9205	100c6576-5aff-4a04-91ba-3f25ba7a6993	8834770688.jpg	/Users/seltmann/Documents/kummel/work/flickr_recovered_missing_media_20260730_150821/8834770688.jpg	yes	200	435873	https://live.staticflickr.com/8118/8834770688_41a7118628_c.jpg	https://www.flickr.com/photos/treebeard/8834770688/	Upper-wings of a Silvery Blue (Glaucopsyche lygdamus) butterfly on Canyon Lupine (Lupinus latifolius, Fabaceae)	323	
9206	593ef16d-b775-44fb-93d8-6988c2f372fa	8834925056.jpg	/Users/seltmann/Documents/kummel/work/flickr_recovered_missing_media_20260730_150821/8834925056.jpg	yes	200	415079	https://live.staticflickr.com/7413/8834925056_29305c2051_c.jpg	https://www.flickr.com/photos/treebeard/8834925056/	Lower-wings of a Silvery Blue (Glaucopsyche lygdamus) butterfly on Canyon Lupine (Lupinus latifolius, Fabaceae)	345	
9207	2bdbc803-bcff-42e0-abac-09bcd9538da5	8835041832.jpg	/Users/seltmann/Documents/kummel/work/flickr_recovered_missing_media_20260730_150821/8835041832.jpg	yes	200	169971	https://live.staticflickr.com/7417/8835041832_9884519f7c_b.jpg	https://www.flickr.com/photos/treebeard/8835041832/	Brown Elfin (Callophrys augustinus) butterfly on Coffeeberry (Rhamnus californica, Rhamnaceae)	296	
9208	8844d853-555d-404e-9ee1-3e46076ffc98	8835298766.jpg	/Users/seltmann/Documents/kummel/work/flickr_recovered_missing_media_20260730_150821/8835298766.jpg	yes	200	94385	https://live.staticflickr.com/2888/8835298766_2a5d5bcbcc_b.jpg	https://www.flickr.com/photos/treebeard/8835298766/	Gold-Hunter's Hairstreak (Satyrium auretorum) butterfly on Coffeeberry (Rhamnus californica, Rhamnaceae)	331	
9209	b7e132ee-bd8d-4430-8fa6-f5a8d9bfcf5d	8847478297.jpg	/Users/seltmann/Documents/kummel/work/flickr_recovered_missing_media_20260730_150821/8847478297.jpg	yes	200	415139	https://live.staticflickr.com/5452/8847478297_2bff0a3ec1_c.jpg	https://www.flickr.com/photos/treebeard/8847478297/	Spring Azure (Celastrina ladon) butterfly on native Coffeeberry (Rhamnus californica, Rhamnaceae)	284	
9210	cb9672f3-6d8b-4b69-aabf-def7695fa4c4	8847923717.jpg	/Users/seltmann/Documents/kummel/work/flickr_recovered_missing_media_20260730_150821/8847923717.jpg	yes	200	438874	https://live.staticflickr.com/3730/8847923717_bc1c8160e7_c.jpg	https://www.flickr.com/photos/treebeard/8847923717/	Mountain Mahogany Hairstreak (Satyrium tetra) butterfly on Golden Yarrow (Eriophyllum confertflorum, Asteraceae)	301	
9211	616d9992-53d8-4a54-a962-00ad5ca06842	8848221156.jpg	/Users/seltmann/Documents/kummel/work/flickr_recovered_missing_media_20260730_150821/8848221156.jpg	yes	200	384962	https://live.staticflickr.com/3831/8848221156_1c8c917122_c.jpg	https://www.flickr.com/photos/treebeard/8848221156/	"Small ""Blue"" butterfly (Polyommatinae) on Golden Yarrow (Eriophyllum confertflorum, Asteraceae)"	310	
9212	3cfd4ca0-4761-4068-8415-385205c35d56	8848319341.jpg	/Users/seltmann/Documents/kummel/work/flickr_recovered_missing_media_20260730_150821/8848319341.jpg	yes	200	134622	https://live.staticflickr.com/8411/8848319341_5b327bd32e_b.jpg	https://www.flickr.com/photos/treebeard/8848319341/	Male (left) and female (right) Gorgon Copper (Lycaena gorgon) butterflies on Golden Yarrow (Eriophyllum confertflorum, Asteraceae)	348	
9213	42512548-d59f-41d9-8bbe-0ce754e1911f	8848415797.jpg	/Users/seltmann/Documents/kummel/work/flickr_recovered_missing_media_20260730_150821/8848415797.jpg	yes	200	150408	https://live.staticflickr.com/5336/8848415797_c107c70e58_b.jpg	https://www.flickr.com/photos/treebeard/8848415797/	Mating pair of Gorgon Copper (Lycaena gorgon) butterflies on English Plantain (Plantago lanceolata, Plantaginaceae)	237	
9214	d08562eb-f719-47ec-b16b-35dd06a9418c	8848458510.jpg	/Users/seltmann/Documents/kummel/work/flickr_recovered_missing_media_20260730_150821/8848458510.jpg	yes	200	424521	https://live.staticflickr.com/8417/8848458510_fed684a7b0_c.jpg	https://www.flickr.com/photos/treebeard/8848458510/	Lupine Blue (Plebejus lupini) or Acmon Blue (Plebejus acmon) butterfly on Golden Yarrow (Eriophyllum confertflorum, Asteraceae)	321	
9215	dc0d85c0-f7ec-460d-a156-5864284d3686	8848698788.jpg	/Users/seltmann/Documents/kummel/work/flickr_recovered_missing_media_20260730_150821/8848698788.jpg	yes	200	449098	https://live.staticflickr.com/3735/8848698788_1c01ebda1a_c.jpg	https://www.flickr.com/photos/treebeard/8848698788/	Tailed Copper aka Arota Copper (Lycaena arota) butterfly on Coffeeberry (Rhamnus californica, Rhamnaceae)	365	
9216	e8a30934-54ea-4709-b5e0-26b93fb96167	8848772600.jpg	/Users/seltmann/Documents/kummel/work/flickr_recovered_missing_media_20260730_150821/8848772600.jpg	yes	200	380328	https://live.staticflickr.com/5455/8848772600_9e5fa64842_c.jpg	https://www.flickr.com/photos/treebeard/8848772600/	Pretty female Gorgon Copper (Lycaena gorgon) butterfly on Golden Yarrow (Eriophyllum confertflorum, Asteraceae)	390	
9217	534320ac-06bf-4b33-8db2-2031a6d848b1	8872493441.jpg	/Users/seltmann/Documents/kummel/work/flickr_recovered_missing_media_20260730_150821/8872493441.jpg	yes	200	453735	https://live.staticflickr.com/7409/8872493441_d537ba4c70_c.jpg	https://www.flickr.com/photos/treebeard/8872493441/	Asparagus-like flower stalk of native Chaparral Orchid (Piperia elongata, Orchidaceae)	290	
9218	3f4894cc-b8b3-4cae-ac6f-3862c5a911fc	8872573339.jpg	/Users/seltmann/Documents/kummel/work/flickr_recovered_missing_media_20260730_150821/8872573339.jpg	yes	200	119867	https://live.staticflickr.com/8261/8872573339_572a64049a_b.jpg	https://www.flickr.com/photos/treebeard/8872573339/	Pale Swallowtail (Papilio eurymedon) butterfly on old-fashioned Geranium (Pelargonium, Geraniaceae)	262	
9219	b530591d-ca4d-4db1-a85b-5e1eb02fe4e9	8872852813.jpg	/Users/seltmann/Documents/kummel/work/flickr_recovered_missing_media_20260730_150821/8872852813.jpg	yes	200	135812	https://live.staticflickr.com/2834/8872852813_9e3a287cfa_b.jpg	https://www.flickr.com/photos/treebeard/8872852813/	Tick (Ixodoidea, Arachnida) on native Western Rye aka Blue Wildrye (Elymus glaucus, Poaceae) grass - maybe a Pacific Coast Tick (Dermacentor occidentalis)?	279	
9220	358bb3f8-6d16-4400-b3a3-87e67c6ca147	8872925826.jpg	/Users/seltmann/Documents/kummel/work/flickr_recovered_missing_media_20260730_150821/8872925826.jpg	yes	200	268769	https://live.staticflickr.com/2808/8872925826_118d3f9f3a_b.jpg	https://www.flickr.com/photos/treebeard/8872925826/	"Small casualty of the ""White Fire"" - a trampled Weed's Mariposa Lily (Calochortus weedii var. vestus or Calochortus fimbriata, Liliaceae)"	345	
9221	2c2ebf00-3881-4efd-b1db-21f66a2d5980	8873309588.jpg	/Users/seltmann/Documents/kummel/work/flickr_recovered_missing_media_20260730_150821/8873309588.jpg	yes	200	412461	https://live.staticflickr.com/3799/8873309588_2c92f84ef6_c.jpg	https://www.flickr.com/photos/treebeard/8873309588/	Maybe a Bernardino Blue aka Square-spotted Blue (Euphilotes bernardino or Euphilotes battoides bernardino) butterfly on native California Buckwheat (Eriogonum fasciculatum, Polygonaceae)	64	
9222	4d76e090-97fa-40de-a13b-b13c5f7fb3d2	8873332855.jpg	/Users/seltmann/Documents/kummel/work/flickr_recovered_missing_media_20260730_150821/8873332855.jpg	yes	200	388924	https://live.staticflickr.com/3749/8873332855_2630872752_c.jpg	https://www.flickr.com/photos/treebeard/8873332855/	Carrion Beetle (Silphidae, Polyphaga, Coleoptera) - maybe the Black Burying Beetle (Nicrophorus nigrita) - with mites!	302	
9223	7fd4fe6b-f1ef-4040-aea0-a9dbe1e8c3c6	8873673420.jpg	/Users/seltmann/Documents/kummel/work/flickr_recovered_missing_media_20260730_150821/8873673420.jpg	yes	200	127711	https://live.staticflickr.com/8137/8873673420_793b2d54f7_b.jpg	https://www.flickr.com/photos/treebeard/8873673420/	Carrion Beetle (Silphidae, Polyphaga, Coleoptera) - maybe the Black Burying Beetle (Nicrophorus nigrita) - with mites	279	
9224	71007f00-0a36-441a-8b85-d7a60ef65df9	8883977111.jpg	/Users/seltmann/Documents/kummel/work/flickr_recovered_missing_media_20260730_150821/8883977111.jpg	yes	200	99389	https://live.staticflickr.com/8133/8883977111_2740b1fc49_b.jpg	https://www.flickr.com/photos/treebeard/8883977111/	Long-horned Beetle (Cerambycidae, Coleoptera) on native Coffeeberry (Rhamnus californica, Rhamnaceae)	316	
9225	6f2f4489-7d38-4c14-be1c-eda9ae96cb9c	8884068103.jpg	/Users/seltmann/Documents/kummel/work/flickr_recovered_missing_media_20260730_150821/8884068103.jpg	yes	200	100411	https://live.staticflickr.com/7447/8884068103_e659d53431_b.jpg	https://www.flickr.com/photos/treebeard/8884068103/	Bee Fly (Bombyliidae, Diptera) above new flowers of Trask's Yerba Santa (Eriodictyon traskiae, Hydrophyllaceae or Boraginaceae)	289	
9226	67a3b868-ff59-4be9-9a9b-a446d17ecc0e	8884123417.jpg	/Users/seltmann/Documents/kummel/work/flickr_recovered_missing_media_20260730_150821/8884123417.jpg	yes	200	104006	https://live.staticflickr.com/3821/8884123417_29f2a80b86_b.jpg	https://www.flickr.com/photos/treebeard/8884123417/	Bee Fly (Bombyliidae, Diptera) on native Trask's Yerba Santa (Eriodictyon traskiae, Hydrophyllaceae or Boraginaceae)	314	
9227	527ee124-69f5-4dca-8519-7b8bd9f53c18	8884337257.jpg	/Users/seltmann/Documents/kummel/work/flickr_recovered_missing_media_20260730_150821/8884337257.jpg	yes	200	246346	https://live.staticflickr.com/2853/8884337257_4f16f656fe_b.jpg	https://www.flickr.com/photos/treebeard/8884337257/	"Valley Oak (Quercus lobata, Fagaceae) trees surrounded by burned grassland from the ""Olive Fire"""	360	
9228	9d2a4c08-6127-4e4c-929e-a5a2889ccac0	8884457142.jpg	/Users/seltmann/Documents/kummel/work/flickr_recovered_missing_media_20260730_150821/8884457142.jpg	yes	200	336946	https://live.staticflickr.com/5445/8884457142_792a21e95f_c.jpg	https://www.flickr.com/photos/treebeard/8884457142/	Galls of Spined Turban Gall Wasps (Antron douglasii, Cynipidae, Hymenoptera) on Scrub Oak (Quercus berberidifolia, Fagaceae)	289	
9229	01491423-0b13-4480-b618-96d4d733c7f5	8884471289.jpg	/Users/seltmann/Documents/kummel/work/flickr_recovered_missing_media_20260730_150821/8884471289.jpg	yes	200	331163	https://live.staticflickr.com/7405/8884471289_ebc7b5a4d0_c.jpg	https://www.flickr.com/photos/treebeard/8884471289/	"Tiny ""parasitic wasp"" (Hymenoptera) inserting her ovipositor into flower of Canyon Sunflower (Venegasia carpesioides, Asteraceae)"	328	
9230	e693f67e-2f89-48c0-809a-ee049df6bcfa	8884518760.jpg	/Users/seltmann/Documents/kummel/work/flickr_recovered_missing_media_20260730_150821/8884518760.jpg	yes	200	129418	https://live.staticflickr.com/8544/8884518760_8681df46dd_b.jpg	https://www.flickr.com/photos/treebeard/8884518760/	Long-horned Beetle (Cerambycidae, Coleoptera) on native Coffeeberry (Rhamnus californica, Rhamnaceae)	264	
9231	28405d72-b6f0-4f90-a9ab-41bc2606f0db	8884828620.jpg	/Users/seltmann/Documents/kummel/work/flickr_recovered_missing_media_20260730_150821/8884828620.jpg	yes	200	134164	https://live.staticflickr.com/8133/8884828620_c56859ba79_b.jpg	https://www.flickr.com/photos/treebeard/8884828620/	Cute little Treehopper (Membracidae, Homoptera) - maybe genus Cyrtolobus	298	
9232	4c0e7d00-65da-4a5d-8a38-b461c428d020	8895902729.jpg	/Users/seltmann/Documents/kummel/work/flickr_recovered_missing_media_20260730_150821/8895902729.jpg	yes	200	108883	https://live.staticflickr.com/5350/8895902729_53c10fb969_b.jpg	https://www.flickr.com/photos/treebeard/8895902729/	Tick (Ixodoidea, Arachnida) on native Western Rye aka Blue Wildrye (Elymus glaucus, Poaceae) grass - maybe a Pacific Coast Tick (Dermacentor occidentalis)	278	
9233	b4849d98-2862-46c9-ba4e-5ed1a2db9e76	8896090801.jpg	/Users/seltmann/Documents/kummel/work/flickr_recovered_missing_media_20260730_150821/8896090801.jpg	yes	200	116819	https://live.staticflickr.com/7299/8896090801_3b51a4ae00_b.jpg	https://www.flickr.com/photos/treebeard/8896090801/	New flowers of native Southern California Dudleya aka Lanceleaf Liveforever (Dudleya lanceolata, Crassulaceae)	344	
9234	db295c6e-8264-4b49-9d72-b905acdffb8f	8896211431.jpg	/Users/seltmann/Documents/kummel/work/flickr_recovered_missing_media_20260730_150821/8896211431.jpg	yes	200	408766	https://live.staticflickr.com/7398/8896211431_0f688cb770_c.jpg	https://www.flickr.com/photos/treebeard/8896211431/	Ants (Formicidae, Hymenoptera) tending aphids (Aphididae, Homoptera) on native California Thistle (Cirsium occidentale var. californicum, Asteraceae)	279	
9235	e84c92b9-c311-4faa-90cb-ab1220269fa4	8896336500.jpg	/Users/seltmann/Documents/kummel/work/flickr_recovered_missing_media_20260730_150821/8896336500.jpg	yes	200	342127	https://live.staticflickr.com/5350/8896336500_d20446d7c9_c.jpg	https://www.flickr.com/photos/treebeard/8896336500/	Non-native Two-row Barley (Hordeum vulgare, Poaceae) grass	389	
9236	6a032025-6b6e-4eb1-ba65-307a93df103f	8896395489.jpg	/Users/seltmann/Documents/kummel/work/flickr_recovered_missing_media_20260730_150821/8896395489.jpg	yes	200	122851	https://live.staticflickr.com/7373/8896395489_72879839c4_b.jpg	https://www.flickr.com/photos/treebeard/8896395489/	Late-instar nymph of a Stilt Bug (Berytidae, Hemiptera) on Caterpillar Phacelia (Phacelia cicutaria var. hispida, Hydrophyllaceae or Boraginaceae)	271	
9237	4346d782-dd23-493a-8881-aa97fa2a3667	8896465736.jpg	/Users/seltmann/Documents/kummel/work/flickr_recovered_missing_media_20260730_150821/8896465736.jpg	yes	200	603267	https://live.staticflickr.com/5452/8896465736_9bcf9f2b6b_c.jpg	https://www.flickr.com/photos/treebeard/8896465736/	California native Western Rye aka Blue Wildrye (Elymus glaucus, Poaceae) grass	332	
9238	43bb4e70-6b2c-4cff-86ba-2ede94ea57b1	8896775932.jpg	/Users/seltmann/Documents/kummel/work/flickr_recovered_missing_media_20260730_150821/8896775932.jpg	yes	200	113143	https://live.staticflickr.com/8253/8896775932_1f7619bce9_b.jpg	https://www.flickr.com/photos/treebeard/8896775932/	Galls of the Willow Apple Gall Sawfly (Potania californica, Tenthredinidae, Hymenoptera) on Arroyo Willow (Salix lasiolepis, Salicaceae)	316	
9239	b0fbdc4e-a17e-450c-a854-4631c6167ee1	8897210694.jpg	/Users/seltmann/Documents/kummel/work/flickr_recovered_missing_media_20260730_150821/8897210694.jpg	yes	200	117365	https://live.staticflickr.com/2809/8897210694_6f1c426256_b.jpg	https://www.flickr.com/photos/treebeard/8897210694/	Tiny nymph of an Assassin Bug (Reduviidae, Hemiptera) on Nuttall's Snowberry (Symphoricarpos mollis, Caprifoliaceae)	319	
9240	8ba52b83-03b4-4844-9a7c-c340b88e807d	8906589919.jpg	/Users/seltmann/Documents/kummel/work/flickr_recovered_missing_media_20260730_150821/8906589919.jpg	yes	200	426136	https://live.staticflickr.com/5454/8906589919_627dcdc5dd_c.jpg	https://www.flickr.com/photos/treebeard/8906589919/	Megachilid Bee (Megachilidae, Anthophila, Hymenoptera) on native Trask's Yerba Santa (Eriodictyon traskiae, Hydrophyllaceae or Boraginaceae)	310	
9241	0dfedbab-5cb9-44f0-944e-d06dc43ebb6d	8906770203.jpg	/Users/seltmann/Documents/kummel/work/flickr_recovered_missing_media_20260730_150821/8906770203.jpg	yes	200	92487	https://live.staticflickr.com/5343/8906770203_2bb87c470f_b.jpg	https://www.flickr.com/photos/treebeard/8906770203/	Pair of Wild Bees (Anthophila, Hymenoptera) - a Megachilid Bee (Megachilidae) on the left, and a Sweat Bee (Halictidae) on the right	189	
9242	0af70f0e-7165-4426-8ffd-9db77269cdd2	8906870229.jpg	/Users/seltmann/Documents/kummel/work/flickr_recovered_missing_media_20260730_150821/8906870229.jpg	yes	200	338473	https://live.staticflickr.com/5337/8906870229_f7a936edd3_c.jpg	https://www.flickr.com/photos/treebeard/8906870229/	"""Parasitic wasp"" (Hymenoptera) sticking its folded ovipositer into seed of Greenbark Ceanothus (Ceanothus spinosus, Rhamnaceae)"	319	
9243	347931b5-2692-4ce8-bf54-f63e78eb0803	8907076395.jpg	/Users/seltmann/Documents/kummel/work/flickr_recovered_missing_media_20260730_150821/8907076395.jpg	yes	200	379066	https://live.staticflickr.com/7323/8907076395_8624094e77_c.jpg	https://www.flickr.com/photos/treebeard/8907076395/	Jumping Spider (Salticidae) with a winged Termites (Isoptera) for breakfast	347	
9244	9578d476-ed9c-4edc-909f-207366adcd8b	8907129578.jpg	/Users/seltmann/Documents/kummel/work/flickr_recovered_missing_media_20260730_150821/8907129578.jpg	yes	200	341560	https://live.staticflickr.com/2881/8907129578_07c1c7277c_c.jpg	https://www.flickr.com/photos/treebeard/8907129578/	Nymph of an Assassin Bug (Reduviidae, Hemiptera) on native Wild Sweetpea (Lathyrus vestitus, Fabaceae)	325	
9245	2d56ff45-7e68-4e39-b875-933d47cc5cf8	8907270875.jpg	/Users/seltmann/Documents/kummel/work/flickr_recovered_missing_media_20260730_150821/8907270875.jpg	yes	200	410168	https://live.staticflickr.com/8266/8907270875_383bfc63a6_c.jpg	https://www.flickr.com/photos/treebeard/8907270875/	Wonderful new flowers of native Scarlet Larkspur (Delphinium cardinale, Ranunculaceae)	296	
9246	1941e621-122d-4ece-b0f0-640bdd0b4460	8907601668.jpg	/Users/seltmann/Documents/kummel/work/flickr_recovered_missing_media_20260730_150821/8907601668.jpg	yes	200	138891	https://live.staticflickr.com/7399/8907601668_2edd50dc4b_b.jpg	https://www.flickr.com/photos/treebeard/8907601668/	Variable Checkerspot (Euphydryas chalcedona) butterfly on flowers of Trask's Yerba Santa (Eriodictyon traskiae, Hydrophyllaceae or Boraginaceae)	303	
9247	76404cbe-79c7-4c12-b8a0-cb2d75d2e8b6	8907778070.jpg	/Users/seltmann/Documents/kummel/work/flickr_recovered_missing_media_20260730_150821/8907778070.jpg	yes	200	232891	https://live.staticflickr.com/5344/8907778070_4b02fce7fc_b.jpg	https://www.flickr.com/photos/treebeard/8907778070/	Hatch of winged (alate) Termites (Isoptera) - from our driveway, not the foundation of our house!	285	
9248	8a44cb06-f69f-4a39-97fb-fb4ff9478ade	8918146865.jpg	/Users/seltmann/Documents/kummel/work/flickr_recovered_missing_media_20260730_150821/8918146865.jpg	yes	200	157417	https://live.staticflickr.com/3713/8918146865_5550acf184_b.jpg	https://www.flickr.com/photos/treebeard/8918146865/	Brilliant native Red Thistle aka Cobweb Thistle (Cirsium occidentale var. venustum, Asteraceae)	283	
9249	c4ba6a78-ac02-4498-86ea-fe7368a149ec	8918596697.jpg	/Users/seltmann/Documents/kummel/work/flickr_recovered_missing_media_20260730_150821/8918596697.jpg	yes	200	132989	https://live.staticflickr.com/2818/8918596697_428ef81589_b.jpg	https://www.flickr.com/photos/treebeard/8918596697/	Gorgon Copper (Lycaena gorgon) butterfly on Golden Yarrow (Eriophyllum confertflorum, Asteraceae)	265	
9250	29d19d05-9d06-41f8-ad74-f13efcbd9ec7	8918681604.jpg	/Users/seltmann/Documents/kummel/work/flickr_recovered_missing_media_20260730_150821/8918681604.jpg	yes	200	187425	https://live.staticflickr.com/5336/8918681604_a8d6e16bf1_b.jpg	https://www.flickr.com/photos/treebeard/8918681604/	Flowers of native Sticky Snapdragon (Antirrhinum multiflorum, Scrophulariaceae or Plantaginaceae)	302	
9251	301661a0-dc8c-4c9a-a8a3-f3457dc09017	8918754551.jpg	/Users/seltmann/Documents/kummel/work/flickr_recovered_missing_media_20260730_150821/8918754551.jpg	yes	200	135463	https://live.staticflickr.com/5453/8918754551_b86509a355_b.jpg	https://www.flickr.com/photos/treebeard/8918754551/	Acmon Blue (Plebejus acmon) butterfly on Golden Yarrow (Eriophyllum confertflorum, Asteraceae)	257	
9252	e288fce4-bcf8-4fdf-8340-15ad04c098a1	8918899615.jpg	/Users/seltmann/Documents/kummel/work/flickr_recovered_missing_media_20260730_150821/8918899615.jpg	yes	200	136365	https://live.staticflickr.com/3718/8918899615_5acec0af6c_b.jpg	https://www.flickr.com/photos/treebeard/8918899615/	Marine Blue (Leptotes marina) butterfly ovipositing on new flowers of native Buck Lotus (Lotus crassifolius or Hosackia crassifolia, Fabaceae)	319	
9253	4ac5df8d-9099-45fa-9c48-e923a5c978e0	8918922568.jpg	/Users/seltmann/Documents/kummel/work/flickr_recovered_missing_media_20260730_150821/8918922568.jpg	yes	200	425923	https://live.staticflickr.com/3753/8918922568_4996df0dbf_c.jpg	https://www.flickr.com/photos/treebeard/8918922568/	Fly (Diptera) and Bee (Bombus, Anthophila, Hymenoptera) on Coyote Mint (Monardella hypoleuca, Lamiaceae) - maybe the fly is Thevenetimyia, Bombyliidae?	362	
9254	eab697d2-c53a-4e93-b911-9c8bbcb67379	8919064224.jpg	/Users/seltmann/Documents/kummel/work/flickr_recovered_missing_media_20260730_150821/8919064224.jpg	yes	200	150704	https://live.staticflickr.com/7302/8919064224_b914250ee6_b.jpg	https://www.flickr.com/photos/treebeard/8919064224/	Interesting fly (Diptera) on Coyote Mint (Monardella hypoleuca, Lamiaceae) - maybe  genus Thevenetimyia, Bombyliidae?	262	
9255	dc3d1fd4-5f7d-48ca-bc4f-e14a520d4455	8919313160.jpg	/Users/seltmann/Documents/kummel/work/flickr_recovered_missing_media_20260730_150821/8919313160.jpg	yes	200	404110	https://live.staticflickr.com/3781/8919313160_aed29f0c8d_c.jpg	https://www.flickr.com/photos/treebeard/8919313160/	A lady Gorgon Copper (Lycaena gorgon) butterfly showing a glimpse of her upper wings, on Golden Yarrow (Eriophyllum confertflorum, Asteraceae)	51	
9256	4d180a1d-d466-4fce-bd4f-8b34882efce7	8930276511.jpg	/Users/seltmann/Documents/kummel/work/flickr_recovered_missing_media_20260730_150821/8930276511.jpg	yes	200	404883	https://live.staticflickr.com/7402/8930276511_4591a2c573_b.jpg	https://www.flickr.com/photos/treebeard/8930276511/	"After the ""White Fire"" - toasted stalks of Chaparral Yucca (Yucca whipplei, Liliaceae)"	293	
9257	f8d09bec-8324-4f4a-b625-61ee25abe5a7	8930741749.jpg	/Users/seltmann/Documents/kummel/work/flickr_recovered_missing_media_20260730_150821/8930741749.jpg	yes	200	334254	https://live.staticflickr.com/5454/8930741749_29ca0b9f31_b.jpg	https://www.flickr.com/photos/treebeard/8930741749/	"After the ""White Fire"" - the Aliso Canyon trail"	288	
9258	a415e379-1674-4da0-96ee-2fcde583218a	8931019528.jpg	/Users/seltmann/Documents/kummel/work/flickr_recovered_missing_media_20260730_150821/8931019528.jpg	yes	200	381502	https://live.staticflickr.com/8276/8931019528_c3411fda3e_b.jpg	https://www.flickr.com/photos/treebeard/8931019528/	"After the ""White Fire"" - burned and broken Coast Live Oak (Quercus agrifolia, Fagaceae)"	362	
9259	bbbc20fa-c09e-4098-845d-534a02e4c1d5	8942118673.jpg	/Users/seltmann/Documents/kummel/work/flickr_recovered_missing_media_20260730_150821/8942118673.jpg	yes	200	186545	https://live.staticflickr.com/5463/8942118673_0c9de91945_b.jpg	https://www.flickr.com/photos/treebeard/8942118673/	New acorns of Tanbark Oak aka Tanoak (Lithocarpus densiflorus, Fagaceae)	258	
9260	55a70152-9997-4b85-a21b-fcdc3b7a4b82	8942203555.jpg	/Users/seltmann/Documents/kummel/work/flickr_recovered_missing_media_20260730_150821/8942203555.jpg	yes	200	231132	https://live.staticflickr.com/8278/8942203555_b1bee0a9ae_b.jpg	https://www.flickr.com/photos/treebeard/8942203555/	Dreadlock-like male catkins of Tanbark Oak aka Tanoak (Lithocarpus densiflorus, Fagaceae)	290	
9261	f45d0f86-1fba-4200-9d33-3c259e69041a	8942406369.jpg	/Users/seltmann/Documents/kummel/work/flickr_recovered_missing_media_20260730_150821/8942406369.jpg	yes	200	125836	https://live.staticflickr.com/8541/8942406369_0124328de2_b.jpg	https://www.flickr.com/photos/treebeard/8942406369/	Cloud-drops on a seed head of non-native weedy Ripgut Grass (Bromus diandrus, Poaceae)	315	
9262	2a665afa-41a5-41f7-b029-19e3e95e96ff	8942595490.jpg	/Users/seltmann/Documents/kummel/work/flickr_recovered_missing_media_20260730_150821/8942595490.jpg	yes	200	112530	https://live.staticflickr.com/8551/8942595490_3bceeaa51b_b.jpg	https://www.flickr.com/photos/treebeard/8942595490/	New flowers of native Buck Lotus (Lotus crassifolius or Hosackia crassifolia, Fabaceae)	322	
9263	ccfdd092-6152-4ff3-98a3-7e4a9e5cfc67	8942925502.jpg	/Users/seltmann/Documents/kummel/work/flickr_recovered_missing_media_20260730_150821/8942925502.jpg	yes	200	155067	https://live.staticflickr.com/3740/8942925502_13ea7f997a_b.jpg	https://www.flickr.com/photos/treebeard/8942925502/	New flower buds of native Chaparral Yucca (Yucca whipplei, Liliaceae) or (Hesperoyucca whipplei, Agavaceae)	331	
9264	75afa2ce-557d-4775-979c-433bf4a6d5dd	8943188798.jpg	/Users/seltmann/Documents/kummel/work/flickr_recovered_missing_media_20260730_150821/8943188798.jpg	yes	200	141668	https://live.staticflickr.com/3751/8943188798_ea99b7c586_b.jpg	https://www.flickr.com/photos/treebeard/8943188798/	Cloud-drops on flowers of native White Sage (Salvia apiana, Lamiaceae)	292	
9265	280ae825-efb2-4c49-aa6c-6037e99b6492	8943318938.jpg	/Users/seltmann/Documents/kummel/work/flickr_recovered_missing_media_20260730_150821/8943318938.jpg	yes	200	127023	https://live.staticflickr.com/8130/8943318938_31d1c105bd_b.jpg	https://www.flickr.com/photos/treebeard/8943318938/	Grass-Skipper (Hesperia, Hesperiidae) butterfly on Wild Blackberry (Rubus ursinus, Rosaceae)	256	
9266	e7deaa66-80d3-455a-941a-d8e5ca2fd563	8943488926.jpg	/Users/seltmann/Documents/kummel/work/flickr_recovered_missing_media_20260730_150821/8943488926.jpg	yes	200	147911	https://live.staticflickr.com/3755/8943488926_1f57bb18fa_b.jpg	https://www.flickr.com/photos/treebeard/8943488926/	Cute little Snakefly (Agulla, Raphidiidae, Neuroptera) insect on Wild Sweetpea (Lathyrus vestitus, Fabaceae)	229	
9267	8a57ec25-e0b4-4636-abe0-606992e452dd	8952990747.jpg	/Users/seltmann/Documents/kummel/work/flickr_recovered_missing_media_20260730_150821/8952990747.jpg	yes	200	103638	https://live.staticflickr.com/5343/8952990747_5a2daf0dbb_b.jpg	https://www.flickr.com/photos/treebeard/8952990747/	Aphid-galled flowers of California Honeysuckle (Lonicera hispidula, Caprifoliaceae) with aphids - look very different	307	
9268	872602b2-5f68-48b7-9812-e46894e49fd8	8953290143.jpg	/Users/seltmann/Documents/kummel/work/flickr_recovered_missing_media_20260730_150821/8953290143.jpg	yes	200	432003	https://live.staticflickr.com/5444/8953290143_ae1e177a6b_c.jpg	https://www.flickr.com/photos/treebeard/8953290143/	Large and bristly Tachinid Fly (Tachinidae, Diptera) on native Coffeeberry (Rhamnus californica, Rhamnaceae)	305	
9269	e17a49c2-9c66-4ddb-b65e-ed120f7cd4a0	8954043878.jpg	/Users/seltmann/Documents/kummel/work/flickr_recovered_missing_media_20260730_150821/8954043878.jpg	yes	200	114936	https://live.staticflickr.com/8547/8954043878_cb7d02f156_b.jpg	https://www.flickr.com/photos/treebeard/8954043878/	Beautiful flowers of California Honeysuckle (Lonicera hispidula, Caprifoliaceae)	315	
9270	810d5f1e-6c9f-43d7-90fc-c7c09fc2bd92	8954327918.jpg	/Users/seltmann/Documents/kummel/work/flickr_recovered_missing_media_20260730_150821/8954327918.jpg	yes	200	373150	https://live.staticflickr.com/3750/8954327918_475c7e5f09_c.jpg	https://www.flickr.com/photos/treebeard/8954327918/	Last seeds on native Large-flowered Mountain-dandelion (Agoseris grandiflora, Asteraceae)	307	
9271	b6d22ea5-734a-47a3-b6da-aea12871dfb0	8954379068.jpg	/Users/seltmann/Documents/kummel/work/flickr_recovered_missing_media_20260730_150821/8954379068.jpg	yes	200	139869	https://live.staticflickr.com/7326/8954379068_83dd75f0a2_b.jpg	https://www.flickr.com/photos/treebeard/8954379068/	Another little Snakefly (Agulla, Raphidiidae, Neuroptera) on native Wild Blackberry (Rubus ursinus, Rosaceae)	268	
9272	d59ad796-3e39-4565-9cb1-fbd67947ec4c	8954601258.jpg	/Users/seltmann/Documents/kummel/work/flickr_recovered_missing_media_20260730_150821/8954601258.jpg	yes	200	479693	https://live.staticflickr.com/3719/8954601258_9588a735bf_c.jpg	https://www.flickr.com/photos/treebeard/8954601258/	Plume Moth (Pterophoridae, Lepidoptera) on native Wild Blackberry (Rubus ursinus, Rosaceae)	408	
9273	3c4391cf-740d-49c5-bd30-13dc168a56ac	8954650702.jpg	/Users/seltmann/Documents/kummel/work/flickr_recovered_missing_media_20260730_150821/8954650702.jpg	yes	200	117004	https://live.staticflickr.com/5462/8954650702_aa0c493f1e_b.jpg	https://www.flickr.com/photos/treebeard/8954650702/	California Hairstreak (Satyrium californica) butterfly trying to warm up on Coffeeberry (Rhamnus californica, Rhamnaceae)	304	
9274	3d3a2ea0-df44-441a-8cca-f87520c1c547	8954786638.jpg	/Users/seltmann/Documents/kummel/work/flickr_recovered_missing_media_20260730_150821/8954786638.jpg	yes	200	402195	https://live.staticflickr.com/3679/8954786638_d54d7d776c_c.jpg	https://www.flickr.com/photos/treebeard/8954786638/	Grass-Skipper (Hesperia, Hesperiidae) butterflies on violet flower of native California Thistle (Cirsium occidentale, Asteraceae)	340	
9275	abb5de54-aa42-4d1e-8ef3-a1b24161f6b7	8963663761.jpg	/Users/seltmann/Documents/kummel/work/flickr_recovered_missing_media_20260730_150821/8963663761.jpg	yes	200	160568	https://live.staticflickr.com/7381/8963663761_9cae839be6_b.jpg	https://www.flickr.com/photos/treebeard/8963663761/	Early summer flowers of California Goldenrod (Solidago californica, Asteraceae)	314	
9276	407170d1-21de-4c9b-830e-44bd350ec873	8963957953.jpg	/Users/seltmann/Documents/kummel/work/flickr_recovered_missing_media_20260730_150821/8963957953.jpg	yes	200	80139	https://live.staticflickr.com/7389/8963957953_39bb21551a_b.jpg	https://www.flickr.com/photos/treebeard/8963957953/	Remarkable little Stilt Bug (Berytidae, Hemiptera) on Chamise (Adenostoma fasciculatum, Rosaceae)	246	
9277	b4175ce9-429e-411f-9377-1043b2da5670	8964160969.jpg	/Users/seltmann/Documents/kummel/work/flickr_recovered_missing_media_20260730_150821/8964160969.jpg	yes	200	124827	https://live.staticflickr.com/8408/8964160969_65446f6175_b.jpg	https://www.flickr.com/photos/treebeard/8964160969/	Bee Assassin (Apiomerus californicus, Reduviidae, Hemiptera) with a small Wild Bee (Anthophila, Hymenoptera) on Toyon (Heteromeles arbutifolia, Rosaceae)	256	
9278	2b46b187-6d8d-4762-80ff-abb6be89ad76	8964983262.jpg	/Users/seltmann/Documents/kummel/work/flickr_recovered_missing_media_20260730_150821/8964983262.jpg	yes	200	417593	https://live.staticflickr.com/3834/8964983262_9982321223_c.jpg	https://www.flickr.com/photos/treebeard/8964983262/	"Early ""flower"" of native Bird's Beak (Cordylanthus rigidus, Scrophulariaceae or Orobanchaceae)"	320	
9279	3d7290d3-d31b-4ece-a14a-218a1b7e592b	8965077368.jpg	/Users/seltmann/Documents/kummel/work/flickr_recovered_missing_media_20260730_150821/8965077368.jpg	yes	200	382193	https://live.staticflickr.com/2827/8965077368_454f340218_c.jpg	https://www.flickr.com/photos/treebeard/8965077368/	Early flowers of Coyote Mint aka White-leaf Monardella (Monardella hypoleuca, Lamiaceae)	264	
9280	0e7b144a-f36a-4e63-a4ad-65faad769a6f	8965490898.jpg	/Users/seltmann/Documents/kummel/work/flickr_recovered_missing_media_20260730_150821/8965490898.jpg	yes	200	135406	https://live.staticflickr.com/2831/8965490898_bc9461a34c_b.jpg	https://www.flickr.com/photos/treebeard/8965490898/	Gold-Hunter's Hairstreak (Satyrium auretorum) butterfly on Toyon (Heteromeles arbutifolia, Rosaceae)	264	
9281	721af5b8-f58d-41d0-b909-de5e882efce8	8965559044.jpg	/Users/seltmann/Documents/kummel/work/flickr_recovered_missing_media_20260730_150821/8965559044.jpg	yes	200	132463	https://live.staticflickr.com/7429/8965559044_c26d34ee0e_b.jpg	https://www.flickr.com/photos/treebeard/8965559044/	California Clearwing Moth (Hemaris thetis) snuggling into flower of native Woolly Blue Curls (Trichostema lanatum, Lamiaceae)	340	
9282	47a3dbbc-06a5-4a18-8ed0-d95fc722d802	8965665570.jpg	/Users/seltmann/Documents/kummel/work/flickr_recovered_missing_media_20260730_150821/8965665570.jpg	yes	200	402538	https://live.staticflickr.com/7427/8965665570_39ca034f01_c.jpg	https://www.flickr.com/photos/treebeard/8965665570/	California Clearwing Moth (Hemaris thetis) approaching flowers of native Woolly Blue Curls (Trichostema lanatum, Lamiaceae)	321	
9283	71b3df82-2dee-4344-ba23-ad362911dd69	8972783183.jpg	/Users/seltmann/Documents/kummel/work/flickr_recovered_missing_media_20260730_150821/8972783183.jpg	yes	200	90413	https://live.staticflickr.com/2872/8972783183_06b0c293a5_b.jpg	https://www.flickr.com/photos/treebeard/8972783183/	Flowers of native White Sage (Salvia apiana, Lamiaceae) - with stamens crossed and pistils to the side	225	
9284	2010e9fd-01cf-437c-b3bc-38e02f410258	8972839499.jpg	/Users/seltmann/Documents/kummel/work/flickr_recovered_missing_media_20260730_150821/8972839499.jpg	yes	200	125402	https://live.staticflickr.com/3718/8972839499_c633e2d7eb_b.jpg	https://www.flickr.com/photos/treebeard/8972839499/	Sweet-smelling Yerba Buena (Satureja douglasii or Clinopodium douglasii, Lamiaceae) - smells like peppermint	313	
9285	c864527e-e1dd-4323-be8b-b6fd7bdba060	8973076601.jpg	/Users/seltmann/Documents/kummel/work/flickr_recovered_missing_media_20260730_150821/8973076601.jpg	yes	200	395431	https://live.staticflickr.com/8402/8973076601_d4bee9e176_c.jpg	https://www.flickr.com/photos/treebeard/8973076601/	Crab Spider (Thomisidae) with Bernardino Blue (Euphilotes bernardino) butterfly on Deerweed (Lotus scoparius or Acmispon glaber, Fabaceae)	333	
9286	15581d02-210a-4d5e-943b-9f2deb36d53d	8973304687.jpg	/Users/seltmann/Documents/kummel/work/flickr_recovered_missing_media_20260730_150821/8973304687.jpg	yes	200	121062	https://live.staticflickr.com/3790/8973304687_05188e27e6_b.jpg	https://www.flickr.com/photos/treebeard/8973304687/	Fantastic male Tailed Copper aka Arota Copper (Lycaena arota) butterfly on Trask's Yerba Santa (Eriodictyon traskiae, Hydrophyllaceae or Boraginaceae)	303	
9287	933572c4-c07c-4236-8ec1-8d0402428610	8973934052.jpg	/Users/seltmann/Documents/kummel/work/flickr_recovered_missing_media_20260730_150821/8973934052.jpg	yes	200	407089	https://live.staticflickr.com/2889/8973934052_1e2ffbb014_c.jpg	https://www.flickr.com/photos/treebeard/8973934052/	New flowers of native Scarlet Larkspur (Delphinium cardinale, Ranunculaceae) - uncommon in our mountains	357	
9288	ed67fc59-c107-4620-848e-ddf76fbdb6e6	8974201236.jpg	/Users/seltmann/Documents/kummel/work/flickr_recovered_missing_media_20260730_150821/8974201236.jpg	yes	200	131165	https://live.staticflickr.com/2857/8974201236_6b007d2667_b.jpg	https://www.flickr.com/photos/treebeard/8974201236/	Grass-Skipper (Hesperia, Hesperiidae) butterfly on sweet-smelling Yerba Buena (Satureja douglasii or Clinopodium douglasii, Lamiaceae)	299	
9289	39662b01-b4d0-4b93-aac2-e4f267b3ba1d	8974433008.jpg	/Users/seltmann/Documents/kummel/work/flickr_recovered_missing_media_20260730_150821/8974433008.jpg	yes	200	136569	https://live.staticflickr.com/2878/8974433008_7f7d4bfba3_b.jpg	https://www.flickr.com/photos/treebeard/8974433008/	Tailed Copper aka Arota Copper (Lycaena arota) butterfly on Scrub Oak (Quercus berberidifolia, Fagaceae)	249	
9290	0fa1788f-0948-4e31-89cf-b78b4544eb80	8974583916.jpg	/Users/seltmann/Documents/kummel/work/flickr_recovered_missing_media_20260730_150821/8974583916.jpg	yes	200	111524	https://live.staticflickr.com/2876/8974583916_bf16edb3f4_b.jpg	https://www.flickr.com/photos/treebeard/8974583916/	"First caterpillar of an Anise Swallowtail (Papilio zelicaon) butterfly - showing its brilliant orange ""osmetarium"""	287	
9291	bf8426d6-7fec-495d-a61e-4af74706ff4b	8981540977.jpg	/Users/seltmann/Documents/kummel/work/flickr_recovered_missing_media_20260730_150821/8981540977.jpg	yes	200	177151	https://live.staticflickr.com/7390/8981540977_451e83ffa3_b.jpg	https://www.flickr.com/photos/treebeard/8981540977/	Hemp Dogbane aka Indian Hemp (Apocynum cannabinum, Apocynaceae)	289	
9292	49646daf-432c-4b5f-ba94-42928746c11f	8981600627.jpg	/Users/seltmann/Documents/kummel/work/flickr_recovered_missing_media_20260730_150821/8981600627.jpg	yes	200	119141	https://live.staticflickr.com/2822/8981600627_99a4f35986_b.jpg	https://www.flickr.com/photos/treebeard/8981600627/	Cleistogamous flowers of Sacapellote (Acourtia microcephala, Asteraceae) - flowering without opening	295	
9293	5f717220-6dd6-406f-aa6b-0ee272ee4daf	8981726037.jpg	/Users/seltmann/Documents/kummel/work/flickr_recovered_missing_media_20260730_150821/8981726037.jpg	yes	200	389357	https://live.staticflickr.com/5336/8981726037_4af3408461_c.jpg	https://www.flickr.com/photos/treebeard/8981726037/	New flowers of Fleabane Daisy (Erigeron foliosus var. foliosus, Asteraceae)	342	
9294	cb6a4ae9-3ba8-42b6-99c8-3a15dfe04f1e	8981933923.jpg	/Users/seltmann/Documents/kummel/work/flickr_recovered_missing_media_20260730_150821/8981933923.jpg	yes	200	139692	https://live.staticflickr.com/7379/8981933923_2b865bcffc_b.jpg	https://www.flickr.com/photos/treebeard/8981933923/	Hedgerow Hairstreak (Satyrium saepium) butterfly on flowers of Toyon (Heteromeles arbutifolia, Rosaceae)	304	
9295	9ae41b76-6dc9-46d3-bdaf-6e72c3f50d18	8982206133.jpg	/Users/seltmann/Documents/kummel/work/flickr_recovered_missing_media_20260730_150821/8982206133.jpg	yes	200	349871	https://live.staticflickr.com/8115/8982206133_78156b7bcb_c.jpg	https://www.flickr.com/photos/treebeard/8982206133/	Single flower of native Humboldt Lily (Lilium humboldtii ssp. ocellatum, Liliaceae)	345	
9296	e493163b-2543-41dc-a0db-28cf74c1a0cf	8983013408.jpg	/Users/seltmann/Documents/kummel/work/flickr_recovered_missing_media_20260730_150821/8983013408.jpg	yes	200	157398	https://live.staticflickr.com/5456/8983013408_79c019abf6_b.jpg	https://www.flickr.com/photos/treebeard/8983013408/	New flowers of native Chaparral Yucca (Yucca whipplei, Liliaceae) - now renamed Hesperoyucca whipplei, Agavaceae	322	
9297	d50824e3-d78d-4628-91e4-127eef30df76	8983054588.jpg	/Users/seltmann/Documents/kummel/work/flickr_recovered_missing_media_20260730_150821/8983054588.jpg	yes	200	398111	https://live.staticflickr.com/7376/8983054588_6ceaf2a4a9_c.jpg	https://www.flickr.com/photos/treebeard/8983054588/	Gold-flecked little Bee Fly (Bombyliidae, Diptera) on Wild Blackberry (Rubus ursinus, Rosaceae)	256	
9298	7d7dde77-dc79-461e-a02e-fac2789a70ae	8983243632.jpg	/Users/seltmann/Documents/kummel/work/flickr_recovered_missing_media_20260730_150821/8983243632.jpg	yes	200	445924	https://live.staticflickr.com/3756/8983243632_aefa70a754_c.jpg	https://www.flickr.com/photos/treebeard/8983243632/	Maybe another Hedgerow Hairstreak (Satyrium saepium) butterfly, maybe not	371	
9299	85b0f6c2-60bc-451f-888d-7a92aaa4c6f4	8990193523.jpg	/Users/seltmann/Documents/kummel/work/flickr_recovered_missing_media_20260730_150821/8990193523.jpg	yes	200	284041	https://live.staticflickr.com/7300/8990193523_5b29114094_b.jpg	https://www.flickr.com/photos/treebeard/8990193523/	Garden photo, showing a flowering native Chalk Lettuce (Dudleya pulverulenta, Crassulaceae)	350	
9300	e9d0eab9-b510-46fa-89f6-3e0991ca1218	8990831957.jpg	/Users/seltmann/Documents/kummel/work/flickr_recovered_missing_media_20260730_150821/8990831957.jpg	yes	200	131331	https://live.staticflickr.com/5328/8990831957_5f46099172_b.jpg	https://www.flickr.com/photos/treebeard/8990831957/	Odd gall on leaves of Goldencup Oak (Quercus chrysolepis, Fagaceae) - maybe a Yellow Wig Gall Wasp (Andricus fullawayi, Cynipidae, Hymenoptera)	283	
9301	c9fbbb5f-0894-4e07-8751-209c541aae0d	8991268871.jpg	/Users/seltmann/Documents/kummel/work/flickr_recovered_missing_media_20260730_150821/8991268871.jpg	yes	200	429089	https://live.staticflickr.com/5470/8991268871_24acbbc73b_c.jpg	https://www.flickr.com/photos/treebeard/8991268871/	"Nymph of a ""True Bug"" (Hemiptera) on seed pod of Wild Sweetpea (Lathyrus vestitus, Fabaceae)"	358	
9302	9792178f-718a-4d43-aef2-ec36186f2de9	8991497212.jpg	/Users/seltmann/Documents/kummel/work/flickr_recovered_missing_media_20260730_150821/8991497212.jpg	yes	200	104551	https://live.staticflickr.com/3744/8991497212_d33ddb50fe_b.jpg	https://www.flickr.com/photos/treebeard/8991497212/	New flowers of native Chalk Lettuce (Dudleya pulverulenta, Crassulaceae) - in our garden	361	
9303	3cc90a8a-1c23-47b2-9694-a46162240a26	8991590878.jpg	/Users/seltmann/Documents/kummel/work/flickr_recovered_missing_media_20260730_150821/8991590878.jpg	yes	200	369130	https://live.staticflickr.com/8393/8991590878_16f4c6a312_b.jpg	https://www.flickr.com/photos/treebeard/8991590878/	Native trees - Madrone (Arbutus menziesii, Ericaceae), Tanbark Oak (Lithocarpus densiflorus, Fagaceae), and Coast Live Oak (Quercus agrifolia, Fagaceae)	325	
9304	6bfa3a0f-2219-4bde-abb9-e8e621ab3f10	8991707068.jpg	/Users/seltmann/Documents/kummel/work/flickr_recovered_missing_media_20260730_150821/8991707068.jpg	yes	200	106096	https://live.staticflickr.com/3665/8991707068_df08a621b9_b.jpg	https://www.flickr.com/photos/treebeard/8991707068/	Triptych of native thistles, all considered the same species - Cirsium occidentale, Asteraceae	263	
9305	04a85012-110e-4ca0-9432-9a543508e695	8992198958.jpg	/Users/seltmann/Documents/kummel/work/flickr_recovered_missing_media_20260730_150821/8992198958.jpg	yes	200	500673	https://live.staticflickr.com/5446/8992198958_649fda5fc1_c.jpg	https://www.flickr.com/photos/treebeard/8992198958/	Beetle (Coleoptera) on Trask's Yerba Santa (Eriodictyon traskiae, Hydrophyllaceae or Boraginaceae) - maybe Trirhabda flavolimbata in the Chrysomelidae?	414	
9306	9d212867-426b-4fa3-8407-45d3c09b8e94	8992307000.jpg	/Users/seltmann/Documents/kummel/work/flickr_recovered_missing_media_20260730_150821/8992307000.jpg	yes	200	393986	https://live.staticflickr.com/5462/8992307000_e5ea7da221_c.jpg	https://www.flickr.com/photos/treebeard/8992307000/	Long-horned Beetle (Cerambycidae, Coleoptera) and Bee Flies (Bombyliidae, Diptera) on Branching Phacelia (Phacelia ramosissima var. latifolia, Hydrophyllaceae or Boraginaceae)	289	
9307	fb2db58a-c68e-4e08-8554-908834c920af	9000960175.jpg	/Users/seltmann/Documents/kummel/work/flickr_recovered_missing_media_20260730_150821/9000960175.jpg	yes	200	349040	https://live.staticflickr.com/2816/9000960175_085f6a87de_b.jpg	https://www.flickr.com/photos/treebeard/9000960175/	Tall flower stalks of native Soap Plant (Chlorogalum pomeridianum, Liliaceae or Agavaceae)	310	
9308	5b01f7f3-70ab-4231-b3ea-0be0dac8825d	9001441581.jpg	/Users/seltmann/Documents/kummel/work/flickr_recovered_missing_media_20260730_150821/9001441581.jpg	yes	200	263168	https://live.staticflickr.com/3687/9001441581_c011e777b1_b.jpg	https://www.flickr.com/photos/treebeard/9001441581/	Mule Deer (Odocoileus hemionus) in the woods	285	
9309	33ae8a88-65a3-496d-8325-25f7cdc6c985	9001912434.jpg	/Users/seltmann/Documents/kummel/work/flickr_recovered_missing_media_20260730_150821/9001912434.jpg	yes	200	235459	https://live.staticflickr.com/3775/9001912434_6f174c1cdd_b.jpg	https://www.flickr.com/photos/treebeard/9001912434/	"The ""cactus corner"" of our garden, with mostly native ""Prickly Pear"" (Opuntia) cacti"	298	
9310	e97b0b1d-64e7-4c3b-84a6-3aaae4bc564f	9002038172.jpg	/Users/seltmann/Documents/kummel/work/flickr_recovered_missing_media_20260730_150821/9002038172.jpg	yes	200	365184	https://live.staticflickr.com/7429/9002038172_9d1e69e106_c.jpg	https://www.flickr.com/photos/treebeard/9002038172/	"Rose-like yellow flower of a native ""Prickly Pear"" (Opuntia, Cactaceae) - with cloud drops"	341	
9311	28e6f4ee-858c-4069-ae57-1707fda14805	9002387764.jpg	/Users/seltmann/Documents/kummel/work/flickr_recovered_missing_media_20260730_150821/9002387764.jpg	yes	200	388819	https://live.staticflickr.com/2813/9002387764_8d52dd54fb_c.jpg	https://www.flickr.com/photos/treebeard/9002387764/	Nearly-open flowers of native Soap Plant or Amole (Chlorogalum pomeridianum, Liliaceae or Agavaceae)	359	
9312	fe8f82a3-47ba-4cfb-bc15-c602ce3b0dc5	9002521482.jpg	/Users/seltmann/Documents/kummel/work/flickr_recovered_missing_media_20260730_150821/9002521482.jpg	yes	200	392809	https://live.staticflickr.com/3747/9002521482_be7c506205_c.jpg	https://www.flickr.com/photos/treebeard/9002521482/	Issid Planthopper insect (Issidae, Fulgoroidea, Homoptera) on a drippy morning - maybe Danepteryx robusta	307	
9400	9ae2eb10-57dc-473b-9bc6-31425a688430	9171867450.jpg	/Users/seltmann/Documents/kummel/work/flickr_recovered_missing_media_20260730_150821/9171867450.jpg	yes	200	114263	https://live.staticflickr.com/5498/9171867450_bfc6429723_b.jpg	https://www.flickr.com/photos/treebeard/9171867450/	Metallic Small-Headed Fly (Eulonchus, Acroceridae, Diptera) - maybe Eulonchus smaragdinus - on native Bush Monkey Flower (Mimulus aurantiacus var. pubescens, Scrophulariaceae or Phrymaceae)	277	
9401	496f5dba-d833-4578-9b4f-867482439927	9177522665.jpg	/Users/seltmann/Documents/kummel/work/flickr_recovered_missing_media_20260730_150821/9177522665.jpg	yes	200	491985	https://live.staticflickr.com/2819/9177522665_9759c0145e_c.jpg	https://www.flickr.com/photos/treebeard/9177522665/	Flower head of native Giant Rye Grass (Leymus condensatus, Poaceae) with stamens dangling	381	
9402	89b30a5a-5d59-4aa1-aec3-eaaabfb0f743	9177751151.jpg	/Users/seltmann/Documents/kummel/work/flickr_recovered_missing_media_20260730_150821/9177751151.jpg	yes	200	471814	https://live.staticflickr.com/7345/9177751151_1ccb86d8b2_c.jpg	https://www.flickr.com/photos/treebeard/9177751151/	Whole flowering plant of Weed's Mariposa Lily (Calochortus weedii var. vestus, aka Calochortus fimbriata, Liliaceae)	317	
9403	b8542f43-9f47-4358-be9b-7ceb7fcb80ce	9177877151.jpg	/Users/seltmann/Documents/kummel/work/flickr_recovered_missing_media_20260730_150821/9177877151.jpg	yes	200	136741	https://live.staticflickr.com/3821/9177877151_f6420a5ed5_b.jpg	https://www.flickr.com/photos/treebeard/9177877151/	Fantastic summer flower of Weed's Mariposa Lily (Calochortus weedii var. vestus, aka Calochortus fimbriata, Liliaceae)	343	
9404	09f129ea-798b-48dc-abdc-dff1b0c57c51	9177936313.jpg	/Users/seltmann/Documents/kummel/work/flickr_recovered_missing_media_20260730_150821/9177936313.jpg	yes	200	417391	https://live.staticflickr.com/7314/9177936313_967981dc02_c.jpg	https://www.flickr.com/photos/treebeard/9177936313/	Fantastic summer flower of Weed's Mariposa Lily (Calochortus weedii var. vestus, aka Calochortus fimbriata, Liliaceae)	295	
9405	20d3766f-848c-43d3-8702-4d5677214a02	9178007297.jpg	/Users/seltmann/Documents/kummel/work/flickr_recovered_missing_media_20260730_150821/9178007297.jpg	yes	200	125643	https://live.staticflickr.com/3768/9178007297_a9424dc18a_b.jpg	https://www.flickr.com/photos/treebeard/9178007297/	Fantastic summer flower of Weed's Mariposa Lily (Calochortus weedii var. vestus, aka Calochortus fimbriata, Liliaceae)	321	
9406	d790e27e-665b-472d-a0cb-7bae40463910	9179795662.jpg	/Users/seltmann/Documents/kummel/work/flickr_recovered_missing_media_20260730_150821/9179795662.jpg	yes	200	86752	https://live.staticflickr.com/7373/9179795662_eaa2c5f28d_b.jpg	https://www.flickr.com/photos/treebeard/9179795662/	Crab Spider (Thomisidae) waiting... waiting... on the tip of a leaf of Butterfly Bush (Buddleja davidii, Scrophulariaceae)	211	
9407	f1980e7c-00ea-4ed6-997c-e47ca6effa38	9179890530.jpg	/Users/seltmann/Documents/kummel/work/flickr_recovered_missing_media_20260730_150821/9179890530.jpg	yes	200	133192	https://live.staticflickr.com/7423/9179890530_c2d2bca10b_b.jpg	https://www.flickr.com/photos/treebeard/9179890530/	Male California Dogface (Colias eurydice) butterfly on flowers of a Geranium (Pelargonium, Geraniaceae) in the garden	267	
9408	51290771-abe3-4186-afce-b44f7497b085	9180173342.jpg	/Users/seltmann/Documents/kummel/work/flickr_recovered_missing_media_20260730_150821/9180173342.jpg	yes	200	112557	https://live.staticflickr.com/2864/9180173342_88a4250828_b.jpg	https://www.flickr.com/photos/treebeard/9180173342/	Fantastic summer flower of Weed's Mariposa Lily (Calochortus weedii var. vestus, aka Calochortus fimbriata, Liliaceae)	298	
9409	8c673f77-08bc-4291-9061-b19074f2cee8	9186474905.jpg	/Users/seltmann/Documents/kummel/work/flickr_recovered_missing_media_20260730_150821/9186474905.jpg	yes	200	193586	https://live.staticflickr.com/2880/9186474905_9097c42594_b.jpg	https://www.flickr.com/photos/treebeard/9186474905/	Peeling bark - and green skin underneath - of a beautiful native Madrone (Arbutus menziesii, Ericaceae) tree	319	
9410	36637f7e-2bdd-4399-be0f-a9b8e1c7c29d	9186536009.jpg	/Users/seltmann/Documents/kummel/work/flickr_recovered_missing_media_20260730_150821/9186536009.jpg	yes	200	206000	https://live.staticflickr.com/7448/9186536009_59acdc4599_b.jpg	https://www.flickr.com/photos/treebeard/9186536009/	Large dandelion-like seed head of native Large-flowered Mountain-dandelion (Agoseris grandiflora, Asteraceae)	280	
9411	f1473340-c780-4136-8a3c-b139dd6bb95a	9186566911.jpg	/Users/seltmann/Documents/kummel/work/flickr_recovered_missing_media_20260730_150821/9186566911.jpg	yes	200	403008	https://live.staticflickr.com/7348/9186566911_9bfb8d3f8b_c.jpg	https://www.flickr.com/photos/treebeard/9186566911/	Short-horned Grasshopper (Oedaleonotus phryneicus,  Melanoplinae, Acrididae, Orthoptera) munching a leaf of Butterfly Bush (Buddleja davidii, Scrophulariaceae) in the garden	403	
9412	88a0b51f-0269-4846-bb56-9c482478701c	9187096001.jpg	/Users/seltmann/Documents/kummel/work/flickr_recovered_missing_media_20260730_150821/9187096001.jpg	yes	200	80315	https://live.staticflickr.com/3687/9187096001_5ebde5f9bf_b.jpg	https://www.flickr.com/photos/treebeard/9187096001/	Metallic Small-Headed Fly (Eulonchus, Acroceridae, Diptera) - maybe Eulonchus smaragdinus - on native Bush Monkey Flower (Mimulus aurantiacus var. pubescens, Scrophulariaceae or Phrymaceae)	255	
9413	db7c7d0c-fdb7-4ac3-8d96-aa460f3f6cb9	9187391115.jpg	/Users/seltmann/Documents/kummel/work/flickr_recovered_missing_media_20260730_150821/9187391115.jpg	yes	200	386415	https://live.staticflickr.com/7332/9187391115_11f60512f6_c.jpg	https://www.flickr.com/photos/treebeard/9187391115/	Sand Wasp (Steniolia, Bembicini, Apoidea, Hymenoptera) on non-native English Lavender (Lavandula angustifolia, Lamiaceae)	292	
9414	ce5868c1-3b32-4cbe-9c82-5133b30981d9	9189529310.jpg	/Users/seltmann/Documents/kummel/work/flickr_recovered_missing_media_20260730_150821/9189529310.jpg	yes	200	531966	https://live.staticflickr.com/2873/9189529310_036027c198_c.jpg	https://www.flickr.com/photos/treebeard/9189529310/	Bee Fly (Bombyliidae,Diptera) dragging its butt over gravel - oviposting?	694	
9415	722d7617-518a-46b7-bc60-402010e9bf93	9189767612.jpg	/Users/seltmann/Documents/kummel/work/flickr_recovered_missing_media_20260730_150821/9189767612.jpg	yes	200	343473	https://live.staticflickr.com/3721/9189767612_03a4b1b2ef_c.jpg	https://www.flickr.com/photos/treebeard/9189767612/	Bee Fly (Bombyliidae, Diptera) on the native Wild Blackberry (Rubus ursinus, Rosaceae)	325	
9416	49102170-5912-4efe-9d10-baa1dc060acd	9189824468.jpg	/Users/seltmann/Documents/kummel/work/flickr_recovered_missing_media_20260730_150821/9189824468.jpg	yes	200	384026	https://live.staticflickr.com/5328/9189824468_a4146aab8d_c.jpg	https://www.flickr.com/photos/treebeard/9189824468/	"""Steel Bridge Fly"" - a fairly large Bee Fly (Bombyliidae, Diptera) on steel bridge railing"	319	
9417	08ecd458-e036-4809-ac8f-0a2704595ea0	9202386817.jpg	/Users/seltmann/Documents/kummel/work/flickr_recovered_missing_media_20260730_150821/9202386817.jpg	yes	200	439650	https://live.staticflickr.com/7381/9202386817_a433c9baed_c.jpg	https://www.flickr.com/photos/treebeard/9202386817/	Beautiful fungus-riddled leaf of native Wild Blackberry (Rubus ursinus, Rosaceae)	457	
9418	e8d472ad-1a78-4a23-a64f-aa29f11f7cf9	9202431627.jpg	/Users/seltmann/Documents/kummel/work/flickr_recovered_missing_media_20260730_150821/9202431627.jpg	yes	200	121617	https://live.staticflickr.com/3787/9202431627_aa2df82bbd_b.jpg	https://www.flickr.com/photos/treebeard/9202431627/	Crab Spider (Thomisidae) waiting on native Wild Blackberry (Rubus ursinus, Rosaceae)	341	
9419	1e853db6-10f5-4373-81f3-e6032e59da89	9202537221.jpg	/Users/seltmann/Documents/kummel/work/flickr_recovered_missing_media_20260730_150821/9202537221.jpg	yes	200	126127	https://live.staticflickr.com/2856/9202537221_6d773d5f43_b.jpg	https://www.flickr.com/photos/treebeard/9202537221/	Odd tiny Planthopper insect (Fulgoroidea, Homoptera) on Wild Blackberry (Rubus ursinus, Rosaceae)	263	
9420	84975390-ae65-4ec3-b27a-b47a4be2ab3e	9202611915.jpg	/Users/seltmann/Documents/kummel/work/flickr_recovered_missing_media_20260730_150821/9202611915.jpg	yes	200	210515	https://live.staticflickr.com/5469/9202611915_2e8ace68d4_b.jpg	https://www.flickr.com/photos/treebeard/9202611915/	New summer flowers of native California Buckwheat (Eriogonum fasciculatum, Polygonaceae)	271	
9421	9680d52a-56fb-4f2c-96d2-830cfe273eee	9202810817.jpg	/Users/seltmann/Documents/kummel/work/flickr_recovered_missing_media_20260730_150821/9202810817.jpg	yes	200	492949	https://live.staticflickr.com/2824/9202810817_07b4c0552f_c.jpg	https://www.flickr.com/photos/treebeard/9202810817/	Just a fly in the order Diptera, bristly enough to be family Tachinidae, on Wild Blackberry (Rubus ursinus, Rosaceae)	292	
9422	7badd906-dfa2-4436-942b-ca0ad4c42d1c	9205261446.jpg	/Users/seltmann/Documents/kummel/work/flickr_recovered_missing_media_20260730_150821/9205261446.jpg	yes	200	83638	https://live.staticflickr.com/7324/9205261446_1521f672f0_b.jpg	https://www.flickr.com/photos/treebeard/9205261446/	New summer flowers and buds of native Yellow-flowered Hawkweed (Hiericium argutum, Asteracea)	293	
9423	d0ec00b0-0865-453d-8e0d-730369a0caa4	9205469280.jpg	/Users/seltmann/Documents/kummel/work/flickr_recovered_missing_media_20260730_150821/9205469280.jpg	yes	200	385696	https://live.staticflickr.com/5522/9205469280_6b9746b668_c.jpg	https://www.flickr.com/photos/treebeard/9205469280/	Pacific Ambush Bug (Phymata pacifica, Phymatidae, Hemiptera) on native California Buckwheat (Eriogonum fasciculatum, Polygonaceae)	314	
9424	934377ac-c7b7-445d-90d5-6f1b7cb6eb2a	9205542726.jpg	/Users/seltmann/Documents/kummel/work/flickr_recovered_missing_media_20260730_150821/9205542726.jpg	yes	200	92462	https://live.staticflickr.com/7340/9205542726_11ee0c1e03_b.jpg	https://www.flickr.com/photos/treebeard/9205542726/	Maybe a small Carrot Wasp (Gasteruption visaliae, Gasteruptiidae, Hymenoptera) on California Buckwheat (Eriogonum fasciculatum, Polygonaceae)	316	
9425	af9dec97-4c81-40c5-9c36-503535efd59f	9210047881.jpg	/Users/seltmann/Documents/kummel/work/flickr_recovered_missing_media_20260730_150821/9210047881.jpg	yes	200	439432	https://live.staticflickr.com/5538/9210047881_a66aa9556c_c.jpg	https://www.flickr.com/photos/treebeard/9210047881/	BLUE summer flowers of native Coyote Mint aka White-leaf Monardella (Monardella hypoleuca, Lamiaceae)	321	
9426	8f99d4dc-a0af-4938-9490-ebd16ac5d401	9210143039.jpg	/Users/seltmann/Documents/kummel/work/flickr_recovered_missing_media_20260730_150821/9210143039.jpg	yes	200	92178	https://live.staticflickr.com/2814/9210143039_879d7d7371_b.jpg	https://www.flickr.com/photos/treebeard/9210143039/	Fantastic RED flowers of native Scarlet Larkspur (Delphinium cardinale, Ranunculaceae)	291	
9427	7200365a-931b-4476-89a0-20094f48e034	9210237793.jpg	/Users/seltmann/Documents/kummel/work/flickr_recovered_missing_media_20260730_150821/9210237793.jpg	yes	200	361489	https://live.staticflickr.com/3766/9210237793_a146230406_c.jpg	https://www.flickr.com/photos/treebeard/9210237793/	BLUE summer flowers of native Woolly Blue Curls (Trichostema lanatum, Lamiaceae)	289	
9428	e15d96d0-4be5-43be-832f-eaf8aa9b316d	9210271235.jpg	/Users/seltmann/Documents/kummel/work/flickr_recovered_missing_media_20260730_150821/9210271235.jpg	yes	200	87223	https://live.staticflickr.com/7399/9210271235_d730179ac8_b.jpg	https://www.flickr.com/photos/treebeard/9210271235/	WHITE summer flowers of native California Buckwheat (Eriogonum fasciculatum, Polygonaceae)	297	
9429	27735d4e-8160-4a17-abbe-eb3091c96599	9210381875.jpg	/Users/seltmann/Documents/kummel/work/flickr_recovered_missing_media_20260730_150821/9210381875.jpg	yes	200	121557	https://live.staticflickr.com/3730/9210381875_a43973eb2f_b.jpg	https://www.flickr.com/photos/treebeard/9210381875/	BLUE flowers of native Chaparral Penstemon (Penstemon heterophyllus, Scrophulariaceae or Plantaginaceae)	270	
9430	9729b001-ca47-4ce7-85ff-ef55aa3f2e25	9210549309.jpg	/Users/seltmann/Documents/kummel/work/flickr_recovered_missing_media_20260730_150821/9210549309.jpg	yes	200	433705	https://live.staticflickr.com/3666/9210549309_21bda8d504_c.jpg	https://www.flickr.com/photos/treebeard/9210549309/	RED flower of native Red Thistle aka Cobweb Thistle (Cirsium occidentale var. venustum, Asteraceae)	352	
9431	bd9f69ad-efd5-4fd4-9aac-9aeca9b6e8da	9212880348.jpg	/Users/seltmann/Documents/kummel/work/flickr_recovered_missing_media_20260730_150821/9212880348.jpg	yes	200	409310	https://live.staticflickr.com/3805/9212880348_610f9e5ae5_c.jpg	https://www.flickr.com/photos/treebeard/9212880348/	New WHITE (on the left) summer flower of Weed's Mariposa Lily (Calochortus weedii var. vestus, aka Calochortus fimbriata, Liliaceae)	372	
9432	bee380b1-0212-4fa9-ab75-fca94b82de2a	9213074310.jpg	/Users/seltmann/Documents/kummel/work/flickr_recovered_missing_media_20260730_150821/9213074310.jpg	yes	200	129157	https://live.staticflickr.com/7424/9213074310_c4835ddf8d_b.jpg	https://www.flickr.com/photos/treebeard/9213074310/	Pale Swallowtail (Papilio eurymedon) butterfly on a RED flower of an old-fashioned Geranium (Pelargonium, Geraniaceae)	262	
9433	ca7ac3f2-0143-4bbe-bf90-705c4d658807	9213262102.jpg	/Users/seltmann/Documents/kummel/work/flickr_recovered_missing_media_20260730_150821/9213262102.jpg	yes	200	266722	https://live.staticflickr.com/2851/9213262102_ac604c394f_b.jpg	https://www.flickr.com/photos/treebeard/9213262102/	WHITE dandelion-like seed head of native Large-flowered Mountain-dandelion (Agoseris grandiflora, Asteraceae)	325	
9434	ba8568da-1c4c-4732-95f7-5b86e3522e61	9217214967.jpg	/Users/seltmann/Documents/kummel/work/flickr_recovered_missing_media_20260730_150821/9217214967.jpg	yes	200	348033	https://live.staticflickr.com/3834/9217214967_c20d837113_c.jpg	https://www.flickr.com/photos/treebeard/9217214967/	Drosophilid Fly (Drosophilidae, Diptera) on a leaf of Wild Blackberry (Rubus ursinus, Rosaceae)	286	
9435	ac61d9ea-8fb4-493a-9323-85768ffbc21e	9219884930.jpg	/Users/seltmann/Documents/kummel/work/flickr_recovered_missing_media_20260730_150821/9219884930.jpg	yes	200	394278	https://live.staticflickr.com/3780/9219884930_76c4264297_c.jpg	https://www.flickr.com/photos/treebeard/9219884930/	Elegant curves of new seeds of an old-fashioned Geranium (Pelargonium, Geraniaceae) in the garden	349	
9436	e30fa000-ec36-4191-ae8b-af9ba26894f3	9219917142.jpg	/Users/seltmann/Documents/kummel/work/flickr_recovered_missing_media_20260730_150821/9219917142.jpg	yes	200	77601	https://live.staticflickr.com/2814/9219917142_4020ea6a11_b.jpg	https://www.flickr.com/photos/treebeard/9219917142/	Tiny nymph of a Tree Cricket (Oecanthus, Gryllidae, Orthoptera)	295	
9437	af4bd838-43f6-4971-8a22-7119f48618f4	9220013830.jpg	/Users/seltmann/Documents/kummel/work/flickr_recovered_missing_media_20260730_150821/9220013830.jpg	yes	200	452449	https://live.staticflickr.com/5461/9220013830_200c53fece_c.jpg	https://www.flickr.com/photos/treebeard/9220013830/	Honey Bee (Apis mellifera, Hymenoptera) on new flowers of Narrow-leaved Milkweed (Asclepias fascicularis, Asclepiadaceae)	64	
9438	443acab8-60bf-4cd0-aad4-63302c29ea37	9220077324.jpg	/Users/seltmann/Documents/kummel/work/flickr_recovered_missing_media_20260730_150821/9220077324.jpg	yes	200	142590	https://live.staticflickr.com/2891/9220077324_88854c6af8_b.jpg	https://www.flickr.com/photos/treebeard/9220077324/	Large Milkweed Bug (Oncopeltus fasciatus, Lygaeidae, Hemiptera) on Narrow-leaved Milkweed (Asclepias fascicularis, Asclepiadaceae)	279	
9439	3d38c7b1-d2da-49b2-aa6c-7a3fb174c872	9224744283.jpg	/Users/seltmann/Documents/kummel/work/flickr_recovered_missing_media_20260730_150821/9224744283.jpg	yes	200	435276	https://live.staticflickr.com/2833/9224744283_84390aac04_c.jpg	https://www.flickr.com/photos/treebeard/9224744283/	Bee Fly (Bombyliidae, Diptera) on native Wild Blackberry (Rubus ursinus, Rosaceae)	373	
9440	c58a3f39-0dc3-47d4-9a9d-1f848807240f	9224803029.jpg	/Users/seltmann/Documents/kummel/work/flickr_recovered_missing_media_20260730_150821/9224803029.jpg	yes	200	459333	https://live.staticflickr.com/7309/9224803029_538069a707_c.jpg	https://www.flickr.com/photos/treebeard/9224803029/	Different little Bee Fly (Bombyliidae, Diptera) on Wild Blackberry (Rubus ursinus, Rosaceae)	367	
9441	ed2d0868-0f02-4806-a513-276335c504b2	9227372056.jpg	/Users/seltmann/Documents/kummel/work/flickr_recovered_missing_media_20260730_150821/9227372056.jpg	yes	200	493188	https://live.staticflickr.com/3712/9227372056_27a8178200_c.jpg	https://www.flickr.com/photos/treebeard/9227372056/	I don't know what kind of Fly (Diptera) this is - maybe a tiny Robber Fly (family Asilidae)?	326	
9442	1e623fc1-d5bf-4194-a1dc-7ba5daeef8e6	9227483822.jpg	/Users/seltmann/Documents/kummel/work/flickr_recovered_missing_media_20260730_150821/9227483822.jpg	yes	200	103828	https://live.staticflickr.com/7313/9227483822_526873210d_b.jpg	https://www.flickr.com/photos/treebeard/9227483822/	Not a Syrphid Flower Fly (Syrphidae), but a Stiletto Fly (Therevidae, Diptera) on Coast Live Oak (Quercus agrifolia, Fagaceae)	290	
9443	d7fcd305-a377-4e54-b479-24174dba63e3	9227620350.jpg	/Users/seltmann/Documents/kummel/work/flickr_recovered_missing_media_20260730_150821/9227620350.jpg	yes	200	138172	https://live.staticflickr.com/5509/9227620350_4dbbdd491b_b.jpg	https://www.flickr.com/photos/treebeard/9227620350/	Maybe a Flesh Fly (Sarcophagidae, Diptera) on Western Bracken Fern (Pteridium aquilinum var. pubescens, Polypodiaceae)	306	
9444	e0c4705f-89fe-426c-b628-98612e30253f	9227737642.jpg	/Users/seltmann/Documents/kummel/work/flickr_recovered_missing_media_20260730_150821/9227737642.jpg	yes	200	411001	https://live.staticflickr.com/7286/9227737642_988f28e6bb_c.jpg	https://www.flickr.com/photos/treebeard/9227737642/	Interesting bristly Tachinid Fly (Tachinidae, Diptera) perched on a leaf in the woods	406	
9445	8778540a-8efd-44e6-bcf8-d3f6ecf7990a	9227791206.jpg	/Users/seltmann/Documents/kummel/work/flickr_recovered_missing_media_20260730_150821/9227791206.jpg	yes	200	386321	https://live.staticflickr.com/3718/9227791206_7b7fd97a53_c.jpg	https://www.flickr.com/photos/treebeard/9227791206/	NOT a Tachinid Fly, but genus Metopia (Miltogramminae, Sarcophagidae, Diptera) on Wild Blackberry (Rubus ursinus, Rosaceae)	265	
9446	09ef1cfa-6e45-4171-9245-a75ea664e972	9227879900.jpg	/Users/seltmann/Documents/kummel/work/flickr_recovered_missing_media_20260730_150821/9227879900.jpg	yes	200	107895	https://live.staticflickr.com/3759/9227879900_700cb3c122_b.jpg	https://www.flickr.com/photos/treebeard/9227879900/	Bee-like Robber Fly (Laphria, Asilidae, Diptera) on Bitter Gooseberry (Ribes amarum, Grossulariaceae)	306	
9447	4a30e3b0-4bf0-4b93-8e38-7bcbf44986cd	9233214167.jpg	/Users/seltmann/Documents/kummel/work/flickr_recovered_missing_media_20260730_150821/9233214167.jpg	yes	200	143824	https://live.staticflickr.com/5509/9233214167_11ca979aae_b.jpg	https://www.flickr.com/photos/treebeard/9233214167/	Web-spinning caterpillars of Variable Checkerspot (Euphydryas chalcedona) butterflies on Climbing Penstemon (Keckiella cordifolia, Scrophulariaceae or Plantaginaceae)	303	
9448	07a29927-46e5-4e7c-a7c8-37a03f837f0e	9233385275.jpg	/Users/seltmann/Documents/kummel/work/flickr_recovered_missing_media_20260730_150821/9233385275.jpg	yes	200	97059	https://live.staticflickr.com/5445/9233385275_009c3fd870_b.jpg	https://www.flickr.com/photos/treebeard/9233385275/	New galls of the Crystalline Gall Wasp (Andricus crystallinus, Cynipidae, Hymenoptera) under leaves of Scrub Oak (Quercus berberidifolia, Fagaceae)	305	
9449	9d11ac81-6e43-4cee-9095-9b9c10756bfe	9233489319.jpg	/Users/seltmann/Documents/kummel/work/flickr_recovered_missing_media_20260730_150821/9233489319.jpg	yes	200	381156	https://live.staticflickr.com/5545/9233489319_a2e9fd6937_c.jpg	https://www.flickr.com/photos/treebeard/9233489319/	More galls of the Crystalline Gall Wasp (Andricus crystallinus, Cynipidae, Hymenoptera) under leaves of Scrub Oak (Quercus berberidifolia, Fagaceae)	301	
9450	589e1b91-e6f2-48bc-852d-696c72bfedc3	9233531639.jpg	/Users/seltmann/Documents/kummel/work/flickr_recovered_missing_media_20260730_150821/9233531639.jpg	yes	200	534832	https://live.staticflickr.com/7322/9233531639_07189064d9_c.jpg	https://www.flickr.com/photos/treebeard/9233531639/	"Window Fly aka Black Soldier Fly (Hermetia illucens or kin, Stratiomyidae, Diptera) ""puddling"" on damp soil in our garden"	383	
9451	cf0eacdc-645a-47dc-a00b-5df976725f26	9233613299.jpg	/Users/seltmann/Documents/kummel/work/flickr_recovered_missing_media_20260730_150821/9233613299.jpg	yes	200	112708	https://live.staticflickr.com/5465/9233613299_2ec75aac3d_b.jpg	https://www.flickr.com/photos/treebeard/9233613299/	Another large Flesh Fly (Sarcophagidae, Diptera) on Poison Oak (Toxicodendron diversilobum, Anacardiaceae) - already turning red	288	
9452	15a6dc95-7a7b-49f9-af46-66a90282b61a	9233892585.jpg	/Users/seltmann/Documents/kummel/work/flickr_recovered_missing_media_20260730_150821/9233892585.jpg	yes	200	121998	https://live.staticflickr.com/7376/9233892585_7c5f341229_b.jpg	https://www.flickr.com/photos/treebeard/9233892585/	Rather large Longhorned Beetle (Cerambycidae, Coleoptera) - maybe Yellow Douglas Fir Borer (Centrodera spurca)?	280	
9453	95494678-9d00-4e05-acce-9fa398e35293	9236123642.jpg	/Users/seltmann/Documents/kummel/work/flickr_recovered_missing_media_20260730_150821/9236123642.jpg	yes	200	325887	https://live.staticflickr.com/2827/9236123642_aa222e7b2e_c.jpg	https://www.flickr.com/photos/treebeard/9236123642/	Gall of the Spined Turban Gall Wasp (Antron douglasii, Cynipidae, Hymenoptera) growing under a leaf of Scrub Oak (Quercus berberidifolia, Fagaceae)	331	
9454	7cdacb30-fa5b-4bf1-a3cb-c9fe170eb489	9236513896.jpg	/Users/seltmann/Documents/kummel/work/flickr_recovered_missing_media_20260730_150821/9236513896.jpg	yes	200	383218	https://live.staticflickr.com/3758/9236513896_ccc78d7397_c.jpg	https://www.flickr.com/photos/treebeard/9236513896/	Hedgerow Hairstreak (Satyrium saepium) butterfly or Mountain Mahogany Hairstreak (Satyrium tetra) - on Scrub Oak (Quercus berberidifolia, Fagaceae)	282	
9455	4d046e99-8a16-4c3c-bc6b-b516c9b57cb6	9241907869.jpg	/Users/seltmann/Documents/kummel/work/flickr_recovered_missing_media_20260730_150821/9241907869.jpg	yes	200	123821	https://live.staticflickr.com/7418/9241907869_e9f37457e8_b.jpg	https://www.flickr.com/photos/treebeard/9241907869/	Female California Dogface (Colias eurydice) butterfly on flowers of English Lavender (Lavandula angustifolia, Lamiaceae)	312	
9456	9fe5ed42-a475-4a0c-a742-49b79ffae91c	9241952301.jpg	/Users/seltmann/Documents/kummel/work/flickr_recovered_missing_media_20260730_150821/9241952301.jpg	yes	200	368042	https://live.staticflickr.com/7375/9241952301_948affa599_c.jpg	https://www.flickr.com/photos/treebeard/9241952301/	Megachilid Bee (Megachilidae, Anthophila, Hymenoptera) on Branching Phacelia (Phacelia ramosissima var. latifolia, Hydrophyllaceae or Boraginaceae)	301	
9457	071213af-4f82-4ca1-bdb2-2785467caafd	9242250289.jpg	/Users/seltmann/Documents/kummel/work/flickr_recovered_missing_media_20260730_150821/9242250289.jpg	yes	200	217735	https://live.staticflickr.com/7389/9242250289_be39618f6f_b.jpg	https://www.flickr.com/photos/treebeard/9242250289/	"Window Fly aka Black Soldier Fly (Hermetia illucens or kin, Stratiomyidae, Diptera) ""puddling"" in our garden"	338	
9458	7373c188-3151-4a5a-852a-971f23a7520b	9242430681.jpg	/Users/seltmann/Documents/kummel/work/flickr_recovered_missing_media_20260730_150821/9242430681.jpg	yes	200	425555	https://live.staticflickr.com/5449/9242430681_408e0e7651_c.jpg	https://www.flickr.com/photos/treebeard/9242430681/	Sand Wasp (Steniolia, Bembicini, Apoidea, Hymenoptera) on a flower of English Lavender (Lavandula angustifolia, Lamiaceae) - showing it's proboscis	351	
9459	577a0a08-b21f-4370-aca4-e1f9dfe40c2b	9244901042.jpg	/Users/seltmann/Documents/kummel/work/flickr_recovered_missing_media_20260730_150821/9244901042.jpg	yes	200	208172	https://live.staticflickr.com/3782/9244901042_6daf1d372e_b.jpg	https://www.flickr.com/photos/treebeard/9244901042/	"Probably a Spider Wasp (family Pompilidae) in the order Hymenoptera ""puddling"" in the garden"	309	
9460	d934d30b-e0c9-4396-b606-cd9544c9f57a	9244984704.jpg	/Users/seltmann/Documents/kummel/work/flickr_recovered_missing_media_20260730_150821/9244984704.jpg	yes	200	335424	https://live.staticflickr.com/2888/9244984704_62dcff7108_c.jpg	https://www.flickr.com/photos/treebeard/9244984704/	Large black Carpenter Bee (Xylocopa, Anthophoridae, Hymenoptera) on Aloe (Aloaceae or Asphodeloideae or Xanthorrhoeaceae)	272	
9461	3bfe771d-38b6-48e6-b892-983f721f814e	9245082154.jpg	/Users/seltmann/Documents/kummel/work/flickr_recovered_missing_media_20260730_150821/9245082154.jpg	yes	200	126006	https://live.staticflickr.com/5337/9245082154_574b7f16ee_b.jpg	https://www.flickr.com/photos/treebeard/9245082154/	Deer Fly (Tabanidae, Diptera) biting my left hand	341	
9462	fb653c17-5ac1-4dfe-9714-5e2ba33f819c	9245357478.jpg	/Users/seltmann/Documents/kummel/work/flickr_recovered_missing_media_20260730_150821/9245357478.jpg	yes	200	112536	https://live.staticflickr.com/3826/9245357478_3046482c4e_b.jpg	https://www.flickr.com/photos/treebeard/9245357478/	Sand Wasp (Steniolia, Bembicini, Apoidea, Hymenoptera) on a flower of English Lavender (Lavandula angustifolia, Lamiaceae)	298	
9463	4a3be37b-d6b5-4de7-ad92-197d7c3dc659	9249780325.jpg	/Users/seltmann/Documents/kummel/work/flickr_recovered_missing_media_20260730_150821/9249780325.jpg	yes	200	137042	https://live.staticflickr.com/5549/9249780325_ca5fdda8a4_b.jpg	https://www.flickr.com/photos/treebeard/9249780325/	Small Leafhopper (Cicadellidae, Homoptera) on Wild Blackberry (Rubus ursinus, Rosaceae)	279	
9464	69591e30-2179-4115-842d-c19476a4dff3	9249844893.jpg	/Users/seltmann/Documents/kummel/work/flickr_recovered_missing_media_20260730_150821/9249844893.jpg	yes	200	517249	https://live.staticflickr.com/2822/9249844893_2e20f276ec_c.jpg	https://www.flickr.com/photos/treebeard/9249844893/	"Age gets us all, including this California Sister (Adelpha bredowii) butterfly ""puddling"" in the garden"	323	
9465	6e3b20e6-5afc-4845-8c8c-870f3c6c9f51	9250126843.jpg	/Users/seltmann/Documents/kummel/work/flickr_recovered_missing_media_20260730_150821/9250126843.jpg	yes	200	135906	https://live.staticflickr.com/3780/9250126843_8511a28aff_b.jpg	https://www.flickr.com/photos/treebeard/9250126843/	Sand Wasp (Steniolia, Bembicini, Apoidea, Hymenoptera) on Mountain Monardella (Monardella odoratissima, Lamiaceae) in the garden	263	
9466	3055744b-8f8c-4ede-a1cf-435af5eafe85	9252444954.jpg	/Users/seltmann/Documents/kummel/work/flickr_recovered_missing_media_20260730_150821/9252444954.jpg	yes	200	370317	https://live.staticflickr.com/7316/9252444954_d79296ccd2_c.jpg	https://www.flickr.com/photos/treebeard/9252444954/	First new flower - and maybe the last - of native California Wild Rose (Rosa californica, Rosaceae)	364	
9467	1c716813-3706-44f7-8294-9a8ee9cf94f1	9252475138.jpg	/Users/seltmann/Documents/kummel/work/flickr_recovered_missing_media_20260730_150821/9252475138.jpg	yes	200	107336	https://live.staticflickr.com/2849/9252475138_8724d65c74_b.jpg	https://www.flickr.com/photos/treebeard/9252475138/	Tiny insect eggs under a leaf of native Coyote Bush (Baccharis pilularis, Asteraceae)	281	
9468	5a1001de-64a8-430a-8644-e4dd07c7efe9	9252594814.jpg	/Users/seltmann/Documents/kummel/work/flickr_recovered_missing_media_20260730_150821/9252594814.jpg	yes	200	375195	https://live.staticflickr.com/3812/9252594814_fe557b55df_c.jpg	https://www.flickr.com/photos/treebeard/9252594814/	Another female California Dogface (Colias eurydice) butterfly on a flower of English Lavender (Lavandula angustifolia, Lamiaceae)	369	
9469	d8d3babb-d4c4-4f52-a844-25dd8cb26c16	9252862568.jpg	/Users/seltmann/Documents/kummel/work/flickr_recovered_missing_media_20260730_150821/9252862568.jpg	yes	200	159869	https://live.staticflickr.com/2869/9252862568_40a0408495_b.jpg	https://www.flickr.com/photos/treebeard/9252862568/	"Newly emerged California Sister (Adelpha bredowii) butterfly ""puddling"" in the garden"	333	
9470	91ab132b-1920-41ea-9745-4b0a3b34cde0	9253036022.jpg	/Users/seltmann/Documents/kummel/work/flickr_recovered_missing_media_20260730_150821/9253036022.jpg	yes	200	186061	https://live.staticflickr.com/7323/9253036022_75ec29ff52_b.jpg	https://www.flickr.com/photos/treebeard/9253036022/	Metallic Small-Headed Fly (Eulonchus, Acroceridae, Diptera) - probably Eulonchus smaragdinus - dead on a leaf of Wild Blackberry (Rubus ursinus, Rosaceae)	292	
9471	3418fcd4-6a88-44cf-9a40-d9e1ab126a8e	9256987163.jpg	/Users/seltmann/Documents/kummel/work/flickr_recovered_missing_media_20260730_150821/9256987163.jpg	yes	200	446656	https://live.staticflickr.com/5334/9256987163_5a137f8293_c.jpg	https://www.flickr.com/photos/treebeard/9256987163/	New acorns on native Scrub Oak (Quercus berberidifolia, Fagaceae)	348	
9472	3f6e6b6c-0c5d-4854-839d-e4566d448284	9259799936.jpg	/Users/seltmann/Documents/kummel/work/flickr_recovered_missing_media_20260730_150821/9259799936.jpg	yes	200	91209	https://live.staticflickr.com/5334/9259799936_26ff3c2203_b.jpg	https://www.flickr.com/photos/treebeard/9259799936/	New acorn on Goldencup Oak aka Canyon Live Oak (Quercus chrysolepis, Fagaceae)	194	
9473	fe8fd84c-f00f-45a1-bb82-cbecb2daf3cc	9259896096.jpg	/Users/seltmann/Documents/kummel/work/flickr_recovered_missing_media_20260730_150821/9259896096.jpg	yes	200	156247	https://live.staticflickr.com/3718/9259896096_b455217160_b.jpg	https://www.flickr.com/photos/treebeard/9259896096/	"New seeds of native Foothill Ash (Fraxinus dipetala, Oleaceae) - half a ""samara"""	270	
9474	4ebcf7e5-309b-4fa8-b84e-3abb60c81b8e	9259954584.jpg	/Users/seltmann/Documents/kummel/work/flickr_recovered_missing_media_20260730_150821/9259954584.jpg	yes	200	113484	https://live.staticflickr.com/3803/9259954584_324fe8d5cf_b.jpg	https://www.flickr.com/photos/treebeard/9259954584/	Feathery seed plumes of native Mountain Mahogany (Cercocarpus betuloides, Rosaceae)	272	
9475	212ca818-8cdd-4898-ac6d-8cadbde3dbe9	9263902847.jpg	/Users/seltmann/Documents/kummel/work/flickr_recovered_missing_media_20260730_150821/9263902847.jpg	yes	200	371316	https://live.staticflickr.com/7323/9263902847_33fde73ca3_c.jpg	https://www.flickr.com/photos/treebeard/9263902847/	Tiny nymph of an Assassin Bug (Reduviidae, Hemiptera) with an ant for prey	345	
9476	42fdf68a-2b6c-4758-b167-d5ac49612c69	9263944691.jpg	/Users/seltmann/Documents/kummel/work/flickr_recovered_missing_media_20260730_150821/9263944691.jpg	yes	200	349823	https://live.staticflickr.com/2860/9263944691_6d65d1e309_c.jpg	https://www.flickr.com/photos/treebeard/9263944691/	Humpbacked fly (Diptera) - maybe a Bee Fly (Bombyliidae) -  on Golden Yarrow (Eriophyllum confertflorum, Asteraceae)	297	
9477	dfad25df-1a9c-4101-bc49-c5b378dadf60	9264264953.jpg	/Users/seltmann/Documents/kummel/work/flickr_recovered_missing_media_20260730_150821/9264264953.jpg	yes	200	119736	https://live.staticflickr.com/5520/9264264953_a756dec6c2_b.jpg	https://www.flickr.com/photos/treebeard/9264264953/	Long-Horned Grasshopper (Ensifera, Orthoptera) - probably a California Angle-winged Katydid (Microcentrum californicum, Tettigoniidae)	313	
9478	ad2856c8-af2e-4e8d-a262-99a9435e3d09	9266401296.jpg	/Users/seltmann/Documents/kummel/work/flickr_recovered_missing_media_20260730_150821/9266401296.jpg	yes	200	99182	https://live.staticflickr.com/3831/9266401296_c3f07e22ae_b.jpg	https://www.flickr.com/photos/treebeard/9266401296/	New flowers of native California Fuschia (Epilobium canum aka Zauschneria californica, Onagraceae)	279	
9479	4ea69555-0112-4492-bf7d-8b1f25afc8fb	9266458576.jpg	/Users/seltmann/Documents/kummel/work/flickr_recovered_missing_media_20260730_150821/9266458576.jpg	yes	200	103007	https://live.staticflickr.com/5495/9266458576_3f94433210_b.jpg	https://www.flickr.com/photos/treebeard/9266458576/	Flesh Fly (Sarcophagidae, Diptera) on Poison Oak (Toxicodendron diversilobum, Anacardiaceae)	294	
9480	c6b9a0dc-0e05-4893-9c74-1b8bd2c83051	9266526486.jpg	/Users/seltmann/Documents/kummel/work/flickr_recovered_missing_media_20260730_150821/9266526486.jpg	yes	200	416074	https://live.staticflickr.com/3672/9266526486_85c638520f_c.jpg	https://www.flickr.com/photos/treebeard/9266526486/	Green Lynx Spider (Peucetia viridans, Oxyopidae) - and its shadow!	369	
9481	79b8eddd-f548-48ec-b2ba-7a47d6640612	9266588412.jpg	/Users/seltmann/Documents/kummel/work/flickr_recovered_missing_media_20260730_150821/9266588412.jpg	yes	200	349946	https://live.staticflickr.com/7388/9266588412_20896b3136_c.jpg	https://www.flickr.com/photos/treebeard/9266588412/	Spent chrysalis of a Variable Checkerspot (Euphydryas chalcedona) butterfly on Coyote Bush (Baccharis pilularis, Asteraceae)	373	
9482	ad0a9510-edd2-423e-a716-e1773a0503fe	9266864880.jpg	/Users/seltmann/Documents/kummel/work/flickr_recovered_missing_media_20260730_150821/9266864880.jpg	yes	200	398819	https://live.staticflickr.com/2851/9266864880_66115a9937_c.jpg	https://www.flickr.com/photos/treebeard/9266864880/	Snakefly (Agulla, Raphidiidae, Neuroptera or Raphidioptera) on Nuttall's Snowberry (Symphoricarpos mollis, Caprifoliaceae)	295	
9483	514e111b-3247-4966-b41d-1f8e47033758	9270948311.jpg	/Users/seltmann/Documents/kummel/work/flickr_recovered_missing_media_20260730_150821/9270948311.jpg	yes	200	111791	https://live.staticflickr.com/3749/9270948311_14616d3407_b.jpg	https://www.flickr.com/photos/treebeard/9270948311/	Gall of a Beaked Twig Gall Wasp (Disholcaspis plumbella, Cynipidae, Hymenoptera) on Scrub Oak (Quercus berberidifolia, Fagaceae)	282	
9484	3a289acc-bdd7-4592-9c3c-0f48d17294d7	9271087471.jpg	/Users/seltmann/Documents/kummel/work/flickr_recovered_missing_media_20260730_150821/9271087471.jpg	yes	200	141014	https://live.staticflickr.com/7310/9271087471_02180a0c0b_b.jpg	https://www.flickr.com/photos/treebeard/9271087471/	Ants (Formicidae, Hymenoptera) protecting new galls of the Clasping Twig Gall Wasp (Disholcaspis prehensa, Cynipidae, Hymenoptera) on Scrub Oak (Quercus berberidifolia, Fagaceae)	258	
9485	6b2296ef-259b-4fbe-ab8c-84f8ef1d04ce	9271137045.jpg	/Users/seltmann/Documents/kummel/work/flickr_recovered_missing_media_20260730_150821/9271137045.jpg	yes	200	131619	https://live.staticflickr.com/7412/9271137045_efcfc9ebc8_b.jpg	https://www.flickr.com/photos/treebeard/9271137045/	Robber Fly (Asilidae, Diptera) sprawled across a leaf of Scrub Oak (Quercus berberidifolia, Fagaceae)	250	
9486	2aae63cd-4f1b-42ff-8c54-5b8dab625f32	9271220209.jpg	/Users/seltmann/Documents/kummel/work/flickr_recovered_missing_media_20260730_150821/9271220209.jpg	yes	200	132995	https://live.staticflickr.com/5461/9271220209_7e4a835b5d_b.jpg	https://www.flickr.com/photos/treebeard/9271220209/	Beautiful female Tailed Copper aka Arota Copper (Lycaena arota) butterfly on Scrub Oak (Quercus berberidifolia, Fagaceae)	288	
9487	6f0cadbb-a1d6-4afe-ad95-384ab44abfa8	9273583226.jpg	/Users/seltmann/Documents/kummel/work/flickr_recovered_missing_media_20260730_150821/9273583226.jpg	yes	200	348522	https://live.staticflickr.com/3684/9273583226_1fb6b98c0a_c.jpg	https://www.flickr.com/photos/treebeard/9273583226/	Gall of the Saucer Gall Wasp (Andricus gigas, Cynipidae, Hymenoptera) on Scrub Oak (Quercus berberidifolia, Fagaceae)	305	
9488	b6f5d3fa-072a-473b-8b99-23ed0cca1c1e	9273633040.jpg	/Users/seltmann/Documents/kummel/work/flickr_recovered_missing_media_20260730_150821/9273633040.jpg	yes	200	334575	https://live.staticflickr.com/5327/9273633040_f66069b81c_c.jpg	https://www.flickr.com/photos/treebeard/9273633040/	Odd solitary Crystalline Gall Wasp (Andricus crystallinus, Cynipidae, Hymenoptera) on Scrub Oak (Quercus berberidifolia, Fagaceae)	325	
9489	4568050f-72a0-43e6-b91f-cc802397d89e	9273700550.jpg	/Users/seltmann/Documents/kummel/work/flickr_recovered_missing_media_20260730_150821/9273700550.jpg	yes	200	407193	https://live.staticflickr.com/2856/9273700550_9930bfec32_c.jpg	https://www.flickr.com/photos/treebeard/9273700550/	Perfect new gall of the Spined Turban Gall Wasp (Antron douglasii, Cynipidae, Hymenoptera) on Scrub Oak (Quercus berberidifolia, Fagaceae)	250	
9490	78b83531-80a6-47b4-baa5-efe1ca00b37f	9274066596.jpg	/Users/seltmann/Documents/kummel/work/flickr_recovered_missing_media_20260730_150821/9274066596.jpg	yes	200	162498	https://live.staticflickr.com/7330/9274066596_732cd6ae63_b.jpg	https://www.flickr.com/photos/treebeard/9274066596/	Great Basin Wood-Nymph (Cercyonis sthenele) butterfly on Scrub Oak (Quercus berberidifolia, Fagaceae)	274	
9491	3a7e6172-37ff-4be2-a9e1-24a24c5993b5	9278316455.jpg	/Users/seltmann/Documents/kummel/work/flickr_recovered_missing_media_20260730_150821/9278316455.jpg	yes	200	122944	https://live.staticflickr.com/5510/9278316455_b38640b2d8_b.jpg	https://www.flickr.com/photos/treebeard/9278316455/	Non-native Cabbage White (Pieris rapae) butterfly working flowers of Cat Mint (Nepeta cataria, Lamiaceae)	285	
9492	157793b2-9eee-469e-b932-60f90b9052fc	9278407095.jpg	/Users/seltmann/Documents/kummel/work/flickr_recovered_missing_media_20260730_150821/9278407095.jpg	yes	200	326244	https://live.staticflickr.com/2858/9278407095_a16163d1ba_c.jpg	https://www.flickr.com/photos/treebeard/9278407095/	New summer flower of native Small Wirelettuce (Stephanomeria exigua, Asteraceae)	326	
9493	93f3bdd4-f899-4e89-8335-33e2a3a3686a	9278487781.jpg	/Users/seltmann/Documents/kummel/work/flickr_recovered_missing_media_20260730_150821/9278487781.jpg	yes	200	146898	https://live.staticflickr.com/5343/9278487781_010101e1c6_b.jpg	https://www.flickr.com/photos/treebeard/9278487781/	Long-Horned Grasshopper (Ensifera, Orthoptera) - probably a California Angle-winged Katydid (Microcentrum californicum, Tettigoniidae)	291	
9494	317e02a3-5482-4778-82fd-fbd66d726e59	9278734961.jpg	/Users/seltmann/Documents/kummel/work/flickr_recovered_missing_media_20260730_150821/9278734961.jpg	yes	200	107364	https://live.staticflickr.com/2813/9278734961_df16852e54_b.jpg	https://www.flickr.com/photos/treebeard/9278734961/	Unusual male Mealybug (Pseudococcidae, Homoptera) on my finger	316	
9495	c0aca2c3-deb6-4489-8d27-204188ccd37c	9280981322.jpg	/Users/seltmann/Documents/kummel/work/flickr_recovered_missing_media_20260730_150821/9280981322.jpg	yes	200	196470	https://live.staticflickr.com/7291/9280981322_0d0c7d219f_b.jpg	https://www.flickr.com/photos/treebeard/9280981322/	Great Basin Wood-Nymph (Cercyonis sthenele) butterfly perched on Scrub Oak (Quercus berberidifolia, Fagaceae)	273	
9496	374739ac-512e-4e1f-990b-244229f2ab32	9281135992.jpg	/Users/seltmann/Documents/kummel/work/flickr_recovered_missing_media_20260730_150821/9281135992.jpg	yes	200	132098	https://live.staticflickr.com/7314/9281135992_1e66cb9e39_b.jpg	https://www.flickr.com/photos/treebeard/9281135992/	Weed's Mariposa Lily aka Late-flowered Mariposa Lily (Calochortus weedii var. vestus aka Calochortus fimbriata, Liliaceae) in our canyon	336	
9497	30a85909-8a0e-42f7-9689-81e9480dfd74	9281325778.jpg	/Users/seltmann/Documents/kummel/work/flickr_recovered_missing_media_20260730_150821/9281325778.jpg	yes	200	130653	https://live.staticflickr.com/3672/9281325778_8e231a902f_b.jpg	https://www.flickr.com/photos/treebeard/9281325778/	Tiny nymph of a Tree Cricket (Oecanthus, Gryllidae, Orthoptera)	305	
9498	f32aa76b-5752-4d60-9d48-71ee7ae87908	9281387672.jpg	/Users/seltmann/Documents/kummel/work/flickr_recovered_missing_media_20260730_150821/9281387672.jpg	yes	200	448963	https://live.staticflickr.com/3823/9281387672_2b00394819_c.jpg	https://www.flickr.com/photos/treebeard/9281387672/	Flesh Fly (Sarcophagidae, Diptera) on the carcass of a Crane Fly (Tipulidae, Diptera)	393	
9499	38b08c77-ab73-4783-8221-e968a9e616c1	9286523901.jpg	/Users/seltmann/Documents/kummel/work/flickr_recovered_missing_media_20260730_150821/9286523901.jpg	yes	200	99210	https://live.staticflickr.com/7439/9286523901_72de37a868_b.jpg	https://www.flickr.com/photos/treebeard/9286523901/	Unusual male Mealybug (Pseudococcidae, Homoptera) on my left hand	301	
9500	0876bf73-0836-4dc1-b7a4-2d147cda00a3	9286632025.jpg	/Users/seltmann/Documents/kummel/work/flickr_recovered_missing_media_20260730_150821/9286632025.jpg	yes	200	384356	https://live.staticflickr.com/5471/9286632025_4e3c51bd0d_c.jpg	https://www.flickr.com/photos/treebeard/9286632025/	Weed's Mariposa Lily aka Late-flowered Mariposa Lily (Calochortus weedii var. vestus aka Calochortus fimbriata, Liliaceae)	297	
9501	3228220e-3222-4073-9d75-9637712f1ae8	9286758139.jpg	/Users/seltmann/Documents/kummel/work/flickr_recovered_missing_media_20260730_150821/9286758139.jpg	yes	200	414365	https://live.staticflickr.com/5477/9286758139_2e6dd3a388_c.jpg	https://www.flickr.com/photos/treebeard/9286758139/	Green Lynx Spider (Peucetia viridans, Oxyopidae) with spider prey under a flower of Green Everlasting (Gnaphalium californicum, Asteraceae)	295	
9502	4ad2df19-e204-45b4-b455-d3b33c115fb1	9286841395.jpg	/Users/seltmann/Documents/kummel/work/flickr_recovered_missing_media_20260730_150821/9286841395.jpg	yes	200	114755	https://live.staticflickr.com/3808/9286841395_fa1c97aef8_b.jpg	https://www.flickr.com/photos/treebeard/9286841395/	Nymph of a Bush Katydid (Scudderia, Tettigoniidae, Orthoptera) on California Buckwheat (Eriogonum fasciculatum, Polygonaceae)	293	
9503	c663414d-d72c-4848-8019-7d986b0efc85	9289371594.jpg	/Users/seltmann/Documents/kummel/work/flickr_recovered_missing_media_20260730_150821/9289371594.jpg	yes	200	98174	https://live.staticflickr.com/2872/9289371594_89614b0316_b.jpg	https://www.flickr.com/photos/treebeard/9289371594/	Elegant seed pod of native Fairy Lantern (Calochortus albus, Liliaceae)	286	
9504	3d193fbc-ac10-42da-a15e-d20062bd9efb	9289448014.jpg	/Users/seltmann/Documents/kummel/work/flickr_recovered_missing_media_20260730_150821/9289448014.jpg	yes	200	113127	https://live.staticflickr.com/2892/9289448014_894afb1623_b.jpg	https://www.flickr.com/photos/treebeard/9289448014/	Sheetweb Spider (Linyphiidae) with small Leafhopper (Cicadellidae, Homoptera) for prey	257	
9505	d45f3ea3-22c2-4b50-9948-dd3932cfa7b9	9294656535.jpg	/Users/seltmann/Documents/kummel/work/flickr_recovered_missing_media_20260730_150821/9294656535.jpg	yes	200	133345	https://live.staticflickr.com/2838/9294656535_68be6f05c7_b.jpg	https://www.flickr.com/photos/treebeard/9294656535/	Galls of the Crystalline Gall Wasp (Andricus crystallinus, Cynipidae, Hymenoptera on Scrub Oak (Quercus berberidifolia, Fagaceae) - with an acorn	295	
9506	73a03cec-dca2-48e5-8148-29959034ccaa	9294957779.jpg	/Users/seltmann/Documents/kummel/work/flickr_recovered_missing_media_20260730_150821/9294957779.jpg	yes	200	97412	https://live.staticflickr.com/3717/9294957779_57fa008ca6_b.jpg	https://www.flickr.com/photos/treebeard/9294957779/	Long-Horned Grasshopper (Ensifera, Orthoptera) - maybe a Bush Katydid (genus Scudderia)?	248	
9507	ab38f1bd-8916-455f-af91-1e8e5a289860	9295050285.jpg	/Users/seltmann/Documents/kummel/work/flickr_recovered_missing_media_20260730_150821/9295050285.jpg	yes	200	115039	https://live.staticflickr.com/7307/9295050285_cd9f410a09_b.jpg	https://www.flickr.com/photos/treebeard/9295050285/	Flesh Fly (Sarcophagidae, Diptera) on Nuttall's Snowberry (Symphoricarpos mollis, Caprifoliaceae)	314	
9508	6790c6a6-9dff-4e8c-922a-0e13e8728f0d	9297376300.jpg	/Users/seltmann/Documents/kummel/work/flickr_recovered_missing_media_20260730_150821/9297376300.jpg	yes	200	329543	https://live.staticflickr.com/5451/9297376300_821097eed2_c.jpg	https://www.flickr.com/photos/treebeard/9297376300/	"New late-season ""flower"" of uncommon Rough-leaved Aster (Aster radulinus, Asteraceae) - mostly ""cleistogamous"", flowering without opening"	386	
9509	cfefbf52-e8ad-4985-94fa-eddc65cf3d6a	9297619564.jpg	/Users/seltmann/Documents/kummel/work/flickr_recovered_missing_media_20260730_150821/9297619564.jpg	yes	200	136058	https://live.staticflickr.com/3714/9297619564_633ed24a33_b.jpg	https://www.flickr.com/photos/treebeard/9297619564/	"Labyrinth Spider (Metepeira, Araneidae) with ""house"" made of dead bodies of its prey, in California Buckwheat (Eriogonum fasciculatum, Polygonaceae)"	330	
9510	a4b607e9-8dc0-44f5-b554-f685b7171327	9297765236.jpg	/Users/seltmann/Documents/kummel/work/flickr_recovered_missing_media_20260730_150821/9297765236.jpg	yes	200	362086	https://live.staticflickr.com/3785/9297765236_b555abcb92_c.jpg	https://www.flickr.com/photos/treebeard/9297765236/	Pacific Ambush Bug (Phymata pacifica, Phymatidae, Hemiptera) on last flowers of Coyote Mint (Monardella hypoleuca, Lamiaceae)	326	
9511	8702c5c4-996d-4e96-9dff-d6d922cb2720	9297939714.jpg	/Users/seltmann/Documents/kummel/work/flickr_recovered_missing_media_20260730_150821/9297939714.jpg	yes	200	85927	https://live.staticflickr.com/7364/9297939714_1f8514be0d_b.jpg	https://www.flickr.com/photos/treebeard/9297939714/	Different little Robber Fly (Asilidae, Diptera) on California Buckwheat (Eriogonum fasciculatum, Polygonaceae)	215	
9512	61965d6c-ce7c-4f76-93fa-c6ce6129d8a6	9298014766.jpg	/Users/seltmann/Documents/kummel/work/flickr_recovered_missing_media_20260730_150821/9298014766.jpg	yes	200	438065	https://live.staticflickr.com/3704/9298014766_8aefa7cf00_c.jpg	https://www.flickr.com/photos/treebeard/9298014766/	Common Buckeye (Junonia coenia) butterfly on California Buckwheat (Eriogonum fasciculatum, Polygonaceae)	303	
9513	3d2b9b25-4225-4f51-b226-e0bf51fa0092	9302285479.jpg	/Users/seltmann/Documents/kummel/work/flickr_recovered_missing_media_20260730_150821/9302285479.jpg	yes	200	357314	https://live.staticflickr.com/7381/9302285479_13d69a3782_c.jpg	https://www.flickr.com/photos/treebeard/9302285479/	Ant-like Black Scavenger Fly or Ensign Fly (Sepsis, Sepsidae, Diptera) on Nuttall's Snowberry (Symphoricarpos mollis, Caprifoliaceae)	400	
9514	4d93a1c8-2a88-48d3-9338-b9158fcdabf8	9304712350.jpg	/Users/seltmann/Documents/kummel/work/flickr_recovered_missing_media_20260730_150821/9304712350.jpg	yes	200	353275	https://live.staticflickr.com/3714/9304712350_0ae9c1e972_c.jpg	https://www.flickr.com/photos/treebeard/9304712350/	Another native Speckled Clarkia (Clarkia cylindrica, Onagraceae) without the speckles - still flowering in mid-summer!	391	
9515	b5db03f8-ac9e-484a-84bb-4c6770e8985d	9304764278.jpg	/Users/seltmann/Documents/kummel/work/flickr_recovered_missing_media_20260730_150821/9304764278.jpg	yes	200	336445	https://live.staticflickr.com/3797/9304764278_daa1587796_c.jpg	https://www.flickr.com/photos/treebeard/9304764278/	New mid-summer flowers of Sticky False Gilyflower (Allophyllum glutinosum, Polemoniaceae)	336	
9516	c4d6e11f-cac9-402f-b5a4-fca93169723a	9304845326.jpg	/Users/seltmann/Documents/kummel/work/flickr_recovered_missing_media_20260730_150821/9304845326.jpg	yes	200	361507	https://live.staticflickr.com/5343/9304845326_3ff636fc64_c.jpg	https://www.flickr.com/photos/treebeard/9304845326/	Climbing Penstemon (Keckiella cordifolia, Scrophulariaceae or Plantaginaceae) shrouded by web-spinning caterpillars of Variable Checkerspot (Euphydryas chalcedona) butterflies	297	
9517	74fb3f49-a955-4028-b3da-3d73a1042938	9304928538.jpg	/Users/seltmann/Documents/kummel/work/flickr_recovered_missing_media_20260730_150821/9304928538.jpg	yes	200	99503	https://live.staticflickr.com/5466/9304928538_b47ce91a63_c.jpg	https://www.flickr.com/photos/treebeard/9304928538/	New caterpillars of Variable Checkerspot (Euphydryas chalcedona) butterflies munching seed heads of Climbing Penstemon (Keckiella cordifolia, Scrophulariaceae or Plantaginaceae)	289	
9518	eb494cd5-ea27-4d56-a173-231c5d92a408	9304996236.jpg	/Users/seltmann/Documents/kummel/work/flickr_recovered_missing_media_20260730_150821/9304996236.jpg	yes	200	98039	https://live.staticflickr.com/5500/9304996236_6498afae70_b.jpg	https://www.flickr.com/photos/treebeard/9304996236/	Handsome little Damselfly (Zygoptera, Odonata) on Coyote Bush (Baccharis pilularis, Asteraceae)	300	
9519	71f3a8c1-f8dd-4755-a5ee-fa4babb438cc	9305308804.jpg	/Users/seltmann/Documents/kummel/work/flickr_recovered_missing_media_20260730_150821/9305308804.jpg	yes	200	135904	https://live.staticflickr.com/3772/9305308804_72f73a4215_b.jpg	https://www.flickr.com/photos/treebeard/9305308804/	Tiny nymph of a Tree Cricket (Oecanthus, Gryllidae, Orthoptera) trying to hide on Wild Blackberry (Rubus ursinus, Rosaceae)	324	
9520	87cdca16-c34d-43e3-a291-773038738370	9305418326.jpg	/Users/seltmann/Documents/kummel/work/flickr_recovered_missing_media_20260730_150821/9305418326.jpg	yes	200	164066	https://live.staticflickr.com/5322/9305418326_7328880190_b.jpg	https://www.flickr.com/photos/treebeard/9305418326/	Remarkably thin Stilt Bug (Berytidae, Hemiptera) on Wild Blackberry (Rubus ursinus, Rosaceae)	319	
9521	acbc0d2d-a6b1-4ab5-bc7e-f384c74cebc7	9309118215.jpg	/Users/seltmann/Documents/kummel/work/flickr_recovered_missing_media_20260730_150821/9309118215.jpg	yes	200	180420	https://live.staticflickr.com/3777/9309118215_4667abd648_b.jpg	https://www.flickr.com/photos/treebeard/9309118215/	Unripe fruit of native Holly-leaved Cherry aka Islay (Prunus ilicifolia, Rosaceae)	319	
9522	b144e91f-2f88-4ea0-bb51-a083fd06951d	9309188287.jpg	/Users/seltmann/Documents/kummel/work/flickr_recovered_missing_media_20260730_150821/9309188287.jpg	yes	200	352077	https://live.staticflickr.com/3744/9309188287_0702cbdd29_c.jpg	https://www.flickr.com/photos/treebeard/9309188287/	Rather thin Green Lynx Spider (Peucetia viridans, Oxyopidae) on California Buckwheat (Eriogonum fasciculatum, Polygonaceae)	357	
9523	d58c00cc-243a-48d5-a559-e553f03e4619	9309255259.jpg	/Users/seltmann/Documents/kummel/work/flickr_recovered_missing_media_20260730_150821/9309255259.jpg	yes	200	115506	https://live.staticflickr.com/2829/9309255259_58cf127e33_b.jpg	https://www.flickr.com/photos/treebeard/9309255259/	"Interesting ""true bug"" (Hemiptera) on new summer flowers of native California Buckwheat (Eriogonum fasciculatum, Polygonaceae)"	376	
9524	afb8d101-dcfd-428a-9fa8-1894ad73c4f7	9309338441.jpg	/Users/seltmann/Documents/kummel/work/flickr_recovered_missing_media_20260730_150821/9309338441.jpg	yes	200	403235	https://live.staticflickr.com/7405/9309338441_46d8f6504e_c.jpg	https://www.flickr.com/photos/treebeard/9309338441/	Small but gorgeous Long-legged Fly (Dolichopodidae, Diptera) on Wild Blackberry (Rubus ursinus, Rosaceae)	347	
9525	b2eca94c-f929-4681-b291-17e1539a2ba5	9309366465.jpg	/Users/seltmann/Documents/kummel/work/flickr_recovered_missing_media_20260730_150821/9309366465.jpg	yes	200	399749	https://live.staticflickr.com/7422/9309366465_a44dd38b18_c.jpg	https://www.flickr.com/photos/treebeard/9309366465/	Ant-like Black Scavenger Fly or Ensign Fly (Sepsis, Sepsidae, Diptera) on Wild Blackberry (Rubus ursinus, Rosaceae)	328	
9526	eb5e1f80-64d0-4404-b8b4-ebefc1d5d33d	9311936476.jpg	/Users/seltmann/Documents/kummel/work/flickr_recovered_missing_media_20260730_150821/9311936476.jpg	yes	200	191305	https://live.staticflickr.com/2855/9311936476_f5d17d7c02_b.jpg	https://www.flickr.com/photos/treebeard/9311936476/	Pom-pom-like seed heads of Chaparral Clematis (Clematis lasiantha, Ranunculaceae)	284	
9527	5e5b6167-8486-40a6-b799-3f08bf4c2c53	9315512789.jpg	/Users/seltmann/Documents/kummel/work/flickr_recovered_missing_media_20260730_150821/9315512789.jpg	yes	200	156409	https://live.staticflickr.com/2868/9315512789_27a03fdaf4_b.jpg	https://www.flickr.com/photos/treebeard/9315512789/	Katydid (Tettigoniidae, Ensifera, Orthoptera) - maybe a Bush Katydid (genus Scudderia)?	332	
9528	88cee92a-a532-4d75-acd6-b7d389cbbbfb	9315778446.jpg	/Users/seltmann/Documents/kummel/work/flickr_recovered_missing_media_20260730_150821/9315778446.jpg	yes	200	106751	https://live.staticflickr.com/7368/9315778446_f8c576b720_b.jpg	https://www.flickr.com/photos/treebeard/9315778446/	Small but wonderful Robber Fly (Asilidae, Diptera) on Scrub Oak (Quercus berberidifolia, Fagaceae)	290	
9529	44d215dd-6f4c-47f7-9497-6a58850a9f98	9315857264.jpg	/Users/seltmann/Documents/kummel/work/flickr_recovered_missing_media_20260730_150821/9315857264.jpg	yes	200	179693	https://live.staticflickr.com/7350/9315857264_babdab2d52_b.jpg	https://www.flickr.com/photos/treebeard/9315857264/	Great Basin Wood-Nymph (Cercyonis sthenele) butterfly on native Coyote Bush (Baccharis pilularis, Asteraceae)	274	
9530	df1ade7c-2e9d-4614-97d5-bdcdffc4c2d7	9315867829.jpg	/Users/seltmann/Documents/kummel/work/flickr_recovered_missing_media_20260730_150821/9315867829.jpg	yes	200	335208	https://live.staticflickr.com/3712/9315867829_ce3e2e9b70_c.jpg	https://www.flickr.com/photos/treebeard/9315867829/	Tiny Jumping Spider (Salticidae) with a tiny fly (Diptera) on California Buckwheat (Eriogonum fasciculatum, Polygonaceae)	330	
9531	a6216c97-db6a-4992-b357-2653c477ee1c	9318256494.jpg	/Users/seltmann/Documents/kummel/work/flickr_recovered_missing_media_20260730_150821/9318256494.jpg	yes	200	79560	https://live.staticflickr.com/5511/9318256494_43202c6e08_b.jpg	https://www.flickr.com/photos/treebeard/9318256494/	Nymph of a Tree Cricket (Oecanthus, Gryllidae, Orthoptera) on Green Everlasting (Gnaphalium californicum, Asteraceae)	242	
9532	f1a3a3b1-9393-4e5a-933e-98eba85fc0f6	9318459428.jpg	/Users/seltmann/Documents/kummel/work/flickr_recovered_missing_media_20260730_150821/9318459428.jpg	yes	200	135776	https://live.staticflickr.com/7392/9318459428_c8810a6509_b.jpg	https://www.flickr.com/photos/treebeard/9318459428/	Western Paper Wasp (Mischocyttarus flavitarsis, Vespidae, Hymenoptera) on Wild Blackberry (Rubus ursinus, Rosaceae) - next to a bird splat!	295	
9533	ec55b8c7-3ea2-4831-bf5e-cb34acbc36e1	9318507766.jpg	/Users/seltmann/Documents/kummel/work/flickr_recovered_missing_media_20260730_150821/9318507766.jpg	yes	200	119320	https://live.staticflickr.com/2843/9318507766_86a46243d9_b.jpg	https://www.flickr.com/photos/treebeard/9318507766/	"Small ""looper"" type caterpillar (Lepidoptera) on new flowers of native California Buckwheat (Eriogonum fasciculatum, Polygonaceae)"	273	
9534	66ef153e-f159-44fe-ae62-b682f0acac01	9318590810.jpg	/Users/seltmann/Documents/kummel/work/flickr_recovered_missing_media_20260730_150821/9318590810.jpg	yes	200	366831	https://live.staticflickr.com/3738/9318590810_f6ca6f16ba_c.jpg	https://www.flickr.com/photos/treebeard/9318590810/	Pacific Ambush Bug (Phymata pacifica, Phymatidae, Hemiptera) on California Buckwheat (Eriogonum fasciculatum, Polygonaceae)	322	
9535	4411ef79-fda2-41b2-baeb-da566d7d2176	9318702922.jpg	/Users/seltmann/Documents/kummel/work/flickr_recovered_missing_media_20260730_150821/9318702922.jpg	yes	200	396254	https://live.staticflickr.com/7336/9318702922_3f397c9bbd_c.jpg	https://www.flickr.com/photos/treebeard/9318702922/	Tiny gold-flecked Bee Fly (Bombyliidae, Diptera) on California Buckwheat (Eriogonum fasciculatum, Polygonaceae) - maybe Toxophorinae?	311	
9536	0deba66f-9cd6-46d2-9443-4b3537194467	9318804860.jpg	/Users/seltmann/Documents/kummel/work/flickr_recovered_missing_media_20260730_150821/9318804860.jpg	yes	200	384046	https://live.staticflickr.com/2840/9318804860_dd9f4c2d73_c.jpg	https://www.flickr.com/photos/treebeard/9318804860/	Net-winged Planthopper (Fulgoroidea, Homoptera) - family Issidae, genus Neaethus	362	
9537	0cd54c4d-277d-414a-8bcc-5cac0e9a38ec	9322637979.jpg	/Users/seltmann/Documents/kummel/work/flickr_recovered_missing_media_20260730_150821/9322637979.jpg	yes	200	205722	https://live.staticflickr.com/2832/9322637979_35ab3ee404_b.jpg	https://www.flickr.com/photos/treebeard/9322637979/	New flowers of California Goldenrod (Solidago californica, Asteraceae) and Longstem Buckwheat (Eriogonum elongatum, Polygonaceae)	303	
9538	19df09e0-6f76-4fe6-a8db-051788e1e6df	9322807249.jpg	/Users/seltmann/Documents/kummel/work/flickr_recovered_missing_media_20260730_150821/9322807249.jpg	yes	200	91570	https://live.staticflickr.com/3667/9322807249_7ebea70c01_b.jpg	https://www.flickr.com/photos/treebeard/9322807249/	Damselfly (Zygoptera, Odonata) on dead stem of California Buckwheat (Eriogonum fasciculatum, Polygonaceae)	207	
9539	d4257430-848d-4af4-ae1f-0216a5deb80a	9322845603.jpg	/Users/seltmann/Documents/kummel/work/flickr_recovered_missing_media_20260730_150821/9322845603.jpg	yes	200	386147	https://live.staticflickr.com/2853/9322845603_386e60d4fa_c.jpg	https://www.flickr.com/photos/treebeard/9322845603/	Acmon Blue (Plebejus acmon) butterfly on California Buckwheat (Eriogonum fasciculatum, Polygonaceae) - or is it a Bernardino Blue (Euphilotes bernardino)?	460	
9540	baf9f11f-897c-48d0-b087-8da4b4b93dea	9322993355.jpg	/Users/seltmann/Documents/kummel/work/flickr_recovered_missing_media_20260730_150821/9322993355.jpg	yes	200	114179	https://live.staticflickr.com/7380/9322993355_f71358a627_b.jpg	https://www.flickr.com/photos/treebeard/9322993355/	Mating pair of Pacific Ambush Bugs (Phymata pacifica, Phymatidae, Hemiptera) on California Goldenrod (Solidago californica, Asteraceae)	290	
9541	66c08221-96ea-42e8-8e53-ab019134fb7f	9325305868.jpg	/Users/seltmann/Documents/kummel/work/flickr_recovered_missing_media_20260730_150821/9325305868.jpg	yes	200	387485	https://live.staticflickr.com/3826/9325305868_32ef72dd03_c.jpg	https://www.flickr.com/photos/treebeard/9325305868/	Another photo of net-winged Planthopper (Fulgoroidea, Homoptera) - family Issidae, genus Neaethus	328	
9542	b6151b46-2264-4b4f-9190-e6fd3531cd17	9325337484.jpg	/Users/seltmann/Documents/kummel/work/flickr_recovered_missing_media_20260730_150821/9325337484.jpg	yes	200	118975	https://live.staticflickr.com/3770/9325337484_fd0af9029c_b.jpg	https://www.flickr.com/photos/treebeard/9325337484/	New summer flowers of the Northern Blue-stemmed Keckiella (Keckiella ternata ssp. septentrionalis, Scrophulariaceae or Plantaginaceae)	283	
9543	da9adc5e-3b45-40e9-b79a-80c6fd8f84a1	9325525306.jpg	/Users/seltmann/Documents/kummel/work/flickr_recovered_missing_media_20260730_150821/9325525306.jpg	yes	200	133460	https://live.staticflickr.com/5334/9325525306_30b4c7b9fd_b.jpg	https://www.flickr.com/photos/treebeard/9325525306/	Late-season flowers of native composite Bush Groundsel (Senecio douglasii, Asteraceae)	267	
9544	e18dde50-024d-49b3-b449-9aa74451e6e9	9325556342.jpg	/Users/seltmann/Documents/kummel/work/flickr_recovered_missing_media_20260730_150821/9325556342.jpg	yes	200	119371	https://live.staticflickr.com/2832/9325556342_41cd94d621_b.jpg	https://www.flickr.com/photos/treebeard/9325556342/	Megachilid Bee (Megachilidae, Hymenoptera) on native composite Bush Groundsel (Senecio douglasii, Asteraceae)	338	
9545	4759d697-9794-4136-afab-0ee5604dc2a9	9329074033.jpg	/Users/seltmann/Documents/kummel/work/flickr_recovered_missing_media_20260730_150821/9329074033.jpg	yes	200	161695	https://live.staticflickr.com/5518/9329074033_ebe5771d11_b.jpg	https://www.flickr.com/photos/treebeard/9329074033/	Nymph of a Bush Katydid (Scudderia, Tettigoniidae, Orthoptera) on non-native Butterfly Bush (Buddleja davidii, Scrophulariaceae)	288	
9546	f9dd322b-9ae8-436a-a0e9-aa6ce70450ee	9329118249.jpg	/Users/seltmann/Documents/kummel/work/flickr_recovered_missing_media_20260730_150821/9329118249.jpg	yes	200	433396	https://live.staticflickr.com/7350/9329118249_4d68702731_c.jpg	https://www.flickr.com/photos/treebeard/9329118249/	Mournful Duskywing (Erynnis tristis) butterfly working flowers of Cat Mint (Nepeta cataria, Lamiaceae) in the garden	355	
9547	9103a066-50a8-4f7a-beec-eace2999a4e0	9329187905.jpg	/Users/seltmann/Documents/kummel/work/flickr_recovered_missing_media_20260730_150821/9329187905.jpg	yes	200	468670	https://live.staticflickr.com/7429/9329187905_52f0f4ed28_c.jpg	https://www.flickr.com/photos/treebeard/9329187905/	"Spider embracing a fly (Diptera) in a ""kiss of death"" on Wild Blackberry (Rubus ursinus, Rosaceae)"	314	
9548	27fce49f-85d3-40d1-85b1-8c9a31a559a9	9329287301.jpg	/Users/seltmann/Documents/kummel/work/flickr_recovered_missing_media_20260730_150821/9329287301.jpg	yes	200	102905	https://live.staticflickr.com/3753/9329287301_cac064dd3a_b.jpg	https://www.flickr.com/photos/treebeard/9329287301/	Green Lynx Spider (Peucetia viridans, Oxyopidae) with Sweat Bee (Halictidae, Anthophila, Hymenoptera) on Fort Tejon Milk-Aster (Stephanomeria cichoriacea, Asteraceae)	307	
9549	ade8ebb4-bb77-4688-ac4a-1c001f2476c0	9329437493.jpg	/Users/seltmann/Documents/kummel/work/flickr_recovered_missing_media_20260730_150821/9329437493.jpg	yes	200	118417	https://live.staticflickr.com/7414/9329437493_2fb27e5f28_b.jpg	https://www.flickr.com/photos/treebeard/9329437493/	Sand Wasp (Steniolia, Bembicini, Apoidea, Hymenoptera) on Fort Tejon Milk-Aster (Stephanomeria cichoriacea, Asteraceae)	310	
9550	afba6cf1-72a2-4e9b-9179-39235084ecd0	9331738552.jpg	/Users/seltmann/Documents/kummel/work/flickr_recovered_missing_media_20260730_150821/9331738552.jpg	yes	200	150084	https://live.staticflickr.com/5471/9331738552_229232e843_b.jpg	https://www.flickr.com/photos/treebeard/9331738552/	New nuts on native Snowdrop Bush (Styrax redivivus, Styracaceae)	277	
9551	84b020b1-4bae-43f4-bf23-9fe8e6f92f56	9331784886.jpg	/Users/seltmann/Documents/kummel/work/flickr_recovered_missing_media_20260730_150821/9331784886.jpg	yes	200	336038	https://live.staticflickr.com/7430/9331784886_ec29946289_c.jpg	https://www.flickr.com/photos/treebeard/9331784886/	Tiny humpbacked Bee Fly (Bombyliidae, Diptera) on Butterfly Bush (Buddleja davidii, Scrophulariaceae) - maybe Toxophorinae?	295	
9552	6ae69fb4-ed25-40d1-ab94-ef70cad54f55	9332177172.jpg	/Users/seltmann/Documents/kummel/work/flickr_recovered_missing_media_20260730_150821/9332177172.jpg	yes	200	362128	https://live.staticflickr.com/2823/9332177172_676ef3e11c_c.jpg	https://www.flickr.com/photos/treebeard/9332177172/	Metallic Wood-boring Beetle (Buprestidae, Coleoptera) on Fort Tejon Milk-Aster (Stephanomeria cichoriacea, Asteraceae) - with Green Lynx Spider (Peucetia viridans, Oxyopidae) looming!	468	
9553	0186628e-5eec-469f-9270-f0bab211a713	9336651939.jpg	/Users/seltmann/Documents/kummel/work/flickr_recovered_missing_media_20260730_150821/9336651939.jpg	yes	200	355288	https://live.staticflickr.com/7375/9336651939_99156e8a9e_c.jpg	https://www.flickr.com/photos/treebeard/9336651939/	Summer flower of Fort Tejon Milk-Aster aka Chicory-leaved Stephanomeria (Stephanomeria cichoriacea, Asteraceae)	298	
9554	1975bcc3-9740-4b15-af3d-512c4f1d113f	9336760935.jpg	/Users/seltmann/Documents/kummel/work/flickr_recovered_missing_media_20260730_150821/9336760935.jpg	yes	200	108914	https://live.staticflickr.com/7311/9336760935_ebd0c941c7_b.jpg	https://www.flickr.com/photos/treebeard/9336760935/	Weed's Mariposa Lily aka Late-flowered Mariposa Lily (Calochortus weedii var. vestus aka Calochortus fimbriata, Liliaceae)	302	
9555	456fa5d5-d039-4b49-9878-e451b2b43f6f	9337058985.jpg	/Users/seltmann/Documents/kummel/work/flickr_recovered_missing_media_20260730_150821/9337058985.jpg	yes	200	361168	https://live.staticflickr.com/7301/9337058985_fb29504c83_c.jpg	https://www.flickr.com/photos/treebeard/9337058985/	Another different Planthopper (Fulgoroidea, Homoptera) on a leaf of Coast Live Oak (Quercus agrifolia, Fagaceae)	365	
9556	d3ed10f5-fdd4-43b5-bf26-6e65059475ed	9337244637.jpg	/Users/seltmann/Documents/kummel/work/flickr_recovered_missing_media_20260730_150821/9337244637.jpg	yes	200	129712	https://live.staticflickr.com/7344/9337244637_184709034d_b.jpg	https://www.flickr.com/photos/treebeard/9337244637/	My favorite Katydid (Tettigoniidae, Ensifera, Orthoptera) - maybe a Bush Katydid (genus Scudderia)?	284	
9557	c8de9678-3a76-45fd-9534-17de6a969a77	9337412337.jpg	/Users/seltmann/Documents/kummel/work/flickr_recovered_missing_media_20260730_150821/9337412337.jpg	yes	200	126160	https://live.staticflickr.com/2870/9337412337_853b7992cc_b.jpg	https://www.flickr.com/photos/treebeard/9337412337/	Another remarkably thin Stilt Bug (Berytidae, Hemiptera), showing its sharp proboscis	273	
9558	49c385ba-3349-49bb-af9c-5c1bfe1d6bb6	9337534267.jpg	/Users/seltmann/Documents/kummel/work/flickr_recovered_missing_media_20260730_150821/9337534267.jpg	yes	200	151588	https://live.staticflickr.com/7404/9337534267_4a2b4cdaa8_b.jpg	https://www.flickr.com/photos/treebeard/9337534267/	Ripening fruit of a native California Bay (Umbellularia californica, Lauraceae) - like little avocados	246	
9559	ce7ed74c-ce32-4f7f-8c9a-41284abd119f	9339594180.jpg	/Users/seltmann/Documents/kummel/work/flickr_recovered_missing_media_20260730_150821/9339594180.jpg	yes	200	412687	https://live.staticflickr.com/3832/9339594180_846d5af1df_c.jpg	https://www.flickr.com/photos/treebeard/9339594180/	Net-winged Planthopper (Fulgoroidea, Homoptera) - family Issidae, genus Neaethus	360	
9560	f32c1998-bfba-44b6-a095-ab47e3873d00	9339638148.jpg	/Users/seltmann/Documents/kummel/work/flickr_recovered_missing_media_20260730_150821/9339638148.jpg	yes	200	387438	https://live.staticflickr.com/7394/9339638148_e1c47cb09c_c.jpg	https://www.flickr.com/photos/treebeard/9339638148/	A different Planthopper (Fulgoroidea, Homoptera) on leaf of Coast Live Oak (Quercus agrifolia, Fagaceae)	374	
9561	d72237c3-d6d5-434d-a488-3ec22083b84a	9345208443.jpg	/Users/seltmann/Documents/kummel/work/flickr_recovered_missing_media_20260730_150821/9345208443.jpg	yes	200	358373	https://live.staticflickr.com/5451/9345208443_49fb7d9ec2_c.jpg	https://www.flickr.com/photos/treebeard/9345208443/	Maybe the gall of a Red Cone Gall Wasp (Andricus kingi, Cynipidae, Hymenoptera) on Scrub Oak (Quercus berberidifolia, Fagaceae)	379	
9562	4ff3bb08-5875-458a-bf8c-f8361cf085c7	9345335827.jpg	/Users/seltmann/Documents/kummel/work/flickr_recovered_missing_media_20260730_150821/9345335827.jpg	yes	200	348174	https://live.staticflickr.com/7453/9345335827_24107784c4_c.jpg	https://www.flickr.com/photos/treebeard/9345335827/	Gall of the Spined Turban Gall Wasp (Antron douglasii, Cynipidae, Hymenoptera) on Scrub Oak (Quercus berberidifolia, Fagaceae)	618	
9563	bb5cd279-1cd1-4197-bc05-09ca5bedb3ce	9345603431.jpg	/Users/seltmann/Documents/kummel/work/flickr_recovered_missing_media_20260730_150821/9345603431.jpg	yes	200	104841	https://live.staticflickr.com/3684/9345603431_b5e16d1466_b.jpg	https://www.flickr.com/photos/treebeard/9345603431/	Thick-headed Fly (Zodion, Conopidae, Diptera) on non-native Butterfly Bush (Buddleja davidii, Scrophulariaceae)	302	
9564	52cae1f7-21a8-4ca6-8e99-ff4d1983661f	9345740331.jpg	/Users/seltmann/Documents/kummel/work/flickr_recovered_missing_media_20260730_150821/9345740331.jpg	yes	200	156871	https://live.staticflickr.com/3669/9345740331_cbe930d13c_b.jpg	https://www.flickr.com/photos/treebeard/9345740331/	Mournful Duskywing (Erynnis tristis) butterfly on foliage of non-native Butterfly Bush (Buddleja davidii, Scrophulariaceae)	322	
9565	420131f6-b9aa-4481-8ba8-15c4e93b0cc0	9345786189.jpg	/Users/seltmann/Documents/kummel/work/flickr_recovered_missing_media_20260730_150821/9345786189.jpg	yes	200	407948	https://live.staticflickr.com/3795/9345786189_d337451229_c.jpg	https://www.flickr.com/photos/treebeard/9345786189/	Summer form of a Common Ringlet (Coenonympha tullia) butterfly on Snowdrop Bush (Styrax redivivus, Styracaceae)	309	
9566	994e67aa-c3ab-4480-be25-a394fec62d86	9347893748.jpg	/Users/seltmann/Documents/kummel/work/flickr_recovered_missing_media_20260730_150821/9347893748.jpg	yes	200	120311	https://live.staticflickr.com/5458/9347893748_4310347e65_b.jpg	https://www.flickr.com/photos/treebeard/9347893748/	Unknown (to me) galls on Canyon Live Oak (Quercus chrysolepis, Fagaceae)	295	
9567	21976fc6-879a-4727-8ffb-34887e8212c1	9348161702.jpg	/Users/seltmann/Documents/kummel/work/flickr_recovered_missing_media_20260730_150821/9348161702.jpg	yes	200	440781	https://live.staticflickr.com/5526/9348161702_e0fb662def_c.jpg	https://www.flickr.com/photos/treebeard/9348161702/	Just a fly - maybe family Muscidae in the order Diptera, on Wild Blackberry (Rubus ursinus, Rosaceae)	273	
9568	11f8c027-f23c-4257-b65e-1fefeb0d6f24	9348341336.jpg	/Users/seltmann/Documents/kummel/work/flickr_recovered_missing_media_20260730_150821/9348341336.jpg	yes	200	97214	https://live.staticflickr.com/5335/9348341336_d0cf515774_b.jpg	https://www.flickr.com/photos/treebeard/9348341336/	Crab Spider (Thomisidae) waiting for prey on a single flower of non-native Butterfly Bush (Buddleja davidii, Scrophulariaceae)	286	
9569	c703a2e9-9dec-4add-8ad2-65b812f5b001	9352859371.jpg	/Users/seltmann/Documents/kummel/work/flickr_recovered_missing_media_20260730_150821/9352859371.jpg	yes	200	122017	https://live.staticflickr.com/5525/9352859371_09fe25491b_b.jpg	https://www.flickr.com/photos/treebeard/9352859371/	Galls of the Crystalline Gall Wasp (Andricus crystallinus, Cynipidae, Hymenoptera on Scrub Oak (Quercus berberidifolia, Fagaceae) - with acorns!	294	
9570	8846ffed-c410-426a-b4cf-b0787d47171c	9353029715.jpg	/Users/seltmann/Documents/kummel/work/flickr_recovered_missing_media_20260730_150821/9353029715.jpg	yes	200	438201	https://live.staticflickr.com/5324/9353029715_e063476fae_c.jpg	https://www.flickr.com/photos/treebeard/9353029715/	New acorns of a different Scrub Oak (Quercus wislizenii var. frutescens, Fagaceae)	342	
9571	08b4bae2-df1d-400e-bbf2-22aa46e64eb1	9353261775.jpg	/Users/seltmann/Documents/kummel/work/flickr_recovered_missing_media_20260730_150821/9353261775.jpg	yes	200	115623	https://live.staticflickr.com/3694/9353261775_e2277a77dd_b.jpg	https://www.flickr.com/photos/treebeard/9353261775/	Silver Argiope (Argiope argenatata, Araneidae) spider sitting on its web	288	
9572	f082f750-7590-48c5-aa1f-388fd67cb27f	9353420023.jpg	/Users/seltmann/Documents/kummel/work/flickr_recovered_missing_media_20260730_150821/9353420023.jpg	yes	200	127497	https://live.staticflickr.com/2854/9353420023_715a0ccf5c_b.jpg	https://www.flickr.com/photos/treebeard/9353420023/	California Clearwing Moth (Hemaris thetis) on Butterfly Bush (Buddleja davidii, Scrophulariaceae) in the garden	285	
9573	89d44fa9-0359-49f7-943f-455427bedfdb	9355712262.jpg	/Users/seltmann/Documents/kummel/work/flickr_recovered_missing_media_20260730_150821/9355712262.jpg	yes	200	131497	https://live.staticflickr.com/7380/9355712262_68e7213f71_b.jpg	https://www.flickr.com/photos/treebeard/9355712262/	Large acorn of Scrub Oak (Quercus berberidifolia, Fagaceae)	295	
9574	10ccbc77-8e7f-40cf-a94e-12e0c2c7e7cc	9355901666.jpg	/Users/seltmann/Documents/kummel/work/flickr_recovered_missing_media_20260730_150821/9355901666.jpg	yes	200	151298	https://live.staticflickr.com/5517/9355901666_70885ca0fa_b.jpg	https://www.flickr.com/photos/treebeard/9355901666/	New acorns of Goldencup Oak aka Canyon Live Oak (Quercus chrysolepis, Fagaceae)	407	
9575	744837d9-07c3-4d82-8ec2-ea295af32b81	9356172128.jpg	/Users/seltmann/Documents/kummel/work/flickr_recovered_missing_media_20260730_150821/9356172128.jpg	yes	200	439485	https://live.staticflickr.com/2817/9356172128_16646f6717_c.jpg	https://www.flickr.com/photos/treebeard/9356172128/	My favorite Katydid (Tettigoniidae, Ensifera, Orthoptera) - maybe a Bush Katydid (genus Scudderia)?	333	
9576	dc5f5c4b-9aa7-4e81-8fc8-80ee71d02a6a	9356261502.jpg	/Users/seltmann/Documents/kummel/work/flickr_recovered_missing_media_20260730_150821/9356261502.jpg	yes	200	139947	https://live.staticflickr.com/5478/9356261502_2829578320_b.jpg	https://www.flickr.com/photos/treebeard/9356261502/	California Clearwing Moth (Hemaris thetis) on Butterfly Bush (Buddleja davidii, Scrophulariaceae) in the garden	254	
9577	b1b0c3c4-0a6e-4d19-81a4-170313a843d7	9359406459.jpg	/Users/seltmann/Documents/kummel/work/flickr_recovered_missing_media_20260730_150821/9359406459.jpg	yes	200	120934	https://live.staticflickr.com/7410/9359406459_7d1153a76d_b.jpg	https://www.flickr.com/photos/treebeard/9359406459/	Female California Dogface (Colias eurydice) butterfly on non-native flower of Fuchsia (Onagraceae) in the garden	297	
9578	7073ec4e-6e71-4921-8b46-a0a3f2aabcf6	9362004408.jpg	/Users/seltmann/Documents/kummel/work/flickr_recovered_missing_media_20260730_150821/9362004408.jpg	yes	200	118929	https://live.staticflickr.com/3677/9362004408_a69e24dbc9_b.jpg	https://www.flickr.com/photos/treebeard/9362004408/	Sad-looking Labyrinth Spider (genus Metepeira, Araneidae) - note the cat face on its abdomen!	341	
9579	828d755f-babd-49c7-ac95-eacd15b237e4	9362049838.jpg	/Users/seltmann/Documents/kummel/work/flickr_recovered_missing_media_20260730_150821/9362049838.jpg	yes	200	150293	https://live.staticflickr.com/7437/9362049838_edbfbeb277_b.jpg	https://www.flickr.com/photos/treebeard/9362049838/	Sand Wasp (Steniolia, Bembicini, Hymenoptera) and California Clearwing Moth (Hemaris thetis) on Butterfly Bush (Buddleja davidii, Scrophulariaceae)	302	
9580	c0baedd4-79c8-40bc-aff2-067c8eeeeba0	9362141352.jpg	/Users/seltmann/Documents/kummel/work/flickr_recovered_missing_media_20260730_150821/9362141352.jpg	yes	200	132369	https://live.staticflickr.com/7378/9362141352_1c8d6db672_b.jpg	https://www.flickr.com/photos/treebeard/9362141352/	California Clearwing Moth (Hemaris thetis) on non-native Butterfly Bush (Buddleja davidii, Scrophulariaceae) in the garden	276	
9581	2942ef7b-1f1e-4ffe-87f9-1ce8ba0220bb	9366147961.jpg	/Users/seltmann/Documents/kummel/work/flickr_recovered_missing_media_20260730_150821/9366147961.jpg	yes	200	442861	https://live.staticflickr.com/7328/9366147961_8221753d33_c.jpg	https://www.flickr.com/photos/treebeard/9366147961/	"""Behr's Metalmark"" (Apodemia virgulti) on California Buckwheat (Eriogonum fasciculatum, Polygonaceae)"	287	
9582	14541a94-ce15-4f66-8495-db5f6c4840aa	9368996906.jpg	/Users/seltmann/Documents/kummel/work/flickr_recovered_missing_media_20260730_150821/9368996906.jpg	yes	200	93350	https://live.staticflickr.com/5542/9368996906_12dc4ee50c_b.jpg	https://www.flickr.com/photos/treebeard/9368996906/	Large female European Mantis (Mantis religiosa, Mantidae, Mantodea) on California Buckwheat (Eriogonum fasciculatum, Polygonaceae)	207	
9583	2756d25e-0964-48a4-bb1c-363bb72e0ae3	9372054039.jpg	/Users/seltmann/Documents/kummel/work/flickr_recovered_missing_media_20260730_150821/9372054039.jpg	yes	200	261926	https://live.staticflickr.com/7390/9372054039_83f6a4ea9a_b.jpg	https://www.flickr.com/photos/treebeard/9372054039/	"Recovering native Chaparral Yucca (Yucca whipplei, Liliaceae or Hesperoyucca whipplei, Agavaceae) burned by the ""White Fire"""	276	
9584	c88a7521-7412-455c-8527-0e7282fc13aa	9372213489.jpg	/Users/seltmann/Documents/kummel/work/flickr_recovered_missing_media_20260730_150821/9372213489.jpg	yes	200	266662	https://live.staticflickr.com/5536/9372213489_7c408a1a2a_b.jpg	https://www.flickr.com/photos/treebeard/9372213489/	"Bigberry Manzanita (Arctostaphylos glauca, Ericaceae) two months after the ""White Fire"" - not stump-sprouting"	336	
9585	2aaea8fe-c296-43ee-9235-f2858de290ca	9372434509.jpg	/Users/seltmann/Documents/kummel/work/flickr_recovered_missing_media_20260730_150821/9372434509.jpg	yes	200	370639	https://live.staticflickr.com/5548/9372434509_0e44669a68_c.jpg	https://www.flickr.com/photos/treebeard/9372434509/	Crab Spider (Thomisidae) on flower of non-native Butterfly Bush (Buddleja davidii, Scrophulariaceae) in the garden	286	
9586	7ec8d49b-8b6f-4802-a042-f64a625a78f4	9374757734.jpg	/Users/seltmann/Documents/kummel/work/flickr_recovered_missing_media_20260730_150821/9374757734.jpg	yes	200	252683	https://live.staticflickr.com/3827/9374757734_454199df0c_b.jpg	https://www.flickr.com/photos/treebeard/9374757734/	"Western Sycamore (Platanus racemosa, Platanaceae) trees stump-sprouting after the ""White Fire"""	303	
9587	93e3d1c4-8c0e-4846-91bd-6fc9e0912150	9375105092.jpg	/Users/seltmann/Documents/kummel/work/flickr_recovered_missing_media_20260730_150821/9375105092.jpg	yes	200	86531	https://live.staticflickr.com/2887/9375105092_c2041fa030_b.jpg	https://www.flickr.com/photos/treebeard/9375105092/	Damselfly (Zygoptera, Odonata) on California Buckwheat (Eriogonum fasciculatum, Polygonaceae)	196	
9588	dae3a5d9-4bb2-45d5-839c-6b4574d4448a	9375136588.jpg	/Users/seltmann/Documents/kummel/work/flickr_recovered_missing_media_20260730_150821/9375136588.jpg	yes	200	156907	https://live.staticflickr.com/7423/9375136588_cf1fbb28c1_b.jpg	https://www.flickr.com/photos/treebeard/9375136588/	Umber Skipper (Poanes melane, Hesperia, Hesperiidae) butterfly on Butterfly Bush (Buddleja davidii, Scrophulariaceae) in the garden	347	
9589	b74810c7-dc30-47f7-b562-8bcb23fd0c99	9375240948.jpg	/Users/seltmann/Documents/kummel/work/flickr_recovered_missing_media_20260730_150821/9375240948.jpg	yes	200	362984	https://live.staticflickr.com/5334/9375240948_9b3e2d065f_c.jpg	https://www.flickr.com/photos/treebeard/9375240948/	European Mantis (Mantis religiosa, Mantidae, Mantodea) on California Buckwheat (Eriogonum fasciculatum, Polygonaceae)	348	
9590	4c8f4846-6fd2-4a32-8d2e-0ab086d90093	9378567037.jpg	/Users/seltmann/Documents/kummel/work/flickr_recovered_missing_media_20260730_150821/9378567037.jpg	yes	200	304471	https://live.staticflickr.com/5547/9378567037_fc9bb161b7_b.jpg	https://www.flickr.com/photos/treebeard/9378567037/	Fremont Cottonwood (Populus fremontii, Salicaceae) hanging over a spring-fed pool in Paradise	314	
9591	fbca1780-eb4e-416c-8bad-dbcc2f0fed3e	9378635611.jpg	/Users/seltmann/Documents/kummel/work/flickr_recovered_missing_media_20260730_150821/9378635611.jpg	yes	200	620027	https://live.staticflickr.com/5453/9378635611_086d16ce17_c.jpg	https://www.flickr.com/photos/treebeard/9378635611/	"Life goes on - new growth on Coast Live Oak (Quercus agrifolia, Fagaceae) after the ""White Fire"""	299	
9592	fb0cad63-ed9b-456d-9b28-4fbbda74d4f5	9378708109.jpg	/Users/seltmann/Documents/kummel/work/flickr_recovered_missing_media_20260730_150821/9378708109.jpg	yes	200	116564	https://live.staticflickr.com/3780/9378708109_8a8ddc4ce0_b.jpg	https://www.flickr.com/photos/treebeard/9378708109/	New acorns of Coast Live Oak (Quercus agrifolia, Fagaceae)	284	
9593	9e7bb901-b24a-4223-a9c9-ddffe6127344	9378814091.jpg	/Users/seltmann/Documents/kummel/work/flickr_recovered_missing_media_20260730_150821/9378814091.jpg	yes	200	435526	https://live.staticflickr.com/3688/9378814091_bb01fcf8b2_c.jpg	https://www.flickr.com/photos/treebeard/9378814091/	"Odd new ""flowers"" of native Bird's Beak (Cordylanthus rigidus, Scrophulariaceae or Orobanchaceae)"	382	
9594	ca6b6ab9-2667-4b00-b14f-6081403564d1	9378931641.jpg	/Users/seltmann/Documents/kummel/work/flickr_recovered_missing_media_20260730_150821/9378931641.jpg	yes	200	88279	https://live.staticflickr.com/3688/9378931641_0edd7c2c0d_b.jpg	https://www.flickr.com/photos/treebeard/9378931641/	New flowers of Longstem Buckwheat (Eriogonum elongatum, Polygonaceae)	217	
9595	46d31c51-65d8-4da7-a422-400d4d0c1a04	9381535768.jpg	/Users/seltmann/Documents/kummel/work/flickr_recovered_missing_media_20260730_150821/9381535768.jpg	yes	200	133359	https://live.staticflickr.com/5332/9381535768_590a67d3fe_b.jpg	https://www.flickr.com/photos/treebeard/9381535768/	Acorn of native Tanbark Oak (Lithocarpus densiflorus, Fagaceae)	277	
9596	155277e8-8d22-4340-a11e-53561289f170	9381654632.jpg	/Users/seltmann/Documents/kummel/work/flickr_recovered_missing_media_20260730_150821/9381654632.jpg	yes	200	103348	https://live.staticflickr.com/5509/9381654632_2baa9ef077_b.jpg	https://www.flickr.com/photos/treebeard/9381654632/	New flowers of Ms. Plummer's Baccharis (Baccharis plummerae, Asteraceae) - staminate on left, pistillate on right	287	
9597	fed42e54-c885-4683-9d34-2d9e5d51d8ec	9381782802.jpg	/Users/seltmann/Documents/kummel/work/flickr_recovered_missing_media_20260730_150821/9381782802.jpg	yes	200	434983	https://live.staticflickr.com/3780/9381782802_07dfa36106_c.jpg	https://www.flickr.com/photos/treebeard/9381782802/	Red Thistle (Cirsium occidentale var. venustum, Asteraceae) with a Megachilid Bee (Megachilidae, Anthophila, Hymenoptera)	307	
9598	cff01474-4ce7-42e5-88e8-fbda35c2e1c9	9386599097.jpg	/Users/seltmann/Documents/kummel/work/flickr_recovered_missing_media_20260730_150821/9386599097.jpg	yes	200	309678	https://live.staticflickr.com/7366/9386599097_d4be3ceeec_b.jpg	https://www.flickr.com/photos/treebeard/9386599097/	Calabazilla aka Coyote Melon or Buffalo Gourd  (Cucurbita foetidissima, Cucurbitaceae)	289	
9599	aa0ed4cc-02c6-4ce8-afc8-a64e1438bb6c	9386841197.jpg	/Users/seltmann/Documents/kummel/work/flickr_recovered_missing_media_20260730_150821/9386841197.jpg	yes	200	109780	https://live.staticflickr.com/7311/9386841197_19b21e1fec_b.jpg	https://www.flickr.com/photos/treebeard/9386841197/	New flowers of native Chaparral Mallow (Malacothamnus fasciculatus, Malvaceae)	266	
9600	f752eb57-8d80-4106-b613-09fdc1efd923	9386903601.jpg	/Users/seltmann/Documents/kummel/work/flickr_recovered_missing_media_20260730_150821/9386903601.jpg	yes	200	100742	https://live.staticflickr.com/7414/9386903601_dabcd6da52_b.jpg	https://www.flickr.com/photos/treebeard/9386903601/	New summer flowers of Cliff Desert Dandelion (Malacothrix saxatilis var. tenuifolia, Asteraceae)	326	
9601	2aca8f7d-9618-464e-b1b3-1d88f8d6b6bb	9387102123.jpg	/Users/seltmann/Documents/kummel/work/flickr_recovered_missing_media_20260730_150821/9387102123.jpg	yes	200	111748	https://live.staticflickr.com/5448/9387102123_b9057ac605_b.jpg	https://www.flickr.com/photos/treebeard/9387102123/	Remarkably thin Stilt Bug (Berytidae, Hemiptera) about to take wing from a leaf of Wild Blackberry (Rubus ursinus, Rosaceae)	332	
9602	04fa54fc-4d26-4b18-aa0d-8da4d0ec8d18	9389987340.jpg	/Users/seltmann/Documents/kummel/work/flickr_recovered_missing_media_20260730_150821/9389987340.jpg	yes	200	102226	https://live.staticflickr.com/3770/9389987340_5e9808f177_b.jpg	https://www.flickr.com/photos/treebeard/9389987340/	Pair of pretty Bee Flies (Bombyliidae, Diptera) on Scale Broom (Lepidospartum squamatum, Asteraceae)	307	
9603	217d4564-f52e-4857-810b-eef783f43f41	9390095824.jpg	/Users/seltmann/Documents/kummel/work/flickr_recovered_missing_media_20260730_150821/9390095824.jpg	yes	200	373171	https://live.staticflickr.com/7286/9390095824_5f353495e4_c.jpg	https://www.flickr.com/photos/treebeard/9390095824/	A male Northern White-Skipper (Heliopetes ericetorum) butterfly on Scale Broom (Lepidospartum squamatum, Asteraceae)	71	
9604	c0e774cf-d053-4997-b4dc-92ff446be540	9390214432.jpg	/Users/seltmann/Documents/kummel/work/flickr_recovered_missing_media_20260730_150821/9390214432.jpg	yes	200	367200	https://live.staticflickr.com/3791/9390214432_4336faa595_c.jpg	https://www.flickr.com/photos/treebeard/9390214432/	Mighty male Tarantula Hawk (Pepsis mildei, Pompilidae, Hymenoptera) on Scale Broom (Lepidospartum squamatum, Asteraceae)	367	
9605	a3508d21-66c8-4d8d-99b2-690adfaad8ee	9390313682.jpg	/Users/seltmann/Documents/kummel/work/flickr_recovered_missing_media_20260730_150821/9390313682.jpg	yes	200	358325	https://live.staticflickr.com/5337/9390313682_afef89b1ca_c.jpg	https://www.flickr.com/photos/treebeard/9390313682/	Large male Tarantula Hawk (Pepsis mildei, Pompilidae, Hymenoptera) on Scale Broom (Lepidospartum squamatum, Asteraceae)	278	
9606	610bcba9-8725-4895-8536-26d52d7e24a7	9395030715.jpg	/Users/seltmann/Documents/kummel/work/flickr_recovered_missing_media_20260730_150821/9395030715.jpg	yes	200	436527	https://live.staticflickr.com/3683/9395030715_8f039a9960_c.jpg	https://www.flickr.com/photos/treebeard/9395030715/	New yellow composite flowers of native Southern Goldenrod (Solidago confinis, Asteraceae)	339	
9607	8bf479d6-3774-4d2c-b7d9-62b7fb2e01f0	9395416823.jpg	/Users/seltmann/Documents/kummel/work/flickr_recovered_missing_media_20260730_150821/9395416823.jpg	yes	200	98535	https://live.staticflickr.com/3710/9395416823_26a840be69_b.jpg	https://www.flickr.com/photos/treebeard/9395416823/	Beautiful new red flower of native Scarlet Monkeyflower (Mimulus cardinalis, Scrophulariaceae or Phrymaceae)	299	
9608	c1eacdca-ecd5-423d-982b-4a3d824ee22a	9395548023.jpg	/Users/seltmann/Documents/kummel/work/flickr_recovered_missing_media_20260730_150821/9395548023.jpg	yes	200	558447	https://live.staticflickr.com/3723/9395548023_0e2f955de4_c.jpg	https://www.flickr.com/photos/treebeard/9395548023/	Blue-belly Lizard aka Western Fence Lizard (Sceloporus occidentalis) molting it's old skin	315	
9609	d2eca00f-22a9-4840-aa86-9a4ac0ebd90d	9395607437.jpg	/Users/seltmann/Documents/kummel/work/flickr_recovered_missing_media_20260730_150821/9395607437.jpg	yes	200	131955	https://live.staticflickr.com/5450/9395607437_0017ddd460_b.jpg	https://www.flickr.com/photos/treebeard/9395607437/	Just a fly... maybe a Drosophilid Fly (Drosophilidae, Diptera) on Wild Blackberry (Rubus ursinus, Rosaceae)	332	
9610	7c697bda-e7db-495b-b2c9-da32df7824ff	9395712487.jpg	/Users/seltmann/Documents/kummel/work/flickr_recovered_missing_media_20260730_150821/9395712487.jpg	yes	200	112425	https://live.staticflickr.com/3786/9395712487_8f71fc1005_b.jpg	https://www.flickr.com/photos/treebeard/9395712487/	Caterpillar (Lepidoptera) munching glandular flowers of native Coast Tarweed (Madia sativa, Asteraceae)	262	
9611	fac77ef6-9f11-40b9-9aaf-5c5b2df5e620	9397956932.jpg	/Users/seltmann/Documents/kummel/work/flickr_recovered_missing_media_20260730_150821/9397956932.jpg	yes	200	397588	https://live.staticflickr.com/5494/9397956932_f784265c54_c.jpg	https://www.flickr.com/photos/treebeard/9397956932/	New yellow composite flowers of native Coastal Goldenbush (Isocoma menziesii, Asteraceae)	329	
9612	415a2865-419a-4428-878a-d8329f59219a	9398032748.jpg	/Users/seltmann/Documents/kummel/work/flickr_recovered_missing_media_20260730_150821/9398032748.jpg	yes	200	231695	https://live.staticflickr.com/7383/9398032748_515f431cda_b.jpg	https://www.flickr.com/photos/treebeard/9398032748/	New yellow composite flowers of native Scale Broom (Lepidospartum squamatum, Asteraceae)	311	
9613	05ab391d-f4f6-451f-bd3d-e0ae06c0fa92	9398137020.jpg	/Users/seltmann/Documents/kummel/work/flickr_recovered_missing_media_20260730_150821/9398137020.jpg	yes	200	212496	https://live.staticflickr.com/5525/9398137020_34ca82c1cb_b.jpg	https://www.flickr.com/photos/treebeard/9398137020/	New flower stalks of native Mugwort (Artemisia douglasiana, Asteraceae)	271	
9614	d6291582-f68c-48cc-a2d7-0bc248ca82d7	9402794447.jpg	/Users/seltmann/Documents/kummel/work/flickr_recovered_missing_media_20260730_150821/9402794447.jpg	yes	200	118536	https://live.staticflickr.com/3745/9402794447_b0d63e7a35_b.jpg	https://www.flickr.com/photos/treebeard/9402794447/	New flowers of native Fort Tejon Milk-Aster aka Chicory-leaved Stephanomeria (Stephanomeria cichoriacea, Asteraceae)	337	
9615	83057377-5f30-45f2-b277-d9efbb3ad00a	9402941587.jpg	/Users/seltmann/Documents/kummel/work/flickr_recovered_missing_media_20260730_150821/9402941587.jpg	yes	200	352215	https://live.staticflickr.com/3825/9402941587_c0f279b94f_c.jpg	https://www.flickr.com/photos/treebeard/9402941587/	Nest of an American Lady (Vanessa virginiensis) butterfly caterpillar on Fragrant Everlasting (Gnaphalium canescens, Asteraceae)	278	
9616	304d2322-5f4f-4eed-b034-2ef2bf0bef1b	9403181053.jpg	/Users/seltmann/Documents/kummel/work/flickr_recovered_missing_media_20260730_150821/9403181053.jpg	yes	200	147423	https://live.staticflickr.com/3747/9403181053_9be1fa94ef_b.jpg	https://www.flickr.com/photos/treebeard/9403181053/	Odd husk of an insect on a leaflet of Wild Sweetpea (Lathyrus vestitus, Fabaceae) - maybe a Planthopper (Fulgoroidea, Homoptera)?	245	
9617	f2bb6ec2-d6a1-4f3a-84a3-049597c1a013	9403478917.jpg	/Users/seltmann/Documents/kummel/work/flickr_recovered_missing_media_20260730_150821/9403478917.jpg	yes	200	157429	https://live.staticflickr.com/5543/9403478917_5a67169b23_b.jpg	https://www.flickr.com/photos/treebeard/9403478917/	Large mature female Bush Katydid (Scudderia, Tettigoniidae, Ensifera, Orthoptera) on Western Bracken Fern (Pteridium aquilinum var. pubescens, Polypodiaceae)	426	
9618	8db312e1-08cd-4cd0-beba-ce000cea9011	9405482886.jpg	/Users/seltmann/Documents/kummel/work/flickr_recovered_missing_media_20260730_150821/9405482886.jpg	yes	200	194053	https://live.staticflickr.com/2851/9405482886_5a88cececc_b.jpg	https://www.flickr.com/photos/treebeard/9405482886/	Fall colors in July - native Poison Oak (Toxicodendron diversilobum, Anacardiaceae) is already turning red	273	
9619	2585e5f0-1ccb-4cb2-809d-1a53ea62cb35	9405583262.jpg	/Users/seltmann/Documents/kummel/work/flickr_recovered_missing_media_20260730_150821/9405583262.jpg	yes	200	136929	https://live.staticflickr.com/3831/9405583262_30dc906e5a_b.jpg	https://www.flickr.com/photos/treebeard/9405583262/	New summer flowers of native California Aster (Corethrogyne filaginifolia aka Lessingia filaginifolia, Asteraceae)	258	
9620	4b83f3fc-2573-4575-971e-fbc39cd7c387	9405858560.jpg	/Users/seltmann/Documents/kummel/work/flickr_recovered_missing_media_20260730_150821/9405858560.jpg	yes	200	115453	https://live.staticflickr.com/3802/9405858560_990ce572fc_b.jpg	https://www.flickr.com/photos/treebeard/9405858560/	Just a fly... maybe a Flesh Fly (Sarcophagidae, Diptera) on Wild Blackberry (Rubus ursinus, Rosaceae)	329	
9621	2326aab3-2fb7-4526-98ec-d527609b2236	9406068888.jpg	/Users/seltmann/Documents/kummel/work/flickr_recovered_missing_media_20260730_150821/9406068888.jpg	yes	200	155284	https://live.staticflickr.com/3760/9406068888_a9349ae9db_b.jpg	https://www.flickr.com/photos/treebeard/9406068888/	Large mature male Bush Katydid (Scudderia, Tettigoniidae, Ensifera, Orthoptera) on Wild Blackberry (Rubus ursinus, Rosaceae)	357	
9622	10c95e98-0cd9-4e51-b413-89aec61766a9	9410273089.jpg	/Users/seltmann/Documents/kummel/work/flickr_recovered_missing_media_20260730_150821/9410273089.jpg	yes	200	439609	https://live.staticflickr.com/3750/9410273089_877a4a070f_c.jpg	https://www.flickr.com/photos/treebeard/9410273089/	Small flowered Nightshade (Solanum americanum aka S. nodiflorum, Solanaceae) - now considered a native weed?	281	
9623	cb3f12f1-c523-4aa0-9258-4d78ed3d4810	9410589529.jpg	/Users/seltmann/Documents/kummel/work/flickr_recovered_missing_media_20260730_150821/9410589529.jpg	yes	200	385043	https://live.staticflickr.com/2864/9410589529_e74e7f2123_c.jpg	https://www.flickr.com/photos/treebeard/9410589529/	Perfect mandala of new flowers of native Scale Broom (Lepidospartum squamatum, Asteraceae)	321	
9624	1b6bb510-660d-40c0-b8ae-62f43a3e037e	9410618799.jpg	/Users/seltmann/Documents/kummel/work/flickr_recovered_missing_media_20260730_150821/9410618799.jpg	yes	200	125352	https://live.staticflickr.com/5533/9410618799_fd13e8a413_b.jpg	https://www.flickr.com/photos/treebeard/9410618799/	Remarkably thin Stilt Bug (Berytidae, Hemiptera) on Wild Blackberry (Rubus ursinus, Rosaceae) - again!	354	
9625	52b40253-8525-4182-bb06-a5bfd4a58a56	9410835017.jpg	/Users/seltmann/Documents/kummel/work/flickr_recovered_missing_media_20260730_150821/9410835017.jpg	yes	200	125797	https://live.staticflickr.com/5481/9410835017_298a1c58ef_b.jpg	https://www.flickr.com/photos/treebeard/9410835017/	White-fringed Mournful Duskywing (Erynnis tristis) butterfly on Cat Mint (Nepeta cataria, Lamiaceae)	280	
9626	8eda864e-b5ba-4fa4-9cd4-d3b2fa40c552	9413176988.jpg	/Users/seltmann/Documents/kummel/work/flickr_recovered_missing_media_20260730_150821/9413176988.jpg	yes	200	108049	https://live.staticflickr.com/3674/9413176988_1e1ab72b64_b.jpg	https://www.flickr.com/photos/treebeard/9413176988/	New weed in the mountains - Common Beggar-ticks (Bidens pilosa, Asteraceae) by the old Goddard Campground	332	
9627	ea3428bb-4a23-4832-bd27-117af90ba7cb	9413318790.jpg	/Users/seltmann/Documents/kummel/work/flickr_recovered_missing_media_20260730_150821/9413318790.jpg	yes	200	349076	https://live.staticflickr.com/3714/9413318790_ddcb12ecd1_c.jpg	https://www.flickr.com/photos/treebeard/9413318790/	Soft white flowers and stems of native Fragrant Everlasting (Gnaphalium canescens, Asteraceae)	284	
9628	20970134-5d40-4f45-be85-b9d5f10c4302	9413468546.jpg	/Users/seltmann/Documents/kummel/work/flickr_recovered_missing_media_20260730_150821/9413468546.jpg	yes	200	525819	https://live.staticflickr.com/2865/9413468546_8d82366472_c.jpg	https://www.flickr.com/photos/treebeard/9413468546/	Flesh Fly (Sarcophagidae, Diptera) with a bright red Mite (Acari) on its butt!	347	
9629	050ae4a2-e0e5-4fea-ad06-307fb874f432	9413525324.jpg	/Users/seltmann/Documents/kummel/work/flickr_recovered_missing_media_20260730_150821/9413525324.jpg	yes	200	196773	https://live.staticflickr.com/3719/9413525324_83b80914ab_b.jpg	https://www.flickr.com/photos/treebeard/9413525324/	Large mature female Bush Katydid (Scudderia, Tettigoniidae, Ensifera, Orthoptera) on Western Bracken Fern (Pteridium aquilinum var. pubescens, Polypodiaceae)	411	
9630	fdf4b259-3bd4-4c1c-a137-15f8cf34b347	9416816749.jpg	/Users/seltmann/Documents/kummel/work/flickr_recovered_missing_media_20260730_150821/9416816749.jpg	yes	200	444414	https://live.staticflickr.com/7413/9416816749_a416b6ef6b_c.jpg	https://www.flickr.com/photos/treebeard/9416816749/	Narrow-leaved Milkweed (Asclepias fascicularis, Asclepiadaceae), with nymphs of Large Milkweed Bug (Oncopeltus fasciatus, Lygaeidae, Hemiptera)	339	
9631	abfc1ff7-c137-48d0-b4e8-d1bfb074d885	9416874679.jpg	/Users/seltmann/Documents/kummel/work/flickr_recovered_missing_media_20260730_150821/9416874679.jpg	yes	200	424002	https://live.staticflickr.com/3711/9416874679_d784e0870d_c.jpg	https://www.flickr.com/photos/treebeard/9416874679/	Nymphs of the Large Milkweed Bug (Oncopeltus fasciatus, Lygaeidae, Hemiptera) on Narrow-leaved Milkweed (Asclepias fascicularis, Asclepiadaceae)	338	
9632	ac8f495d-5d17-4116-829b-cbd38648a2cf	9417093263.jpg	/Users/seltmann/Documents/kummel/work/flickr_recovered_missing_media_20260730_150821/9417093263.jpg	yes	200	375877	https://live.staticflickr.com/7297/9417093263_ec391c96f1_c.jpg	https://www.flickr.com/photos/treebeard/9417093263/	Green Lynx Spider (Peucetia viridans, Oxyopidae) has a Honey Bee (Apis mellifera, Hymenoptera) on California Buckwheat (Eriogonum fasciculatum, Polygonaceae)	296	
9633	94373e09-5fa0-45de-93f3-518fd2c5e008	9417209731.jpg	/Users/seltmann/Documents/kummel/work/flickr_recovered_missing_media_20260730_150821/9417209731.jpg	yes	200	123179	https://live.staticflickr.com/5502/9417209731_089b43e6c3_b.jpg	https://www.flickr.com/photos/treebeard/9417209731/	Pacific Ambush Bug (Phymata pacifica, Phymatidae, Hemiptera) on California Buckwheat (Eriogonum fasciculatum, Polygonaceae)	316	
9634	376735d5-1056-411e-98c2-bb84cf3b4ebf	9419518786.jpg	/Users/seltmann/Documents/kummel/work/flickr_recovered_missing_media_20260730_150821/9419518786.jpg	yes	200	126996	https://live.staticflickr.com/7421/9419518786_dac7bbba2f_b.jpg	https://www.flickr.com/photos/treebeard/9419518786/	Another day, another large mature female Bush Katydid (Scudderia, Tettigoniidae, Ensifera, Orthoptera)!	288	
9635	12703e04-b553-4b72-a35f-5fb85d14bc96	9419705134.jpg	/Users/seltmann/Documents/kummel/work/flickr_recovered_missing_media_20260730_150821/9419705134.jpg	yes	200	341644	https://live.staticflickr.com/7359/9419705134_b86b150c41_c.jpg	https://www.flickr.com/photos/treebeard/9419705134/	Mexican Cactus Fly (Copestylum mexicanum, Syrphidae, Diptera) on Butterfly Bush (Buddleia davidii, Scrophulariaceae)	333	
9636	20037e52-e10c-4a7c-89e2-93dcd4cfa534	9419738600.jpg	/Users/seltmann/Documents/kummel/work/flickr_recovered_missing_media_20260730_150821/9419738600.jpg	yes	200	108790	https://live.staticflickr.com/5487/9419738600_9f67ca9291_b.jpg	https://www.flickr.com/photos/treebeard/9419738600/	Red-shouldered Leaf Beetle (Saxinis saucia, Chrysomelidae, Coleoptera) on California Buckwheat (Eriogonum fasciculatum, Polygonaceae)	264	
9637	8b7b3c4d-6f19-4094-ba20-0fa21f4f345b	9419940550.jpg	/Users/seltmann/Documents/kummel/work/flickr_recovered_missing_media_20260730_150821/9419940550.jpg	yes	200	378571	https://live.staticflickr.com/2837/9419940550_6110eef913_c.jpg	https://www.flickr.com/photos/treebeard/9419940550/	Pacific Ambush Bug (Phymata pacifica, Phymatidae, Hemiptera) on California Buckwheat (Eriogonum fasciculatum, Polygonaceae)	316	
9638	756b2179-2471-4ed7-bf02-c03abe0d012a	9423703587.jpg	/Users/seltmann/Documents/kummel/work/flickr_recovered_missing_media_20260730_150821/9423703587.jpg	yes	200	166828	https://live.staticflickr.com/5542/9423703587_5d1df1a07d_b.jpg	https://www.flickr.com/photos/treebeard/9423703587/	New berries of native Coffeeberry (Rhamnus californica, Rhamnaceae)	332	
9639	4e2a6a86-d0b6-4de7-8c37-1626352a0a4b	9423776253.jpg	/Users/seltmann/Documents/kummel/work/flickr_recovered_missing_media_20260730_150821/9423776253.jpg	yes	200	275482	https://live.staticflickr.com/7411/9423776253_4f387c78ea_b.jpg	https://www.flickr.com/photos/treebeard/9423776253/	Western Fence Lizard (Sceloporus occidentalis) on the bark of Coast Live Oak (Quercus agrifolia, Fagaceae) tree - it's molting	303	
9640	02bbaf70-8bd9-4c39-a30d-2557705b9f02	9423819769.jpg	/Users/seltmann/Documents/kummel/work/flickr_recovered_missing_media_20260730_150821/9423819769.jpg	yes	200	145088	https://live.staticflickr.com/7312/9423819769_8aef251ff2_b.jpg	https://www.flickr.com/photos/treebeard/9423819769/	Tiny nymph of a Tree Cricket (Oecanthus, Gryllidae, Orthoptera) on Nuttall's Snowberry (Symphoricarpos mollis, Caprifoliaceae)	247	
9641	066d5b07-ba23-475c-9205-c781a5352518	9423969499.jpg	/Users/seltmann/Documents/kummel/work/flickr_recovered_missing_media_20260730_150821/9423969499.jpg	yes	200	170194	https://live.staticflickr.com/2834/9423969499_8f39e0b318_b.jpg	https://www.flickr.com/photos/treebeard/9423969499/	California Sister (Adelpha bredowii) butterfly on a sandstone river rock in the garden	313	
9642	b7b790d6-dfb2-45b3-898f-815d670bc499	9426219812.jpg	/Users/seltmann/Documents/kummel/work/flickr_recovered_missing_media_20260730_150821/9426219812.jpg	yes	200	183937	https://live.staticflickr.com/7345/9426219812_4e87ec8a86_b.jpg	https://www.flickr.com/photos/treebeard/9426219812/	Non-native weedy Bull Thistle (Cirsium vulgare, Asteraceae) spreading thousands of seeds	311	
9643	de289837-a472-4c29-976b-31fd75352f8f	9426282304.jpg	/Users/seltmann/Documents/kummel/work/flickr_recovered_missing_media_20260730_150821/9426282304.jpg	yes	200	619761	https://live.staticflickr.com/3763/9426282304_69c0822b18_c.jpg	https://www.flickr.com/photos/treebeard/9426282304/	Native plant of Red Thistle aka Cobweb Thistle (Cirsium occidentale var. venustum, Asteraceae) going to seed	301	
9644	7302a047-4b9a-4f41-bc71-94461b38b8d3	9426373436.jpg	/Users/seltmann/Documents/kummel/work/flickr_recovered_missing_media_20260730_150821/9426373436.jpg	yes	200	397852	https://live.staticflickr.com/7384/9426373436_e0ac6bd4b4_c.jpg	https://www.flickr.com/photos/treebeard/9426373436/	New morning flowers of Evening Primrose (Oenothera elata ssp. hookeri, Onagraceae) - or a hybrid?	310	
9645	de34bef5-48c0-44db-b5ac-d2ece8a075d1	9426626608.jpg	/Users/seltmann/Documents/kummel/work/flickr_recovered_missing_media_20260730_150821/9426626608.jpg	yes	200	117338	https://live.staticflickr.com/5509/9426626608_0ee6d47e43_b.jpg	https://www.flickr.com/photos/treebeard/9426626608/	Nymph of a different Tree Cricket (Oecanthus, Gryllidae, Orthoptera) on a chile pepper plant in the garden	279	
9646	19c1864c-fd00-4f3a-aef3-d821c2e3942c	9656855321.jpg	/Users/seltmann/Documents/kummel/work/flickr_recovered_missing_media_20260730_150821/9656855321.jpg	yes	200	190608	https://live.staticflickr.com/3774/9656855321_59da74c95d_b.jpg	https://www.flickr.com/photos/treebeard/9656855321/	Summer-run Steelhead Trout (Oncorhynchus mykiss) holding in Big Bend Pool on Steamboat Creek	327	
9647	47e03b1f-b5b3-49c0-848b-e7cd7f23b137	9657213381.jpg	/Users/seltmann/Documents/kummel/work/flickr_recovered_missing_media_20260730_150821/9657213381.jpg	yes	200	139009	https://live.staticflickr.com/5486/9657213381_fa62c0d282_b.jpg	https://www.flickr.com/photos/treebeard/9657213381/	Summer-run Steelhead Trout (Oncorhynchus mykiss) holding in Big Bend Pool on Steamboat Creek	265	
9648	996fb7d8-21de-4974-ac65-aefa37afba2c	9660477954.jpg	/Users/seltmann/Documents/kummel/work/flickr_recovered_missing_media_20260730_150821/9660477954.jpg	yes	200	125845	https://live.staticflickr.com/5483/9660477954_350d8c14ba_b.jpg	https://www.flickr.com/photos/treebeard/9660477954/	Summer-run Steelhead Trout (Oncorhynchus mykiss) holding in Big Bend Pool on Steamboat Creek off the North Umpqua River	275	
9649	c4642de1-33d0-4d08-b248-e725c0e872b7	9665880049.jpg	/Users/seltmann/Documents/kummel/work/flickr_recovered_missing_media_20260730_150821/9665880049.jpg	yes	200	152086	https://live.staticflickr.com/2809/9665880049_cebd1abe98_b.jpg	https://www.flickr.com/photos/treebeard/9665880049/	Pine White (Neophasia menapia) butterfly working flowers of some kind of Aster (Asteraceae)	314	
9650	52e18967-b728-45e3-bae4-55748bd594d3	9665965225.jpg	/Users/seltmann/Documents/kummel/work/flickr_recovered_missing_media_20260730_150821/9665965225.jpg	yes	200	383500	https://live.staticflickr.com/3830/9665965225_a96ea40b33_c.jpg	https://www.flickr.com/photos/treebeard/9665965225/	White Crab Spider (Thomisidae) has a Pine White (Neophasia menapia) butterfly	281	
9651	ea737753-c257-4ed2-bc6b-294f617878f0	9666091011.jpg	/Users/seltmann/Documents/kummel/work/flickr_recovered_missing_media_20260730_150821/9666091011.jpg	yes	200	147834	https://live.staticflickr.com/3681/9666091011_b7bc643423_b.jpg	https://www.flickr.com/photos/treebeard/9666091011/	White Crab Spider (Thomisidae) has a Pine White (Neophasia menapia) butterfly	323	
9652	60afdfef-8dff-4cfa-a8c3-0f933a1f37af	9666147537.jpg	/Users/seltmann/Documents/kummel/work/flickr_recovered_missing_media_20260730_150821/9666147537.jpg	yes	200	131043	https://live.staticflickr.com/5503/9666147537_5fc60f84cc_b.jpg	https://www.flickr.com/photos/treebeard/9666147537/	Grass-Skipper (Hesperia, Hesperiidae) butterfly on Spotted Knapweed (Centaurea maculosa, Asteraceae)	263	
9653	832bfa49-5a2d-491e-a4ff-0d097e6e87eb	9666249241.jpg	/Users/seltmann/Documents/kummel/work/flickr_recovered_missing_media_20260730_150821/9666249241.jpg	yes	200	409182	https://live.staticflickr.com/3822/9666249241_a5b4ae2e41_c.jpg	https://www.flickr.com/photos/treebeard/9666249241/	Common Checkered-Skipper (Pyrgus communis) butterfly on Pennyroyal (Mentha pulegium, Lamiaceae)	345	
9654	772d66c2-8fd8-4deb-9d75-96168233cad2	9666359281.jpg	/Users/seltmann/Documents/kummel/work/flickr_recovered_missing_media_20260730_150821/9666359281.jpg	yes	200	147369	https://live.staticflickr.com/3720/9666359281_1bffc5b2be_b.jpg	https://www.flickr.com/photos/treebeard/9666359281/	Mylitta Crescent (Phyciodes mylitta) butterfly on non-native Pennyroyal (Mentha pulegium, Lamiaceae)	276	
9655	32708b1a-7bd8-486d-b2bb-ed9bf6ad0952	9666395113.jpg	/Users/seltmann/Documents/kummel/work/flickr_recovered_missing_media_20260730_150821/9666395113.jpg	yes	200	418730	https://live.staticflickr.com/7358/9666395113_0bdd6c7988_c.jpg	https://www.flickr.com/photos/treebeard/9666395113/	Great Spangled Fritillary (Speyeria cybele) butterfly on non-native Bull Thistle (Cirsium vulgare, Asteraceae)	286	
9656	2ae5c70e-d897-4283-a42e-6d2d5a1922f0	9669549480.jpg	/Users/seltmann/Documents/kummel/work/flickr_recovered_missing_media_20260730_150821/9669549480.jpg	yes	200	133871	https://live.staticflickr.com/5462/9669549480_e8f92b6d9b_b.jpg	https://www.flickr.com/photos/treebeard/9669549480/	Gray Hairstreak (Strymon melinus) butterfly on flowers of non-native Pennyroyal (Mentha pulegium, Lamiaceae)	291	
9657	5b215d8e-19c0-4a51-9649-92e8ac577166	9673837583.jpg	/Users/seltmann/Documents/kummel/work/flickr_recovered_missing_media_20260730_150821/9673837583.jpg	yes	200	408270	https://live.staticflickr.com/2888/9673837583_36a3e12f7e_c.jpg	https://www.flickr.com/photos/treebeard/9673837583/	Short-horned Grasshopper (Acrididae, Orthoptera) on Himalayan Blackberry (Rubus discolor, Rosaceae)	328	
9658	9286c0f5-f04c-43b3-a5bf-86af1818b63d	9674187745.jpg	/Users/seltmann/Documents/kummel/work/flickr_recovered_missing_media_20260730_150821/9674187745.jpg	yes	200	388589	https://live.staticflickr.com/7384/9674187745_fe7dfeb59d_c.jpg	https://www.flickr.com/photos/treebeard/9674187745/	Behr's Metalmark (Apodemia virgulti) on Ms. Plummer's Baccharis (Baccharis plummerae, Asteraceae)	329	
9659	fd6609cd-bbbc-4d65-becd-10f9cddb8113	9676915056.jpg	/Users/seltmann/Documents/kummel/work/flickr_recovered_missing_media_20260730_150821/9676915056.jpg	yes	200	396503	https://live.staticflickr.com/7438/9676915056_b62086b3da_c.jpg	https://www.flickr.com/photos/treebeard/9676915056/	Great Spangled Fritillary (Speyeria cybele) butterfly on non-native Bull Thistle (Cirsium vulgare, Asteraceae)	302	
9660	8f671c4e-4133-4018-83ad-a0f7a3c8d926	9676948284.jpg	/Users/seltmann/Documents/kummel/work/flickr_recovered_missing_media_20260730_150821/9676948284.jpg	yes	200	121162	https://live.staticflickr.com/3720/9676948284_385da27c4d_b.jpg	https://www.flickr.com/photos/treebeard/9676948284/	Short-horned Grasshopper (Acrididae, Orthoptera) on Perennial Sweet Pea (Lathyrus latifolius, Fabaceae)	275	
9661	eae8ca0a-449d-4ccb-be5a-585b99b2b299	9677115398.jpg	/Users/seltmann/Documents/kummel/work/flickr_recovered_missing_media_20260730_150821/9677115398.jpg	yes	200	400968	https://live.staticflickr.com/3752/9677115398_c6dbc75279_c.jpg	https://www.flickr.com/photos/treebeard/9677115398/	Cicada (Cicadidae, Homoptera) on Perennial Sweet Pea (Lathyrus latifolius, Fabaceae)	285	
9662	de9ecafd-6b7b-4429-93ab-c31bcd35dbe9	9677195140.jpg	/Users/seltmann/Documents/kummel/work/flickr_recovered_missing_media_20260730_150821/9677195140.jpg	yes	200	401520	https://live.staticflickr.com/5326/9677195140_3835791b2f_c.jpg	https://www.flickr.com/photos/treebeard/9677195140/	Snout-nosed Weevil beetle (Curculionidae, Coleoptera)	363	
9663	62a126a3-252d-49fa-bfdf-2ca0a83e12b5	9677224810.jpg	/Users/seltmann/Documents/kummel/work/flickr_recovered_missing_media_20260730_150821/9677224810.jpg	yes	200	385241	https://live.staticflickr.com/3704/9677224810_a6df34ddb6_c.jpg	https://www.flickr.com/photos/treebeard/9677224810/	Dragonfly (Libellulidae, Odonata) - maybe a Striped Meadowhawk (Sympetrum pallipes)?	402	
9664	07e00cb0-7735-4833-ac76-26e7cb53e834	9677312564.jpg	/Users/seltmann/Documents/kummel/work/flickr_recovered_missing_media_20260730_150821/9677312564.jpg	yes	200	434159	https://live.staticflickr.com/3695/9677312564_f8fe8edc28_c.jpg	https://www.flickr.com/photos/treebeard/9677312564/	Dragonflies (Libellulidae, Odonata) in tandem - maybe Striped Meadowhawks (Sympetrum pallipes)?	341	
9665	e6b36221-111b-4767-8a00-5a76ea01cd4d	9680316145.jpg	/Users/seltmann/Documents/kummel/work/flickr_recovered_missing_media_20260730_150821/9680316145.jpg	yes	200	397403	https://live.staticflickr.com/5467/9680316145_59a20dbc5d_c.jpg	https://www.flickr.com/photos/treebeard/9680316145/	Bottle cap-sized Orb-Weaver Spider (Araneus, Araneidae)	273	
9666	4120e8ad-4d94-4157-a622-da5ead3f4429	9680781835.jpg	/Users/seltmann/Documents/kummel/work/flickr_recovered_missing_media_20260730_150821/9680781835.jpg	yes	200	186754	https://live.staticflickr.com/3714/9680781835_f03a1c44c1_b.jpg	https://www.flickr.com/photos/treebeard/9680781835/	Late-instar nymph of an Assassin Bug (Reduviidae, Hemiptera) - maybe genus Pselliopus?	306	
9667	d6172e0b-3eb7-407b-8c7d-4ccc3e6c9f7b	9680880637.jpg	/Users/seltmann/Documents/kummel/work/flickr_recovered_missing_media_20260730_150821/9680880637.jpg	yes	200	121764	https://live.staticflickr.com/7325/9680880637_4e1a25cb17_b.jpg	https://www.flickr.com/photos/treebeard/9680880637/	Late-instar nymph of an Assassin Bug (Reduviidae, Hemiptera) - maybe genus Pselliopus?	260	
9668	77806488-30eb-4834-89d7-d11dce2356c1	9683681716.jpg	/Users/seltmann/Documents/kummel/work/flickr_recovered_missing_media_20260730_150821/9683681716.jpg	yes	200	452069	https://live.staticflickr.com/3699/9683681716_9b217d1475_c.jpg	https://www.flickr.com/photos/treebeard/9683681716/	Blister Beetle (Meloidae) and Rove Beetle (Staphylinidae) - both Coleoptera - on Pearly Everlasting (Anaphalis margaritacea, Asteraceae)	59	
9669	9f1d5083-c005-4877-8dd5-0ff21be4f03a	9683799236.jpg	/Users/seltmann/Documents/kummel/work/flickr_recovered_missing_media_20260730_150821/9683799236.jpg	yes	200	449618	https://live.staticflickr.com/5539/9683799236_056533b350_c.jpg	https://www.flickr.com/photos/treebeard/9683799236/	Tachinid Fly (Tachinidae, Diptera) on Salal (Gaultheria shallon, Ericaceae)	352	
9670	7f077909-07cf-4d21-b5a0-de5d441bcbae	9683893680.jpg	/Users/seltmann/Documents/kummel/work/flickr_recovered_missing_media_20260730_150821/9683893680.jpg	yes	200	174143	https://live.staticflickr.com/5330/9683893680_7507dc8d28_b.jpg	https://www.flickr.com/photos/treebeard/9683893680/	Short-winged Short-horned Grasshopper (Acrididae, Orthoptera) sucking a berry of Himalayan Blackberry (Rubus discolor, Rosaceae)	275	
9671	571bd144-3ef5-4dee-bdf5-609035e15416	9687358059.jpg	/Users/seltmann/Documents/kummel/work/flickr_recovered_missing_media_20260730_150821/9687358059.jpg	yes	200	365718	https://live.staticflickr.com/2819/9687358059_01b6e11ed8_c.jpg	https://www.flickr.com/photos/treebeard/9687358059/	Pinedrops (Pterospora andromedea, Ericaceae), a total saprophyte without chlorophyll	295	
9672	baefc14a-da20-446a-a983-72b58f2b71f5	9687524235.jpg	/Users/seltmann/Documents/kummel/work/flickr_recovered_missing_media_20260730_150821/9687524235.jpg	yes	200	378177	https://live.staticflickr.com/7308/9687524235_e1d2819b9a_c.jpg	https://www.flickr.com/photos/treebeard/9687524235/	New flowers of Rattlesnake Orchid (Goodyera oblongifolia, Orchidaceae)	368	
9673	3c5e60f7-6279-48c7-bd8f-6d9806a3e3fc	9687574795.jpg	/Users/seltmann/Documents/kummel/work/flickr_recovered_missing_media_20260730_150821/9687574795.jpg	yes	200	339562	https://live.staticflickr.com/2824/9687574795_ae041161fa_c.jpg	https://www.flickr.com/photos/treebeard/9687574795/	Denseflower Rein Orchid (Piperia elongata, Orchidaceae) aka Chaparral Orchid	317	
9674	52d72972-ae3e-42c2-87ac-b8c081dc6fae	9687801401.jpg	/Users/seltmann/Documents/kummel/work/flickr_recovered_missing_media_20260730_150821/9687801401.jpg	yes	200	356421	https://live.staticflickr.com/5465/9687801401_b987543e3b_c.jpg	https://www.flickr.com/photos/treebeard/9687801401/	Four-spurred Assassin Bug (Zelus tetracanthus, Reduviidae, Hemiptera) on Coastal Goldenbush (Isocoma menziesii, Asteraceae)	309	
9675	63b88775-b88c-46fe-a281-04b8606a5cfd	9690673448.jpg	/Users/seltmann/Documents/kummel/work/flickr_recovered_missing_media_20260730_150821/9690673448.jpg	yes	200	260936	https://live.staticflickr.com/7442/9690673448_6cf6e4be9c_b.jpg	https://www.flickr.com/photos/treebeard/9690673448/	Strange white flowers of Indian Pipes (Monotropa uniflora, Ericaceae) in the Oregon woods	298	
9676	8a44a3fd-c87f-433f-87f2-9d19701fe0ad	9690888880.jpg	/Users/seltmann/Documents/kummel/work/flickr_recovered_missing_media_20260730_150821/9690888880.jpg	yes	200	352368	https://live.staticflickr.com/7372/9690888880_239f707d74_c.jpg	https://www.flickr.com/photos/treebeard/9690888880/	Four-spurred Assassin Bug (Zelus tetracanthus, Reduviidae, Hemiptera) on Coastal Goldenbush (Isocoma menziesii, Asteraceae)	316	
9677	6ecf5e2f-c504-4789-9d7e-e9fee98d4c28	9698094328.jpg	/Users/seltmann/Documents/kummel/work/flickr_recovered_missing_media_20260730_150821/9698094328.jpg	yes	200	197981	https://live.staticflickr.com/5482/9698094328_94e4c042d7_b.jpg	https://www.flickr.com/photos/treebeard/9698094328/	Native terrestrial Land Snail (Gastropoda) in the Oregon woods - maybe a Pacific Sideband (Monadena fidelis)?	356	
9678	8a4f32a1-172b-4eb8-b9eb-c6c1cd2bc602	9698164270.jpg	/Users/seltmann/Documents/kummel/work/flickr_recovered_missing_media_20260730_150821/9698164270.jpg	yes	200	162149	https://live.staticflickr.com/2854/9698164270_8bdfec3967_b.jpg	https://www.flickr.com/photos/treebeard/9698164270/	Native terrestrial Land Snail (Gastropoda) in the Oregon woods - maybe a Pacific Sideband (Monadena fidelis)?	251	
9679	76e3acde-71b1-460f-9466-7e8bae25aabc	9703288525.jpg	/Users/seltmann/Documents/kummel/work/flickr_recovered_missing_media_20260730_150821/9703288525.jpg	yes	200	331693	https://live.staticflickr.com/5539/9703288525_d60caf5a84_b.jpg	https://www.flickr.com/photos/treebeard/9703288525/	Large shrub of native Golden Fleece (Ericameria arborescens, Asteraceae)	382	
9680	606ea7bc-5116-4fd5-8ed3-50e31f7e0281	9703342587.jpg	/Users/seltmann/Documents/kummel/work/flickr_recovered_missing_media_20260730_150821/9703342587.jpg	yes	200	127798	https://live.staticflickr.com/3747/9703342587_f451cb190d_b.jpg	https://www.flickr.com/photos/treebeard/9703342587/	Late summer flowers of native California Aster (Corethrogyne filaginifolia aka Lessingia filaginifolia, Asteraceae)	317	
9681	9491f2fe-d462-44ee-bf97-584cf4529e79	9703711645.jpg	/Users/seltmann/Documents/kummel/work/flickr_recovered_missing_media_20260730_150821/9703711645.jpg	yes	200	398354	https://live.staticflickr.com/3795/9703711645_3b46603fc2_c.jpg	https://www.flickr.com/photos/treebeard/9703711645/	"Honey-making galls of Twig Gall Wasp (Disholcaspis mellifica, Cynipidae, Hymenoptera) on Scrub Oak (Quercus berberidifolia, Fagaceae) with a ""true bug"" and wasps"	381	
9682	3e71e188-3003-47db-a518-7f0004a40703	9703964173.jpg	/Users/seltmann/Documents/kummel/work/flickr_recovered_missing_media_20260730_150821/9703964173.jpg	yes	200	388708	https://live.staticflickr.com/3704/9703964173_ea86935fda_c.jpg	https://www.flickr.com/photos/treebeard/9703964173/	Behr's Metalmark (Apodemia virgulti) on Douglas' Groundsel (Senecio flaccidus var. douglasii, Asteraceae)	354	
9683	cd91cc59-72f7-46e3-8527-ae54136874c7	9706666124.jpg	/Users/seltmann/Documents/kummel/work/flickr_recovered_missing_media_20260730_150821/9706666124.jpg	yes	200	367646	https://live.staticflickr.com/7458/9706666124_6ea56e5a67_c.jpg	https://www.flickr.com/photos/treebeard/9706666124/	Fort Tejon Milk-Aster aka Chicory-leaved Stephanomeria (Stephanomeria cichoriacea, Asteraceae)	299	
9684	5c53b62b-124e-4363-b605-8a9b1ac837a9	9706792784.jpg	/Users/seltmann/Documents/kummel/work/flickr_recovered_missing_media_20260730_150821/9706792784.jpg	yes	200	348660	https://live.staticflickr.com/3782/9706792784_6b12456053_c.jpg	https://www.flickr.com/photos/treebeard/9706792784/	"""True Bug"" (Hemiptera) - maybe Melanopleurus belfragei in the family Lygaeidae?"	346	
9685	fb63a27b-6890-4ed3-ae47-217c0e7d3e70	9711187489.jpg	/Users/seltmann/Documents/kummel/work/flickr_recovered_missing_media_20260730_150821/9711187489.jpg	yes	200	139634	https://live.staticflickr.com/7371/9711187489_a37273e82c_b.jpg	https://www.flickr.com/photos/treebeard/9711187489/	New flowers of native composite Sawtooth Goldenbush (Hazardia squarrosa, Asteraceae)	277	
9686	5d571deb-9c2e-4652-a7eb-7138a56f534a	9711325021.jpg	/Users/seltmann/Documents/kummel/work/flickr_recovered_missing_media_20260730_150821/9711325021.jpg	yes	200	92097	https://live.staticflickr.com/2840/9711325021_8013710543_b.jpg	https://www.flickr.com/photos/treebeard/9711325021/	New flowers of Sticky False Gilyflower (Allophyllum glutinosum, Polemoniaceae)	286	
9687	6754cbec-7a96-486f-8749-b13ecd1af5d9	9711362957.jpg	/Users/seltmann/Documents/kummel/work/flickr_recovered_missing_media_20260730_150821/9711362957.jpg	yes	200	112401	https://live.staticflickr.com/7331/9711362957_192737fc2d_b.jpg	https://www.flickr.com/photos/treebeard/9711362957/	Tricolored berries of native Coffeeberry (Rhamnus californica, Rhamnaceae)	268	
9688	8f1050f6-cce9-461f-a66a-4365f9477e09	9714379008.jpg	/Users/seltmann/Documents/kummel/work/flickr_recovered_missing_media_20260730_150821/9714379008.jpg	yes	200	764513	https://live.staticflickr.com/7364/9714379008_d6ce4897eb_c.jpg	https://www.flickr.com/photos/treebeard/9714379008/	Bush Groundsel (Senecio douglasii, Asteraceae) - now renamed as Douglas' Groundsel (Senecio flaccidus var. Douglasii)	634	
9689	53713a46-2882-47e8-8061-b096b929cb9d	9714459036.jpg	/Users/seltmann/Documents/kummel/work/flickr_recovered_missing_media_20260730_150821/9714459036.jpg	yes	200	126036	https://live.staticflickr.com/3798/9714459036_f6aa521442_b.jpg	https://www.flickr.com/photos/treebeard/9714459036/	New flowers of native Mugwort (Artemisia douglasiana, Asteraceae)	313	
9690	7092b4dd-166c-42ef-a768-a68b85436db9	9714732790.jpg	/Users/seltmann/Documents/kummel/work/flickr_recovered_missing_media_20260730_150821/9714732790.jpg	yes	200	396879	https://live.staticflickr.com/3689/9714732790_0c1f696ca2_c.jpg	https://www.flickr.com/photos/treebeard/9714732790/	Syrphid Flower Fly (Eristalis?, Syrphidae, Diptera) caught by a Crab Spider (Thomisidae) on Coyote Bush (Baccharis pilularis, Asteraceae)	327	
9691	b7297709-6d20-44d9-a10f-252bc5aa327a	9718267853.jpg	/Users/seltmann/Documents/kummel/work/flickr_recovered_missing_media_20260730_150821/9718267853.jpg	yes	200	210664	https://live.staticflickr.com/2875/9718267853_00b267a82d_b.jpg	https://www.flickr.com/photos/treebeard/9718267853/	Lovely foliage of native Vine Maple (Acer circinatum, Aceraceae) in the Oregon woods	291	
9692	4186b142-032a-4c71-927a-771b6110a488	9718318163.jpg	/Users/seltmann/Documents/kummel/work/flickr_recovered_missing_media_20260730_150821/9718318163.jpg	yes	200	213574	https://live.staticflickr.com/7291/9718318163_657ee1ba66_b.jpg	https://www.flickr.com/photos/treebeard/9718318163/	New seeds and foliage of Bigleaf Maple (Acer macrophyllum, Aceraceae) in the Oregon woods	297	
9693	ab667bb8-17cf-43da-93c0-b69cf7e39a5f	9718555849.jpg	/Users/seltmann/Documents/kummel/work/flickr_recovered_missing_media_20260730_150821/9718555849.jpg	yes	200	440832	https://live.staticflickr.com/2841/9718555849_75150e0ac8_c.jpg	https://www.flickr.com/photos/treebeard/9718555849/	Insect galls on leaves of huckleberry or blueberry (Vaccinium, Ericaceae) in the Oregon woods	340	
9694	ff60c57d-a85f-4d5c-8494-92cf934fc8b1	9718752255.jpg	/Users/seltmann/Documents/kummel/work/flickr_recovered_missing_media_20260730_150821/9718752255.jpg	yes	200	204850	https://live.staticflickr.com/2853/9718752255_bb31851647_b.jpg	https://www.flickr.com/photos/treebeard/9718752255/	Gall of a Mossy Rose Gall Wasp (Diplolepis bassetti, Cynipidae, Hymenoptera) on Wild Rose (Rosa, Rosaceae)	251	
9695	d44b0351-ff32-4810-bfc6-5270132c37bd	9721612420.jpg	/Users/seltmann/Documents/kummel/work/flickr_recovered_missing_media_20260730_150821/9721612420.jpg	yes	200	346247	https://live.staticflickr.com/3760/9721612420_703efbe446_b.jpg	https://www.flickr.com/photos/treebeard/9721612420/	Leaf Blight on Madrone (Arbutus menziesii, Ericaceae) trees, March and August	255	
9696	495c09f3-b2cd-48c5-bd20-9a03d131feec	9722085598.jpg	/Users/seltmann/Documents/kummel/work/flickr_recovered_missing_media_20260730_150821/9722085598.jpg	yes	200	140568	https://live.staticflickr.com/3768/9722085598_4daaaf4891_b.jpg	https://www.flickr.com/photos/treebeard/9722085598/	Gall of a Speckled Gall Wasp (Besbicus mirabilis, Cynipidae, Hymenoptera) on Oregon White Oak (Quercus garryana, Fagaceae)	287	
9697	60d4ebcd-03f6-4225-8369-018237fd5076	9725653261.jpg	/Users/seltmann/Documents/kummel/work/flickr_recovered_missing_media_20260730_150821/9725653261.jpg	yes	200	378877	https://live.staticflickr.com/2893/9725653261_215fa52451_c.jpg	https://www.flickr.com/photos/treebeard/9725653261/	New summer flowers of California Fuschia (Epilobium canum ssp. angustifolium aka Zauschneria californica, Onagraceae)	326	
9698	259239a1-7bc8-4af7-b732-bfb525a03006	9728910872.jpg	/Users/seltmann/Documents/kummel/work/flickr_recovered_missing_media_20260730_150821/9728910872.jpg	yes	200	435294	https://live.staticflickr.com/3695/9728910872_4e3702be94_c.jpg	https://www.flickr.com/photos/treebeard/9728910872/	Crab Spider (Thomisidae) on a twig of Coast Live Oak (Quercus agrifolia, Fagaceae)	315	
9699	26c9105d-040c-4297-9205-d08e8971af94	9728943882.jpg	/Users/seltmann/Documents/kummel/work/flickr_recovered_missing_media_20260730_150821/9728943882.jpg	yes	200	78012	https://live.staticflickr.com/7305/9728943882_b50d7c60ed_b.jpg	https://www.flickr.com/photos/treebeard/9728943882/	Crab Spider (Thomisidae) on a small Black-Eyed Susan aka Gloriosa Daisy (Rudbeckia hirta, Asteraceae)	296	
9700	42b9c555-2e6c-4f7b-811e-8a732514dcce	9729006502.jpg	/Users/seltmann/Documents/kummel/work/flickr_recovered_missing_media_20260730_150821/9729006502.jpg	yes	200	164094	https://live.staticflickr.com/7415/9729006502_1b6490b8e1_b.jpg	https://www.flickr.com/photos/treebeard/9729006502/	Late-instar nymph of an Assassin Bug (Reduviidae, Hemiptera) on Wild Blackberry (Rubus ursinus, Rosaceae)	245	
9701	cfbb2526-87aa-49b4-8cfb-33e5f7589b51	9729110962.jpg	/Users/seltmann/Documents/kummel/work/flickr_recovered_missing_media_20260730_150821/9729110962.jpg	yes	200	190509	https://live.staticflickr.com/3819/9729110962_87b04b0696_b.jpg	https://www.flickr.com/photos/treebeard/9729110962/	Fully adult Assassin Bug (Reduviidae, Hemiptera) on Wild Blackberry (Rubus ursinus, Rosaceae)	380	
9702	a81fc80c-0701-42af-b21c-eed1c54ab439	9729177600.jpg	/Users/seltmann/Documents/kummel/work/flickr_recovered_missing_media_20260730_150821/9729177600.jpg	yes	200	422949	https://live.staticflickr.com/7442/9729177600_b5fbac8b56_c.jpg	https://www.flickr.com/photos/treebeard/9729177600/	Acmon Blue (Plebejus acmon) butterfly working staminate flowers of Coyote Bush (Baccharis pilularis, Asteraceae)	330	
9703	6fd79e0d-1c48-46a7-b992-7243cb7905ec	9732793119.jpg	/Users/seltmann/Documents/kummel/work/flickr_recovered_missing_media_20260730_150821/9732793119.jpg	yes	200	119100	https://live.staticflickr.com/7390/9732793119_3d269b7793_b.jpg	https://www.flickr.com/photos/treebeard/9732793119/	Spider Wasp (Pompilidae, Hymenoptera) - maybe genus Aporus - working Scale Broom (Lepidospartum squamatum, Asteraceae)	348	
9704	63323e73-4b15-491b-8603-57c972fe5bc2	9735568586.jpg	/Users/seltmann/Documents/kummel/work/flickr_recovered_missing_media_20260730_150821/9735568586.jpg	yes	200	406823	https://live.staticflickr.com/7360/9735568586_86c924acf4_c.jpg	https://www.flickr.com/photos/treebeard/9735568586/	Behr's Metalmark (Apodemia virgulti) on Coastal Goldenbush (Isocoma menziesii, Asteraceae)	370	
9705	24677bac-e374-455a-82bd-80df6e817d10	9735665352.jpg	/Users/seltmann/Documents/kummel/work/flickr_recovered_missing_media_20260730_150821/9735665352.jpg	yes	200	390320	https://live.staticflickr.com/3705/9735665352_ba48812a18_c.jpg	https://www.flickr.com/photos/treebeard/9735665352/	Northern White-Skipper (Heliopetes ericetorum) butterfly working Scale Broom (Lepidospartum squamatum, Asteraceae)	305	
9706	a5487b92-3f87-4784-b4ee-1dcae478156c	9735710238.jpg	/Users/seltmann/Documents/kummel/work/flickr_recovered_missing_media_20260730_150821/9735710238.jpg	yes	200	556065	https://live.staticflickr.com/5465/9735710238_99a8ae95ef_c.jpg	https://www.flickr.com/photos/treebeard/9735710238/	"California Sister (Adelpha bredowii) butterfly ""puddling"" on damp garden soil"	301	
9707	1122afa2-3b72-4ca7-9cb3-f4869c01df29	9735820224.jpg	/Users/seltmann/Documents/kummel/work/flickr_recovered_missing_media_20260730_150821/9735820224.jpg	yes	200	357856	https://live.staticflickr.com/2871/9735820224_a3486a47ca_c.jpg	https://www.flickr.com/photos/treebeard/9735820224/	Bagrada Bug (Bagrada hilaris, Pentatomidae, Hemiptera) on Scale Broom (Lepidospartum squamatum, Asteraceae)	81	
9708	e53bb430-27d5-41f1-9088-c4e07d86f0e5	9735824637.jpg	/Users/seltmann/Documents/kummel/work/flickr_recovered_missing_media_20260730_150821/9735824637.jpg	yes	200	122414	https://live.staticflickr.com/7303/9735824637_729d4bcc5e_b.jpg	https://www.flickr.com/photos/treebeard/9735824637/	Composite flowers of native Hairy Golden Aster (Heterotheca sessiliflora ssp. echoides, Asteraceae)	312	
9709	28578f92-8a8f-4f06-b477-fb3d1547f179	9735899767.jpg	/Users/seltmann/Documents/kummel/work/flickr_recovered_missing_media_20260730_150821/9735899767.jpg	yes	200	109262	https://live.staticflickr.com/7286/9735899767_8d1fef736c_b.jpg	https://www.flickr.com/photos/treebeard/9735899767/	Southern Goldenrod (Solidago confinis, Asteraceae) along the road	304	
9710	1692cac8-8285-4196-b3cc-8b1fb3f78a87	9735911882.jpg	/Users/seltmann/Documents/kummel/work/flickr_recovered_missing_media_20260730_150821/9735911882.jpg	yes	200	133528	https://live.staticflickr.com/2826/9735911882_6d728e67fd_b.jpg	https://www.flickr.com/photos/treebeard/9735911882/	Paper Wasp (Polistes, Vespidae, Hymenoptera) - maybe Polistes dorsalis californicus - on Scale Broom (Lepidospartum squamatum, Asteraceae)	309	
9711	459d89b0-49e6-4003-aa6e-70314f3a5d97	9736019731.jpg	/Users/seltmann/Documents/kummel/work/flickr_recovered_missing_media_20260730_150821/9736019731.jpg	yes	200	148234	https://live.staticflickr.com/7433/9736019731_da41250358_b.jpg	https://www.flickr.com/photos/treebeard/9736019731/	Native composite California Goldenrod (Solidago californica, Asteraceae) - with butterflies	299	
9712	0b100ff7-9ffe-49d7-bfaa-faffb27360c4	9736071771.jpg	/Users/seltmann/Documents/kummel/work/flickr_recovered_missing_media_20260730_150821/9736071771.jpg	yes	200	151894	https://live.staticflickr.com/7401/9736071771_bd430952b8_b.jpg	https://www.flickr.com/photos/treebeard/9736071771/	New yellow composite flowers of Golden Fleece (Ericameria arborescens, Asteraceae)	334	
9713	71432c7f-e341-49d1-ad1b-db214162826b	9736187045.jpg	/Users/seltmann/Documents/kummel/work/flickr_recovered_missing_media_20260730_150821/9736187045.jpg	yes	200	165471	https://live.staticflickr.com/7428/9736187045_d06fd80dcd_b.jpg	https://www.flickr.com/photos/treebeard/9736187045/	New yellow composite flowers of Coastal Goldenbush (Isocoma menziesii, Asteraceae) - or maybe Isocoma acradenia?	277	
9714	2b944422-f5be-405d-8d47-ee1e8766b13c	9736273823.jpg	/Users/seltmann/Documents/kummel/work/flickr_recovered_missing_media_20260730_150821/9736273823.jpg	yes	200	200176	https://live.staticflickr.com/7384/9736273823_92a8b11e1c_b.jpg	https://www.flickr.com/photos/treebeard/9736273823/	Yellow composite flowers of native Scale Broom (Lepidospartum squamatum, Asteraceae)	257	
9715	7bed9d68-a045-43c2-9cb1-50db1b6b1759	9752764954.jpg	/Users/seltmann/Documents/kummel/work/flickr_recovered_missing_media_20260730_150821/9752764954.jpg	yes	200	122763	https://live.staticflickr.com/7308/9752764954_109654e16a_b.jpg	https://www.flickr.com/photos/treebeard/9752764954/	Behr's Metalmark (Apodemia virgulti) butterfly on Douglas' Groundsel (Senecio flaccidus var. douglasii, Asteraceae)	258	
9716	19a4766f-c312-437d-8517-0c9200633312	9752994643.jpg	/Users/seltmann/Documents/kummel/work/flickr_recovered_missing_media_20260730_150821/9752994643.jpg	yes	200	380203	https://live.staticflickr.com/7288/9752994643_64fd2aa72a_c.jpg	https://www.flickr.com/photos/treebeard/9752994643/	Small diurnal (daytime) moth (Lepidoptera) - maybe a Crambid Snout Moth (Crambidae)?	261	
9717	2e76a68e-1f61-4adf-bb68-e38fa3a5f4f8	9753217673.jpg	/Users/seltmann/Documents/kummel/work/flickr_recovered_missing_media_20260730_150821/9753217673.jpg	yes	200	99205	https://live.staticflickr.com/7433/9753217673_3b29e0fa06_b.jpg	https://www.flickr.com/photos/treebeard/9753217673/	"Not an ""oak apple"" gall, but maybe an ""oak lemon""? - on Scrub Oak (Quercus berberidifolia, Fagaceae)"	262	
9718	9a108697-4873-4406-b090-0e850ce883ca	9753252732.jpg	/Users/seltmann/Documents/kummel/work/flickr_recovered_missing_media_20260730_150821/9753252732.jpg	yes	200	126856	https://live.staticflickr.com/7429/9753252732_fea685796b_b.jpg	https://www.flickr.com/photos/treebeard/9753252732/	Galls of the Clasping Twig Gall Wasp (Disholcaspis prehensa, Cynipidae, Hymenoptera) on Scrub Oak (Quercus berberidifolia, Fagaceae)	298	
9719	766e7246-bc90-4457-b2c3-2d5ddd64ee31	9753304535.jpg	/Users/seltmann/Documents/kummel/work/flickr_recovered_missing_media_20260730_150821/9753304535.jpg	yes	200	122791	https://live.staticflickr.com/7452/9753304535_32f0a265fc_b.jpg	https://www.flickr.com/photos/treebeard/9753304535/	Galls on Scrub Oak (Quercus berberidifolia, Fagaceae) - Woolybear Gall Wasp (Sphaeroteras timaculosum, Cynipidae, Hymenoptera)	312	
9720	da28bf0a-a2ce-4b9e-869a-4b8860dc03e2	9753426092.jpg	/Users/seltmann/Documents/kummel/work/flickr_recovered_missing_media_20260730_150821/9753426092.jpg	yes	200	453540	https://live.staticflickr.com/7455/9753426092_8334dd19df_c.jpg	https://www.flickr.com/photos/treebeard/9753426092/	Paper Wasp (Vespidae, Hymenoptera) on a gall of the Clasping Twig Gall Wasp (Disholcaspis prehensa, Cynipidae, Hymenoptera)	363	
9721	39075989-0ab5-407d-9090-5670891511b1	9765550572.jpg	/Users/seltmann/Documents/kummel/work/flickr_recovered_missing_media_20260730_150821/9765550572.jpg	yes	200	226306	https://live.staticflickr.com/3809/9765550572_d5d93ee748_b.jpg	https://www.flickr.com/photos/treebeard/9765550572/	Blue-belly Lizard aka Western Fence Lizard (Sceloporus occidentalis) in the garden	321	
9722	04a51131-7db1-443b-ba1b-fbb81f36cf37	9765833882.jpg	/Users/seltmann/Documents/kummel/work/flickr_recovered_missing_media_20260730_150821/9765833882.jpg	yes	200	653427	https://live.staticflickr.com/3673/9765833882_ab393a963d_c.jpg	https://www.flickr.com/photos/treebeard/9765833882/	Blue-belly Lizard aka Western Fence Lizard (Sceloporus occidentalis) on fossil of a Mussel	306	
9723	b4ca9f46-00d5-462d-a73e-ffe0208c2f9b	9765846065.jpg	/Users/seltmann/Documents/kummel/work/flickr_recovered_missing_media_20260730_150821/9765846065.jpg	yes	200	280322	https://live.staticflickr.com/3746/9765846065_3f1b1c17e6_b.jpg	https://www.flickr.com/photos/treebeard/9765846065/	Blue-belly Lizard aka Western Fence Lizard (Sceloporus occidentalis) on fossilized whale bone	263	
9724	3d916b7f-cbde-4f13-8f1a-11cffe5a7f7f	9766136772.jpg	/Users/seltmann/Documents/kummel/work/flickr_recovered_missing_media_20260730_150821/9766136772.jpg	yes	200	143949	https://live.staticflickr.com/7432/9766136772_7b785faa11_b.jpg	https://www.flickr.com/photos/treebeard/9766136772/	Fully adult Assassin Bug (Reduviidae, Hemiptera) on Wild Blackberry (Rubus ursinus, Rosaceae)	307	
9725	0fe8c537-2551-40c7-9ce8-c6d61a572f9b	9766534813.jpg	/Users/seltmann/Documents/kummel/work/flickr_recovered_missing_media_20260730_150821/9766534813.jpg	yes	200	146731	https://live.staticflickr.com/7430/9766534813_7b165f10d1_b.jpg	https://www.flickr.com/photos/treebeard/9766534813/	Same adult Assassin Bug (Reduviidae, Hemiptera) yesterday, with wings still soft after molting	299	
9726	13806200-a04c-4678-a5da-74be680d5f8a	9766614734.jpg	/Users/seltmann/Documents/kummel/work/flickr_recovered_missing_media_20260730_150821/9766614734.jpg	yes	200	140047	https://live.staticflickr.com/5346/9766614734_79419612b3_b.jpg	https://www.flickr.com/photos/treebeard/9766614734/	Assassin Bug (Reduviidae, Hemiptera) with an Ensign fly (Sepsis, Sepsidae, Diptera) for prey	304	
9727	320e3e4a-e358-472a-8261-2ae8c31f44e8	9778928651.jpg	/Users/seltmann/Documents/kummel/work/flickr_recovered_missing_media_20260730_150821/9778928651.jpg	yes	200	254610	https://live.staticflickr.com/5503/9778928651_dbd201aa01_b.jpg	https://www.flickr.com/photos/treebeard/9778928651/	Toasted succulent Chalk Lettuce (Dudleya pulverulenta, Crassulaceae) in the path of the White Fire last May	264	
9728	8a64331b-8a75-47a5-b8c2-5f3253583182	9779075111.jpg	/Users/seltmann/Documents/kummel/work/flickr_recovered_missing_media_20260730_150821/9779075111.jpg	yes	200	267646	https://live.staticflickr.com/7442/9779075111_0f085eef8e_b.jpg	https://www.flickr.com/photos/treebeard/9779075111/	Horseweed (Conyza canadensis) and Telegraph Weed (Heterotheca grandiflora) - weedy natives in the Asteraceae	281	
9729	59065328-3bf8-427c-b0b2-223c39aecaec	9779529713.jpg	/Users/seltmann/Documents/kummel/work/flickr_recovered_missing_media_20260730_150821/9779529713.jpg	yes	200	89760	https://live.staticflickr.com/7429/9779529713_bc3d3082e1_b.jpg	https://www.flickr.com/photos/treebeard/9779529713/	Late-summer flowers of native Autumn Willowherb (Epilobium brachycarpum, Onagraceae)	206	
9730	893c7683-3fb4-4a75-9eba-84139b9a81f7	9779690113.jpg	/Users/seltmann/Documents/kummel/work/flickr_recovered_missing_media_20260730_150821/9779690113.jpg	yes	200	373175	https://live.staticflickr.com/7346/9779690113_eefb0aa4d6_b.jpg	https://www.flickr.com/photos/treebeard/9779690113/	"Scale Broom (Lepidospartum squamatum, Asteraceae) ""stump-sprouting"" from a stem burned by the ""White Fire"""	289	
9731	085ac323-1858-45de-b709-ae5895ebc4dd	9779713624.jpg	/Users/seltmann/Documents/kummel/work/flickr_recovered_missing_media_20260730_150821/9779713624.jpg	yes	200	428813	https://live.staticflickr.com/3768/9779713624_c93b34646c_c.jpg	https://www.flickr.com/photos/treebeard/9779713624/	Behr's Metalmark (Apodemia virgulti) butterfly on staminate flowers of Coyote Bush (Baccharis pilularis, Asteraceae)	354	
9732	3854766f-74a8-4d96-ad1d-0c1d4117b8b1	9779867676.jpg	/Users/seltmann/Documents/kummel/work/flickr_recovered_missing_media_20260730_150821/9779867676.jpg	yes	200	268119	https://live.staticflickr.com/2843/9779867676_a3e8f4b630_b.jpg	https://www.flickr.com/photos/treebeard/9779867676/	Sweet little Southern Mule Deer (Odocoileus hemionus) along Paradise Road	279	
9733	e5a48775-e6dd-4d64-8d40-281f9c750569	9792500363.jpg	/Users/seltmann/Documents/kummel/work/flickr_recovered_missing_media_20260730_150821/9792500363.jpg	yes	200	137681	https://live.staticflickr.com/2823/9792500363_1cc0036422_b.jpg	https://www.flickr.com/photos/treebeard/9792500363/	New weed - non-native Skeleton Weed (Chondrilla juncea, Asteraceae)	262	
9734	9f72f22f-fab5-4008-a9e9-74bc523016b0	9792844843.jpg	/Users/seltmann/Documents/kummel/work/flickr_recovered_missing_media_20260730_150821/9792844843.jpg	yes	200	188787	https://live.staticflickr.com/3754/9792844843_4a0301731d_b.jpg	https://www.flickr.com/photos/treebeard/9792844843/	Tanbark Oak (Lithocarpus densiflorus, Fagaceae) with old erect dreadlock-like male catkins	282	
9735	6e516c52-c1a4-43b8-8917-6d28805a9ade	9792901934.jpg	/Users/seltmann/Documents/kummel/work/flickr_recovered_missing_media_20260730_150821/9792901934.jpg	yes	200	454974	https://live.staticflickr.com/3811/9792901934_25be7d1bfd_c.jpg	https://www.flickr.com/photos/treebeard/9792901934/	New composite flowers of native California Brickellbush (Brickellia californica, Asteraceae)	343	
9736	4b084b92-1866-48c1-8ebb-44b93e580f60	9793106185.jpg	/Users/seltmann/Documents/kummel/work/flickr_recovered_missing_media_20260730_150821/9793106185.jpg	yes	200	431144	https://live.staticflickr.com/3687/9793106185_b15126ef80_c.jpg	https://www.flickr.com/photos/treebeard/9793106185/	"Odd ""flowers"" of native Bird's Beak (Cordylanthus rigidus, Scrophulariaceae or Orobanchaceae)"	315	
9737	b671da0f-59cd-4d4c-a3c2-fee5d274c382	9793232235.jpg	/Users/seltmann/Documents/kummel/work/flickr_recovered_missing_media_20260730_150821/9793232235.jpg	yes	200	412916	https://live.staticflickr.com/7402/9793232235_6f1e3fb2c2_c.jpg	https://www.flickr.com/photos/treebeard/9793232235/	"Very pale little ""True Bug"" (Pentatomidae, Hemiptera) on native Bird's Beak (Cordylanthus rigidus, Scrophulariaceae)"	305	
9738	69549a55-774a-4a96-8f51-b64448695763	9793415653.jpg	/Users/seltmann/Documents/kummel/work/flickr_recovered_missing_media_20260730_150821/9793415653.jpg	yes	200	136540	https://live.staticflickr.com/5513/9793415653_8253115568_b.jpg	https://www.flickr.com/photos/treebeard/9793415653/	Very tiny Damselfly (Zygoptera, Odonata) on flowers of California Buckwheat (Eriogonum fasciculatum, Polygonaceae)	248	
9739	9adf7dfb-4488-41af-95fe-ddeafa06efbb	9810041754.jpg	/Users/seltmann/Documents/kummel/work/flickr_recovered_missing_media_20260730_150821/9810041754.jpg	yes	200	367252	https://live.staticflickr.com/5326/9810041754_e5016372ce_c.jpg	https://www.flickr.com/photos/treebeard/9810041754/	New flower of magical Toloache (Datura wrightii, Solanaceae)	327	
9740	572e5394-76ba-4176-91ab-f778b6c0ebb0	9810341874.jpg	/Users/seltmann/Documents/kummel/work/flickr_recovered_missing_media_20260730_150821/9810341874.jpg	yes	200	236049	https://live.staticflickr.com/7331/9810341874_be2e5bde41_b.jpg	https://www.flickr.com/photos/treebeard/9810341874/	New flower of Calabazilla aka Coyote Melon or Buffalo Gourd (Cucurbita foetidissima, Cucurbitaceae)	422	
9741	f1801205-e0fb-4ac9-b381-ddde7eb26536	9810471435.jpg	/Users/seltmann/Documents/kummel/work/flickr_recovered_missing_media_20260730_150821/9810471435.jpg	yes	200	117565	https://live.staticflickr.com/3755/9810471435_8ee9267cf0_b.jpg	https://www.flickr.com/photos/treebeard/9810471435/	Honey Bees (Apis mellifera, Hymenoptera) working pistillate flowers of native Mule Fat (Baccharis salicifolia, Asteraceae)	251	
9742	8674283e-7d9a-44f7-9ce4-e2333b364491	9810575955.jpg	/Users/seltmann/Documents/kummel/work/flickr_recovered_missing_media_20260730_150821/9810575955.jpg	yes	200	129267	https://live.staticflickr.com/2826/9810575955_5b684d6e5d_b.jpg	https://www.flickr.com/photos/treebeard/9810575955/	Very tiny Crab Spider (Thomisidae) on some kind of Aster (Asteraceae) in the garden	330	
9743	4ed7602a-7a40-438e-a579-a795a7a4c77c	9810847276.jpg	/Users/seltmann/Documents/kummel/work/flickr_recovered_missing_media_20260730_150821/9810847276.jpg	yes	200	70341	https://live.staticflickr.com/2816/9810847276_31475a74ee_b.jpg	https://www.flickr.com/photos/treebeard/9810847276/	New flowers of Chaparral Mallow (Malacothamnus fasciculatus, Malvaceae) - with a tiny Crab Spider and an interesting fly	319	
9744	63380f4c-0c6c-4612-93f6-a487fad58187	9811076363.jpg	/Users/seltmann/Documents/kummel/work/flickr_recovered_missing_media_20260730_150821/9811076363.jpg	yes	200	108043	https://live.staticflickr.com/3714/9811076363_1bd00258dd_b.jpg	https://www.flickr.com/photos/treebeard/9811076363/	"Blow Fly (Calliphoridae, Diptera) on Scale Broom (Lepidospartum squamatum, Asteraceae) - ""Secondary Screwworm"" (Cochliomyia macellaria)?"	297	
9745	2fdde3de-91a1-4f1e-8002-e7c5ec7a00dd	9827614434.jpg	/Users/seltmann/Documents/kummel/work/flickr_recovered_missing_media_20260730_150821/9827614434.jpg	yes	200	94935	https://live.staticflickr.com/5494/9827614434_86aee54e57_b.jpg	https://www.flickr.com/photos/treebeard/9827614434/	Crab Spider (Thomisidae) waiting for action on native Mugwort (Artemisia douglasiana, Asteraceae)	239	
9746	88817593-9458-4256-90f6-cfe861ecded0	9827777416.jpg	/Users/seltmann/Documents/kummel/work/flickr_recovered_missing_media_20260730_150821/9827777416.jpg	yes	200	118323	https://live.staticflickr.com/3825/9827777416_2ae6f4bc5e_b.jpg	https://www.flickr.com/photos/treebeard/9827777416/	Late-instar nymph of a Tree Cricket (Oecanthus, Gryllidae, Orthoptera) on Nuttall's Snowberry (Symphoricarpos mollis, Caprifoliaceae)	293	
9747	eaeea071-094e-4086-90b6-61193a1ca849	9827861194.jpg	/Users/seltmann/Documents/kummel/work/flickr_recovered_missing_media_20260730_150821/9827861194.jpg	yes	200	93803	https://live.staticflickr.com/7305/9827861194_17cef68967_b.jpg	https://www.flickr.com/photos/treebeard/9827861194/	Single native ant (Formicidae, Hymenoptera) on non-native Fennel (Foeniculum vulgare, Apiaceae)	189	
9748	bfe857a2-50a8-4afa-aecb-e92a1a7030e4	9828141413.jpg	/Users/seltmann/Documents/kummel/work/flickr_recovered_missing_media_20260730_150821/9828141413.jpg	yes	200	164182	https://live.staticflickr.com/5441/9828141413_bc99284bf1_b.jpg	https://www.flickr.com/photos/treebeard/9828141413/	Western Conenose Bug (Triatoma protracta, Reduviidae, Hemiptera)	54	
9749	0a5dfeda-63e8-4a50-aa05-70189238265d	9828497685.jpg	/Users/seltmann/Documents/kummel/work/flickr_recovered_missing_media_20260730_150821/9828497685.jpg	yes	200	154204	https://live.staticflickr.com/7353/9828497685_3fb877145a_b.jpg	https://www.flickr.com/photos/treebeard/9828497685/	Monarch Butterfly (Danaus plexippus, Lepidoptera) working flowers of Butterfly Bush (Buddleia davidii, Scrophulariaceae)	287	
9750	a9922f71-c852-43ce-a6b4-f13d42202d70	9828709216.jpg	/Users/seltmann/Documents/kummel/work/flickr_recovered_missing_media_20260730_150821/9828709216.jpg	yes	200	154284	https://live.staticflickr.com/3685/9828709216_b27f1e0db1_b.jpg	https://www.flickr.com/photos/treebeard/9828709216/	Monarch Butterfly (Danaus plexippus, Lepidoptera) working flowers of Butterfly Bush (Buddleia davidii, Scrophulariaceae)	305	
9751	cc745946-3652-46b2-867c-65363a662702	9857140866.jpg	/Users/seltmann/Documents/kummel/work/flickr_recovered_missing_media_20260730_150821/9857140866.jpg	yes	200	330061	https://live.staticflickr.com/7291/9857140866_3c2f79e6ef_b.jpg	https://www.flickr.com/photos/treebeard/9857140866/	Dry bed of the Santa Ynez River, with Cattails (Typhaceae)	358	
9752	a70af6ed-f81a-4c62-845f-c932f54794cf	9857327446.jpg	/Users/seltmann/Documents/kummel/work/flickr_recovered_missing_media_20260730_150821/9857327446.jpg	yes	200	333591	https://live.staticflickr.com/7296/9857327446_618745e522_b.jpg	https://www.flickr.com/photos/treebeard/9857327446/	Dried-out Cattails (Typhaceae) by the mostly dry Santa Ynez River	291	
9753	f81ce79c-0d24-44f4-922d-c3e8e917279b	9864429165.jpg	/Users/seltmann/Documents/kummel/work/flickr_recovered_missing_media_20260730_150821/9864429165.jpg	yes	200	293894	https://live.staticflickr.com/7336/9864429165_0e89404832_b.jpg	https://www.flickr.com/photos/treebeard/9864429165/	Water and fresh Cattails (Typhaceae) on the Santa Ynez River - if you know where to look!	267	
9754	67d3f800-39f2-4331-a0fc-954b21f8df23	9864906036.jpg	/Users/seltmann/Documents/kummel/work/flickr_recovered_missing_media_20260730_150821/9864906036.jpg	yes	200	118339	https://live.staticflickr.com/7383/9864906036_277a95f920_b.jpg	https://www.flickr.com/photos/treebeard/9864906036/	Fort Tejon Milk-Aster aka Chicory-leaved Stephanomeria (Stephanomeria cichoriacea, Asteraceae)	305	
9755	bf65b020-f274-4911-b27b-ed1b23459fc1	9865150984.jpg	/Users/seltmann/Documents/kummel/work/flickr_recovered_missing_media_20260730_150821/9865150984.jpg	yes	200	88458	https://live.staticflickr.com/7367/9865150984_56cd3063e0_b.jpg	https://www.flickr.com/photos/treebeard/9865150984/	New flowers of native Small Wirelettuce (Stephanomeria exigua, Asteraceae)	189	
9756	fc5768c0-d486-448b-8168-bf62265d176e	9865550836.jpg	/Users/seltmann/Documents/kummel/work/flickr_recovered_missing_media_20260730_150821/9865550836.jpg	yes	200	473922	https://live.staticflickr.com/5489/9865550836_0e8b0a0b4e_c.jpg	https://www.flickr.com/photos/treebeard/9865550836/	New flowers of native Rod Wirelettuce (Stephanomeria virgata ssp. pleurocarpa, Asteraceae)	309	
9757	c1e5d191-5c14-4de8-a54e-d84e713feaa9	9865821594.jpg	/Users/seltmann/Documents/kummel/work/flickr_recovered_missing_media_20260730_150821/9865821594.jpg	yes	200	323138	https://live.staticflickr.com/5342/9865821594_0d0599b6ba_c.jpg	https://www.flickr.com/photos/treebeard/9865821594/	Caterpillar hanging by flower of Rod Wirelettuce (Stephanomeria virgata ssp. pleurocarpa, Asteraceae)	344	
9758	681888cc-2769-4ac3-8951-5a0a223660ff	9884268856.jpg	/Users/seltmann/Documents/kummel/work/flickr_recovered_missing_media_20260730_150821/9884268856.jpg	yes	200	329347	https://live.staticflickr.com/3749/9884268856_4f37aece1c_c.jpg	https://www.flickr.com/photos/treebeard/9884268856/	Pretty flower of native Rod Wirelettuce (Stephanomeria virgata ssp. pleurocarpa, Asteraceae)	328	
9759	43db74b7-af6e-498f-8dea-dea730778a96	9884517063.jpg	/Users/seltmann/Documents/kummel/work/flickr_recovered_missing_media_20260730_150821/9884517063.jpg	yes	200	181600	https://live.staticflickr.com/5465/9884517063_28050fccf4_b.jpg	https://www.flickr.com/photos/treebeard/9884517063/	New berries of native Coffeeberry (Rhamnus californica, Rhamnaceae)	327	
9760	ab4d7e12-f042-40f1-8306-d81b9b47d057	9884755694.jpg	/Users/seltmann/Documents/kummel/work/flickr_recovered_missing_media_20260730_150821/9884755694.jpg	yes	200	101674	https://live.staticflickr.com/3828/9884755694_1aa0d1a0e9_b.jpg	https://www.flickr.com/photos/treebeard/9884755694/	Grayish Sagebrush Grasshopper (Melanoplus cinereus ssp. cyanipes, Melanoplinae, Acrididae, Orthoptera)	325	
9761	04be4a1d-e306-4404-bb1f-7b826cb5451f	9885153076.jpg	/Users/seltmann/Documents/kummel/work/flickr_recovered_missing_media_20260730_150821/9885153076.jpg	yes	200	109510	https://live.staticflickr.com/5340/9885153076_e0937052e3_b.jpg	https://www.flickr.com/photos/treebeard/9885153076/	New flower buds of native Sugar Bush (Rhus ovata, Anacardiaceae)	330	
9762	cc1f0c0c-3cdb-4f4e-bce6-c47c7c001726	9885360495.jpg	/Users/seltmann/Documents/kummel/work/flickr_recovered_missing_media_20260730_150821/9885360495.jpg	yes	200	373031	https://live.staticflickr.com/7337/9885360495_2d6412f616_c.jpg	https://www.flickr.com/photos/treebeard/9885360495/	Seed head of native Humboldt Lily (Lilium humboldtii ssp. ocellatum, Liliaceae) - full of seeds	341	
9763	fbc0ba45-fd7c-4f47-8be7-07e7191c1ec1	9885597776.jpg	/Users/seltmann/Documents/kummel/work/flickr_recovered_missing_media_20260730_150821/9885597776.jpg	yes	200	109147	https://live.staticflickr.com/3755/9885597776_c25f2b5b63_b.jpg	https://www.flickr.com/photos/treebeard/9885597776/	First new flowers of native Chaparral Currant (Ribes malvaceum, Grossulariaceae)	335	
9764	36202110-99f2-4e0a-8158-3c33a95df7a1	9905682516.jpg	/Users/seltmann/Documents/kummel/work/flickr_recovered_missing_media_20260730_150821/9905682516.jpg	yes	200	471354	https://live.staticflickr.com/5499/9905682516_154ea1a323_c.jpg	https://www.flickr.com/photos/treebeard/9905682516/	Gall of Irregular Spindle Gall Wasp (Andricus chrysolepidicola, Cynipidae, Hymenoptera) on Scrub Oak (Quercus berberidifolia, Fagaceae)	290	
9765	1c9b0de6-9835-4d6e-b45e-487dcab5039a	9905940513.jpg	/Users/seltmann/Documents/kummel/work/flickr_recovered_missing_media_20260730_150821/9905940513.jpg	yes	200	442334	https://live.staticflickr.com/7367/9905940513_e5093fc2b2_c.jpg	https://www.flickr.com/photos/treebeard/9905940513/	"Odd ""fuzzy gall"" on Goldencup Oak aka Canyon Live Oak (Quercus chrysolepis, Fagaceae)"	337	
9766	252081d1-c3c6-4c40-8597-55bd223f0a77	9906032064.jpg	/Users/seltmann/Documents/kummel/work/flickr_recovered_missing_media_20260730_150821/9906032064.jpg	yes	200	368008	https://live.staticflickr.com/3690/9906032064_5b43a04c7d_c.jpg	https://www.flickr.com/photos/treebeard/9906032064/	"""Oak apple"" gall of a California Gall Wasp (Andricus quercuscalifornicus, Cynipidae, Hymenoptera) on Scrub Oak (Quercus berberidifolia, Fagaceae)"	366	
9767	881f755a-2a4d-4dba-a174-e7ec2fa9ae2e	9906354855.jpg	/Users/seltmann/Documents/kummel/work/flickr_recovered_missing_media_20260730_150821/9906354855.jpg	yes	200	134639	https://live.staticflickr.com/7436/9906354855_a6187a9ed5_b.jpg	https://www.flickr.com/photos/treebeard/9906354855/	Galls of the Crystalline Gall Wasp (Andricus crystallinus, Cynipidae, Hymenoptera) on Scrub Oak (Quercus berberidifolia, Fagaceae)	314	
9768	73e86e77-2c4e-4861-9692-db1695999c5c	9906538224.jpg	/Users/seltmann/Documents/kummel/work/flickr_recovered_missing_media_20260730_150821/9906538224.jpg	yes	200	361346	https://live.staticflickr.com/2833/9906538224_d0a0636548_c.jpg	https://www.flickr.com/photos/treebeard/9906538224/	Parasitic wasp on galls of Woolybear Gall Wasp (Sphaeroteras timaculosum, Cynipidae, Hymenoptera) on Scrub Oak (Quercus berberidifolia, Fagaceae)	340	
9769	95a5bbc9-07e3-4cda-be46-6a3dddad09aa	9906805313.jpg	/Users/seltmann/Documents/kummel/work/flickr_recovered_missing_media_20260730_150821/9906805313.jpg	yes	200	380295	https://live.staticflickr.com/3679/9906805313_6aa5319157_c.jpg	https://www.flickr.com/photos/treebeard/9906805313/	Fly (Diptera) on gall of Clasping Twig Gall Wasp (Disholcaspis prehensa, Cynipidae, Hymenoptera) on Scrub Oak (Quercus berberidifolia, Fagaceae)	299	
9770	930087b1-ffc6-495b-9633-98fd173231f1	9924635864.jpg	/Users/seltmann/Documents/kummel/work/flickr_recovered_missing_media_20260730_150821/9924635864.jpg	yes	200	424931	https://live.staticflickr.com/3740/9924635864_c9349a17b5_c.jpg	https://www.flickr.com/photos/treebeard/9924635864/	Behr's Metalmark (Apodemia virgulti) butterfly on Scale Broom (Lepidospartum squamatum, Asteraceae)	317	
9771	ef8e03dd-8592-413f-88f1-72c49f7e9cb9	9924643973.jpg	/Users/seltmann/Documents/kummel/work/flickr_recovered_missing_media_20260730_150821/9924643973.jpg	yes	200	124693	https://live.staticflickr.com/7407/9924643973_9f16a5c335_b.jpg	https://www.flickr.com/photos/treebeard/9924643973/	Diurnal moth (Lepidoptera) working flowers of native Scale Broom - maybe Darker-spotted Straw Moth (Heliothis phloxiphaga, Noctuidae)	297	
9772	8d016065-29df-4af2-8c5d-6d4c0ef63867	9925323486.jpg	/Users/seltmann/Documents/kummel/work/flickr_recovered_missing_media_20260730_150821/9925323486.jpg	yes	200	342264	https://live.staticflickr.com/3776/9925323486_32e44aa40a_c.jpg	https://www.flickr.com/photos/treebeard/9925323486/	A female Northern White-Skipper (Heliopetes ericetorum) butterfly on flowers of Goldenbush (Isocoma, Asteraceae)	268	
9773	1cdbfdab-f812-4452-932e-fbdf795a971e	9925672394.jpg	/Users/seltmann/Documents/kummel/work/flickr_recovered_missing_media_20260730_150821/9925672394.jpg	yes	200	366309	https://live.staticflickr.com/3735/9925672394_5e24849150_c.jpg	https://www.flickr.com/photos/treebeard/9925672394/	Gray Hairstreak (Strymon melinus) butterfly on Scale Broom (Lepidospartum squamatum, Asteraceae)	302	
9774	c1a4b985-d58b-43eb-82a5-7d5fd09fd025	9925690873.jpg	/Users/seltmann/Documents/kummel/work/flickr_recovered_missing_media_20260730_150821/9925690873.jpg	yes	200	165270	https://live.staticflickr.com/5482/9925690873_a32d0b4005_b.jpg	https://www.flickr.com/photos/treebeard/9925690873/	Common Buckeye (Junonia coenia) butterfly on Scale Broom (Lepidospartum squamatum, Asteraceae)	330	
9775	8f657650-e976-41e3-a113-d12ef2686731	9925876044.jpg	/Users/seltmann/Documents/kummel/work/flickr_recovered_missing_media_20260730_150821/9925876044.jpg	yes	200	122110	https://live.staticflickr.com/3768/9925876044_1a57d3fffe_b.jpg	https://www.flickr.com/photos/treebeard/9925876044/	Very tattered Great Purple Hairstreak (Atlides halesus) butterfly on Scale Broom (Lepidospartum squamatum, Asteraceae)	327	
9776	dbe78804-181f-4762-8269-66c8c3f2776c	9941617626.jpg	/Users/seltmann/Documents/kummel/work/flickr_recovered_missing_media_20260730_150821/9941617626.jpg	yes	200	340685	https://live.staticflickr.com/7332/9941617626_0e9b7e4a5d_c.jpg	https://www.flickr.com/photos/treebeard/9941617626/	Behr's Metalmark (Apodemia virgulti) butterfly taking wing from Douglas' Groundsel (Senecio flaccidus var. douglasii, Asteraceae)	323	
9777	d9bb37df-7e4a-4a36-bfe1-913b86ac2fce	9941737996.jpg	/Users/seltmann/Documents/kummel/work/flickr_recovered_missing_media_20260730_150821/9941737996.jpg	yes	200	351870	https://live.staticflickr.com/7338/9941737996_e73083a82c_c.jpg	https://www.flickr.com/photos/treebeard/9941737996/	Pacific Ambush Bug (Phymata pacifica, Phymatidae, Hemiptera) on Scale Broom (Lepidospartum squamatum, Asteraceae)	319	
9778	f02655ad-57be-429a-bf1e-cf173efb0d6b	9941873605.jpg	/Users/seltmann/Documents/kummel/work/flickr_recovered_missing_media_20260730_150821/9941873605.jpg	yes	200	153985	https://live.staticflickr.com/3678/9941873605_3a1b0967a3_b.jpg	https://www.flickr.com/photos/treebeard/9941873605/	Nymph of an Assassin Bug (Reduviidae, Hemiptera) on a leaf of Wild Blackberry (Rubus ursinus, Rosaceae)	341	
9779	e8361595-b0bc-4b08-a1d1-e7777f5947a5	9941974515.jpg	/Users/seltmann/Documents/kummel/work/flickr_recovered_missing_media_20260730_150821/9941974515.jpg	yes	200	89589	https://live.staticflickr.com/3670/9941974515_2c99e98ebb_b.jpg	https://www.flickr.com/photos/treebeard/9941974515/	"Adult female Tree Cricket (Oecanthus, Gryllidae, Orthoptera) on pad of ""Prickly Pear"" (Opuntia, Cactaceae)"	191	
9780	c2987731-7b6e-4612-bc71-9f98b1e43189	9942310984.jpg	/Users/seltmann/Documents/kummel/work/flickr_recovered_missing_media_20260730_150821/9942310984.jpg	yes	200	382534	https://live.staticflickr.com/5500/9942310984_7a71352216_c.jpg	https://www.flickr.com/photos/treebeard/9942310984/	Crab Spider (Thomisidae) waiting for action on an Aster (Asteraceae) in the garden	296	
9781	0bdabf68-8987-4ba4-9309-3697a7c50c0d	9942480074.jpg	/Users/seltmann/Documents/kummel/work/flickr_recovered_missing_media_20260730_150821/9942480074.jpg	yes	200	142910	https://live.staticflickr.com/3724/9942480074_fed34a721b_b.jpg	https://www.flickr.com/photos/treebeard/9942480074/	Green Lynx Spider (Peucetia viridans, Oxyopidae) is straw-yellow, not green - perched on egg case	281	
9782	63891831-f114-409b-b05e-c7701b6b5033	9958625715.jpg	/Users/seltmann/Documents/kummel/work/flickr_recovered_missing_media_20260730_150821/9958625715.jpg	yes	200	469410	https://live.staticflickr.com/7406/9958625715_5267e18f2b_c.jpg	https://www.flickr.com/photos/treebeard/9958625715/	New flowers of Palmer's Goldenbush (Ericameria palmeri var. pachylepis, Asteraceae)	312	
9783	084c8f69-72c4-480d-b7b9-c1e11e31c847	9958636163.jpg	/Users/seltmann/Documents/kummel/work/flickr_recovered_missing_media_20260730_150821/9958636163.jpg	yes	200	403561	https://live.staticflickr.com/2892/9958636163_1609cf58ed_b.jpg	https://www.flickr.com/photos/treebeard/9958636163/	Big-leaved Mistletoe (Phoradendron macrophyllum, Viscaceae) in a Western Sycamore (Platanus racemosa, Platanaceae)	261	
9784	71d16f28-9781-4845-a757-8a98aa08d035	9958841146.jpg	/Users/seltmann/Documents/kummel/work/flickr_recovered_missing_media_20260730_150821/9958841146.jpg	yes	200	400432	https://live.staticflickr.com/7333/9958841146_c4627eb981_b.jpg	https://www.flickr.com/photos/treebeard/9958841146/	New stump-sprouting shrubs of native Scale Broom (Lepidospartum squamatum, Asteraceae)	281	
9785	fdf62e7d-7801-441d-a0cc-f600a5e9b785	9972931533.jpg	/Users/seltmann/Documents/kummel/work/flickr_recovered_missing_media_20260730_150821/9972931533.jpg	yes	200	382846	https://live.staticflickr.com/3807/9972931533_2a69e7a2f8_c.jpg	https://www.flickr.com/photos/treebeard/9972931533/	Tachinid Fly (Tachinidae, Diptera) on flowers of Scale Broom (Lepidospartum squamatum, Asteraceae)	294	
9786	879a5bb8-b334-4b89-8916-1c6286b71947	9973007043.jpg	/Users/seltmann/Documents/kummel/work/flickr_recovered_missing_media_20260730_150821/9973007043.jpg	yes	200	368218	https://live.staticflickr.com/7412/9973007043_3c467ac3b1_c.jpg	https://www.flickr.com/photos/treebeard/9973007043/	Drosophilid Fly (Drosophilidae, Diptera) on flowers of Scale Broom (Lepidospartum squamatum, Asteraceae)	302	
9787	78ab7a04-1619-49d6-9e9a-04a7bd2a70f5	9973040116.jpg	/Users/seltmann/Documents/kummel/work/flickr_recovered_missing_media_20260730_150821/9973040116.jpg	yes	200	364797	https://live.staticflickr.com/2862/9973040116_027c9d783a_c.jpg	https://www.flickr.com/photos/treebeard/9973040116/	Handsome male Northern White-Skipper (Heliopetes ericetorum) butterfly working Goldenbush (Isocoma, Asteraceae)	272	
9788	400b02c4-0b88-4667-84b6-8dddcad22664	9973097215.jpg	/Users/seltmann/Documents/kummel/work/flickr_recovered_missing_media_20260730_150821/9973097215.jpg	yes	200	92754	https://live.staticflickr.com/3788/9973097215_65832438f4_b.jpg	https://www.flickr.com/photos/treebeard/9973097215/	Maybe the Carmel Valley Malacothrix (Malacothrix saxatilis var. arachnoidea, Asteraceae) - in Santa Barbara County?	199	
9789	ac5c55e8-94fb-4646-97fc-9a1c3a12b8c5	9973402664.jpg	/Users/seltmann/Documents/kummel/work/flickr_recovered_missing_media_20260730_150821/9973402664.jpg	yes	200	428041	https://live.staticflickr.com/3817/9973402664_eda13e19b5_c.jpg	https://www.flickr.com/photos/treebeard/9973402664/	Green Lynx Spider (Peucetia viridans, Oxyopidae) with egg case on California Buckwheat (Eriogonum fasciculatum, Polygonaceae)	274	
9790	b1321ae3-d2be-4e1d-a068-5f5ef9fc17b1	9973592864.jpg	/Users/seltmann/Documents/kummel/work/flickr_recovered_missing_media_20260730_150821/9973592864.jpg	yes	200	413154	https://live.staticflickr.com/2879/9973592864_3872bbd436_c.jpg	https://www.flickr.com/photos/treebeard/9973592864/	"Adult male Tree Cricket (Oecanthus, Gryllidae, Orthoptera) on fruit of a ""Prickly Pear"" (Opuntia, Cactaceae)"	327	
9791	c622a1a2-51a4-46dd-bf60-d966f73ac7b5	9973800694.jpg	/Users/seltmann/Documents/kummel/work/flickr_recovered_missing_media_20260730_150821/9973800694.jpg	yes	200	108286	https://live.staticflickr.com/2821/9973800694_5c34de21ed_b.jpg	https://www.flickr.com/photos/treebeard/9973800694/	Adult female Tree Cricket (Oecanthus, Gryllidae, Orthoptera) - done in by cactus spines	339	
9792	cfa38897-d33b-4612-a438-ac8fa6e525f3	9974173543.jpg	/Users/seltmann/Documents/kummel/work/flickr_recovered_missing_media_20260730_150821/9974173543.jpg	yes	200	110224	https://live.staticflickr.com/7403/9974173543_b568dd8e12_b.jpg	https://www.flickr.com/photos/treebeard/9974173543/	Branching Phacelia (Phacelia ramosissima var. latifolia, Hydrophyllaceae or Boraginaceae) with insects on the wing	315	
9793	3471566e-6b49-4b0c-8b23-23b9ea042581	9974280395.jpg	/Users/seltmann/Documents/kummel/work/flickr_recovered_missing_media_20260730_150821/9974280395.jpg	yes	200	440774	https://live.staticflickr.com/3778/9974280395_b2ffbe29b8_c.jpg	https://www.flickr.com/photos/treebeard/9974280395/	Common Buckeye (Junonia coenia) butterfly on California Buckwheat (Eriogonum fasciculatum, Polygonaceae)	391	
