line	occurrenceID	identifier	ok	is_500_error	status	method	content_type	content_length	effective_url	elapsed_ms	error
7442	e805e4cd-bef6-4e1c-8e75-60c5ea619698	https://symbiota.ccber.ucsb.edu/kummel/2025/7612632098.jpg	no	no	404	HEAD	text/html; charset=utf-8	162	https://symbiota.ccber.ucsb.edu/kummel/2025/7612632098.jpg	32	HTTPError: Not Found
7443	ce086965-5f5a-43fa-afee-27b062777cc8	https://symbiota.ccber.ucsb.edu/kummel/2025/7612705248.jpg	no	no	404	HEAD	text/html; charset=utf-8	162	https://symbiota.ccber.ucsb.edu/kummel/2025/7612705248.jpg	77	HTTPError: Not Found
7444	29b8fd28-61b2-4794-831d-fe79e34eccd5	https://symbiota.ccber.ucsb.edu/kummel/2025/7612769340.jpg	no	no	404	HEAD	text/html; charset=utf-8	162	https://symbiota.ccber.ucsb.edu/kummel/2025/7612769340.jpg	32	HTTPError: Not Found
7445	2a6a53e3-dc7d-4102-b07c-c56aa12d13ba	https://symbiota.ccber.ucsb.edu/kummel/2025/7624466542.jpg	no	no	404	HEAD	text/html; charset=utf-8	162	https://symbiota.ccber.ucsb.edu/kummel/2025/7624466542.jpg	78	HTTPError: Not Found
7446	f5b642b6-8dd5-4192-819d-bb559fb6130a	https://symbiota.ccber.ucsb.edu/kummel/2025/7624574818.jpg	no	no	404	HEAD	text/html; charset=utf-8	162	https://symbiota.ccber.ucsb.edu/kummel/2025/7624574818.jpg	73	HTTPError: Not Found
7447	d973094e-0f39-4435-bf03-9b4010b5419b	https://symbiota.ccber.ucsb.edu/kummel/2025/7624625176.jpg	no	no	404	HEAD	text/html; charset=utf-8	162	https://symbiota.ccber.ucsb.edu/kummel/2025/7624625176.jpg	40	HTTPError: Not Found
7448	a4cea56b-0457-42e2-be72-a2d41f3ab460	https://symbiota.ccber.ucsb.edu/kummel/2025/7624807448.jpg	no	no	404	HEAD	text/html; charset=utf-8	162	https://symbiota.ccber.ucsb.edu/kummel/2025/7624807448.jpg	65	HTTPError: Not Found
7449	e8805cce-2dc5-4927-a549-3a8ad6bbdb99	https://symbiota.ccber.ucsb.edu/kummel/2025/7625671542.jpg	no	no	404	HEAD	text/html; charset=utf-8	162	https://symbiota.ccber.ucsb.edu/kummel/2025/7625671542.jpg	29	HTTPError: Not Found
7450	5e9173a6-eb37-4a0e-90d2-a5d59e8035eb	https://symbiota.ccber.ucsb.edu/kummel/2025/7625757774.jpg	no	no	404	HEAD	text/html; charset=utf-8	162	https://symbiota.ccber.ucsb.edu/kummel/2025/7625757774.jpg	40	HTTPError: Not Found
7451	bd87f5e6-2985-4107-961a-11ad635fc306	https://symbiota.ccber.ucsb.edu/kummel/2025/7625839694.jpg	no	no	404	HEAD	text/html; charset=utf-8	162	https://symbiota.ccber.ucsb.edu/kummel/2025/7625839694.jpg	31	HTTPError: Not Found
7452	caec67d0-57d9-49be-8016-2558044b257b	https://symbiota.ccber.ucsb.edu/kummel/2025/7625914896.jpg	no	no	404	HEAD	text/html; charset=utf-8	162	https://symbiota.ccber.ucsb.edu/kummel/2025/7625914896.jpg	25	HTTPError: Not Found
7453	2254c4e6-3e0c-4f31-aff4-da0b615335ad	https://symbiota.ccber.ucsb.edu/kummel/2025/7626042112.jpg	no	no	404	HEAD	text/html; charset=utf-8	162	https://symbiota.ccber.ucsb.edu/kummel/2025/7626042112.jpg	28	HTTPError: Not Found
7454	a39bc9e9-4940-41ce-bea9-11bb8311c280	https://symbiota.ccber.ucsb.edu/kummel/2025/7626125114.jpg	no	no	404	HEAD	text/html; charset=utf-8	162	https://symbiota.ccber.ucsb.edu/kummel/2025/7626125114.jpg	39	HTTPError: Not Found
7455	13491e61-f2af-47d8-8394-2fe43c50ac4d	https://symbiota.ccber.ucsb.edu/kummel/2025/7626311566.jpg	no	no	404	HEAD	text/html; charset=utf-8	162	https://symbiota.ccber.ucsb.edu/kummel/2025/7626311566.jpg	40	HTTPError: Not Found
7456	808b0e5a-be65-40d6-bb4d-87789de97bee	https://symbiota.ccber.ucsb.edu/kummel/2025/7626395282.jpg	no	no	404	HEAD	text/html; charset=utf-8	162	https://symbiota.ccber.ucsb.edu/kummel/2025/7626395282.jpg	47	HTTPError: Not Found
7457	72443c0e-76c5-43ce-bd20-2a35074e800b	https://symbiota.ccber.ucsb.edu/kummel/2025/7633432656.jpg	no	no	404	HEAD	text/html; charset=utf-8	162	https://symbiota.ccber.ucsb.edu/kummel/2025/7633432656.jpg	49	HTTPError: Not Found
7458	48cee66f-7953-4021-9d00-8da9e38ecfca	https://symbiota.ccber.ucsb.edu/kummel/2025/7633479732.jpg	no	no	404	HEAD	text/html; charset=utf-8	162	https://symbiota.ccber.ucsb.edu/kummel/2025/7633479732.jpg	31	HTTPError: Not Found
7459	75add262-5bc2-4790-be54-c7c14070894f	https://symbiota.ccber.ucsb.edu/kummel/2025/7633574332.jpg	no	no	404	HEAD	text/html; charset=utf-8	162	https://symbiota.ccber.ucsb.edu/kummel/2025/7633574332.jpg	29	HTTPError: Not Found
7460	6d6ff3e9-0ba4-4c07-8a46-2abda1abcad1	https://symbiota.ccber.ucsb.edu/kummel/2025/7633614968.jpg	no	no	404	HEAD	text/html; charset=utf-8	162	https://symbiota.ccber.ucsb.edu/kummel/2025/7633614968.jpg	27	HTTPError: Not Found
7461	8f54e905-1aeb-42c8-9d4c-75348fa16994	https://symbiota.ccber.ucsb.edu/kummel/2025/7633660018.jpg	no	no	404	HEAD	text/html; charset=utf-8	162	https://symbiota.ccber.ucsb.edu/kummel/2025/7633660018.jpg	45	HTTPError: Not Found
7462	2e24454c-fe1b-4f96-84f6-39b10ab143cc	https://symbiota.ccber.ucsb.edu/kummel/2025/7633758712.jpg	no	no	404	HEAD	text/html; charset=utf-8	162	https://symbiota.ccber.ucsb.edu/kummel/2025/7633758712.jpg	53	HTTPError: Not Found
7463	385b86c5-9488-4a6d-8491-78a7651ba200	https://symbiota.ccber.ucsb.edu/kummel/2025/7633852608.jpg	no	no	404	HEAD	text/html; charset=utf-8	162	https://symbiota.ccber.ucsb.edu/kummel/2025/7633852608.jpg	86	HTTPError: Not Found
7464	9794cf4e-3743-4e5f-93b8-32168a21e6ef	https://symbiota.ccber.ucsb.edu/kummel/2025/7633924828.jpg	no	no	404	HEAD	text/html; charset=utf-8	162	https://symbiota.ccber.ucsb.edu/kummel/2025/7633924828.jpg	56	HTTPError: Not Found
7465	4f090bea-abaf-4239-b62d-cb1d4693fd21	https://symbiota.ccber.ucsb.edu/kummel/2025/7640440672.jpg	no	no	404	HEAD	text/html; charset=utf-8	162	https://symbiota.ccber.ucsb.edu/kummel/2025/7640440672.jpg	29	HTTPError: Not Found
7466	0b4e40ad-77fe-43a0-9565-5fbec308b027	https://symbiota.ccber.ucsb.edu/kummel/2025/7640481340.jpg	no	no	404	HEAD	text/html; charset=utf-8	162	https://symbiota.ccber.ucsb.edu/kummel/2025/7640481340.jpg	29	HTTPError: Not Found
7467	b1db52fb-c5ce-4155-b19f-b9d75a828f24	https://symbiota.ccber.ucsb.edu/kummel/2025/7640604092.jpg	no	no	404	HEAD	text/html; charset=utf-8	162	https://symbiota.ccber.ucsb.edu/kummel/2025/7640604092.jpg	26	HTTPError: Not Found
7468	61a620ed-6771-41f4-935d-dfa34b092f50	https://symbiota.ccber.ucsb.edu/kummel/2025/7640724774.jpg	no	no	404	HEAD	text/html; charset=utf-8	162	https://symbiota.ccber.ucsb.edu/kummel/2025/7640724774.jpg	24	HTTPError: Not Found
7469	59ee343f-e694-4064-aa48-0a48b1508b42	https://symbiota.ccber.ucsb.edu/kummel/2025/7640852608.jpg	no	no	404	HEAD	text/html; charset=utf-8	162	https://symbiota.ccber.ucsb.edu/kummel/2025/7640852608.jpg	18	HTTPError: Not Found
7470	2e61982d-639f-4ed8-b213-34d8932e9e87	https://symbiota.ccber.ucsb.edu/kummel/2025/7640943100.jpg	no	no	404	HEAD	text/html; charset=utf-8	162	https://symbiota.ccber.ucsb.edu/kummel/2025/7640943100.jpg	33	HTTPError: Not Found
7471	efe5ab00-ad5b-4768-965c-44eeb363c404	https://symbiota.ccber.ucsb.edu/kummel/2025/7641029082.jpg	no	no	404	HEAD	text/html; charset=utf-8	162	https://symbiota.ccber.ucsb.edu/kummel/2025/7641029082.jpg	34	HTTPError: Not Found
7472	41ae4b22-470e-4aa5-b11d-6fc7885bfd34	https://symbiota.ccber.ucsb.edu/kummel/2025/7641142198.jpg	no	no	404	HEAD	text/html; charset=utf-8	162	https://symbiota.ccber.ucsb.edu/kummel/2025/7641142198.jpg	61	HTTPError: Not Found
7473	be55833c-def6-446c-8139-9230cb02dee0	https://symbiota.ccber.ucsb.edu/kummel/2025/7647200552.jpg	no	no	404	HEAD	text/html; charset=utf-8	162	https://symbiota.ccber.ucsb.edu/kummel/2025/7647200552.jpg	43	HTTPError: Not Found
7474	9406cc45-5540-404f-adde-e7d5d0c4f253	https://symbiota.ccber.ucsb.edu/kummel/2025/7647258720.jpg	no	no	404	HEAD	text/html; charset=utf-8	162	https://symbiota.ccber.ucsb.edu/kummel/2025/7647258720.jpg	35	HTTPError: Not Found
7475	3ed71af6-3302-4b99-a3a5-727c4e63ba7c	https://symbiota.ccber.ucsb.edu/kummel/2025/7647426894.jpg	no	no	404	HEAD	text/html; charset=utf-8	162	https://symbiota.ccber.ucsb.edu/kummel/2025/7647426894.jpg	34	HTTPError: Not Found
7476	c186259a-1606-4ec3-9a92-e73146236565	https://symbiota.ccber.ucsb.edu/kummel/2025/7647496574.jpg	no	no	404	HEAD	text/html; charset=utf-8	162	https://symbiota.ccber.ucsb.edu/kummel/2025/7647496574.jpg	27	HTTPError: Not Found
7477	73f6e1e8-165f-464e-9c59-0e97300f70a6	https://symbiota.ccber.ucsb.edu/kummel/2025/7647590838.jpg	no	no	404	HEAD	text/html; charset=utf-8	162	https://symbiota.ccber.ucsb.edu/kummel/2025/7647590838.jpg	26	HTTPError: Not Found
7478	de987af5-9c93-465c-a20d-a2bfbdbdcf92	https://symbiota.ccber.ucsb.edu/kummel/2025/7647647130.jpg	no	no	404	HEAD	text/html; charset=utf-8	162	https://symbiota.ccber.ucsb.edu/kummel/2025/7647647130.jpg	68	HTTPError: Not Found
7479	88bc39c8-9948-475d-b8e4-7176414a3d1e	https://symbiota.ccber.ucsb.edu/kummel/2025/7647757262.jpg	no	no	404	HEAD	text/html; charset=utf-8	162	https://symbiota.ccber.ucsb.edu/kummel/2025/7647757262.jpg	51	HTTPError: Not Found
7480	7ddfaea8-7489-4a8e-9962-56d42077ce19	https://symbiota.ccber.ucsb.edu/kummel/2025/7647814640.jpg	no	no	404	HEAD	text/html; charset=utf-8	162	https://symbiota.ccber.ucsb.edu/kummel/2025/7647814640.jpg	52	HTTPError: Not Found
7481	36caaf19-5afc-4d32-bfda-05ca78c29510	https://symbiota.ccber.ucsb.edu/kummel/2025/7653428302.jpg	no	no	404	HEAD	text/html; charset=utf-8	162	https://symbiota.ccber.ucsb.edu/kummel/2025/7653428302.jpg	43	HTTPError: Not Found
7482	aaa47f5f-daaa-43f0-a40f-aa18acdb9ec5	https://symbiota.ccber.ucsb.edu/kummel/2025/7653513358.jpg	no	no	404	HEAD	text/html; charset=utf-8	162	https://symbiota.ccber.ucsb.edu/kummel/2025/7653513358.jpg	28	HTTPError: Not Found
7483	7d024216-91c3-4588-aae4-33738496ae50	https://symbiota.ccber.ucsb.edu/kummel/2025/7653550412.jpg	no	no	404	HEAD	text/html; charset=utf-8	162	https://symbiota.ccber.ucsb.edu/kummel/2025/7653550412.jpg	28	HTTPError: Not Found
7484	28c3407d-67f4-4e88-8d54-b6db040553ee	https://symbiota.ccber.ucsb.edu/kummel/2025/7653596310.jpg	no	no	404	HEAD	text/html; charset=utf-8	162	https://symbiota.ccber.ucsb.edu/kummel/2025/7653596310.jpg	25	HTTPError: Not Found
7485	5e162a8e-8027-448b-8b62-6fa415a46d6e	https://symbiota.ccber.ucsb.edu/kummel/2025/7653618662.jpg	no	no	404	HEAD	text/html; charset=utf-8	162	https://symbiota.ccber.ucsb.edu/kummel/2025/7653618662.jpg	26	HTTPError: Not Found
7486	1e2a4cfe-1400-4931-8f4e-ab5780fc5ce5	https://symbiota.ccber.ucsb.edu/kummel/2025/7653711368.jpg	no	no	404	HEAD	text/html; charset=utf-8	162	https://symbiota.ccber.ucsb.edu/kummel/2025/7653711368.jpg	30	HTTPError: Not Found
7487	81e7a0f2-8532-4e46-ad59-774f6b6a3454	https://symbiota.ccber.ucsb.edu/kummel/2025/7653749234.jpg	no	no	404	HEAD	text/html; charset=utf-8	162	https://symbiota.ccber.ucsb.edu/kummel/2025/7653749234.jpg	62	HTTPError: Not Found
7488	e8264a29-3d9d-47a5-9bf5-3d507f29f9bc	https://symbiota.ccber.ucsb.edu/kummel/2025/7653847284.jpg	no	no	404	HEAD	text/html; charset=utf-8	162	https://symbiota.ccber.ucsb.edu/kummel/2025/7653847284.jpg	58	HTTPError: Not Found
7489	09547465-f4ec-4b52-a4ab-bd136ee5f1df	https://symbiota.ccber.ucsb.edu/kummel/2025/7659004510.jpg	no	no	404	HEAD	text/html; charset=utf-8	162	https://symbiota.ccber.ucsb.edu/kummel/2025/7659004510.jpg	35	HTTPError: Not Found
7490	29c6c856-1828-4b2d-90e6-168068cf0726	https://symbiota.ccber.ucsb.edu/kummel/2025/7659068286.jpg	no	no	404	HEAD	text/html; charset=utf-8	162	https://symbiota.ccber.ucsb.edu/kummel/2025/7659068286.jpg	28	HTTPError: Not Found
7491	a6a97553-e860-4765-a56b-96d68644753f	https://symbiota.ccber.ucsb.edu/kummel/2025/7659144610.jpg	no	no	404	HEAD	text/html; charset=utf-8	162	https://symbiota.ccber.ucsb.edu/kummel/2025/7659144610.jpg	32	HTTPError: Not Found
7492	c693f931-185c-4391-a36b-dbdb3affab3b	https://symbiota.ccber.ucsb.edu/kummel/2025/7659201586.jpg	no	no	404	HEAD	text/html; charset=utf-8	162	https://symbiota.ccber.ucsb.edu/kummel/2025/7659201586.jpg	33	HTTPError: Not Found
7493	e24660a3-c008-4e68-bfc1-bdc032fa92aa	https://symbiota.ccber.ucsb.edu/kummel/2025/7659278350.jpg	no	no	404	HEAD	text/html; charset=utf-8	162	https://symbiota.ccber.ucsb.edu/kummel/2025/7659278350.jpg	33	HTTPError: Not Found
7494	c291c8af-1e53-48c5-8c8a-d1247dab26f3	https://symbiota.ccber.ucsb.edu/kummel/2025/7659357064.jpg	no	no	404	HEAD	text/html; charset=utf-8	162	https://symbiota.ccber.ucsb.edu/kummel/2025/7659357064.jpg	33	HTTPError: Not Found
7495	1c671330-6952-48f8-b6d7-a972382119ac	https://symbiota.ccber.ucsb.edu/kummel/2025/7659596940.jpg	no	no	404	HEAD	text/html; charset=utf-8	162	https://symbiota.ccber.ucsb.edu/kummel/2025/7659596940.jpg	25	HTTPError: Not Found
7496	469470bd-1073-4f1f-9356-03419bb7fd10	https://symbiota.ccber.ucsb.edu/kummel/2025/7659651192.jpg	no	no	404	HEAD	text/html; charset=utf-8	162	https://symbiota.ccber.ucsb.edu/kummel/2025/7659651192.jpg	59	HTTPError: Not Found
7497	d4b0b650-659f-4397-b3cb-09aff66d9c0f	https://symbiota.ccber.ucsb.edu/kummel/2025/7665245114.jpg	no	no	404	HEAD	text/html; charset=utf-8	162	https://symbiota.ccber.ucsb.edu/kummel/2025/7665245114.jpg	33	HTTPError: Not Found
7498	74a6138b-23b1-4499-a2f6-d38da1e022c2	https://symbiota.ccber.ucsb.edu/kummel/2025/7665333586.jpg	no	no	404	HEAD	text/html; charset=utf-8	162	https://symbiota.ccber.ucsb.edu/kummel/2025/7665333586.jpg	22	HTTPError: Not Found
7499	9b40c56b-890c-4102-a6e2-2f5537e97e29	https://symbiota.ccber.ucsb.edu/kummel/2025/7665384040.jpg	no	no	404	HEAD	text/html; charset=utf-8	162	https://symbiota.ccber.ucsb.edu/kummel/2025/7665384040.jpg	22	HTTPError: Not Found
7500	4f47cd57-f769-4918-989e-3f68e2a352bc	https://symbiota.ccber.ucsb.edu/kummel/2025/7665443478.jpg	no	no	404	HEAD	text/html; charset=utf-8	162	https://symbiota.ccber.ucsb.edu/kummel/2025/7665443478.jpg	30	HTTPError: Not Found
7501	8a2ec719-091b-4caf-8317-9c6e815d3927	https://symbiota.ccber.ucsb.edu/kummel/2025/7665526286.jpg	no	no	404	HEAD	text/html; charset=utf-8	162	https://symbiota.ccber.ucsb.edu/kummel/2025/7665526286.jpg	32	HTTPError: Not Found
7502	d09a45ba-1f26-4371-9127-78d1c51f3ad6	https://symbiota.ccber.ucsb.edu/kummel/2025/7665568168.jpg	no	no	404	HEAD	text/html; charset=utf-8	162	https://symbiota.ccber.ucsb.edu/kummel/2025/7665568168.jpg	22	HTTPError: Not Found
7503	d0338863-4bd2-4632-8126-3636435496fe	https://symbiota.ccber.ucsb.edu/kummel/2025/7665632210.jpg	no	no	404	HEAD	text/html; charset=utf-8	162	https://symbiota.ccber.ucsb.edu/kummel/2025/7665632210.jpg	36	HTTPError: Not Found
7504	bbb89614-1531-4e63-8e05-ed6b02411083	https://symbiota.ccber.ucsb.edu/kummel/2025/7665695268.jpg	no	no	404	HEAD	text/html; charset=utf-8	162	https://symbiota.ccber.ucsb.edu/kummel/2025/7665695268.jpg	57	HTTPError: Not Found
7505	5ba0cbf2-2ca7-48f9-b048-7e22504cacdd	https://symbiota.ccber.ucsb.edu/kummel/2025/7672755866.jpg	no	no	404	HEAD	text/html; charset=utf-8	162	https://symbiota.ccber.ucsb.edu/kummel/2025/7672755866.jpg	47	HTTPError: Not Found
7506	58c7a745-12ef-47bf-890b-4a8bf17d73b2	https://symbiota.ccber.ucsb.edu/kummel/2025/7672920656.jpg	no	no	404	HEAD	text/html; charset=utf-8	162	https://symbiota.ccber.ucsb.edu/kummel/2025/7672920656.jpg	40	HTTPError: Not Found
7507	24cb5227-95ac-437a-b75b-10bd9e385c8e	https://symbiota.ccber.ucsb.edu/kummel/2025/7673102600.jpg	no	no	404	HEAD	text/html; charset=utf-8	162	https://symbiota.ccber.ucsb.edu/kummel/2025/7673102600.jpg	40	HTTPError: Not Found
7508	ca79f620-68c1-48eb-ac18-cb79988c0457	https://symbiota.ccber.ucsb.edu/kummel/2025/7673171722.jpg	no	no	404	HEAD	text/html; charset=utf-8	162	https://symbiota.ccber.ucsb.edu/kummel/2025/7673171722.jpg	143	HTTPError: Not Found
7509	cebcf2f4-a0eb-4779-b728-6da90103b5b3	https://symbiota.ccber.ucsb.edu/kummel/2025/7673313332.jpg	no	no	404	HEAD	text/html; charset=utf-8	162	https://symbiota.ccber.ucsb.edu/kummel/2025/7673313332.jpg	43	HTTPError: Not Found
7510	c02d8404-3b7e-48f0-9de2-769c9acaf095	https://symbiota.ccber.ucsb.edu/kummel/2025/7673541088.jpg	no	no	404	HEAD	text/html; charset=utf-8	162	https://symbiota.ccber.ucsb.edu/kummel/2025/7673541088.jpg	69	HTTPError: Not Found
7511	fe6a94e2-a154-4920-8c25-a7ef2e236876	https://symbiota.ccber.ucsb.edu/kummel/2025/7673656130.jpg	no	no	404	HEAD	text/html; charset=utf-8	162	https://symbiota.ccber.ucsb.edu/kummel/2025/7673656130.jpg	122	HTTPError: Not Found
7512	050c6b25-a963-4fad-a1f5-0d6bd5ff04b4	https://symbiota.ccber.ucsb.edu/kummel/2025/7673735852.jpg	no	no	404	HEAD	text/html; charset=utf-8	162	https://symbiota.ccber.ucsb.edu/kummel/2025/7673735852.jpg	89	HTTPError: Not Found
7513	d0b6230d-1ef9-43e5-89e8-8dc7a24d8b55	https://symbiota.ccber.ucsb.edu/kummel/2025/7680559656.jpg	no	no	404	HEAD	text/html; charset=utf-8	162	https://symbiota.ccber.ucsb.edu/kummel/2025/7680559656.jpg	74	HTTPError: Not Found
7514	a7073330-e4ea-477f-8c15-1be25efced92	https://symbiota.ccber.ucsb.edu/kummel/2025/7680646464.jpg	no	no	404	HEAD	text/html; charset=utf-8	162	https://symbiota.ccber.ucsb.edu/kummel/2025/7680646464.jpg	24	HTTPError: Not Found
7515	e0f3800e-2005-4143-a74e-7bb29b0e4573	https://symbiota.ccber.ucsb.edu/kummel/2025/7680746196.jpg	no	no	404	HEAD	text/html; charset=utf-8	162	https://symbiota.ccber.ucsb.edu/kummel/2025/7680746196.jpg	26	HTTPError: Not Found
7516	039f646e-fa39-4c42-a70d-9c29e9c731e5	https://symbiota.ccber.ucsb.edu/kummel/2025/7680854128.jpg	no	no	404	HEAD	text/html; charset=utf-8	162	https://symbiota.ccber.ucsb.edu/kummel/2025/7680854128.jpg	22	HTTPError: Not Found
7517	b85f82ab-8dda-4515-ba38-fa99c0897f67	https://symbiota.ccber.ucsb.edu/kummel/2025/7680931658.jpg	no	no	404	HEAD	text/html; charset=utf-8	162	https://symbiota.ccber.ucsb.edu/kummel/2025/7680931658.jpg	16	HTTPError: Not Found
7518	692b350e-e24b-4aba-8423-967e64cae0cf	https://symbiota.ccber.ucsb.edu/kummel/2025/7681063110.jpg	no	no	404	HEAD	text/html; charset=utf-8	162	https://symbiota.ccber.ucsb.edu/kummel/2025/7681063110.jpg	30	HTTPError: Not Found
7519	c7a0a03a-6290-4e74-8107-b9d3b0484620	https://symbiota.ccber.ucsb.edu/kummel/2025/7681221248.jpg	no	no	404	HEAD	text/html; charset=utf-8	162	https://symbiota.ccber.ucsb.edu/kummel/2025/7681221248.jpg	37	HTTPError: Not Found
7520	e957a516-c5b6-42db-92d3-9471cdf25c7e	https://symbiota.ccber.ucsb.edu/kummel/2025/7681300656.jpg	no	no	404	HEAD	text/html; charset=utf-8	162	https://symbiota.ccber.ucsb.edu/kummel/2025/7681300656.jpg	27	HTTPError: Not Found
7521	a080b682-52d7-4540-9d7f-31ecda383b24	https://symbiota.ccber.ucsb.edu/kummel/2025/7687735084.jpg	no	no	404	HEAD	text/html; charset=utf-8	162	https://symbiota.ccber.ucsb.edu/kummel/2025/7687735084.jpg	49	HTTPError: Not Found
7522	45e7f449-db1c-4950-b1ca-5922cd8e14f3	https://symbiota.ccber.ucsb.edu/kummel/2025/7687770362.jpg	no	no	404	HEAD	text/html; charset=utf-8	162	https://symbiota.ccber.ucsb.edu/kummel/2025/7687770362.jpg	44	HTTPError: Not Found
7523	83252206-e18d-4327-83b3-bd59bf082b5f	https://symbiota.ccber.ucsb.edu/kummel/2025/7687906270.jpg	no	no	404	HEAD	text/html; charset=utf-8	162	https://symbiota.ccber.ucsb.edu/kummel/2025/7687906270.jpg	65	HTTPError: Not Found
7524	fd747757-8884-42e3-9bc5-ad2fb26935d4	https://symbiota.ccber.ucsb.edu/kummel/2025/7687986382.jpg	no	no	404	HEAD	text/html; charset=utf-8	162	https://symbiota.ccber.ucsb.edu/kummel/2025/7687986382.jpg	27	HTTPError: Not Found
7525	509c2c43-c0bd-4387-98ea-2338a0b6635d	https://symbiota.ccber.ucsb.edu/kummel/2025/7688071694.jpg	no	no	404	HEAD	text/html; charset=utf-8	162	https://symbiota.ccber.ucsb.edu/kummel/2025/7688071694.jpg	21	HTTPError: Not Found
7526	e2490173-360c-47be-9a33-ebccb9fc5591	https://symbiota.ccber.ucsb.edu/kummel/2025/7688113190.jpg	no	no	404	HEAD	text/html; charset=utf-8	162	https://symbiota.ccber.ucsb.edu/kummel/2025/7688113190.jpg	13	HTTPError: Not Found
7527	f907e28a-9312-4e5a-a79b-5e3858d90973	https://symbiota.ccber.ucsb.edu/kummel/2025/7688223342.jpg	no	no	404	HEAD	text/html; charset=utf-8	162	https://symbiota.ccber.ucsb.edu/kummel/2025/7688223342.jpg	31	HTTPError: Not Found
7528	47e68bb3-9cbe-4976-8864-ae6ed796cb38	https://symbiota.ccber.ucsb.edu/kummel/2025/7688260052.jpg	no	no	404	HEAD	text/html; charset=utf-8	162	https://symbiota.ccber.ucsb.edu/kummel/2025/7688260052.jpg	35	HTTPError: Not Found
7529	ed5c8e16-b00d-45da-bd53-ea58954cdfae	https://symbiota.ccber.ucsb.edu/kummel/2025/7694806772.jpg	no	no	404	HEAD	text/html; charset=utf-8	162	https://symbiota.ccber.ucsb.edu/kummel/2025/7694806772.jpg	53	HTTPError: Not Found
7530	c8c403f9-942e-4031-99f7-50836494ab55	https://symbiota.ccber.ucsb.edu/kummel/2025/7694855946.jpg	no	no	404	HEAD	text/html; charset=utf-8	162	https://symbiota.ccber.ucsb.edu/kummel/2025/7694855946.jpg	24	HTTPError: Not Found
7531	e01e6486-ff98-4a30-9d1b-72f8f7dea286	https://symbiota.ccber.ucsb.edu/kummel/2025/7694876856.jpg	no	no	404	HEAD	text/html; charset=utf-8	162	https://symbiota.ccber.ucsb.edu/kummel/2025/7694876856.jpg	32	HTTPError: Not Found
7532	a69fe69d-95a9-443a-9ac0-977120238897	https://symbiota.ccber.ucsb.edu/kummel/2025/7694939228.jpg	no	no	404	HEAD	text/html; charset=utf-8	162	https://symbiota.ccber.ucsb.edu/kummel/2025/7694939228.jpg	38	HTTPError: Not Found
7533	adc5ed68-c490-418a-941e-e780f3044e12	https://symbiota.ccber.ucsb.edu/kummel/2025/7695042376.jpg	no	no	404	HEAD	text/html; charset=utf-8	162	https://symbiota.ccber.ucsb.edu/kummel/2025/7695042376.jpg	36	HTTPError: Not Found
7534	15ff9dae-f154-4dc9-a7fb-84e17d8701cf	https://symbiota.ccber.ucsb.edu/kummel/2025/7695238192.jpg	no	no	404	HEAD	text/html; charset=utf-8	162	https://symbiota.ccber.ucsb.edu/kummel/2025/7695238192.jpg	22	HTTPError: Not Found
7535	2695fcd7-2ff0-430e-9df2-6483591eb42c	https://symbiota.ccber.ucsb.edu/kummel/2025/7695305606.jpg	no	no	404	HEAD	text/html; charset=utf-8	162	https://symbiota.ccber.ucsb.edu/kummel/2025/7695305606.jpg	20	HTTPError: Not Found
7536	0fc2978a-1786-48d9-b8fc-b7335b64e38a	https://symbiota.ccber.ucsb.edu/kummel/2025/7695343320.jpg	no	no	404	HEAD	text/html; charset=utf-8	162	https://symbiota.ccber.ucsb.edu/kummel/2025/7695343320.jpg	34	HTTPError: Not Found
7537	886a8318-5c8d-4bb6-9a11-14bfbf31aa64	https://symbiota.ccber.ucsb.edu/kummel/2025/7854269160.jpg	no	no	404	HEAD	text/html; charset=utf-8	162	https://symbiota.ccber.ucsb.edu/kummel/2025/7854269160.jpg	31	HTTPError: Not Found
7538	136ec326-633f-41d8-94c7-25551ca737fa	https://symbiota.ccber.ucsb.edu/kummel/2025/7854354886.jpg	no	no	404	HEAD	text/html; charset=utf-8	162	https://symbiota.ccber.ucsb.edu/kummel/2025/7854354886.jpg	18	HTTPError: Not Found
7539	52f28601-52de-4417-8771-637e1057f604	https://symbiota.ccber.ucsb.edu/kummel/2025/7854447930.jpg	no	no	404	HEAD	text/html; charset=utf-8	162	https://symbiota.ccber.ucsb.edu/kummel/2025/7854447930.jpg	24	HTTPError: Not Found
7540	b6b6ba6f-a8a5-4729-90c6-677e372c3194	https://symbiota.ccber.ucsb.edu/kummel/2025/7854528526.jpg	no	no	404	HEAD	text/html; charset=utf-8	162	https://symbiota.ccber.ucsb.edu/kummel/2025/7854528526.jpg	34	HTTPError: Not Found
7541	d2af42a9-f743-4b25-9062-c10e51ca7b56	https://symbiota.ccber.ucsb.edu/kummel/2025/7854598118.jpg	no	no	404	HEAD	text/html; charset=utf-8	162	https://symbiota.ccber.ucsb.edu/kummel/2025/7854598118.jpg	33	HTTPError: Not Found
7542	152ff458-efe8-46dc-b2dd-adf6acf082ff	https://symbiota.ccber.ucsb.edu/kummel/2025/7854687288.jpg	no	no	404	HEAD	text/html; charset=utf-8	162	https://symbiota.ccber.ucsb.edu/kummel/2025/7854687288.jpg	22	HTTPError: Not Found
7543	3cd57429-eb29-4cdc-afe3-1b2a529cdf8c	https://symbiota.ccber.ucsb.edu/kummel/2025/7854761832.jpg	no	no	404	HEAD	text/html; charset=utf-8	162	https://symbiota.ccber.ucsb.edu/kummel/2025/7854761832.jpg	42	HTTPError: Not Found
7544	13d83cc2-5cd3-4b6a-ba8b-b54c15b24111	https://symbiota.ccber.ucsb.edu/kummel/2025/7854799408.jpg	no	no	404	HEAD	text/html; charset=utf-8	162	https://symbiota.ccber.ucsb.edu/kummel/2025/7854799408.jpg	28	HTTPError: Not Found
7545	63f5139d-a405-488f-bc89-a501c9528af0	https://symbiota.ccber.ucsb.edu/kummel/2025/7860693992.jpg	no	no	404	HEAD	text/html; charset=utf-8	162	https://symbiota.ccber.ucsb.edu/kummel/2025/7860693992.jpg	28	HTTPError: Not Found
7546	2505aec3-366f-46d0-b709-d491246f4748	https://symbiota.ccber.ucsb.edu/kummel/2025/7860819770.jpg	no	no	404	HEAD	text/html; charset=utf-8	162	https://symbiota.ccber.ucsb.edu/kummel/2025/7860819770.jpg	21	HTTPError: Not Found
7547	83631a5a-0755-4169-a082-58488bad6b8d	https://symbiota.ccber.ucsb.edu/kummel/2025/7860898732.jpg	no	no	404	HEAD	text/html; charset=utf-8	162	https://symbiota.ccber.ucsb.edu/kummel/2025/7860898732.jpg	21	HTTPError: Not Found
7548	8d99ee06-094e-45ea-9881-f8bd4b4048a0	https://symbiota.ccber.ucsb.edu/kummel/2025/7860972018.jpg	no	no	404	HEAD	text/html; charset=utf-8	162	https://symbiota.ccber.ucsb.edu/kummel/2025/7860972018.jpg	21	HTTPError: Not Found
7549	34ef9705-ea67-449d-9f68-4b986cde2eb0	https://symbiota.ccber.ucsb.edu/kummel/2025/7861067790.jpg	no	no	404	HEAD	text/html; charset=utf-8	162	https://symbiota.ccber.ucsb.edu/kummel/2025/7861067790.jpg	21	HTTPError: Not Found
7550	4ebda9a1-65f5-4263-8f48-6814bf2cab25	https://symbiota.ccber.ucsb.edu/kummel/2025/7861128270.jpg	no	no	404	HEAD	text/html; charset=utf-8	162	https://symbiota.ccber.ucsb.edu/kummel/2025/7861128270.jpg	15	HTTPError: Not Found
7551	ff499231-4cb4-4825-9b32-a650e56e5830	https://symbiota.ccber.ucsb.edu/kummel/2025/7861286372.jpg	no	no	404	HEAD	text/html; charset=utf-8	162	https://symbiota.ccber.ucsb.edu/kummel/2025/7861286372.jpg	25	HTTPError: Not Found
7552	babf01f4-8a1e-4258-9802-c6467f938c8c	https://symbiota.ccber.ucsb.edu/kummel/2025/7861382600.jpg	no	no	404	HEAD	text/html; charset=utf-8	162	https://symbiota.ccber.ucsb.edu/kummel/2025/7861382600.jpg	24	HTTPError: Not Found
7553	e973dcfa-b994-4d57-b580-3df835e21301	https://symbiota.ccber.ucsb.edu/kummel/2025/7868631188.jpg	no	no	404	HEAD	text/html; charset=utf-8	162	https://symbiota.ccber.ucsb.edu/kummel/2025/7868631188.jpg	24	HTTPError: Not Found
7554	598bb90d-b27b-4da6-8d9a-f710bae3da21	https://symbiota.ccber.ucsb.edu/kummel/2025/7868717184.jpg	no	no	404	HEAD	text/html; charset=utf-8	162	https://symbiota.ccber.ucsb.edu/kummel/2025/7868717184.jpg	16	HTTPError: Not Found
7555	19c7ce45-9a91-42c9-b3d2-eae3c0cf1188	https://symbiota.ccber.ucsb.edu/kummel/2025/7868843746.jpg	no	no	404	HEAD	text/html; charset=utf-8	162	https://symbiota.ccber.ucsb.edu/kummel/2025/7868843746.jpg	15	HTTPError: Not Found
7556	7f7a7392-641a-4d09-8116-a344c7b604c5	https://symbiota.ccber.ucsb.edu/kummel/2025/7868963136.jpg	no	no	404	HEAD	text/html; charset=utf-8	162	https://symbiota.ccber.ucsb.edu/kummel/2025/7868963136.jpg	21	HTTPError: Not Found
7557	50b81091-01b8-444e-b817-133b67275719	https://symbiota.ccber.ucsb.edu/kummel/2025/7868995758.jpg	no	no	404	HEAD	text/html; charset=utf-8	162	https://symbiota.ccber.ucsb.edu/kummel/2025/7868995758.jpg	22	HTTPError: Not Found
7558	e7c60846-b6b2-4210-b08a-be4f54dbe681	https://symbiota.ccber.ucsb.edu/kummel/2025/7869104870.jpg	no	no	404	HEAD	text/html; charset=utf-8	162	https://symbiota.ccber.ucsb.edu/kummel/2025/7869104870.jpg	14	HTTPError: Not Found
7559	a8e421e1-4231-4e12-8829-6270927f2038	https://symbiota.ccber.ucsb.edu/kummel/2025/7869310122.jpg	no	no	404	HEAD	text/html; charset=utf-8	162	https://symbiota.ccber.ucsb.edu/kummel/2025/7869310122.jpg	22	HTTPError: Not Found
7560	fa15925e-3ebf-4c89-a661-0fa15af1970c	https://symbiota.ccber.ucsb.edu/kummel/2025/7869363360.jpg	no	no	404	HEAD	text/html; charset=utf-8	162	https://symbiota.ccber.ucsb.edu/kummel/2025/7869363360.jpg	22	HTTPError: Not Found
7561	cfc1ce08-c222-4b9d-bb70-bfb59480e17a	https://symbiota.ccber.ucsb.edu/kummel/2025/7876406006.jpg	no	no	404	HEAD	text/html; charset=utf-8	162	https://symbiota.ccber.ucsb.edu/kummel/2025/7876406006.jpg	16	HTTPError: Not Found
7562	fba654f6-c4d3-471c-a267-38fe4361b5da	https://symbiota.ccber.ucsb.edu/kummel/2025/7876499948.jpg	no	no	404	HEAD	text/html; charset=utf-8	162	https://symbiota.ccber.ucsb.edu/kummel/2025/7876499948.jpg	22	HTTPError: Not Found
7563	dc6bb8d5-730d-4c55-aa60-687df867d50e	https://symbiota.ccber.ucsb.edu/kummel/2025/7876577676.jpg	no	no	404	HEAD	text/html; charset=utf-8	162	https://symbiota.ccber.ucsb.edu/kummel/2025/7876577676.jpg	24	HTTPError: Not Found
7564	63ab07c2-ece7-4859-a064-a617a34f0c90	https://symbiota.ccber.ucsb.edu/kummel/2025/7876648036.jpg	no	no	404	HEAD	text/html; charset=utf-8	162	https://symbiota.ccber.ucsb.edu/kummel/2025/7876648036.jpg	22	HTTPError: Not Found
7565	202d1f93-088c-453f-aa80-37944371389f	https://symbiota.ccber.ucsb.edu/kummel/2025/7876798584.jpg	no	no	404	HEAD	text/html; charset=utf-8	162	https://symbiota.ccber.ucsb.edu/kummel/2025/7876798584.jpg	22	HTTPError: Not Found
7566	8ef11383-77d1-4c34-b7c6-a5c1c1cd34ae	https://symbiota.ccber.ucsb.edu/kummel/2025/7876885040.jpg	no	no	404	HEAD	text/html; charset=utf-8	162	https://symbiota.ccber.ucsb.edu/kummel/2025/7876885040.jpg	14	HTTPError: Not Found
7567	5d64f18b-c6b2-4333-beed-0608052ab18e	https://symbiota.ccber.ucsb.edu/kummel/2025/7876991016.jpg	no	no	404	HEAD	text/html; charset=utf-8	162	https://symbiota.ccber.ucsb.edu/kummel/2025/7876991016.jpg	16	HTTPError: Not Found
7568	621ac0dd-8ef5-446f-b7bc-2b7fc21438fc	https://symbiota.ccber.ucsb.edu/kummel/2025/7877059330.jpg	no	no	404	HEAD	text/html; charset=utf-8	162	https://symbiota.ccber.ucsb.edu/kummel/2025/7877059330.jpg	19	HTTPError: Not Found
7569	3dab08b0-35b6-4998-b253-efa4519e4c09	https://symbiota.ccber.ucsb.edu/kummel/2025/7884366174.jpg	no	no	404	HEAD	text/html; charset=utf-8	162	https://symbiota.ccber.ucsb.edu/kummel/2025/7884366174.jpg	19	HTTPError: Not Found
7570	f0e6d9b5-91cb-478d-ab37-c16f13d4c021	https://symbiota.ccber.ucsb.edu/kummel/2025/7884438982.jpg	no	no	404	HEAD	text/html; charset=utf-8	162	https://symbiota.ccber.ucsb.edu/kummel/2025/7884438982.jpg	19	HTTPError: Not Found
7571	d28806ca-c6c0-4028-ba5f-5eae15d3d3df	https://symbiota.ccber.ucsb.edu/kummel/2025/7884494986.jpg	no	no	404	HEAD	text/html; charset=utf-8	162	https://symbiota.ccber.ucsb.edu/kummel/2025/7884494986.jpg	23	HTTPError: Not Found
7572	577c646b-7fe8-42d8-b158-0c4b349ae628	https://symbiota.ccber.ucsb.edu/kummel/2025/7884560872.jpg	no	no	404	HEAD	text/html; charset=utf-8	162	https://symbiota.ccber.ucsb.edu/kummel/2025/7884560872.jpg	20	HTTPError: Not Found
7573	4ea93df7-3da6-48a2-8c42-45c8b397ec9b	https://symbiota.ccber.ucsb.edu/kummel/2025/7891003996.jpg	no	no	404	HEAD	text/html; charset=utf-8	162	https://symbiota.ccber.ucsb.edu/kummel/2025/7891003996.jpg	18	HTTPError: Not Found
7574	673529ef-2cc3-4c1a-9425-f58897cfe70e	https://symbiota.ccber.ucsb.edu/kummel/2025/7891119576.jpg	no	no	404	HEAD	text/html; charset=utf-8	162	https://symbiota.ccber.ucsb.edu/kummel/2025/7891119576.jpg	15	HTTPError: Not Found
7575	7ae4cd66-2d0d-4ce4-96f9-f41b6e816c01	https://symbiota.ccber.ucsb.edu/kummel/2025/7891263306.jpg	no	no	404	HEAD	text/html; charset=utf-8	162	https://symbiota.ccber.ucsb.edu/kummel/2025/7891263306.jpg	22	HTTPError: Not Found
7576	ec6d3164-860b-4f10-be76-be4fa982feb8	https://symbiota.ccber.ucsb.edu/kummel/2025/7891403520.jpg	no	no	404	HEAD	text/html; charset=utf-8	162	https://symbiota.ccber.ucsb.edu/kummel/2025/7891403520.jpg	23	HTTPError: Not Found
7577	a80434fb-6716-4fee-9ae0-d80dfb4e680a	https://symbiota.ccber.ucsb.edu/kummel/2025/7891425286.jpg	no	no	404	HEAD	text/html; charset=utf-8	162	https://symbiota.ccber.ucsb.edu/kummel/2025/7891425286.jpg	19	HTTPError: Not Found
7578	bdb78334-278c-4f4b-946e-a68693ed2dce	https://symbiota.ccber.ucsb.edu/kummel/2025/7891446264.jpg	no	no	404	HEAD	text/html; charset=utf-8	162	https://symbiota.ccber.ucsb.edu/kummel/2025/7891446264.jpg	59	HTTPError: Not Found
7579	848d4be1-55f8-42c9-9bce-03a98d1852f5	https://symbiota.ccber.ucsb.edu/kummel/2025/7891489466.jpg	no	no	404	HEAD	text/html; charset=utf-8	162	https://symbiota.ccber.ucsb.edu/kummel/2025/7891489466.jpg	285	HTTPError: Not Found
7580	df309d11-4a13-448a-9fef-e335888d7f93	https://symbiota.ccber.ucsb.edu/kummel/2025/7891654508.jpg	no	no	404	HEAD	text/html; charset=utf-8	162	https://symbiota.ccber.ucsb.edu/kummel/2025/7891654508.jpg	34	HTTPError: Not Found
7581	7a305bf0-ee7e-4b05-ae68-eba352b426c7	https://symbiota.ccber.ucsb.edu/kummel/2025/7897397640.jpg	no	no	404	HEAD	text/html; charset=utf-8	162	https://symbiota.ccber.ucsb.edu/kummel/2025/7897397640.jpg	32	HTTPError: Not Found
7582	5f54f615-de3a-4c31-bc74-f1be4398c6c3	https://symbiota.ccber.ucsb.edu/kummel/2025/7897484052.jpg	no	no	404	HEAD	text/html; charset=utf-8	162	https://symbiota.ccber.ucsb.edu/kummel/2025/7897484052.jpg	32	HTTPError: Not Found
7583	88ddaf1c-dc34-42f8-9799-bd03325aa662	https://symbiota.ccber.ucsb.edu/kummel/2025/7897580148.jpg	no	no	404	HEAD	text/html; charset=utf-8	162	https://symbiota.ccber.ucsb.edu/kummel/2025/7897580148.jpg	36	HTTPError: Not Found
7584	c59af4c0-604b-447c-8c10-575c1ca9174a	https://symbiota.ccber.ucsb.edu/kummel/2025/7897693880.jpg	no	no	404	HEAD	text/html; charset=utf-8	162	https://symbiota.ccber.ucsb.edu/kummel/2025/7897693880.jpg	21	HTTPError: Not Found
7585	90b2f458-0342-451f-8039-ad3d833fa143	https://symbiota.ccber.ucsb.edu/kummel/2025/7897787758.jpg	no	no	404	HEAD	text/html; charset=utf-8	162	https://symbiota.ccber.ucsb.edu/kummel/2025/7897787758.jpg	22	HTTPError: Not Found
7586	d2cc7e09-565b-4993-93b7-6f7a5abcee39	https://symbiota.ccber.ucsb.edu/kummel/2025/7897865622.jpg	no	no	404	HEAD	text/html; charset=utf-8	162	https://symbiota.ccber.ucsb.edu/kummel/2025/7897865622.jpg	23	HTTPError: Not Found
7587	1b384221-751e-4a09-afa9-1a1c6a0a940b	https://symbiota.ccber.ucsb.edu/kummel/2025/7897928158.jpg	no	no	404	HEAD	text/html; charset=utf-8	162	https://symbiota.ccber.ucsb.edu/kummel/2025/7897928158.jpg	38	HTTPError: Not Found
7588	9eb60156-185f-4857-bdcb-1ef75bd976e6	https://symbiota.ccber.ucsb.edu/kummel/2025/7898025166.jpg	no	no	404	HEAD	text/html; charset=utf-8	162	https://symbiota.ccber.ucsb.edu/kummel/2025/7898025166.jpg	24	HTTPError: Not Found
7589	34207b8d-0528-4fd6-be4c-528ea1b3f1ea	https://symbiota.ccber.ucsb.edu/kummel/2025/7903178970.jpg	no	no	404	HEAD	text/html; charset=utf-8	162	https://symbiota.ccber.ucsb.edu/kummel/2025/7903178970.jpg	30	HTTPError: Not Found
7590	83ca155a-9e26-4859-a94f-c01227365059	https://symbiota.ccber.ucsb.edu/kummel/2025/7903243958.jpg	no	no	404	HEAD	text/html; charset=utf-8	162	https://symbiota.ccber.ucsb.edu/kummel/2025/7903243958.jpg	35	HTTPError: Not Found
7591	cb686bfa-d941-4bdd-8fb0-e2e379ca01d4	https://symbiota.ccber.ucsb.edu/kummel/2025/7903335696.jpg	no	no	404	HEAD	text/html; charset=utf-8	162	https://symbiota.ccber.ucsb.edu/kummel/2025/7903335696.jpg	25	HTTPError: Not Found
7592	4f5f9b24-1ad1-439b-988d-97bdf7be6854	https://symbiota.ccber.ucsb.edu/kummel/2025/7903376790.jpg	no	no	404	HEAD	text/html; charset=utf-8	162	https://symbiota.ccber.ucsb.edu/kummel/2025/7903376790.jpg	31	HTTPError: Not Found
7593	af68f292-d0ec-4fd7-a9d3-536f4c3419a5	https://symbiota.ccber.ucsb.edu/kummel/2025/7903441588.jpg	no	no	404	HEAD	text/html; charset=utf-8	162	https://symbiota.ccber.ucsb.edu/kummel/2025/7903441588.jpg	31	HTTPError: Not Found
7594	883e660f-acf6-44b2-b0e3-13f9ad8f24e2	https://symbiota.ccber.ucsb.edu/kummel/2025/7903473550.jpg	no	no	404	HEAD	text/html; charset=utf-8	162	https://symbiota.ccber.ucsb.edu/kummel/2025/7903473550.jpg	38	HTTPError: Not Found
7595	cd63669f-b645-47d5-a6d7-48d8d81be430	https://symbiota.ccber.ucsb.edu/kummel/2025/7903524778.jpg	no	no	404	HEAD	text/html; charset=utf-8	162	https://symbiota.ccber.ucsb.edu/kummel/2025/7903524778.jpg	26	HTTPError: Not Found
7596	438f882f-f38c-46f3-b9f0-df327c701f52	https://symbiota.ccber.ucsb.edu/kummel/2025/7903572166.jpg	no	no	404	HEAD	text/html; charset=utf-8	162	https://symbiota.ccber.ucsb.edu/kummel/2025/7903572166.jpg	34	HTTPError: Not Found
7597	e1cef7de-ec48-4ad7-8534-db22fdea8d85	https://symbiota.ccber.ucsb.edu/kummel/2025/7909850040.jpg	no	no	404	HEAD	text/html; charset=utf-8	162	https://symbiota.ccber.ucsb.edu/kummel/2025/7909850040.jpg	31	HTTPError: Not Found
7598	d8487b6a-2146-4b4d-8b08-49d552d34f66	https://symbiota.ccber.ucsb.edu/kummel/2025/7909910574.jpg	no	no	404	HEAD	text/html; charset=utf-8	162	https://symbiota.ccber.ucsb.edu/kummel/2025/7909910574.jpg	22	HTTPError: Not Found
7599	80cff4f9-6c9c-4d7b-b498-4e75fad4b635	https://symbiota.ccber.ucsb.edu/kummel/2025/7910157742.jpg	no	no	404	HEAD	text/html; charset=utf-8	162	https://symbiota.ccber.ucsb.edu/kummel/2025/7910157742.jpg	17	HTTPError: Not Found
7600	8b05be97-f804-4f2a-9cd2-bed1b29253d0	https://symbiota.ccber.ucsb.edu/kummel/2025/7910257806.jpg	no	no	404	HEAD	text/html; charset=utf-8	162	https://symbiota.ccber.ucsb.edu/kummel/2025/7910257806.jpg	25	HTTPError: Not Found
7601	5d086fbb-435b-4dc2-a628-6cdcdd6012fe	https://symbiota.ccber.ucsb.edu/kummel/2025/7910329612.jpg	no	no	404	HEAD	text/html; charset=utf-8	162	https://symbiota.ccber.ucsb.edu/kummel/2025/7910329612.jpg	25	HTTPError: Not Found
7602	08c562dd-1bc9-442b-94ec-b7dfb2d27752	https://symbiota.ccber.ucsb.edu/kummel/2025/7910385370.jpg	no	no	404	HEAD	text/html; charset=utf-8	162	https://symbiota.ccber.ucsb.edu/kummel/2025/7910385370.jpg	34	HTTPError: Not Found
7603	5747b5e2-0c71-4630-866b-c7f22034b0da	https://symbiota.ccber.ucsb.edu/kummel/2025/7910449146.jpg	no	no	404	HEAD	text/html; charset=utf-8	162	https://symbiota.ccber.ucsb.edu/kummel/2025/7910449146.jpg	27	HTTPError: Not Found
7604	8ed0c44f-5a26-448e-9273-606c8d682f9c	https://symbiota.ccber.ucsb.edu/kummel/2025/7918132426.jpg	no	no	404	HEAD	text/html; charset=utf-8	162	https://symbiota.ccber.ucsb.edu/kummel/2025/7918132426.jpg	20	HTTPError: Not Found
7605	c1dda034-59d3-4321-b925-119530791c3d	https://symbiota.ccber.ucsb.edu/kummel/2025/7918187178.jpg	no	no	404	HEAD	text/html; charset=utf-8	162	https://symbiota.ccber.ucsb.edu/kummel/2025/7918187178.jpg	36	HTTPError: Not Found
7606	68bd7180-f4bd-4aa7-af7a-62b25c95797a	https://symbiota.ccber.ucsb.edu/kummel/2025/7926270926.jpg	no	no	404	HEAD	text/html; charset=utf-8	162	https://symbiota.ccber.ucsb.edu/kummel/2025/7926270926.jpg	36	HTTPError: Not Found
7607	4ebbe80c-9221-4be3-b3dc-eb60981045bc	https://symbiota.ccber.ucsb.edu/kummel/2025/7926348036.jpg	no	no	404	HEAD	text/html; charset=utf-8	162	https://symbiota.ccber.ucsb.edu/kummel/2025/7926348036.jpg	23	HTTPError: Not Found
7608	941a29fe-129e-4711-8fda-15e327e79164	https://symbiota.ccber.ucsb.edu/kummel/2025/7933499672.jpg	no	no	404	HEAD	text/html; charset=utf-8	162	https://symbiota.ccber.ucsb.edu/kummel/2025/7933499672.jpg	27	HTTPError: Not Found
7609	fcd0e2ed-3be4-4c4b-909a-79adcf1803cc	https://symbiota.ccber.ucsb.edu/kummel/2025/7933627720.jpg	no	no	404	HEAD	text/html; charset=utf-8	162	https://symbiota.ccber.ucsb.edu/kummel/2025/7933627720.jpg	24	HTTPError: Not Found
7610	123a2498-1c3c-4b61-b292-b1c07b4f2231	https://symbiota.ccber.ucsb.edu/kummel/2025/7933674326.jpg	no	no	404	HEAD	text/html; charset=utf-8	162	https://symbiota.ccber.ucsb.edu/kummel/2025/7933674326.jpg	22	HTTPError: Not Found
7611	2e3c48f9-88eb-499f-8a6f-2d0595251a08	https://symbiota.ccber.ucsb.edu/kummel/2025/7933764358.jpg	no	no	404	HEAD	text/html; charset=utf-8	162	https://symbiota.ccber.ucsb.edu/kummel/2025/7933764358.jpg	25	HTTPError: Not Found
7612	8a2296e6-f0b0-451e-92a5-628ce1fc561c	https://symbiota.ccber.ucsb.edu/kummel/2025/7933841118.jpg	no	no	404	HEAD	text/html; charset=utf-8	162	https://symbiota.ccber.ucsb.edu/kummel/2025/7933841118.jpg	27	HTTPError: Not Found
7613	308c6eb2-442c-4dc0-9427-cab688628112	https://symbiota.ccber.ucsb.edu/kummel/2025/7933969588.jpg	no	no	404	HEAD	text/html; charset=utf-8	162	https://symbiota.ccber.ucsb.edu/kummel/2025/7933969588.jpg	36	HTTPError: Not Found
7614	8831ea32-76e6-4231-9d77-15da8474d782	https://symbiota.ccber.ucsb.edu/kummel/2025/7934066252.jpg	no	no	404	HEAD	text/html; charset=utf-8	162	https://symbiota.ccber.ucsb.edu/kummel/2025/7934066252.jpg	36	HTTPError: Not Found
7615	07c1979a-6464-461f-a887-372527c15e86	https://symbiota.ccber.ucsb.edu/kummel/2025/7934243916.jpg	no	no	404	HEAD	text/html; charset=utf-8	162	https://symbiota.ccber.ucsb.edu/kummel/2025/7934243916.jpg	20	HTTPError: Not Found
7616	9af12f50-18ee-4194-b6fd-5dd0790611bc	https://symbiota.ccber.ucsb.edu/kummel/2025/7940339586.jpg	no	no	404	HEAD	text/html; charset=utf-8	162	https://symbiota.ccber.ucsb.edu/kummel/2025/7940339586.jpg	30	HTTPError: Not Found
7617	a4bc336c-7f3f-44e7-a42f-7baf83c1513d	https://symbiota.ccber.ucsb.edu/kummel/2025/7940377800.jpg	no	no	404	HEAD	text/html; charset=utf-8	162	https://symbiota.ccber.ucsb.edu/kummel/2025/7940377800.jpg	30	HTTPError: Not Found
7618	001d0774-fa75-429e-a5fc-b3ef02fd9f62	https://symbiota.ccber.ucsb.edu/kummel/2025/7940436318.jpg	no	no	404	HEAD	text/html; charset=utf-8	162	https://symbiota.ccber.ucsb.edu/kummel/2025/7940436318.jpg	69	HTTPError: Not Found
7619	cdcfc1e7-16ab-4193-bfd5-82d7e47bc517	https://symbiota.ccber.ucsb.edu/kummel/2025/7940471490.jpg	no	no	404	HEAD	text/html; charset=utf-8	162	https://symbiota.ccber.ucsb.edu/kummel/2025/7940471490.jpg	95	HTTPError: Not Found
7620	e1e60aa5-2023-4d77-9a59-f53639791d23	https://symbiota.ccber.ucsb.edu/kummel/2025/7940568300.jpg	no	no	404	HEAD	text/html; charset=utf-8	162	https://symbiota.ccber.ucsb.edu/kummel/2025/7940568300.jpg	24	HTTPError: Not Found
7621	02e5023f-fb03-45f4-a19e-acbfba1e6c6d	https://symbiota.ccber.ucsb.edu/kummel/2025/7940716360.jpg	no	no	404	HEAD	text/html; charset=utf-8	162	https://symbiota.ccber.ucsb.edu/kummel/2025/7940716360.jpg	56	HTTPError: Not Found
7622	52587d87-c5db-4c4f-8856-8336da07def2	https://symbiota.ccber.ucsb.edu/kummel/2025/7940768998.jpg	no	no	404	HEAD	text/html; charset=utf-8	162	https://symbiota.ccber.ucsb.edu/kummel/2025/7940768998.jpg	55	HTTPError: Not Found
7623	5f5bca94-c6bc-4ae4-bbc8-ffac40abd097	https://symbiota.ccber.ucsb.edu/kummel/2025/7940924722.jpg	no	no	404	HEAD	text/html; charset=utf-8	162	https://symbiota.ccber.ucsb.edu/kummel/2025/7940924722.jpg	14	HTTPError: Not Found
7624	42fa0f02-9669-4ab4-8490-3806fae8dad4	https://symbiota.ccber.ucsb.edu/kummel/2025/7946731822.jpg	no	no	404	HEAD	text/html; charset=utf-8	162	https://symbiota.ccber.ucsb.edu/kummel/2025/7946731822.jpg	21	HTTPError: Not Found
7625	2aaab5dc-fa88-42e4-9774-3c6cfadf14b9	https://symbiota.ccber.ucsb.edu/kummel/2025/7946775288.jpg	no	no	404	HEAD	text/html; charset=utf-8	162	https://symbiota.ccber.ucsb.edu/kummel/2025/7946775288.jpg	15	HTTPError: Not Found
7626	33e619e3-3827-42d8-a1ea-0e3cf90ecf0d	https://symbiota.ccber.ucsb.edu/kummel/2025/7946873536.jpg	no	no	404	HEAD	text/html; charset=utf-8	162	https://symbiota.ccber.ucsb.edu/kummel/2025/7946873536.jpg	26	HTTPError: Not Found
7627	d9f01da6-cdb8-4422-a0e3-3418ce23f9bf	https://symbiota.ccber.ucsb.edu/kummel/2025/7946944794.jpg	no	no	404	HEAD	text/html; charset=utf-8	162	https://symbiota.ccber.ucsb.edu/kummel/2025/7946944794.jpg	30	HTTPError: Not Found
7628	23308a42-38a1-441b-898e-22c587072245	https://symbiota.ccber.ucsb.edu/kummel/2025/7947002554.jpg	no	no	404	HEAD	text/html; charset=utf-8	162	https://symbiota.ccber.ucsb.edu/kummel/2025/7947002554.jpg	14	HTTPError: Not Found
7629	b12f6dc1-5cc4-43e9-949c-df906eb65793	https://symbiota.ccber.ucsb.edu/kummel/2025/7947134956.jpg	no	no	404	HEAD	text/html; charset=utf-8	162	https://symbiota.ccber.ucsb.edu/kummel/2025/7947134956.jpg	25	HTTPError: Not Found
7630	27484bc8-6518-4f85-83d9-2cefda332a78	https://symbiota.ccber.ucsb.edu/kummel/2025/7947170326.jpg	no	no	404	HEAD	text/html; charset=utf-8	162	https://symbiota.ccber.ucsb.edu/kummel/2025/7947170326.jpg	23	HTTPError: Not Found
7631	f42495e2-4f0a-4ddc-a4f2-61e7c734382c	https://symbiota.ccber.ucsb.edu/kummel/2025/7947259058.jpg	no	no	404	HEAD	text/html; charset=utf-8	162	https://symbiota.ccber.ucsb.edu/kummel/2025/7947259058.jpg	18	HTTPError: Not Found
7632	e47b8e20-209f-41e6-a43f-9a8325519aa1	https://symbiota.ccber.ucsb.edu/kummel/2025/7952501830.jpg	no	no	404	HEAD	text/html; charset=utf-8	162	https://symbiota.ccber.ucsb.edu/kummel/2025/7952501830.jpg	21	HTTPError: Not Found
7633	2a226f9a-d2b7-49db-b452-0c64ccfae33b	https://symbiota.ccber.ucsb.edu/kummel/2025/7952573070.jpg	no	no	404	HEAD	text/html; charset=utf-8	162	https://symbiota.ccber.ucsb.edu/kummel/2025/7952573070.jpg	26	HTTPError: Not Found
7634	fd1a03ab-bf83-4a09-a1b4-702a2428884d	https://symbiota.ccber.ucsb.edu/kummel/2025/7952648620.jpg	no	no	404	HEAD	text/html; charset=utf-8	162	https://symbiota.ccber.ucsb.edu/kummel/2025/7952648620.jpg	38	HTTPError: Not Found
7635	e61683eb-f79f-4cb2-8b8f-1e7506b54701	https://symbiota.ccber.ucsb.edu/kummel/2025/7952723024.jpg	no	no	404	HEAD	text/html; charset=utf-8	162	https://symbiota.ccber.ucsb.edu/kummel/2025/7952723024.jpg	29	HTTPError: Not Found
7636	9f066bd1-04a7-4ebe-8f46-b803890aa47e	https://symbiota.ccber.ucsb.edu/kummel/2025/7952748416.jpg	no	no	404	HEAD	text/html; charset=utf-8	162	https://symbiota.ccber.ucsb.edu/kummel/2025/7952748416.jpg	17	HTTPError: Not Found
7637	726062e5-39f8-4cdb-8ead-5d24cf78e35b	https://symbiota.ccber.ucsb.edu/kummel/2025/7952828858.jpg	no	no	404	HEAD	text/html; charset=utf-8	162	https://symbiota.ccber.ucsb.edu/kummel/2025/7952828858.jpg	29	HTTPError: Not Found
7638	aa835aa9-47ba-476f-a130-fbf46acc94ab	https://symbiota.ccber.ucsb.edu/kummel/2025/7952898390.jpg	no	no	404	HEAD	text/html; charset=utf-8	162	https://symbiota.ccber.ucsb.edu/kummel/2025/7952898390.jpg	30	HTTPError: Not Found
7639	942dd5ba-f28d-4d5b-bab9-3b3af2b37364	https://symbiota.ccber.ucsb.edu/kummel/2025/7952931148.jpg	no	no	404	HEAD	text/html; charset=utf-8	162	https://symbiota.ccber.ucsb.edu/kummel/2025/7952931148.jpg	19	HTTPError: Not Found
7640	116b93ce-a81e-4306-9279-8030243d2f22	https://symbiota.ccber.ucsb.edu/kummel/2025/7958771218.jpg	no	no	404	HEAD	text/html; charset=utf-8	162	https://symbiota.ccber.ucsb.edu/kummel/2025/7958771218.jpg	19	HTTPError: Not Found
7641	0823aa52-7f45-408c-8bba-7f55ca107f2f	https://symbiota.ccber.ucsb.edu/kummel/2025/7958882020.jpg	no	no	404	HEAD	text/html; charset=utf-8	162	https://symbiota.ccber.ucsb.edu/kummel/2025/7958882020.jpg	30	HTTPError: Not Found
7642	2eab5f10-df22-41b9-ac37-3116a4dd025e	https://symbiota.ccber.ucsb.edu/kummel/2025/7958938528.jpg	no	no	404	HEAD	text/html; charset=utf-8	162	https://symbiota.ccber.ucsb.edu/kummel/2025/7958938528.jpg	32	HTTPError: Not Found
7643	69d235a5-a887-4fe8-b1bc-0eacb1f3f5dc	https://symbiota.ccber.ucsb.edu/kummel/2025/7959018438.jpg	no	no	404	HEAD	text/html; charset=utf-8	162	https://symbiota.ccber.ucsb.edu/kummel/2025/7959018438.jpg	31	HTTPError: Not Found
7644	56a594b0-d11e-416c-9b93-4f2f2ac09510	https://symbiota.ccber.ucsb.edu/kummel/2025/7959102316.jpg	no	no	404	HEAD	text/html; charset=utf-8	162	https://symbiota.ccber.ucsb.edu/kummel/2025/7959102316.jpg	23	HTTPError: Not Found
7645	b5ae3f7f-93a7-42a0-9a3d-8ef5f41a72a7	https://symbiota.ccber.ucsb.edu/kummel/2025/7959230254.jpg	no	no	404	HEAD	text/html; charset=utf-8	162	https://symbiota.ccber.ucsb.edu/kummel/2025/7959230254.jpg	34	HTTPError: Not Found
7646	13a3053b-1469-450c-96a5-cc1426a41d76	https://symbiota.ccber.ucsb.edu/kummel/2025/7959408176.jpg	no	no	404	HEAD	text/html; charset=utf-8	162	https://symbiota.ccber.ucsb.edu/kummel/2025/7959408176.jpg	35	HTTPError: Not Found
7647	ffbab10b-6196-4221-921e-1de4fc1198f1	https://symbiota.ccber.ucsb.edu/kummel/2025/7959504936.jpg	no	no	404	HEAD	text/html; charset=utf-8	162	https://symbiota.ccber.ucsb.edu/kummel/2025/7959504936.jpg	18	HTTPError: Not Found
7648	3a75bed0-0a87-4273-94ea-46f7112cd4b5	https://symbiota.ccber.ucsb.edu/kummel/2025/7966773936.jpg	no	no	404	HEAD	text/html; charset=utf-8	162	https://symbiota.ccber.ucsb.edu/kummel/2025/7966773936.jpg	97	HTTPError: Not Found
7649	0ae0e2a2-125c-427a-abb7-acb298f8c125	https://symbiota.ccber.ucsb.edu/kummel/2025/7966882804.jpg	no	no	404	HEAD	text/html; charset=utf-8	162	https://symbiota.ccber.ucsb.edu/kummel/2025/7966882804.jpg	73	HTTPError: Not Found
7650	b14fafed-52a1-4ec9-9d7e-24172eca02c3	https://symbiota.ccber.ucsb.edu/kummel/2025/7966978956.jpg	no	no	404	HEAD	text/html; charset=utf-8	162	https://symbiota.ccber.ucsb.edu/kummel/2025/7966978956.jpg	32	HTTPError: Not Found
7651	feb5520a-2c64-4a3b-afc6-6813c65c5e6a	https://symbiota.ccber.ucsb.edu/kummel/2025/7967050654.jpg	no	no	404	HEAD	text/html; charset=utf-8	162	https://symbiota.ccber.ucsb.edu/kummel/2025/7967050654.jpg	51	HTTPError: Not Found
7652	4fd0bac2-30cc-4791-9fc7-4c21afd82aa8	https://symbiota.ccber.ucsb.edu/kummel/2025/7967166262.jpg	no	no	404	HEAD	text/html; charset=utf-8	162	https://symbiota.ccber.ucsb.edu/kummel/2025/7967166262.jpg	31	HTTPError: Not Found
7653	9c700b22-8904-4095-8280-1fb4b7a99fdf	https://symbiota.ccber.ucsb.edu/kummel/2025/7967333898.jpg	no	no	404	HEAD	text/html; charset=utf-8	162	https://symbiota.ccber.ucsb.edu/kummel/2025/7967333898.jpg	24	HTTPError: Not Found
7654	5ca1aab0-984c-42f0-8a23-a61fbcb587d9	https://symbiota.ccber.ucsb.edu/kummel/2025/7967468668.jpg	no	no	404	HEAD	text/html; charset=utf-8	162	https://symbiota.ccber.ucsb.edu/kummel/2025/7967468668.jpg	28	HTTPError: Not Found
7655	25f16869-cd51-47ae-a8e5-4d93525359db	https://symbiota.ccber.ucsb.edu/kummel/2025/7967580522.jpg	no	no	404	HEAD	text/html; charset=utf-8	162	https://symbiota.ccber.ucsb.edu/kummel/2025/7967580522.jpg	35	HTTPError: Not Found
7656	d4877de9-c13c-470a-bd3f-5b79f78cc72c	https://symbiota.ccber.ucsb.edu/kummel/2025/7974591858.jpg	no	no	404	HEAD	text/html; charset=utf-8	162	https://symbiota.ccber.ucsb.edu/kummel/2025/7974591858.jpg	37	HTTPError: Not Found
7657	e517f7c4-39be-4110-8cb9-224fd80312df	https://symbiota.ccber.ucsb.edu/kummel/2025/7974605840.jpg	no	no	404	HEAD	text/html; charset=utf-8	162	https://symbiota.ccber.ucsb.edu/kummel/2025/7974605840.jpg	38	HTTPError: Not Found
7658	a91a6837-53bc-4283-adae-7aa70656ef7d	https://symbiota.ccber.ucsb.edu/kummel/2025/7974654022.jpg	no	no	404	HEAD	text/html; charset=utf-8	162	https://symbiota.ccber.ucsb.edu/kummel/2025/7974654022.jpg	28	HTTPError: Not Found
7659	b23a6df4-6608-4592-afa5-0403c5f82342	https://symbiota.ccber.ucsb.edu/kummel/2025/7974711832.jpg	no	no	404	HEAD	text/html; charset=utf-8	162	https://symbiota.ccber.ucsb.edu/kummel/2025/7974711832.jpg	27	HTTPError: Not Found
7660	bbf2e20f-95ae-40af-9a38-73a13d773c83	https://symbiota.ccber.ucsb.edu/kummel/2025/7974732335.jpg	no	no	404	HEAD	text/html; charset=utf-8	162	https://symbiota.ccber.ucsb.edu/kummel/2025/7974732335.jpg	43	HTTPError: Not Found
7661	7f45aaa5-4766-4654-8ce9-1dff70ba6f97	https://symbiota.ccber.ucsb.edu/kummel/2025/7974769030.jpg	no	no	404	HEAD	text/html; charset=utf-8	162	https://symbiota.ccber.ucsb.edu/kummel/2025/7974769030.jpg	29	HTTPError: Not Found
7662	3dca3e02-9f8d-4428-b13c-4ff4dca05cd6	https://symbiota.ccber.ucsb.edu/kummel/2025/7974833973.jpg	no	no	404	HEAD	text/html; charset=utf-8	162	https://symbiota.ccber.ucsb.edu/kummel/2025/7974833973.jpg	29	HTTPError: Not Found
7663	7948b134-5bec-4e74-a611-91f5cd806b31	https://symbiota.ccber.ucsb.edu/kummel/2025/7974860579.jpg	no	no	404	HEAD	text/html; charset=utf-8	162	https://symbiota.ccber.ucsb.edu/kummel/2025/7974860579.jpg	29	HTTPError: Not Found
7664	042d9f2f-d989-4b35-8dd4-49ac5356b93c	https://symbiota.ccber.ucsb.edu/kummel/2025/7978061470.jpg	no	no	404	HEAD	text/html; charset=utf-8	162	https://symbiota.ccber.ucsb.edu/kummel/2025/7978061470.jpg	33	HTTPError: Not Found
7665	9d344eed-e167-4c6f-9d0b-379756b941ce	https://symbiota.ccber.ucsb.edu/kummel/2025/7978093426.jpg	no	no	404	HEAD	text/html; charset=utf-8	162	https://symbiota.ccber.ucsb.edu/kummel/2025/7978093426.jpg	29	HTTPError: Not Found
7666	e5c6051f-3055-4783-8e6e-ab20e9f1dff4	https://symbiota.ccber.ucsb.edu/kummel/2025/7978133393.jpg	no	no	404	HEAD	text/html; charset=utf-8	162	https://symbiota.ccber.ucsb.edu/kummel/2025/7978133393.jpg	44	HTTPError: Not Found
7667	04edabfb-f4d3-420c-81f5-b9af2fdeaf42	https://symbiota.ccber.ucsb.edu/kummel/2025/7978153544.jpg	no	no	404	HEAD	text/html; charset=utf-8	162	https://symbiota.ccber.ucsb.edu/kummel/2025/7978153544.jpg	21	HTTPError: Not Found
7668	ef8988d8-910c-4e1f-87f0-92564bbbc607	https://symbiota.ccber.ucsb.edu/kummel/2025/7978193501.jpg	no	no	404	HEAD	text/html; charset=utf-8	162	https://symbiota.ccber.ucsb.edu/kummel/2025/7978193501.jpg	27	HTTPError: Not Found
7669	db3c572b-884a-459a-b80f-89c66e69a04b	https://symbiota.ccber.ucsb.edu/kummel/2025/7978213055.jpg	no	no	404	HEAD	text/html; charset=utf-8	162	https://symbiota.ccber.ucsb.edu/kummel/2025/7978213055.jpg	23	HTTPError: Not Found
7670	bca6ee9c-d5a6-4dec-8777-b683dd582885	https://symbiota.ccber.ucsb.edu/kummel/2025/7978253456.jpg	no	no	404	HEAD	text/html; charset=utf-8	162	https://symbiota.ccber.ucsb.edu/kummel/2025/7978253456.jpg	35	HTTPError: Not Found
7671	d550a7f4-ad18-4e9d-a8bb-854f60fa8b73	https://symbiota.ccber.ucsb.edu/kummel/2025/7978317093.jpg	no	no	404	HEAD	text/html; charset=utf-8	162	https://symbiota.ccber.ucsb.edu/kummel/2025/7978317093.jpg	36	HTTPError: Not Found
7672	a5a2c006-386c-4657-92b6-f393e1e1cfcc	https://symbiota.ccber.ucsb.edu/kummel/2025/7981122761.jpg	no	no	404	HEAD	text/html; charset=utf-8	162	https://symbiota.ccber.ucsb.edu/kummel/2025/7981122761.jpg	35	HTTPError: Not Found
7673	df7f373d-debf-442d-940c-06726e4a34d0	https://symbiota.ccber.ucsb.edu/kummel/2025/7981142844.jpg	no	no	404	HEAD	text/html; charset=utf-8	162	https://symbiota.ccber.ucsb.edu/kummel/2025/7981142844.jpg	38	HTTPError: Not Found
7674	2ff0e39d-82d8-466f-a61c-d44115d7bd13	https://symbiota.ccber.ucsb.edu/kummel/2025/7981156153.jpg	no	no	404	HEAD	text/html; charset=utf-8	162	https://symbiota.ccber.ucsb.edu/kummel/2025/7981156153.jpg	21	HTTPError: Not Found
7675	14d54a98-0cd6-48d5-8616-e5f0b666b5ab	https://symbiota.ccber.ucsb.edu/kummel/2025/7981196900.jpg	no	no	404	HEAD	text/html; charset=utf-8	162	https://symbiota.ccber.ucsb.edu/kummel/2025/7981196900.jpg	26	HTTPError: Not Found
7676	50cecc41-752f-498f-a62e-9374d12a2383	https://symbiota.ccber.ucsb.edu/kummel/2025/7981216747.jpg	no	no	404	HEAD	text/html; charset=utf-8	162	https://symbiota.ccber.ucsb.edu/kummel/2025/7981216747.jpg	35	HTTPError: Not Found
7677	ffe2237c-fe80-493c-9552-34cb7e37ae49	https://symbiota.ccber.ucsb.edu/kummel/2025/7981290175.jpg	no	no	404	HEAD	text/html; charset=utf-8	162	https://symbiota.ccber.ucsb.edu/kummel/2025/7981290175.jpg	30	HTTPError: Not Found
7678	9fd28d62-ca5b-4b32-bcac-2cba9a92bc02	https://symbiota.ccber.ucsb.edu/kummel/2025/7981320005.jpg	no	no	404	HEAD	text/html; charset=utf-8	162	https://symbiota.ccber.ucsb.edu/kummel/2025/7981320005.jpg	29	HTTPError: Not Found
7679	94f8c49f-63ec-44c2-bfbf-492fb72dd5c4	https://symbiota.ccber.ucsb.edu/kummel/2025/7981352261.jpg	no	no	404	HEAD	text/html; charset=utf-8	162	https://symbiota.ccber.ucsb.edu/kummel/2025/7981352261.jpg	28	HTTPError: Not Found
7680	5e6d34d5-59c7-4794-a2a7-703012caa240	https://symbiota.ccber.ucsb.edu/kummel/2025/7984437993.jpg	no	no	404	HEAD	text/html; charset=utf-8	162	https://symbiota.ccber.ucsb.edu/kummel/2025/7984437993.jpg	35	HTTPError: Not Found
7681	51811009-9937-4ecf-b9f2-6120308b23a6	https://symbiota.ccber.ucsb.edu/kummel/2025/7984486702.jpg	no	no	404	HEAD	text/html; charset=utf-8	162	https://symbiota.ccber.ucsb.edu/kummel/2025/7984486702.jpg	34	HTTPError: Not Found
7682	eda05715-5be4-4b5f-875a-67ceb6c2c4b2	https://symbiota.ccber.ucsb.edu/kummel/2025/7986946312.jpg	no	no	404	HEAD	text/html; charset=utf-8	162	https://symbiota.ccber.ucsb.edu/kummel/2025/7986946312.jpg	34	HTTPError: Not Found
7683	9db1d78e-d5d1-4825-a71b-8a4780f298c0	https://symbiota.ccber.ucsb.edu/kummel/2025/7986969777.jpg	no	no	404	HEAD	text/html; charset=utf-8	162	https://symbiota.ccber.ucsb.edu/kummel/2025/7986969777.jpg	26	HTTPError: Not Found
7684	f7b2ef70-96dc-4737-8b1a-baf90912c627	https://symbiota.ccber.ucsb.edu/kummel/2025/7986996761.jpg	no	no	404	HEAD	text/html; charset=utf-8	162	https://symbiota.ccber.ucsb.edu/kummel/2025/7986996761.jpg	52	HTTPError: Not Found
7685	8c59ac4b-9d9e-41ba-954d-02a668364925	https://symbiota.ccber.ucsb.edu/kummel/2025/7987011197.jpg	no	no	404	HEAD	text/html; charset=utf-8	162	https://symbiota.ccber.ucsb.edu/kummel/2025/7987011197.jpg	24	HTTPError: Not Found
7686	4e69a196-cac2-476a-b5f8-bef6a9800cb5	https://symbiota.ccber.ucsb.edu/kummel/2025/7987038943.jpg	no	no	404	HEAD	text/html; charset=utf-8	162	https://symbiota.ccber.ucsb.edu/kummel/2025/7987038943.jpg	36	HTTPError: Not Found
7687	ba7eb838-89a5-4de3-868d-d78fd82d06ce	https://symbiota.ccber.ucsb.edu/kummel/2025/7987099674.jpg	no	no	404	HEAD	text/html; charset=utf-8	162	https://symbiota.ccber.ucsb.edu/kummel/2025/7987099674.jpg	26	HTTPError: Not Found
7688	70b5a3b7-9ad8-42d5-b82f-d1055dc0c99b	https://symbiota.ccber.ucsb.edu/kummel/2025/7987115725.jpg	no	no	404	HEAD	text/html; charset=utf-8	162	https://symbiota.ccber.ucsb.edu/kummel/2025/7987115725.jpg	55	HTTPError: Not Found
7689	ba7a1c7c-6a81-41b5-9b08-b224af316c64	https://symbiota.ccber.ucsb.edu/kummel/2025/7987152106.jpg	no	no	404	HEAD	text/html; charset=utf-8	162	https://symbiota.ccber.ucsb.edu/kummel/2025/7987152106.jpg	29	HTTPError: Not Found
7690	fff84aed-f8b9-49ed-884a-912300af0d2f	https://symbiota.ccber.ucsb.edu/kummel/2025/7989973876.jpg	no	no	404	HEAD	text/html; charset=utf-8	162	https://symbiota.ccber.ucsb.edu/kummel/2025/7989973876.jpg	63	HTTPError: Not Found
7691	9efa310e-f53d-4aa8-ba11-d87b8b2699cb	https://symbiota.ccber.ucsb.edu/kummel/2025/7990033390.jpg	no	no	404	HEAD	text/html; charset=utf-8	162	https://symbiota.ccber.ucsb.edu/kummel/2025/7990033390.jpg	28	HTTPError: Not Found
7692	8d70ea0a-f66d-4bdc-bd8d-21b2c472c711	https://symbiota.ccber.ucsb.edu/kummel/2025/7990059216.jpg	no	no	404	HEAD	text/html; charset=utf-8	162	https://symbiota.ccber.ucsb.edu/kummel/2025/7990059216.jpg	45	HTTPError: Not Found
7693	0b66ae2e-bbb0-42d5-b539-d4af9bb3235e	https://symbiota.ccber.ucsb.edu/kummel/2025/7990105872.jpg	no	no	404	HEAD	text/html; charset=utf-8	162	https://symbiota.ccber.ucsb.edu/kummel/2025/7990105872.jpg	101	HTTPError: Not Found
7694	f9c14486-ab66-431a-8cd1-e46ca28073dc	https://symbiota.ccber.ucsb.edu/kummel/2025/7990127119.jpg	no	no	404	HEAD	text/html; charset=utf-8	162	https://symbiota.ccber.ucsb.edu/kummel/2025/7990127119.jpg	37	HTTPError: Not Found
7695	3efb3a3b-f69e-4a4a-8553-6801645a4a95	https://symbiota.ccber.ucsb.edu/kummel/2025/7990151689.jpg	no	no	404	HEAD	text/html; charset=utf-8	162	https://symbiota.ccber.ucsb.edu/kummel/2025/7990151689.jpg	51	HTTPError: Not Found
7696	39b81c36-82ce-4809-bcd6-0f8def60a4dd	https://symbiota.ccber.ucsb.edu/kummel/2025/7990192081.jpg	no	no	404	HEAD	text/html; charset=utf-8	162	https://symbiota.ccber.ucsb.edu/kummel/2025/7990192081.jpg	25	HTTPError: Not Found
7697	7be11e9e-af92-4452-92c8-1b347d1610c1	https://symbiota.ccber.ucsb.edu/kummel/2025/7990284105.jpg	no	no	404	HEAD	text/html; charset=utf-8	162	https://symbiota.ccber.ucsb.edu/kummel/2025/7990284105.jpg	56	HTTPError: Not Found
7698	a59948fa-47e2-4f5e-be2c-dcb6d57d5510	https://symbiota.ccber.ucsb.edu/kummel/2025/7994096829.jpg	no	no	404	HEAD	text/html; charset=utf-8	162	https://symbiota.ccber.ucsb.edu/kummel/2025/7994096829.jpg	43	HTTPError: Not Found
7699	51c335c9-f16a-4c16-805b-fb7af8da06f3	https://symbiota.ccber.ucsb.edu/kummel/2025/7994163882.jpg	no	no	404	HEAD	text/html; charset=utf-8	162	https://symbiota.ccber.ucsb.edu/kummel/2025/7994163882.jpg	22	HTTPError: Not Found
7700	9125105d-6b98-4703-b353-e3b1d857296e	https://symbiota.ccber.ucsb.edu/kummel/2025/7994216611.jpg	no	no	404	HEAD	text/html; charset=utf-8	162	https://symbiota.ccber.ucsb.edu/kummel/2025/7994216611.jpg	27	HTTPError: Not Found
7701	53e5e003-c0d5-4013-a72d-6416a01bb6c8	https://symbiota.ccber.ucsb.edu/kummel/2025/7994247749.jpg	no	no	404	HEAD	text/html; charset=utf-8	162	https://symbiota.ccber.ucsb.edu/kummel/2025/7994247749.jpg	52	HTTPError: Not Found
7702	715ea8c3-4a54-48f7-87eb-7acdc3ea7b13	https://symbiota.ccber.ucsb.edu/kummel/2025/7994315180.jpg	no	no	404	HEAD	text/html; charset=utf-8	162	https://symbiota.ccber.ucsb.edu/kummel/2025/7994315180.jpg	44	HTTPError: Not Found
7703	783414e9-9fc0-4f03-b6a9-575c9bdc94bb	https://symbiota.ccber.ucsb.edu/kummel/2025/7994361537.jpg	no	no	404	HEAD	text/html; charset=utf-8	162	https://symbiota.ccber.ucsb.edu/kummel/2025/7994361537.jpg	46	HTTPError: Not Found
7704	4ae95f39-032d-4e43-a1e6-e575ce5359fe	https://symbiota.ccber.ucsb.edu/kummel/2025/7994433660.jpg	no	no	404	HEAD	text/html; charset=utf-8	162	https://symbiota.ccber.ucsb.edu/kummel/2025/7994433660.jpg	25	HTTPError: Not Found
7705	6e84219a-6ebf-48e8-b9e7-bbc403a4bde6	https://symbiota.ccber.ucsb.edu/kummel/2025/7994496894.jpg	no	no	404	HEAD	text/html; charset=utf-8	162	https://symbiota.ccber.ucsb.edu/kummel/2025/7994496894.jpg	51	HTTPError: Not Found
7706	b1acb50c-6dc9-40a6-904b-ae7f415a8e39	https://symbiota.ccber.ucsb.edu/kummel/2025/7997893108.jpg	no	no	404	HEAD	text/html; charset=utf-8	162	https://symbiota.ccber.ucsb.edu/kummel/2025/7997893108.jpg	53	HTTPError: Not Found
7707	8db4aaec-a360-46ec-902b-491b10ef2d20	https://symbiota.ccber.ucsb.edu/kummel/2025/7997940370.jpg	no	no	404	HEAD	text/html; charset=utf-8	162	https://symbiota.ccber.ucsb.edu/kummel/2025/7997940370.jpg	26	HTTPError: Not Found
7708	34ce3933-8ff6-4f85-b010-0b3279d70901	https://symbiota.ccber.ucsb.edu/kummel/2025/7997977691.jpg	no	no	404	HEAD	text/html; charset=utf-8	162	https://symbiota.ccber.ucsb.edu/kummel/2025/7997977691.jpg	17	HTTPError: Not Found
7709	cb776b11-cdc6-47a0-8d73-0994da8af160	https://symbiota.ccber.ucsb.edu/kummel/2025/7998044205.jpg	no	no	404	HEAD	text/html; charset=utf-8	162	https://symbiota.ccber.ucsb.edu/kummel/2025/7998044205.jpg	36	HTTPError: Not Found
7710	53c9989f-6a48-4317-902a-d84658a242ce	https://symbiota.ccber.ucsb.edu/kummel/2025/7998101068.jpg	no	no	404	HEAD	text/html; charset=utf-8	162	https://symbiota.ccber.ucsb.edu/kummel/2025/7998101068.jpg	31	HTTPError: Not Found
7711	e49d8e5f-130c-44e7-9dbd-ee1799300fd7	https://symbiota.ccber.ucsb.edu/kummel/2025/7998136493.jpg	no	no	404	HEAD	text/html; charset=utf-8	162	https://symbiota.ccber.ucsb.edu/kummel/2025/7998136493.jpg	25	HTTPError: Not Found
7712	99c85fb8-0e52-4694-9ee5-f2197ea248e8	https://symbiota.ccber.ucsb.edu/kummel/2025/7998236215.jpg	no	no	404	HEAD	text/html; charset=utf-8	162	https://symbiota.ccber.ucsb.edu/kummel/2025/7998236215.jpg	29	HTTPError: Not Found
7713	ec9a78f7-cf1b-4dbc-af46-354dfa4fc244	https://symbiota.ccber.ucsb.edu/kummel/2025/7998278574.jpg	no	no	404	HEAD	text/html; charset=utf-8	162	https://symbiota.ccber.ucsb.edu/kummel/2025/7998278574.jpg	15	HTTPError: Not Found
7714	fed2d079-dc14-4b0c-9576-1922630013cc	https://symbiota.ccber.ucsb.edu/kummel/2025/8001449390.jpg	no	no	404	HEAD	text/html; charset=utf-8	162	https://symbiota.ccber.ucsb.edu/kummel/2025/8001449390.jpg	37	HTTPError: Not Found
7715	c7a0c034-7342-4a42-a92a-eb1bbff08eaa	https://symbiota.ccber.ucsb.edu/kummel/2025/8001510819.jpg	no	no	404	HEAD	text/html; charset=utf-8	162	https://symbiota.ccber.ucsb.edu/kummel/2025/8001510819.jpg	31	HTTPError: Not Found
7716	91c108ba-ab00-41ef-86bf-7d330d4898fa	https://symbiota.ccber.ucsb.edu/kummel/2025/8001539174.jpg	no	no	404	HEAD	text/html; charset=utf-8	162	https://symbiota.ccber.ucsb.edu/kummel/2025/8001539174.jpg	35	HTTPError: Not Found
7717	34034fa5-6e8d-4846-a09a-72499fca7721	https://symbiota.ccber.ucsb.edu/kummel/2025/8001611501.jpg	no	no	404	HEAD	text/html; charset=utf-8	162	https://symbiota.ccber.ucsb.edu/kummel/2025/8001611501.jpg	65	HTTPError: Not Found
7718	64dc6a50-351f-4cb1-b828-e3c662a6ef76	https://symbiota.ccber.ucsb.edu/kummel/2025/8001638861.jpg	no	no	404	HEAD	text/html; charset=utf-8	162	https://symbiota.ccber.ucsb.edu/kummel/2025/8001638861.jpg	60	HTTPError: Not Found
7719	bca0acd7-7305-41b5-956d-f1cb648ed930	https://symbiota.ccber.ucsb.edu/kummel/2025/8001669836.jpg	no	no	404	HEAD	text/html; charset=utf-8	162	https://symbiota.ccber.ucsb.edu/kummel/2025/8001669836.jpg	42	HTTPError: Not Found
7720	630d0c14-e31e-4d5c-9049-ba2225cc655b	https://symbiota.ccber.ucsb.edu/kummel/2025/8001721471.jpg	no	no	404	HEAD	text/html; charset=utf-8	162	https://symbiota.ccber.ucsb.edu/kummel/2025/8001721471.jpg	31	HTTPError: Not Found
7721	3b806d9c-51f0-4c08-9cb0-ac788d8b0ac0	https://symbiota.ccber.ucsb.edu/kummel/2025/8001757869.jpg	no	no	404	HEAD	text/html; charset=utf-8	162	https://symbiota.ccber.ucsb.edu/kummel/2025/8001757869.jpg	43	HTTPError: Not Found
7722	11848479-2dea-4d16-a5b2-b1f69be6c7ed	https://symbiota.ccber.ucsb.edu/kummel/2025/8004751031.jpg	no	no	404	HEAD	text/html; charset=utf-8	162	https://symbiota.ccber.ucsb.edu/kummel/2025/8004751031.jpg	31	HTTPError: Not Found
7723	6130d06f-a9e8-4a4d-ac5a-a5d848517859	https://symbiota.ccber.ucsb.edu/kummel/2025/8004794517.jpg	no	no	404	HEAD	text/html; charset=utf-8	162	https://symbiota.ccber.ucsb.edu/kummel/2025/8004794517.jpg	31	HTTPError: Not Found
7724	15ced847-bac2-404f-b2c8-22ca3bff8fc3	https://symbiota.ccber.ucsb.edu/kummel/2025/8004811549.jpg	no	no	404	HEAD	text/html; charset=utf-8	162	https://symbiota.ccber.ucsb.edu/kummel/2025/8004811549.jpg	32	HTTPError: Not Found
7725	cc8d58ff-9cd4-4a0a-8a5a-60010e5a9ef2	https://symbiota.ccber.ucsb.edu/kummel/2025/8004865335.jpg	no	no	404	HEAD	text/html; charset=utf-8	162	https://symbiota.ccber.ucsb.edu/kummel/2025/8004865335.jpg	135	HTTPError: Not Found
7726	a74ea1b5-c556-4e45-9485-ceadf383e71e	https://symbiota.ccber.ucsb.edu/kummel/2025/8004884213.jpg	no	no	404	HEAD	text/html; charset=utf-8	162	https://symbiota.ccber.ucsb.edu/kummel/2025/8004884213.jpg	136	HTTPError: Not Found
7727	6887c7af-4a7f-43fe-afe0-c89f725f5e4f	https://symbiota.ccber.ucsb.edu/kummel/2025/8004938638.jpg	no	no	404	HEAD	text/html; charset=utf-8	162	https://symbiota.ccber.ucsb.edu/kummel/2025/8004938638.jpg	34	HTTPError: Not Found
7728	9487af94-571d-40e5-9e94-745aff309635	https://symbiota.ccber.ucsb.edu/kummel/2025/8005005925.jpg	no	no	404	HEAD	text/html; charset=utf-8	162	https://symbiota.ccber.ucsb.edu/kummel/2025/8005005925.jpg	27	HTTPError: Not Found
7729	c7b08f5f-55d8-4db5-b445-ea86aca5256c	https://symbiota.ccber.ucsb.edu/kummel/2025/8010631310.jpg	no	no	404	HEAD	text/html; charset=utf-8	162	https://symbiota.ccber.ucsb.edu/kummel/2025/8010631310.jpg	32	HTTPError: Not Found
7730	36c597cc-1a71-4468-a7d7-de6c5c193816	https://symbiota.ccber.ucsb.edu/kummel/2025/8010685598.jpg	no	no	404	HEAD	text/html; charset=utf-8	162	https://symbiota.ccber.ucsb.edu/kummel/2025/8010685598.jpg	37	HTTPError: Not Found
7731	aa9dfcb7-08de-4245-81c2-15bfb22a7187	https://symbiota.ccber.ucsb.edu/kummel/2025/8010709564.jpg	no	no	404	HEAD	text/html; charset=utf-8	162	https://symbiota.ccber.ucsb.edu/kummel/2025/8010709564.jpg	37	HTTPError: Not Found
7732	3ed1cdb9-b7fb-46b7-aa8c-488b2e8948c2	https://symbiota.ccber.ucsb.edu/kummel/2025/8010743170.jpg	no	no	404	HEAD	text/html; charset=utf-8	162	https://symbiota.ccber.ucsb.edu/kummel/2025/8010743170.jpg	30	HTTPError: Not Found
7733	154a6eae-4414-4c85-b4f5-7b71d3820587	https://symbiota.ccber.ucsb.edu/kummel/2025/8010762746.jpg	no	no	404	HEAD	text/html; charset=utf-8	162	https://symbiota.ccber.ucsb.edu/kummel/2025/8010762746.jpg	31	HTTPError: Not Found
7734	e36a0f70-c09e-4e86-8f32-c282a2f4071f	https://symbiota.ccber.ucsb.edu/kummel/2025/8010803040.jpg	no	no	404	HEAD	text/html; charset=utf-8	162	https://symbiota.ccber.ucsb.edu/kummel/2025/8010803040.jpg	28	HTTPError: Not Found
7735	40fc164f-b55b-40e7-b71c-feb5c587e79e	https://symbiota.ccber.ucsb.edu/kummel/2025/8010824517.jpg	no	no	404	HEAD	text/html; charset=utf-8	162	https://symbiota.ccber.ucsb.edu/kummel/2025/8010824517.jpg	27	HTTPError: Not Found
7736	07ba348e-bedb-4e0b-9603-3ec8fd0b8bc3	https://symbiota.ccber.ucsb.edu/kummel/2025/8013665006.jpg	no	no	404	HEAD	text/html; charset=utf-8	162	https://symbiota.ccber.ucsb.edu/kummel/2025/8013665006.jpg	30	HTTPError: Not Found
7737	a477d454-b657-46ca-9233-f614cdbd7a48	https://symbiota.ccber.ucsb.edu/kummel/2025/8013690685.jpg	no	no	404	HEAD	text/html; charset=utf-8	162	https://symbiota.ccber.ucsb.edu/kummel/2025/8013690685.jpg	32	HTTPError: Not Found
7738	626d1c04-8805-4809-ba4b-fe87cdbcffbb	https://symbiota.ccber.ucsb.edu/kummel/2025/8013716399.jpg	no	no	404	HEAD	text/html; charset=utf-8	162	https://symbiota.ccber.ucsb.edu/kummel/2025/8013716399.jpg	34	HTTPError: Not Found
7739	7c8490b9-1e5c-4963-a008-d33e6df7f8cc	https://symbiota.ccber.ucsb.edu/kummel/2025/8013824542.jpg	no	no	404	HEAD	text/html; charset=utf-8	162	https://symbiota.ccber.ucsb.edu/kummel/2025/8013824542.jpg	28	HTTPError: Not Found
7740	1605b4e6-c6f6-49fb-a1ea-cff4061d5ad4	https://symbiota.ccber.ucsb.edu/kummel/2025/8013842963.jpg	no	no	404	HEAD	text/html; charset=utf-8	162	https://symbiota.ccber.ucsb.edu/kummel/2025/8013842963.jpg	31	HTTPError: Not Found
7741	abf131d8-6b2a-4776-8203-3f739a4eb495	https://symbiota.ccber.ucsb.edu/kummel/2025/8013881852.jpg	no	no	404	HEAD	text/html; charset=utf-8	162	https://symbiota.ccber.ucsb.edu/kummel/2025/8013881852.jpg	42	HTTPError: Not Found
7742	4de9db08-02e5-4d49-9539-a791b3cdfd9d	https://symbiota.ccber.ucsb.edu/kummel/2025/8013937618.jpg	no	no	404	HEAD	text/html; charset=utf-8	162	https://symbiota.ccber.ucsb.edu/kummel/2025/8013937618.jpg	42	HTTPError: Not Found
7743	c6e2e33a-d970-4917-998d-84128e8e47a0	https://symbiota.ccber.ucsb.edu/kummel/2025/8014009216.jpg	no	no	404	HEAD	text/html; charset=utf-8	162	https://symbiota.ccber.ucsb.edu/kummel/2025/8014009216.jpg	55	HTTPError: Not Found
7744	1576ecff-fdca-4368-9556-d09f37987e21	https://symbiota.ccber.ucsb.edu/kummel/2025/8017606299.jpg	no	no	404	HEAD	text/html; charset=utf-8	162	https://symbiota.ccber.ucsb.edu/kummel/2025/8017606299.jpg	29	HTTPError: Not Found
7745	c752eb6f-a3f9-4616-9983-eb5f3028dd29	https://symbiota.ccber.ucsb.edu/kummel/2025/8017699249.jpg	no	no	404	HEAD	text/html; charset=utf-8	162	https://symbiota.ccber.ucsb.edu/kummel/2025/8017699249.jpg	43	HTTPError: Not Found
7746	965ff757-bc7d-4fee-933f-4beefaaeff92	https://symbiota.ccber.ucsb.edu/kummel/2025/8017739962.jpg	no	no	404	HEAD	text/html; charset=utf-8	162	https://symbiota.ccber.ucsb.edu/kummel/2025/8017739962.jpg	60	HTTPError: Not Found
7747	8f2de672-85aa-4c8d-b8be-2e9f0cc47a3e	https://symbiota.ccber.ucsb.edu/kummel/2025/8017777222.jpg	no	no	404	HEAD	text/html; charset=utf-8	162	https://symbiota.ccber.ucsb.edu/kummel/2025/8017777222.jpg	27	HTTPError: Not Found
7748	4d984f5a-88b7-449c-8a99-693f0602d920	https://symbiota.ccber.ucsb.edu/kummel/2025/8017844208.jpg	no	no	404	HEAD	text/html; charset=utf-8	162	https://symbiota.ccber.ucsb.edu/kummel/2025/8017844208.jpg	29	HTTPError: Not Found
7749	4ede5dfb-728b-477b-b255-34d2c6f1ca62	https://symbiota.ccber.ucsb.edu/kummel/2025/8017868447.jpg	no	no	404	HEAD	text/html; charset=utf-8	162	https://symbiota.ccber.ucsb.edu/kummel/2025/8017868447.jpg	21	HTTPError: Not Found
7750	89833396-f567-4514-9f27-8585bee76c0e	https://symbiota.ccber.ucsb.edu/kummel/2025/8017937174.jpg	no	no	404	HEAD	text/html; charset=utf-8	162	https://symbiota.ccber.ucsb.edu/kummel/2025/8017937174.jpg	17	HTTPError: Not Found
7751	b17e961a-e78b-4af9-9d7d-99b9af217226	https://symbiota.ccber.ucsb.edu/kummel/2025/8021531533.jpg	no	no	404	HEAD	text/html; charset=utf-8	162	https://symbiota.ccber.ucsb.edu/kummel/2025/8021531533.jpg	34	HTTPError: Not Found
7752	440fad74-b45d-45d2-be86-5a1449cd4749	https://symbiota.ccber.ucsb.edu/kummel/2025/8021576242.jpg	no	no	404	HEAD	text/html; charset=utf-8	162	https://symbiota.ccber.ucsb.edu/kummel/2025/8021576242.jpg	25	HTTPError: Not Found
7753	fb530eba-997d-45ea-95c2-c160d7f371f4	https://symbiota.ccber.ucsb.edu/kummel/2025/8021664064.jpg	no	no	404	HEAD	text/html; charset=utf-8	162	https://symbiota.ccber.ucsb.edu/kummel/2025/8021664064.jpg	29	HTTPError: Not Found
7754	6cae56bf-8cc2-4c1a-9fa2-664db2c2bf2b	https://symbiota.ccber.ucsb.edu/kummel/2025/8021691109.jpg	no	no	404	HEAD	text/html; charset=utf-8	162	https://symbiota.ccber.ucsb.edu/kummel/2025/8021691109.jpg	20	HTTPError: Not Found
7755	8cd430f6-eca2-4f70-b8ba-5cebf3f77ec6	https://symbiota.ccber.ucsb.edu/kummel/2025/8021743707.jpg	no	no	404	HEAD	text/html; charset=utf-8	162	https://symbiota.ccber.ucsb.edu/kummel/2025/8021743707.jpg	29	HTTPError: Not Found
7756	c2569b82-dbdf-4542-a57b-20f48adfcf21	https://symbiota.ccber.ucsb.edu/kummel/2025/8021777282.jpg	no	no	404	HEAD	text/html; charset=utf-8	162	https://symbiota.ccber.ucsb.edu/kummel/2025/8021777282.jpg	23	HTTPError: Not Found
7757	9c95ed43-35b2-4d9a-ba0a-1225f9ec52b9	https://symbiota.ccber.ucsb.edu/kummel/2025/8021799391.jpg	no	no	404	HEAD	text/html; charset=utf-8	162	https://symbiota.ccber.ucsb.edu/kummel/2025/8021799391.jpg	27	HTTPError: Not Found
7758	7e9c14a5-ae09-448b-bfe3-0c0f9be29bb4	https://symbiota.ccber.ucsb.edu/kummel/2025/8021868202.jpg	no	no	404	HEAD	text/html; charset=utf-8	162	https://symbiota.ccber.ucsb.edu/kummel/2025/8021868202.jpg	62	HTTPError: Not Found
7759	36880db5-e0b2-4916-8cb4-cc668621fdb7	https://symbiota.ccber.ucsb.edu/kummel/2025/8024988493.jpg	no	no	404	HEAD	text/html; charset=utf-8	162	https://symbiota.ccber.ucsb.edu/kummel/2025/8024988493.jpg	17	HTTPError: Not Found
7760	496fbf14-4d79-4dac-843e-7c5d2d29bed2	https://symbiota.ccber.ucsb.edu/kummel/2025/8025066885.jpg	no	no	404	HEAD	text/html; charset=utf-8	162	https://symbiota.ccber.ucsb.edu/kummel/2025/8025066885.jpg	110	HTTPError: Not Found
7761	cc8c6331-8e84-45f8-8feb-5aea49e9f953	https://symbiota.ccber.ucsb.edu/kummel/2025/8025102795.jpg	no	no	404	HEAD	text/html; charset=utf-8	162	https://symbiota.ccber.ucsb.edu/kummel/2025/8025102795.jpg	26	HTTPError: Not Found
7762	c43641c8-8705-4cd8-85d3-486b75f94fd5	https://symbiota.ccber.ucsb.edu/kummel/2025/8025142232.jpg	no	no	404	HEAD	text/html; charset=utf-8	162	https://symbiota.ccber.ucsb.edu/kummel/2025/8025142232.jpg	43	HTTPError: Not Found
7763	becf5d17-a6c3-405f-9900-9715b4008286	https://symbiota.ccber.ucsb.edu/kummel/2025/8025244326.jpg	no	no	404	HEAD	text/html; charset=utf-8	162	https://symbiota.ccber.ucsb.edu/kummel/2025/8025244326.jpg	44	HTTPError: Not Found
7764	25d7abf6-90c5-4b8a-a646-5e68a2d8482c	https://symbiota.ccber.ucsb.edu/kummel/2025/8025270227.jpg	no	no	404	HEAD	text/html; charset=utf-8	162	https://symbiota.ccber.ucsb.edu/kummel/2025/8025270227.jpg	25	HTTPError: Not Found
7765	2998426b-b97d-450f-91b4-cf531a9f49af	https://symbiota.ccber.ucsb.edu/kummel/2025/8025291172.jpg	no	no	404	HEAD	text/html; charset=utf-8	162	https://symbiota.ccber.ucsb.edu/kummel/2025/8025291172.jpg	18	HTTPError: Not Found
7766	1de5ec77-5dff-4af4-b841-2f19b5330f2c	https://symbiota.ccber.ucsb.edu/kummel/2025/8025321182.jpg	no	no	404	HEAD	text/html; charset=utf-8	162	https://symbiota.ccber.ucsb.edu/kummel/2025/8025321182.jpg	25	HTTPError: Not Found
7767	a552e6ca-9e48-4998-b499-08aa9c6aec9a	https://symbiota.ccber.ucsb.edu/kummel/2025/8028410139.jpg	no	no	404	HEAD	text/html; charset=utf-8	162	https://symbiota.ccber.ucsb.edu/kummel/2025/8028410139.jpg	24	HTTPError: Not Found
7768	d1951bf4-05e0-434d-910f-a6742e9e87af	https://symbiota.ccber.ucsb.edu/kummel/2025/8028423357.jpg	no	no	404	HEAD	text/html; charset=utf-8	162	https://symbiota.ccber.ucsb.edu/kummel/2025/8028423357.jpg	25	HTTPError: Not Found
7769	44d5e85b-9713-4335-a9e1-698137044c60	https://symbiota.ccber.ucsb.edu/kummel/2025/8028461559.jpg	no	no	404	HEAD	text/html; charset=utf-8	162	https://symbiota.ccber.ucsb.edu/kummel/2025/8028461559.jpg	20	HTTPError: Not Found
7770	b1e0747d-367f-46ed-bece-6a4ff7b86763	https://symbiota.ccber.ucsb.edu/kummel/2025/8028489650.jpg	no	no	404	HEAD	text/html; charset=utf-8	162	https://symbiota.ccber.ucsb.edu/kummel/2025/8028489650.jpg	33	HTTPError: Not Found
7771	648ffd59-ff18-44fd-889d-aa6879696c5f	https://symbiota.ccber.ucsb.edu/kummel/2025/8028502876.jpg	no	no	404	HEAD	text/html; charset=utf-8	162	https://symbiota.ccber.ucsb.edu/kummel/2025/8028502876.jpg	37	HTTPError: Not Found
7772	fe96fade-5d3d-41c2-bc0c-8fe2afab80ce	https://symbiota.ccber.ucsb.edu/kummel/2025/8028525154.jpg	no	no	404	HEAD	text/html; charset=utf-8	162	https://symbiota.ccber.ucsb.edu/kummel/2025/8028525154.jpg	24	HTTPError: Not Found
7773	384b47b7-ac72-4c1b-bf5c-bfce78f294ee	https://symbiota.ccber.ucsb.edu/kummel/2025/8028548262.jpg	no	no	404	HEAD	text/html; charset=utf-8	162	https://symbiota.ccber.ucsb.edu/kummel/2025/8028548262.jpg	20	HTTPError: Not Found
7774	c3fb47bc-944a-49ee-bd98-4d83eb375f90	https://symbiota.ccber.ucsb.edu/kummel/2025/8028602959.jpg	no	no	404	HEAD	text/html; charset=utf-8	162	https://symbiota.ccber.ucsb.edu/kummel/2025/8028602959.jpg	20	HTTPError: Not Found
7775	40a50036-152d-4de6-93ad-f44c79107279	https://symbiota.ccber.ucsb.edu/kummel/2025/8031336682.jpg	no	no	404	HEAD	text/html; charset=utf-8	162	https://symbiota.ccber.ucsb.edu/kummel/2025/8031336682.jpg	25	HTTPError: Not Found
7776	3f1ffc11-82f2-40c1-b9b2-913df82f6d08	https://symbiota.ccber.ucsb.edu/kummel/2025/8031375224.jpg	no	no	404	HEAD	text/html; charset=utf-8	162	https://symbiota.ccber.ucsb.edu/kummel/2025/8031375224.jpg	29	HTTPError: Not Found
7777	2ef9f21f-bc92-4e1d-bde5-38cf29dbe62d	https://symbiota.ccber.ucsb.edu/kummel/2025/8031397198.jpg	no	no	404	HEAD	text/html; charset=utf-8	162	https://symbiota.ccber.ucsb.edu/kummel/2025/8031397198.jpg	24	HTTPError: Not Found
7778	24cf46e5-2ed3-4784-bdad-e2504b7e3a00	https://symbiota.ccber.ucsb.edu/kummel/2025/8031434338.jpg	no	no	404	HEAD	text/html; charset=utf-8	162	https://symbiota.ccber.ucsb.edu/kummel/2025/8031434338.jpg	30	HTTPError: Not Found
7779	0abccdd4-8dd8-4fea-9138-e0de14f4fcd5	https://symbiota.ccber.ucsb.edu/kummel/2025/8031465702.jpg	no	no	404	HEAD	text/html; charset=utf-8	162	https://symbiota.ccber.ucsb.edu/kummel/2025/8031465702.jpg	23	HTTPError: Not Found
7780	0362e542-193d-4e2b-8a4e-58be57151b5b	https://symbiota.ccber.ucsb.edu/kummel/2025/8031521615.jpg	no	no	404	HEAD	text/html; charset=utf-8	162	https://symbiota.ccber.ucsb.edu/kummel/2025/8031521615.jpg	26	HTTPError: Not Found
7781	63317d90-316f-49f5-8b14-562a5d2d72f3	https://symbiota.ccber.ucsb.edu/kummel/2025/8031554231.jpg	no	no	404	HEAD	text/html; charset=utf-8	162	https://symbiota.ccber.ucsb.edu/kummel/2025/8031554231.jpg	23	HTTPError: Not Found
7782	71952180-2d22-45ed-9052-25df4a78cf14	https://symbiota.ccber.ucsb.edu/kummel/2025/8031577494.jpg	no	no	404	HEAD	text/html; charset=utf-8	162	https://symbiota.ccber.ucsb.edu/kummel/2025/8031577494.jpg	49	HTTPError: Not Found
7783	6c199932-cf80-48ed-90d1-e42fb778896f	https://symbiota.ccber.ucsb.edu/kummel/2025/8034242902.jpg	no	no	404	HEAD	text/html; charset=utf-8	162	https://symbiota.ccber.ucsb.edu/kummel/2025/8034242902.jpg	49	HTTPError: Not Found
7784	3fdb6728-b4ea-48fb-b84b-b3f3f867311b	https://symbiota.ccber.ucsb.edu/kummel/2025/8034264634.jpg	no	no	404	HEAD	text/html; charset=utf-8	162	https://symbiota.ccber.ucsb.edu/kummel/2025/8034264634.jpg	28	HTTPError: Not Found
7785	b2ffdf7e-1cd8-4970-aa46-be7c1f968f32	https://symbiota.ccber.ucsb.edu/kummel/2025/8034301947.jpg	no	no	404	HEAD	text/html; charset=utf-8	162	https://symbiota.ccber.ucsb.edu/kummel/2025/8034301947.jpg	19	HTTPError: Not Found
7786	29eabe41-ac1d-4a8b-85e4-71248e014968	https://symbiota.ccber.ucsb.edu/kummel/2025/8034318601.jpg	no	no	404	HEAD	text/html; charset=utf-8	162	https://symbiota.ccber.ucsb.edu/kummel/2025/8034318601.jpg	18	HTTPError: Not Found
7787	24b1d3c1-6bf1-4b7d-bf18-1e19cb4b5d85	https://symbiota.ccber.ucsb.edu/kummel/2025/8034349102.jpg	no	no	404	HEAD	text/html; charset=utf-8	162	https://symbiota.ccber.ucsb.edu/kummel/2025/8034349102.jpg	28	HTTPError: Not Found
7788	3b17e069-9eee-495b-8b00-8452560f55ba	https://symbiota.ccber.ucsb.edu/kummel/2025/8034374610.jpg	no	no	404	HEAD	text/html; charset=utf-8	162	https://symbiota.ccber.ucsb.edu/kummel/2025/8034374610.jpg	26	HTTPError: Not Found
7789	8846d8ce-3143-4228-9e22-4efcbc26fe27	https://symbiota.ccber.ucsb.edu/kummel/2025/8034402646.jpg	no	no	404	HEAD	text/html; charset=utf-8	162	https://symbiota.ccber.ucsb.edu/kummel/2025/8034402646.jpg	81	HTTPError: Not Found
7790	b6aefce8-e351-4104-a047-b9b72babf7b8	https://symbiota.ccber.ucsb.edu/kummel/2025/8034478762.jpg	no	no	404	HEAD	text/html; charset=utf-8	162	https://symbiota.ccber.ucsb.edu/kummel/2025/8034478762.jpg	29	HTTPError: Not Found
7791	39dbb521-a889-4868-b790-c6a514b5bf42	https://symbiota.ccber.ucsb.edu/kummel/2025/8037456329.jpg	no	no	404	HEAD	text/html; charset=utf-8	162	https://symbiota.ccber.ucsb.edu/kummel/2025/8037456329.jpg	23	HTTPError: Not Found
7792	2fcd9415-8f11-4ef0-bd41-458153d9c113	https://symbiota.ccber.ucsb.edu/kummel/2025/8037523656.jpg	no	no	404	HEAD	text/html; charset=utf-8	162	https://symbiota.ccber.ucsb.edu/kummel/2025/8037523656.jpg	56	HTTPError: Not Found
7793	80d5dd1f-a183-4d60-829d-d7cf24aeb7cb	https://symbiota.ccber.ucsb.edu/kummel/2025/8037541278.jpg	no	no	404	HEAD	text/html; charset=utf-8	162	https://symbiota.ccber.ucsb.edu/kummel/2025/8037541278.jpg	35	HTTPError: Not Found
7794	450534bb-5fa2-467d-8bcb-9424ac1856c5	https://symbiota.ccber.ucsb.edu/kummel/2025/8037557646.jpg	no	no	404	HEAD	text/html; charset=utf-8	162	https://symbiota.ccber.ucsb.edu/kummel/2025/8037557646.jpg	24	HTTPError: Not Found
7795	bb22e50f-48f1-46a0-b839-66267487126c	https://symbiota.ccber.ucsb.edu/kummel/2025/8037615754.jpg	no	no	404	HEAD	text/html; charset=utf-8	162	https://symbiota.ccber.ucsb.edu/kummel/2025/8037615754.jpg	116	HTTPError: Not Found
7796	7e250624-ae46-4692-a2c6-eb66fa1aa1ac	https://symbiota.ccber.ucsb.edu/kummel/2025/8037664608.jpg	no	no	404	HEAD	text/html; charset=utf-8	162	https://symbiota.ccber.ucsb.edu/kummel/2025/8037664608.jpg	18	HTTPError: Not Found
7797	0082beeb-984f-48c4-87da-e95a241c7312	https://symbiota.ccber.ucsb.edu/kummel/2025/8037716453.jpg	no	no	404	HEAD	text/html; charset=utf-8	162	https://symbiota.ccber.ucsb.edu/kummel/2025/8037716453.jpg	21	HTTPError: Not Found
7798	be01edbf-6d43-4d29-b845-1195c116e91a	https://symbiota.ccber.ucsb.edu/kummel/2025/8037794301.jpg	no	no	404	HEAD	text/html; charset=utf-8	162	https://symbiota.ccber.ucsb.edu/kummel/2025/8037794301.jpg	24	HTTPError: Not Found
7799	38a7764a-189f-4ba7-88df-afd5e0417719	https://symbiota.ccber.ucsb.edu/kummel/2025/8041406286.jpg	no	no	404	HEAD	text/html; charset=utf-8	162	https://symbiota.ccber.ucsb.edu/kummel/2025/8041406286.jpg	27	HTTPError: Not Found
7800	72ddc9dd-3c11-49e4-b113-83b8f6be4c80	https://symbiota.ccber.ucsb.edu/kummel/2025/8041422611.jpg	no	no	404	HEAD	text/html; charset=utf-8	162	https://symbiota.ccber.ucsb.edu/kummel/2025/8041422611.jpg	40	HTTPError: Not Found
7801	4b811d44-d919-4c06-b62c-4a86a342d9c0	https://symbiota.ccber.ucsb.edu/kummel/2025/8041466876.jpg	no	no	404	HEAD	text/html; charset=utf-8	162	https://symbiota.ccber.ucsb.edu/kummel/2025/8041466876.jpg	33	HTTPError: Not Found
7802	92cc20b5-d5bc-48bc-9acb-908af098a15b	https://symbiota.ccber.ucsb.edu/kummel/2025/8041524694.jpg	no	no	404	HEAD	text/html; charset=utf-8	162	https://symbiota.ccber.ucsb.edu/kummel/2025/8041524694.jpg	32	HTTPError: Not Found
7803	459af783-8587-4480-b259-38b269795586	https://symbiota.ccber.ucsb.edu/kummel/2025/8041572579.jpg	no	no	404	HEAD	text/html; charset=utf-8	162	https://symbiota.ccber.ucsb.edu/kummel/2025/8041572579.jpg	26	HTTPError: Not Found
7804	c0b90a98-65c7-48e8-8659-73dc7b62c552	https://symbiota.ccber.ucsb.edu/kummel/2025/8041615494.jpg	no	no	404	HEAD	text/html; charset=utf-8	162	https://symbiota.ccber.ucsb.edu/kummel/2025/8041615494.jpg	40	HTTPError: Not Found
7805	b8475896-2dee-485e-93f6-dafb2a06118b	https://symbiota.ccber.ucsb.edu/kummel/2025/8041672291.jpg	no	no	404	HEAD	text/html; charset=utf-8	162	https://symbiota.ccber.ucsb.edu/kummel/2025/8041672291.jpg	34	HTTPError: Not Found
7806	3ec89352-b541-4235-a7df-e18895401c70	https://symbiota.ccber.ucsb.edu/kummel/2025/8041776749.jpg	no	no	404	HEAD	text/html; charset=utf-8	162	https://symbiota.ccber.ucsb.edu/kummel/2025/8041776749.jpg	31	HTTPError: Not Found
7807	53e514f7-4472-4236-b9f4-797ae09fa3b7	https://symbiota.ccber.ucsb.edu/kummel/2025/8045184428.jpg	no	no	404	HEAD	text/html; charset=utf-8	162	https://symbiota.ccber.ucsb.edu/kummel/2025/8045184428.jpg	32	HTTPError: Not Found
7808	d6f1780d-4ec3-48d5-8c27-839361e15522	https://symbiota.ccber.ucsb.edu/kummel/2025/8045210410.jpg	no	no	404	HEAD	text/html; charset=utf-8	162	https://symbiota.ccber.ucsb.edu/kummel/2025/8045210410.jpg	30	HTTPError: Not Found
7809	e3d71145-0c2b-44e4-b2f0-7003bc97ac7b	https://symbiota.ccber.ucsb.edu/kummel/2025/8045234096.jpg	no	no	404	HEAD	text/html; charset=utf-8	162	https://symbiota.ccber.ucsb.edu/kummel/2025/8045234096.jpg	26	HTTPError: Not Found
7810	9b19d468-8e3a-4d57-9f08-07602fdffeae	https://symbiota.ccber.ucsb.edu/kummel/2025/8045290462.jpg	no	no	404	HEAD	text/html; charset=utf-8	162	https://symbiota.ccber.ucsb.edu/kummel/2025/8045290462.jpg	23	HTTPError: Not Found
7811	486c8b42-d279-4c4a-93e7-ff4720531306	https://symbiota.ccber.ucsb.edu/kummel/2025/8045328220.jpg	no	no	404	HEAD	text/html; charset=utf-8	162	https://symbiota.ccber.ucsb.edu/kummel/2025/8045328220.jpg	38	HTTPError: Not Found
7812	4cc09696-6cc2-4f95-a9b9-dda986aa4ea0	https://symbiota.ccber.ucsb.edu/kummel/2025/8045384826.jpg	no	no	404	HEAD	text/html; charset=utf-8	162	https://symbiota.ccber.ucsb.edu/kummel/2025/8045384826.jpg	33	HTTPError: Not Found
7813	c1cf7d19-fe8a-4efb-b78a-259be29a4776	https://symbiota.ccber.ucsb.edu/kummel/2025/8045402270.jpg	no	no	404	HEAD	text/html; charset=utf-8	162	https://symbiota.ccber.ucsb.edu/kummel/2025/8045402270.jpg	28	HTTPError: Not Found
7814	0f874f77-86a9-45ff-bbf7-8572f64cd0d0	https://symbiota.ccber.ucsb.edu/kummel/2025/8045447991.jpg	no	no	404	HEAD	text/html; charset=utf-8	162	https://symbiota.ccber.ucsb.edu/kummel/2025/8045447991.jpg	266	HTTPError: Not Found
7815	1e64facd-a2f1-4c25-a02f-983516e8f49a	https://symbiota.ccber.ucsb.edu/kummel/2025/8048846979.jpg	no	no	404	HEAD	text/html; charset=utf-8	162	https://symbiota.ccber.ucsb.edu/kummel/2025/8048846979.jpg	81	HTTPError: Not Found
7816	122aec69-d7f9-4d60-aa60-0a731c0ef5a6	https://symbiota.ccber.ucsb.edu/kummel/2025/8048893710.jpg	no	no	404	HEAD	text/html; charset=utf-8	162	https://symbiota.ccber.ucsb.edu/kummel/2025/8048893710.jpg	227	HTTPError: Not Found
7817	3c421d18-f514-4d24-9fce-2cb803690764	https://symbiota.ccber.ucsb.edu/kummel/2025/8048916479.jpg	no	no	404	HEAD	text/html; charset=utf-8	162	https://symbiota.ccber.ucsb.edu/kummel/2025/8048916479.jpg	58	HTTPError: Not Found
7818	0596b6c8-4004-47d1-9f8a-0db145ac6c65	https://symbiota.ccber.ucsb.edu/kummel/2025/8048936722.jpg	no	no	404	HEAD	text/html; charset=utf-8	162	https://symbiota.ccber.ucsb.edu/kummel/2025/8048936722.jpg	19	HTTPError: Not Found
7819	221b6fc0-5225-4d54-a725-53db00658514	https://symbiota.ccber.ucsb.edu/kummel/2025/8048969165.jpg	no	no	404	HEAD	text/html; charset=utf-8	162	https://symbiota.ccber.ucsb.edu/kummel/2025/8048969165.jpg	113	HTTPError: Not Found
7820	7a179a58-bc3b-4ec9-96fe-54dfe6174368	https://symbiota.ccber.ucsb.edu/kummel/2025/8048997051.jpg	no	no	404	HEAD	text/html; charset=utf-8	162	https://symbiota.ccber.ucsb.edu/kummel/2025/8048997051.jpg	174	HTTPError: Not Found
7821	924238de-28ea-4da8-a45e-b233cf06d8dc	https://symbiota.ccber.ucsb.edu/kummel/2025/8049037379.jpg	no	no	404	HEAD	text/html; charset=utf-8	162	https://symbiota.ccber.ucsb.edu/kummel/2025/8049037379.jpg	195	HTTPError: Not Found
7822	ad845b22-ab2c-45d1-bff0-f28d8f221b3a	https://symbiota.ccber.ucsb.edu/kummel/2025/8049087294.jpg	no	no	404	HEAD	text/html; charset=utf-8	162	https://symbiota.ccber.ucsb.edu/kummel/2025/8049087294.jpg	46	HTTPError: Not Found
7823	834e7bc5-a3f7-49fb-9db8-7a8bd1576fb9	https://symbiota.ccber.ucsb.edu/kummel/2025/8051951265.jpg	no	no	404	HEAD	text/html; charset=utf-8	162	https://symbiota.ccber.ucsb.edu/kummel/2025/8051951265.jpg	223	HTTPError: Not Found
7824	7ff94f77-fe76-4393-9829-4b03868ff575	https://symbiota.ccber.ucsb.edu/kummel/2025/8051970776.jpg	no	no	404	HEAD	text/html; charset=utf-8	162	https://symbiota.ccber.ucsb.edu/kummel/2025/8051970776.jpg	27	HTTPError: Not Found
7825	8f6bd2b0-2ef0-4219-ba48-9c2f014ec6e1	https://symbiota.ccber.ucsb.edu/kummel/2025/8051997355.jpg	no	no	404	HEAD	text/html; charset=utf-8	162	https://symbiota.ccber.ucsb.edu/kummel/2025/8051997355.jpg	29	HTTPError: Not Found
7826	516cd3aa-45ec-4b32-b028-1db9aca4cda4	https://symbiota.ccber.ucsb.edu/kummel/2025/8052014317.jpg	no	no	404	HEAD	text/html; charset=utf-8	162	https://symbiota.ccber.ucsb.edu/kummel/2025/8052014317.jpg	58	HTTPError: Not Found
7827	0024863d-bebe-4dd3-b710-cd847e32298a	https://symbiota.ccber.ucsb.edu/kummel/2025/8052054622.jpg	no	no	404	HEAD	text/html; charset=utf-8	162	https://symbiota.ccber.ucsb.edu/kummel/2025/8052054622.jpg	26	HTTPError: Not Found
7828	9caa2218-ffe9-4146-af1e-f225b5ed4bbd	https://symbiota.ccber.ucsb.edu/kummel/2025/8052067527.jpg	no	no	404	HEAD	text/html; charset=utf-8	162	https://symbiota.ccber.ucsb.edu/kummel/2025/8052067527.jpg	51	HTTPError: Not Found
7829	df2617bd-078f-4bc1-b052-a32b453b8da0	https://symbiota.ccber.ucsb.edu/kummel/2025/8052102379.jpg	no	no	404	HEAD	text/html; charset=utf-8	162	https://symbiota.ccber.ucsb.edu/kummel/2025/8052102379.jpg	37	HTTPError: Not Found
7830	3e97e020-e0b0-4a15-94ec-94acf63a8834	https://symbiota.ccber.ucsb.edu/kummel/2025/8052168386.jpg	no	no	404	HEAD	text/html; charset=utf-8	162	https://symbiota.ccber.ucsb.edu/kummel/2025/8052168386.jpg	35	HTTPError: Not Found
7831	3e9c05df-f25b-46fc-bd44-c692c98d8abb	https://symbiota.ccber.ucsb.edu/kummel/2025/8055196724.jpg	no	no	404	HEAD	text/html; charset=utf-8	162	https://symbiota.ccber.ucsb.edu/kummel/2025/8055196724.jpg	27	HTTPError: Not Found
7832	504fd520-d102-4676-b379-af5a9ac6a340	https://symbiota.ccber.ucsb.edu/kummel/2025/8055243464.jpg	no	no	404	HEAD	text/html; charset=utf-8	162	https://symbiota.ccber.ucsb.edu/kummel/2025/8055243464.jpg	54	HTTPError: Not Found
7833	3df8a1ef-6ad7-4084-8fc8-90a28bab0192	https://symbiota.ccber.ucsb.edu/kummel/2025/8055291211.jpg	no	no	404	HEAD	text/html; charset=utf-8	162	https://symbiota.ccber.ucsb.edu/kummel/2025/8055291211.jpg	69	HTTPError: Not Found
7834	f4196266-ce79-4252-9b40-2a41fd540b81	https://symbiota.ccber.ucsb.edu/kummel/2025/8055309114.jpg	no	no	404	HEAD	text/html; charset=utf-8	162	https://symbiota.ccber.ucsb.edu/kummel/2025/8055309114.jpg	134	HTTPError: Not Found
7835	b50c79b8-459f-41ab-89b3-460d379583da	https://symbiota.ccber.ucsb.edu/kummel/2025/8055349045.jpg	no	no	404	HEAD	text/html; charset=utf-8	162	https://symbiota.ccber.ucsb.edu/kummel/2025/8055349045.jpg	25	HTTPError: Not Found
7836	bca0abce-7f41-4f15-a4a4-15e4d6f66808	https://symbiota.ccber.ucsb.edu/kummel/2025/8055371318.jpg	no	no	404	HEAD	text/html; charset=utf-8	162	https://symbiota.ccber.ucsb.edu/kummel/2025/8055371318.jpg	17	HTTPError: Not Found
7837	deb51bbd-7a9f-40ca-bb48-deec6c2bccc9	https://symbiota.ccber.ucsb.edu/kummel/2025/8055440091.jpg	no	no	404	HEAD	text/html; charset=utf-8	162	https://symbiota.ccber.ucsb.edu/kummel/2025/8055440091.jpg	25	HTTPError: Not Found
7838	f3892fa7-666d-4659-b0b2-ef0b7bff0b26	https://symbiota.ccber.ucsb.edu/kummel/2025/8055480437.jpg	no	no	404	HEAD	text/html; charset=utf-8	162	https://symbiota.ccber.ucsb.edu/kummel/2025/8055480437.jpg	23	HTTPError: Not Found
7839	8eee7e5d-86a0-4b26-9f78-d8103a5600a2	https://symbiota.ccber.ucsb.edu/kummel/2025/8057940449.jpg	no	no	404	HEAD	text/html; charset=utf-8	162	https://symbiota.ccber.ucsb.edu/kummel/2025/8057940449.jpg	38	HTTPError: Not Found
7840	fba66db3-4e3a-47a6-ae3f-7afd06878236	https://symbiota.ccber.ucsb.edu/kummel/2025/8057955260.jpg	no	no	404	HEAD	text/html; charset=utf-8	162	https://symbiota.ccber.ucsb.edu/kummel/2025/8057955260.jpg	19	HTTPError: Not Found
7841	b8eed8ea-455e-4717-99fd-3d4f1d823a43	https://symbiota.ccber.ucsb.edu/kummel/2025/8058003838.jpg	no	no	404	HEAD	text/html; charset=utf-8	162	https://symbiota.ccber.ucsb.edu/kummel/2025/8058003838.jpg	24	HTTPError: Not Found
7842	0ad2303d-0c8f-4e3c-8fc5-8eb78d76f7af	https://symbiota.ccber.ucsb.edu/kummel/2025/8058023552.jpg	no	no	404	HEAD	text/html; charset=utf-8	162	https://symbiota.ccber.ucsb.edu/kummel/2025/8058023552.jpg	42	HTTPError: Not Found
7843	98d5b9c6-c3ec-4e29-aac9-4e75d3656d23	https://symbiota.ccber.ucsb.edu/kummel/2025/8058058199.jpg	no	no	404	HEAD	text/html; charset=utf-8	162	https://symbiota.ccber.ucsb.edu/kummel/2025/8058058199.jpg	22	HTTPError: Not Found
7844	0beee0de-5c7f-4066-a6dd-911d682d91e8	https://symbiota.ccber.ucsb.edu/kummel/2025/8058073878.jpg	no	no	404	HEAD	text/html; charset=utf-8	162	https://symbiota.ccber.ucsb.edu/kummel/2025/8058073878.jpg	25	HTTPError: Not Found
7845	c4255ecf-dee4-495c-8398-9e7b04026731	https://symbiota.ccber.ucsb.edu/kummel/2025/8058099238.jpg	no	no	404	HEAD	text/html; charset=utf-8	162	https://symbiota.ccber.ucsb.edu/kummel/2025/8058099238.jpg	26	HTTPError: Not Found
7846	7c733889-5430-4ae2-a181-19463744d067	https://symbiota.ccber.ucsb.edu/kummel/2025/8058110546.jpg	no	no	404	HEAD	text/html; charset=utf-8	162	https://symbiota.ccber.ucsb.edu/kummel/2025/8058110546.jpg	24	HTTPError: Not Found
7847	26c92f6f-9cf5-4d4d-8d2a-ff74339939c7	https://symbiota.ccber.ucsb.edu/kummel/2025/8061116316.jpg	no	no	404	HEAD	text/html; charset=utf-8	162	https://symbiota.ccber.ucsb.edu/kummel/2025/8061116316.jpg	24	HTTPError: Not Found
7848	040ed5f1-3d0d-4a2f-a4c6-76e279fa12f9	https://symbiota.ccber.ucsb.edu/kummel/2025/8061156346.jpg	no	no	404	HEAD	text/html; charset=utf-8	162	https://symbiota.ccber.ucsb.edu/kummel/2025/8061156346.jpg	24	HTTPError: Not Found
7849	8322a8c5-91b5-412e-9377-3f77ff6c67df	https://symbiota.ccber.ucsb.edu/kummel/2025/8061193104.jpg	no	no	404	HEAD	text/html; charset=utf-8	162	https://symbiota.ccber.ucsb.edu/kummel/2025/8061193104.jpg	21	HTTPError: Not Found
7850	f8881004-b8d3-48ad-b122-a968e53840a3	https://symbiota.ccber.ucsb.edu/kummel/2025/8061228965.jpg	no	no	404	HEAD	text/html; charset=utf-8	162	https://symbiota.ccber.ucsb.edu/kummel/2025/8061228965.jpg	14	HTTPError: Not Found
7851	8bb4341e-250d-4282-9246-93874f7d9319	https://symbiota.ccber.ucsb.edu/kummel/2025/8061253369.jpg	no	no	404	HEAD	text/html; charset=utf-8	162	https://symbiota.ccber.ucsb.edu/kummel/2025/8061253369.jpg	15	HTTPError: Not Found
7852	72634853-e026-4d9a-8432-fe6a8b619804	https://symbiota.ccber.ucsb.edu/kummel/2025/8061306063.jpg	no	no	404	HEAD	text/html; charset=utf-8	162	https://symbiota.ccber.ucsb.edu/kummel/2025/8061306063.jpg	14	HTTPError: Not Found
7853	2d7e7a45-014e-45bf-934e-500de0842565	https://symbiota.ccber.ucsb.edu/kummel/2025/8061342502.jpg	no	no	404	HEAD	text/html; charset=utf-8	162	https://symbiota.ccber.ucsb.edu/kummel/2025/8061342502.jpg	13	HTTPError: Not Found
7854	1cdba780-fb1b-4582-97ae-f4c958d66050	https://symbiota.ccber.ucsb.edu/kummel/2025/8061362311.jpg	no	no	404	HEAD	text/html; charset=utf-8	162	https://symbiota.ccber.ucsb.edu/kummel/2025/8061362311.jpg	16	HTTPError: Not Found
7855	609d9076-c65f-49b2-b23f-62c807c51947	https://symbiota.ccber.ucsb.edu/kummel/2025/8064992549.jpg	no	no	404	HEAD	text/html; charset=utf-8	162	https://symbiota.ccber.ucsb.edu/kummel/2025/8064992549.jpg	17	HTTPError: Not Found
7856	7ea2f77f-01f3-487e-a907-cfa8403dcb6b	https://symbiota.ccber.ucsb.edu/kummel/2025/8065026485.jpg	no	no	404	HEAD	text/html; charset=utf-8	162	https://symbiota.ccber.ucsb.edu/kummel/2025/8065026485.jpg	21	HTTPError: Not Found
7857	a3134e4f-aff0-442b-9ab6-c700eefd8e17	https://symbiota.ccber.ucsb.edu/kummel/2025/8065085338.jpg	no	no	404	HEAD	text/html; charset=utf-8	162	https://symbiota.ccber.ucsb.edu/kummel/2025/8065085338.jpg	45	HTTPError: Not Found
7858	da484e77-422d-4ad8-84a9-917d52b7b6c7	https://symbiota.ccber.ucsb.edu/kummel/2025/8065103858.jpg	no	no	404	HEAD	text/html; charset=utf-8	162	https://symbiota.ccber.ucsb.edu/kummel/2025/8065103858.jpg	143	HTTPError: Not Found
7859	8f6a9c64-aa2d-4cdf-aae8-f3627ec1d3a7	https://symbiota.ccber.ucsb.edu/kummel/2025/8065143125.jpg	no	no	404	HEAD	text/html; charset=utf-8	162	https://symbiota.ccber.ucsb.edu/kummel/2025/8065143125.jpg	13	HTTPError: Not Found
7860	9dfe3c29-9863-4e75-b614-39cb2af8de2b	https://symbiota.ccber.ucsb.edu/kummel/2025/8065216700.jpg	no	no	404	HEAD	text/html; charset=utf-8	162	https://symbiota.ccber.ucsb.edu/kummel/2025/8065216700.jpg	25	HTTPError: Not Found
7861	340597d9-b491-407c-ab53-33935703f5f2	https://symbiota.ccber.ucsb.edu/kummel/2025/8065272152.jpg	no	no	404	HEAD	text/html; charset=utf-8	162	https://symbiota.ccber.ucsb.edu/kummel/2025/8065272152.jpg	93	HTTPError: Not Found
7862	9c8ada06-0447-4546-98d6-759cb9d50177	https://symbiota.ccber.ucsb.edu/kummel/2025/8065314186.jpg	no	no	404	HEAD	text/html; charset=utf-8	162	https://symbiota.ccber.ucsb.edu/kummel/2025/8065314186.jpg	80	HTTPError: Not Found
7863	f7334a4e-edf2-4832-aada-d5ba7abf4ea5	https://symbiota.ccber.ucsb.edu/kummel/2025/8068942559.jpg	no	no	404	HEAD	text/html; charset=utf-8	162	https://symbiota.ccber.ucsb.edu/kummel/2025/8068942559.jpg	29	HTTPError: Not Found
7864	dfaffa6d-8d33-4ff6-b905-6e12934003d3	https://symbiota.ccber.ucsb.edu/kummel/2025/8068986206.jpg	no	no	404	HEAD	text/html; charset=utf-8	162	https://symbiota.ccber.ucsb.edu/kummel/2025/8068986206.jpg	33	HTTPError: Not Found
7865	7b7544c0-1e02-4379-be10-7e51fc44a972	https://symbiota.ccber.ucsb.edu/kummel/2025/8069047231.jpg	no	no	404	HEAD	text/html; charset=utf-8	162	https://symbiota.ccber.ucsb.edu/kummel/2025/8069047231.jpg	65	HTTPError: Not Found
7866	01ae56b0-f28a-4292-a87b-2719b5aaf6bf	https://symbiota.ccber.ucsb.edu/kummel/2025/8069076984.jpg	no	no	404	HEAD	text/html; charset=utf-8	162	https://symbiota.ccber.ucsb.edu/kummel/2025/8069076984.jpg	20	HTTPError: Not Found
7867	ad17c43c-74cf-4535-9f1d-8eb740155ae4	https://symbiota.ccber.ucsb.edu/kummel/2025/8069100924.jpg	no	no	404	HEAD	text/html; charset=utf-8	162	https://symbiota.ccber.ucsb.edu/kummel/2025/8069100924.jpg	21	HTTPError: Not Found
7868	3d1ffb48-a4e3-4ca5-b0cf-a354a4626914	https://symbiota.ccber.ucsb.edu/kummel/2025/8069115106.jpg	no	no	404	HEAD	text/html; charset=utf-8	162	https://symbiota.ccber.ucsb.edu/kummel/2025/8069115106.jpg	25	HTTPError: Not Found
7869	7e9f6961-50d8-413e-8a52-7fb7a15bc094	https://symbiota.ccber.ucsb.edu/kummel/2025/8069181564.jpg	no	no	404	HEAD	text/html; charset=utf-8	162	https://symbiota.ccber.ucsb.edu/kummel/2025/8069181564.jpg	34	HTTPError: Not Found
7870	b0afac00-dfe3-4d1a-b77f-979935c6cb8c	https://symbiota.ccber.ucsb.edu/kummel/2025/8069211643.jpg	no	no	404	HEAD	text/html; charset=utf-8	162	https://symbiota.ccber.ucsb.edu/kummel/2025/8069211643.jpg	43	HTTPError: Not Found
7871	10526627-cd42-4c13-9ee3-da3d82c800c1	https://symbiota.ccber.ucsb.edu/kummel/2025/8072457106.jpg	no	no	404	HEAD	text/html; charset=utf-8	162	https://symbiota.ccber.ucsb.edu/kummel/2025/8072457106.jpg	34	HTTPError: Not Found
7872	846967ba-3e20-4b09-94fd-96a401bb17f1	https://symbiota.ccber.ucsb.edu/kummel/2025/8072500152.jpg	no	no	404	HEAD	text/html; charset=utf-8	162	https://symbiota.ccber.ucsb.edu/kummel/2025/8072500152.jpg	25	HTTPError: Not Found
7873	0b809d44-d0ac-4ff0-8959-ed6076673303	https://symbiota.ccber.ucsb.edu/kummel/2025/8072531616.jpg	no	no	404	HEAD	text/html; charset=utf-8	162	https://symbiota.ccber.ucsb.edu/kummel/2025/8072531616.jpg	18	HTTPError: Not Found
7874	92dfc04a-cee0-401f-a53e-3e92b61c447b	https://symbiota.ccber.ucsb.edu/kummel/2025/8072558012.jpg	no	no	404	HEAD	text/html; charset=utf-8	162	https://symbiota.ccber.ucsb.edu/kummel/2025/8072558012.jpg	33	HTTPError: Not Found
7875	abc727fa-7e84-40f1-a321-d1ae764e2aa2	https://symbiota.ccber.ucsb.edu/kummel/2025/8072606995.jpg	no	no	404	HEAD	text/html; charset=utf-8	162	https://symbiota.ccber.ucsb.edu/kummel/2025/8072606995.jpg	24	HTTPError: Not Found
7876	a5ed2611-b748-44c0-addd-b88c763d302e	https://symbiota.ccber.ucsb.edu/kummel/2025/8072621836.jpg	no	no	404	HEAD	text/html; charset=utf-8	162	https://symbiota.ccber.ucsb.edu/kummel/2025/8072621836.jpg	28	HTTPError: Not Found
7877	2725d913-639e-4d92-b44f-e96e405823cf	https://symbiota.ccber.ucsb.edu/kummel/2025/8072667921.jpg	no	no	404	HEAD	text/html; charset=utf-8	162	https://symbiota.ccber.ucsb.edu/kummel/2025/8072667921.jpg	32	HTTPError: Not Found
7878	78c2daf2-d761-4141-aaae-1e6697cc66d1	https://symbiota.ccber.ucsb.edu/kummel/2025/8072678404.jpg	no	no	404	HEAD	text/html; charset=utf-8	162	https://symbiota.ccber.ucsb.edu/kummel/2025/8072678404.jpg	21	HTTPError: Not Found
7879	938822ad-6182-4860-82c2-10302214bdf8	https://symbiota.ccber.ucsb.edu/kummel/2025/8075815374.jpg	no	no	404	HEAD	text/html; charset=utf-8	162	https://symbiota.ccber.ucsb.edu/kummel/2025/8075815374.jpg	23	HTTPError: Not Found
7880	0f6a020a-6465-48b7-b29d-a2d117fc8f94	https://symbiota.ccber.ucsb.edu/kummel/2025/8075860777.jpg	no	no	404	HEAD	text/html; charset=utf-8	162	https://symbiota.ccber.ucsb.edu/kummel/2025/8075860777.jpg	23	HTTPError: Not Found
7881	e1f6ef18-1161-41f6-ae2f-6c266385b947	https://symbiota.ccber.ucsb.edu/kummel/2025/8078968297.jpg	no	no	404	HEAD	text/html; charset=utf-8	162	https://symbiota.ccber.ucsb.edu/kummel/2025/8078968297.jpg	30	HTTPError: Not Found
7882	e2f6820c-e1cc-48c5-a3af-7c57341c2785	https://symbiota.ccber.ucsb.edu/kummel/2025/8078978677.jpg	no	no	404	HEAD	text/html; charset=utf-8	162	https://symbiota.ccber.ucsb.edu/kummel/2025/8078978677.jpg	33	HTTPError: Not Found
7883	e072ad0a-01a8-4add-b6e3-078c2e964f7a	https://symbiota.ccber.ucsb.edu/kummel/2025/8081229403.jpg	no	no	404	HEAD	text/html; charset=utf-8	162	https://symbiota.ccber.ucsb.edu/kummel/2025/8081229403.jpg	46	HTTPError: Not Found
7884	93fbb330-4bcc-4c02-a721-a499501703d3	https://symbiota.ccber.ucsb.edu/kummel/2025/8081272978.jpg	no	no	404	HEAD	text/html; charset=utf-8	162	https://symbiota.ccber.ucsb.edu/kummel/2025/8081272978.jpg	28	HTTPError: Not Found
7885	c4efc8c4-0c68-41e1-a661-d0146804c3fe	https://symbiota.ccber.ucsb.edu/kummel/2025/8081312962.jpg	no	no	404	HEAD	text/html; charset=utf-8	162	https://symbiota.ccber.ucsb.edu/kummel/2025/8081312962.jpg	39	HTTPError: Not Found
7906	64f4af18-cd48-470e-9132-b6b984717815	https://symbiota.ccber.ucsb.edu/kummel/2025/8088875002.jpg	no	no	404	HEAD	text/html; charset=utf-8	162	https://symbiota.ccber.ucsb.edu/kummel/2025/8088875002.jpg	28	HTTPError: Not Found
7907	269bfce3-ef5d-4da3-8184-870ec72c8108	https://symbiota.ccber.ucsb.edu/kummel/2025/8091896167.jpg	no	no	404	HEAD	text/html; charset=utf-8	162	https://symbiota.ccber.ucsb.edu/kummel/2025/8091896167.jpg	25	HTTPError: Not Found
7908	2c05a761-efd8-4fa2-9702-2a4ab4729f2f	https://symbiota.ccber.ucsb.edu/kummel/2025/8091959941.jpg	no	no	404	HEAD	text/html; charset=utf-8	162	https://symbiota.ccber.ucsb.edu/kummel/2025/8091959941.jpg	28	HTTPError: Not Found
7909	a3b7c33d-587d-4428-a03f-87df3295eaec	https://symbiota.ccber.ucsb.edu/kummel/2025/8095461230.jpg	no	no	404	HEAD	text/html; charset=utf-8	162	https://symbiota.ccber.ucsb.edu/kummel/2025/8095461230.jpg	27	HTTPError: Not Found
7910	313d2c79-1da4-4fc3-8059-c43845e0189d	https://symbiota.ccber.ucsb.edu/kummel/2025/8095508383.jpg	no	no	404	HEAD	text/html; charset=utf-8	162	https://symbiota.ccber.ucsb.edu/kummel/2025/8095508383.jpg	26	HTTPError: Not Found
7911	c3f2fe5e-4775-4fe6-9258-bf01900ef796	https://symbiota.ccber.ucsb.edu/kummel/2025/8095564349.jpg	no	no	404	HEAD	text/html; charset=utf-8	162	https://symbiota.ccber.ucsb.edu/kummel/2025/8095564349.jpg	24	HTTPError: Not Found
7912	45f6bd65-bed5-4686-8035-41c830dbe301	https://symbiota.ccber.ucsb.edu/kummel/2025/8095631262.jpg	no	no	404	HEAD	text/html; charset=utf-8	162	https://symbiota.ccber.ucsb.edu/kummel/2025/8095631262.jpg	43	HTTPError: Not Found
7913	d8bafd2c-9cdf-4338-afbd-e549ac690ffa	https://symbiota.ccber.ucsb.edu/kummel/2025/8095678967.jpg	no	no	404	HEAD	text/html; charset=utf-8	162	https://symbiota.ccber.ucsb.edu/kummel/2025/8095678967.jpg	30	HTTPError: Not Found
7914	d5676b56-546c-4215-8161-68107a923684	https://symbiota.ccber.ucsb.edu/kummel/2025/8095703014.jpg	no	no	404	HEAD	text/html; charset=utf-8	162	https://symbiota.ccber.ucsb.edu/kummel/2025/8095703014.jpg	31	HTTPError: Not Found
7915	1cf7f031-b1ed-41fc-9e49-56b083b1c36f	https://symbiota.ccber.ucsb.edu/kummel/2025/8095722464.jpg	no	no	404	HEAD	text/html; charset=utf-8	162	https://symbiota.ccber.ucsb.edu/kummel/2025/8095722464.jpg	30	HTTPError: Not Found
7916	7410fe9f-45ab-4c2e-a2f4-ca3071fb1857	https://symbiota.ccber.ucsb.edu/kummel/2025/8095761894.jpg	no	no	404	HEAD	text/html; charset=utf-8	162	https://symbiota.ccber.ucsb.edu/kummel/2025/8095761894.jpg	47	HTTPError: Not Found
7917	c899c259-7fcd-4a52-a7e8-61e4de804f48	https://symbiota.ccber.ucsb.edu/kummel/2025/8098733526.jpg	no	no	404	HEAD	text/html; charset=utf-8	162	https://symbiota.ccber.ucsb.edu/kummel/2025/8098733526.jpg	60	HTTPError: Not Found
7918	8226d682-cdb7-4f6f-9bbd-10cea75d0649	https://symbiota.ccber.ucsb.edu/kummel/2025/8104118151.jpg	no	no	404	HEAD	text/html; charset=utf-8	162	https://symbiota.ccber.ucsb.edu/kummel/2025/8104118151.jpg	106	HTTPError: Not Found
7919	33f295dc-be4c-478a-bcf3-961c1355f63e	https://symbiota.ccber.ucsb.edu/kummel/2025/8104143899.jpg	no	no	404	HEAD	text/html; charset=utf-8	162	https://symbiota.ccber.ucsb.edu/kummel/2025/8104143899.jpg	27	HTTPError: Not Found
7920	9a3a69a5-37e3-4883-a1a8-6797a0b6b34c	https://symbiota.ccber.ucsb.edu/kummel/2025/8104185061.jpg	no	no	404	HEAD	text/html; charset=utf-8	162	https://symbiota.ccber.ucsb.edu/kummel/2025/8104185061.jpg	75	HTTPError: Not Found
7921	d0fb7837-b0db-4886-ae21-882ad7c11d66	https://symbiota.ccber.ucsb.edu/kummel/2025/8104198037.jpg	no	no	404	HEAD	text/html; charset=utf-8	162	https://symbiota.ccber.ucsb.edu/kummel/2025/8104198037.jpg	31	HTTPError: Not Found
7922	7d5b77aa-9f5f-4f37-bbe3-cb6078bd57cd	https://symbiota.ccber.ucsb.edu/kummel/2025/8104242299.jpg	no	no	404	HEAD	text/html; charset=utf-8	162	https://symbiota.ccber.ucsb.edu/kummel/2025/8104242299.jpg	32	HTTPError: Not Found
7923	393af424-31a8-4e1e-8611-bdae6dbba39d	https://symbiota.ccber.ucsb.edu/kummel/2025/8104273973.jpg	no	no	404	HEAD	text/html; charset=utf-8	162	https://symbiota.ccber.ucsb.edu/kummel/2025/8104273973.jpg	31	HTTPError: Not Found
7924	6c8d6b3d-7346-434a-9872-3fa3a13b485a	https://symbiota.ccber.ucsb.edu/kummel/2025/8104295797.jpg	no	no	404	HEAD	text/html; charset=utf-8	162	https://symbiota.ccber.ucsb.edu/kummel/2025/8104295797.jpg	25	HTTPError: Not Found
7925	d52fb279-6ded-4e77-afac-8d6a7b76e3ef	https://symbiota.ccber.ucsb.edu/kummel/2025/8104315835.jpg	no	no	404	HEAD	text/html; charset=utf-8	162	https://symbiota.ccber.ucsb.edu/kummel/2025/8104315835.jpg	36	HTTPError: Not Found
7926	d262b896-b167-424b-80c1-f2c2390367e2	https://symbiota.ccber.ucsb.edu/kummel/2025/8106825042.jpg	no	no	404	HEAD	text/html; charset=utf-8	162	https://symbiota.ccber.ucsb.edu/kummel/2025/8106825042.jpg	36	HTTPError: Not Found
7927	aac7ceab-a082-41f2-9b7b-3aa4f7529a3a	https://symbiota.ccber.ucsb.edu/kummel/2025/8106843497.jpg	no	no	404	HEAD	text/html; charset=utf-8	162	https://symbiota.ccber.ucsb.edu/kummel/2025/8106843497.jpg	33	HTTPError: Not Found
7928	b2e09e71-3ada-4e76-8fd3-56159a0296cb	https://symbiota.ccber.ucsb.edu/kummel/2025/8106887740.jpg	no	no	404	HEAD	text/html; charset=utf-8	162	https://symbiota.ccber.ucsb.edu/kummel/2025/8106887740.jpg	37	HTTPError: Not Found
7929	3e8e77a7-b7f6-4f0c-a3fb-fda0c930ff7b	https://symbiota.ccber.ucsb.edu/kummel/2025/8106939408.jpg	no	no	404	HEAD	text/html; charset=utf-8	162	https://symbiota.ccber.ucsb.edu/kummel/2025/8106939408.jpg	30	HTTPError: Not Found
7930	ec6637f0-d1b3-47d0-b7db-65ba39d7bafe	https://symbiota.ccber.ucsb.edu/kummel/2025/8106984082.jpg	no	no	404	HEAD	text/html; charset=utf-8	162	https://symbiota.ccber.ucsb.edu/kummel/2025/8106984082.jpg	43	HTTPError: Not Found
7931	6fd81d23-f950-4f86-9847-95d198f7ebf8	https://symbiota.ccber.ucsb.edu/kummel/2025/8107010579.jpg	no	no	404	HEAD	text/html; charset=utf-8	162	https://symbiota.ccber.ucsb.edu/kummel/2025/8107010579.jpg	41	HTTPError: Not Found
7932	172c587e-36fb-4fda-b2a4-c7b85908e7a2	https://symbiota.ccber.ucsb.edu/kummel/2025/8107032676.jpg	no	no	404	HEAD	text/html; charset=utf-8	162	https://symbiota.ccber.ucsb.edu/kummel/2025/8107032676.jpg	32	HTTPError: Not Found
7933	adc15306-55ba-4f08-88c2-1817c2365e04	https://symbiota.ccber.ucsb.edu/kummel/2025/8107056618.jpg	no	no	404	HEAD	text/html; charset=utf-8	162	https://symbiota.ccber.ucsb.edu/kummel/2025/8107056618.jpg	38	HTTPError: Not Found
7934	125dc998-0bbf-4ae4-8c46-6fbb3108f50a	https://symbiota.ccber.ucsb.edu/kummel/2025/8110787099.jpg	no	no	404	HEAD	text/html; charset=utf-8	162	https://symbiota.ccber.ucsb.edu/kummel/2025/8110787099.jpg	40	HTTPError: Not Found
7935	3b8093f1-ae06-40bb-bcab-5e0c01f7e973	https://symbiota.ccber.ucsb.edu/kummel/2025/8110844807.jpg	no	no	404	HEAD	text/html; charset=utf-8	162	https://symbiota.ccber.ucsb.edu/kummel/2025/8110844807.jpg	38	HTTPError: Not Found
7936	ca9b03f3-217e-49d6-a0b2-184606932f2a	https://symbiota.ccber.ucsb.edu/kummel/2025/8110889881.jpg	no	no	404	HEAD	text/html; charset=utf-8	162	https://symbiota.ccber.ucsb.edu/kummel/2025/8110889881.jpg	26	HTTPError: Not Found
7937	ac900d69-ec80-474f-930e-6553815ef70e	https://symbiota.ccber.ucsb.edu/kummel/2025/8110970078.jpg	no	no	404	HEAD	text/html; charset=utf-8	162	https://symbiota.ccber.ucsb.edu/kummel/2025/8110970078.jpg	52	HTTPError: Not Found
7938	c33ba1f5-35c1-4c42-9d44-9b37c3586262	https://symbiota.ccber.ucsb.edu/kummel/2025/8110997308.jpg	no	no	404	HEAD	text/html; charset=utf-8	162	https://symbiota.ccber.ucsb.edu/kummel/2025/8110997308.jpg	27	HTTPError: Not Found
7939	ca0db947-87f0-4abd-940f-021182a8c19a	https://symbiota.ccber.ucsb.edu/kummel/2025/8111047253.jpg	no	no	404	HEAD	text/html; charset=utf-8	162	https://symbiota.ccber.ucsb.edu/kummel/2025/8111047253.jpg	37	HTTPError: Not Found
7940	48c2dfe9-66de-4a74-95bb-efdfcc97957a	https://symbiota.ccber.ucsb.edu/kummel/2025/8111082854.jpg	no	no	404	HEAD	text/html; charset=utf-8	162	https://symbiota.ccber.ucsb.edu/kummel/2025/8111082854.jpg	37	HTTPError: Not Found
7941	a072b6cd-66f5-4a5b-8710-7b0f02e19dbc	https://symbiota.ccber.ucsb.edu/kummel/2025/8111145016.jpg	no	no	404	HEAD	text/html; charset=utf-8	162	https://symbiota.ccber.ucsb.edu/kummel/2025/8111145016.jpg	27	HTTPError: Not Found
7942	9fb0c216-65e5-4962-8326-0af04cdd5e0a	https://symbiota.ccber.ucsb.edu/kummel/2025/8114464857.jpg	no	no	404	HEAD	text/html; charset=utf-8	162	https://symbiota.ccber.ucsb.edu/kummel/2025/8114464857.jpg	26	HTTPError: Not Found
7943	32acfa37-431e-429d-94aa-2a7e05a5c174	https://symbiota.ccber.ucsb.edu/kummel/2025/8114518000.jpg	no	no	404	HEAD	text/html; charset=utf-8	162	https://symbiota.ccber.ucsb.edu/kummel/2025/8114518000.jpg	38	HTTPError: Not Found
7944	7646cfd4-8d59-4501-8f4d-6cb710108b8f	https://symbiota.ccber.ucsb.edu/kummel/2025/8114526223.jpg	no	no	404	HEAD	text/html; charset=utf-8	162	https://symbiota.ccber.ucsb.edu/kummel/2025/8114526223.jpg	25	HTTPError: Not Found
7945	d1cdb4de-ab31-4a87-99f9-81b581d871d1	https://symbiota.ccber.ucsb.edu/kummel/2025/8114548831.jpg	no	no	404	HEAD	text/html; charset=utf-8	162	https://symbiota.ccber.ucsb.edu/kummel/2025/8114548831.jpg	27	HTTPError: Not Found
7946	39a1dad0-bc66-4d73-81f9-b0cd130cbf87	https://symbiota.ccber.ucsb.edu/kummel/2025/8114648722.jpg	no	no	404	HEAD	text/html; charset=utf-8	162	https://symbiota.ccber.ucsb.edu/kummel/2025/8114648722.jpg	23	HTTPError: Not Found
7947	d22b155e-593a-4072-b585-798e6e947375	https://symbiota.ccber.ucsb.edu/kummel/2025/8114747160.jpg	no	no	404	HEAD	text/html; charset=utf-8	162	https://symbiota.ccber.ucsb.edu/kummel/2025/8114747160.jpg	32	HTTPError: Not Found
7948	a3cbd80e-484a-42f9-bee3-016057090f75	https://symbiota.ccber.ucsb.edu/kummel/2025/8114764676.jpg	no	no	404	HEAD	text/html; charset=utf-8	162	https://symbiota.ccber.ucsb.edu/kummel/2025/8114764676.jpg	33	HTTPError: Not Found
7949	a0a2b3c4-ce06-48bf-9c91-c8db8ea9a918	https://symbiota.ccber.ucsb.edu/kummel/2025/8114775713.jpg	no	no	404	HEAD	text/html; charset=utf-8	162	https://symbiota.ccber.ucsb.edu/kummel/2025/8114775713.jpg	41	HTTPError: Not Found
7950	4d3ef664-03a0-4de8-aca8-c58760880af0	https://symbiota.ccber.ucsb.edu/kummel/2025/8117557145.jpg	no	no	404	HEAD	text/html; charset=utf-8	162	https://symbiota.ccber.ucsb.edu/kummel/2025/8117557145.jpg	22	HTTPError: Not Found
7951	f1eaa720-78c1-4b48-8b57-41ff90fdb2b8	https://symbiota.ccber.ucsb.edu/kummel/2025/8117604361.jpg	no	no	404	HEAD	text/html; charset=utf-8	162	https://symbiota.ccber.ucsb.edu/kummel/2025/8117604361.jpg	83	HTTPError: Not Found
7952	d723ae98-4ee2-4736-90ab-4a04c082fdf6	https://symbiota.ccber.ucsb.edu/kummel/2025/8117653282.jpg	no	no	404	HEAD	text/html; charset=utf-8	162	https://symbiota.ccber.ucsb.edu/kummel/2025/8117653282.jpg	41	HTTPError: Not Found
7953	b90f5d0b-e43f-47fa-b40f-d042df06a777	https://symbiota.ccber.ucsb.edu/kummel/2025/8117686027.jpg	no	no	404	HEAD	text/html; charset=utf-8	162	https://symbiota.ccber.ucsb.edu/kummel/2025/8117686027.jpg	58	HTTPError: Not Found
7954	a5697899-6d80-4951-b57d-0af7ae4cea6d	https://symbiota.ccber.ucsb.edu/kummel/2025/8117756550.jpg	no	no	404	HEAD	text/html; charset=utf-8	162	https://symbiota.ccber.ucsb.edu/kummel/2025/8117756550.jpg	25	HTTPError: Not Found
7955	6f64e065-bca4-49bb-a464-388f50af244f	https://symbiota.ccber.ucsb.edu/kummel/2025/8117784873.jpg	no	no	404	HEAD	text/html; charset=utf-8	162	https://symbiota.ccber.ucsb.edu/kummel/2025/8117784873.jpg	38	HTTPError: Not Found
7956	cfb6e9db-a0c6-458f-904c-556d6a3d0846	https://symbiota.ccber.ucsb.edu/kummel/2025/8117814245.jpg	no	no	404	HEAD	text/html; charset=utf-8	162	https://symbiota.ccber.ucsb.edu/kummel/2025/8117814245.jpg	37	HTTPError: Not Found
7957	989b41e2-c097-49e3-bf2e-9c0626fab9b3	https://symbiota.ccber.ucsb.edu/kummel/2025/8120570895.jpg	no	no	404	HEAD	text/html; charset=utf-8	162	https://symbiota.ccber.ucsb.edu/kummel/2025/8120570895.jpg	27	HTTPError: Not Found
7958	16e8749b-13d6-4666-9ebd-a0ea24fecb18	https://symbiota.ccber.ucsb.edu/kummel/2025/8120593999.jpg	no	no	404	HEAD	text/html; charset=utf-8	162	https://symbiota.ccber.ucsb.edu/kummel/2025/8120593999.jpg	29	HTTPError: Not Found
7959	df12db4e-752a-4098-9bf4-bd1eab67ae36	https://symbiota.ccber.ucsb.edu/kummel/2025/8120626349.jpg	no	no	404	HEAD	text/html; charset=utf-8	162	https://symbiota.ccber.ucsb.edu/kummel/2025/8120626349.jpg	27	HTTPError: Not Found
7960	88c22b23-bfd4-4c01-a4e2-265fb784836c	https://symbiota.ccber.ucsb.edu/kummel/2025/8120716475.jpg	no	no	404	HEAD	text/html; charset=utf-8	162	https://symbiota.ccber.ucsb.edu/kummel/2025/8120716475.jpg	38	HTTPError: Not Found
7961	942be00a-6f17-43a2-87fb-4932a6fab394	https://symbiota.ccber.ucsb.edu/kummel/2025/8120824412.jpg	no	no	404	HEAD	text/html; charset=utf-8	162	https://symbiota.ccber.ucsb.edu/kummel/2025/8120824412.jpg	23	HTTPError: Not Found
7962	96ac0635-f28f-43f7-a464-7dd3e5375bea	https://symbiota.ccber.ucsb.edu/kummel/2025/8120833241.jpg	no	no	404	HEAD	text/html; charset=utf-8	162	https://symbiota.ccber.ucsb.edu/kummel/2025/8120833241.jpg	22	HTTPError: Not Found
7963	1748446c-7090-4ee0-89c6-5132eab350e2	https://symbiota.ccber.ucsb.edu/kummel/2025/8120899584.jpg	no	no	404	HEAD	text/html; charset=utf-8	162	https://symbiota.ccber.ucsb.edu/kummel/2025/8120899584.jpg	20	HTTPError: Not Found
7964	c288d212-21b6-474f-a347-0c6e7033ec41	https://symbiota.ccber.ucsb.edu/kummel/2025/8120927568.jpg	no	no	404	HEAD	text/html; charset=utf-8	162	https://symbiota.ccber.ucsb.edu/kummel/2025/8120927568.jpg	28	HTTPError: Not Found
7965	b5c1a0ad-63f1-49e2-a5e1-e6dfcb33011a	https://symbiota.ccber.ucsb.edu/kummel/2025/8123423144.jpg	no	no	404	HEAD	text/html; charset=utf-8	162	https://symbiota.ccber.ucsb.edu/kummel/2025/8123423144.jpg	28	HTTPError: Not Found
7966	1cf19f73-b39d-4e5e-9cbe-f6a9d9139a0b	https://symbiota.ccber.ucsb.edu/kummel/2025/8123426045.jpg	no	no	404	HEAD	text/html; charset=utf-8	162	https://symbiota.ccber.ucsb.edu/kummel/2025/8123426045.jpg	28	HTTPError: Not Found
7967	d8435f70-8245-4abb-9706-b872835d76f0	https://symbiota.ccber.ucsb.edu/kummel/2025/8123511465.jpg	no	no	404	HEAD	text/html; charset=utf-8	162	https://symbiota.ccber.ucsb.edu/kummel/2025/8123511465.jpg	32	HTTPError: Not Found
7968	0b50e397-7320-494a-bf11-f8839f4a04ca	https://symbiota.ccber.ucsb.edu/kummel/2025/8123563322.jpg	no	no	404	HEAD	text/html; charset=utf-8	162	https://symbiota.ccber.ucsb.edu/kummel/2025/8123563322.jpg	30	HTTPError: Not Found
7969	351a36b1-aea3-488d-a791-07fbd1787f77	https://symbiota.ccber.ucsb.edu/kummel/2025/8123651384.jpg	no	no	404	HEAD	text/html; charset=utf-8	162	https://symbiota.ccber.ucsb.edu/kummel/2025/8123651384.jpg	21	HTTPError: Not Found
7970	175e7255-ceba-4244-9505-309eeec6bb22	https://symbiota.ccber.ucsb.edu/kummel/2025/8123670600.jpg	no	no	404	HEAD	text/html; charset=utf-8	162	https://symbiota.ccber.ucsb.edu/kummel/2025/8123670600.jpg	24	HTTPError: Not Found
7971	7c562827-f3f6-4006-91d9-5380b166384d	https://symbiota.ccber.ucsb.edu/kummel/2025/8123698898.jpg	no	no	404	HEAD	text/html; charset=utf-8	162	https://symbiota.ccber.ucsb.edu/kummel/2025/8123698898.jpg	26	HTTPError: Not Found
7972	91a4d6d0-82da-42d1-82da-29099b9b5fd8	https://symbiota.ccber.ucsb.edu/kummel/2025/8123734404.jpg	no	no	404	HEAD	text/html; charset=utf-8	162	https://symbiota.ccber.ucsb.edu/kummel/2025/8123734404.jpg	32	HTTPError: Not Found
7973	43be899c-c5b6-42c8-95c9-f6a4e3016809	https://symbiota.ccber.ucsb.edu/kummel/2025/8126378273.jpg	no	no	404	HEAD	text/html; charset=utf-8	162	https://symbiota.ccber.ucsb.edu/kummel/2025/8126378273.jpg	30	HTTPError: Not Found
7974	19d2d375-0683-4f85-9e0a-396a8ed83f1c	https://symbiota.ccber.ucsb.edu/kummel/2025/8126418945.jpg	no	no	404	HEAD	text/html; charset=utf-8	162	https://symbiota.ccber.ucsb.edu/kummel/2025/8126418945.jpg	30	HTTPError: Not Found
7975	0b77832c-5ba3-41a3-850f-0f18295aa18f	https://symbiota.ccber.ucsb.edu/kummel/2025/8126475846.jpg	no	no	404	HEAD	text/html; charset=utf-8	162	https://symbiota.ccber.ucsb.edu/kummel/2025/8126475846.jpg	27	HTTPError: Not Found
7976	3ee53add-dd22-4be2-b39f-74ffc6e18e2c	https://symbiota.ccber.ucsb.edu/kummel/2025/8126489685.jpg	no	no	404	HEAD	text/html; charset=utf-8	162	https://symbiota.ccber.ucsb.edu/kummel/2025/8126489685.jpg	32	HTTPError: Not Found
7977	266d726a-087f-49e6-9ed6-96fc002aab3e	https://symbiota.ccber.ucsb.edu/kummel/2025/8126536579.jpg	no	no	404	HEAD	text/html; charset=utf-8	162	https://symbiota.ccber.ucsb.edu/kummel/2025/8126536579.jpg	33	HTTPError: Not Found
7978	cf720e68-2e53-4d16-9f9c-194af2ff3bce	https://symbiota.ccber.ucsb.edu/kummel/2025/8126537522.jpg	no	no	404	HEAD	text/html; charset=utf-8	162	https://symbiota.ccber.ucsb.edu/kummel/2025/8126537522.jpg	22	HTTPError: Not Found
7979	27d504b2-36bc-4f15-b18a-b0bb701cc9ec	https://symbiota.ccber.ucsb.edu/kummel/2025/8126593586.jpg	no	no	404	HEAD	text/html; charset=utf-8	162	https://symbiota.ccber.ucsb.edu/kummel/2025/8126593586.jpg	23	HTTPError: Not Found
7980	0fe4a7c0-a02f-41b0-b034-e9aa51cf877f	https://symbiota.ccber.ucsb.edu/kummel/2025/8126645352.jpg	no	no	404	HEAD	text/html; charset=utf-8	162	https://symbiota.ccber.ucsb.edu/kummel/2025/8126645352.jpg	29	HTTPError: Not Found
7981	5a61fcd3-1aca-4562-9970-1c8f1525dc53	https://symbiota.ccber.ucsb.edu/kummel/2025/8129465396.jpg	no	no	404	HEAD	text/html; charset=utf-8	162	https://symbiota.ccber.ucsb.edu/kummel/2025/8129465396.jpg	29	HTTPError: Not Found
7982	fee9888c-80d8-48cf-9e6b-b3af757d5ce2	https://symbiota.ccber.ucsb.edu/kummel/2025/8129496375.jpg	no	no	404	HEAD	text/html; charset=utf-8	162	https://symbiota.ccber.ucsb.edu/kummel/2025/8129496375.jpg	32	HTTPError: Not Found
7983	57704781-794f-4dc9-a350-d34ac7810122	https://symbiota.ccber.ucsb.edu/kummel/2025/8129615144.jpg	no	no	404	HEAD	text/html; charset=utf-8	162	https://symbiota.ccber.ucsb.edu/kummel/2025/8129615144.jpg	31	HTTPError: Not Found
7984	09af30d8-584b-4a09-8c83-4430985314d6	https://symbiota.ccber.ucsb.edu/kummel/2025/8133089704.jpg	no	no	404	HEAD	text/html; charset=utf-8	162	https://symbiota.ccber.ucsb.edu/kummel/2025/8133089704.jpg	28	HTTPError: Not Found
7985	eb539ab9-a889-4012-a26b-90307374073e	https://symbiota.ccber.ucsb.edu/kummel/2025/8133138748.jpg	no	no	404	HEAD	text/html; charset=utf-8	162	https://symbiota.ccber.ucsb.edu/kummel/2025/8133138748.jpg	48	HTTPError: Not Found
7986	1ca66c69-14cd-4929-803e-5a00a101c18f	https://symbiota.ccber.ucsb.edu/kummel/2025/8133197393.jpg	no	no	404	HEAD	text/html; charset=utf-8	162	https://symbiota.ccber.ucsb.edu/kummel/2025/8133197393.jpg	25	HTTPError: Not Found
7987	afaec12e-0bc6-4b0b-ab70-f28a728acfc0	https://symbiota.ccber.ucsb.edu/kummel/2025/8133266560.jpg	no	no	404	HEAD	text/html; charset=utf-8	162	https://symbiota.ccber.ucsb.edu/kummel/2025/8133266560.jpg	21	HTTPError: Not Found
7988	c83e0775-720c-4b96-b684-0ca555f7b5b1	https://symbiota.ccber.ucsb.edu/kummel/2025/8133332392.jpg	no	no	404	HEAD	text/html; charset=utf-8	162	https://symbiota.ccber.ucsb.edu/kummel/2025/8133332392.jpg	27	HTTPError: Not Found
7989	e6057267-2725-4ee0-ae27-d8d3c1c85ec4	https://symbiota.ccber.ucsb.edu/kummel/2025/8133368444.jpg	no	no	404	HEAD	text/html; charset=utf-8	162	https://symbiota.ccber.ucsb.edu/kummel/2025/8133368444.jpg	69	HTTPError: Not Found
7990	fd024d2b-fc5b-4703-9f5b-421c96161e2c	https://symbiota.ccber.ucsb.edu/kummel/2025/8133424175.jpg	no	no	404	HEAD	text/html; charset=utf-8	162	https://symbiota.ccber.ucsb.edu/kummel/2025/8133424175.jpg	66	HTTPError: Not Found
7991	d8a1cdca-9fea-4728-96b8-0efe76e8d195	https://symbiota.ccber.ucsb.edu/kummel/2025/8136795215.jpg	no	no	404	HEAD	text/html; charset=utf-8	162	https://symbiota.ccber.ucsb.edu/kummel/2025/8136795215.jpg	68	HTTPError: Not Found
7992	07756a56-340b-4711-9a35-d0c08589f846	https://symbiota.ccber.ucsb.edu/kummel/2025/8136856772.jpg	no	no	404	HEAD	text/html; charset=utf-8	162	https://symbiota.ccber.ucsb.edu/kummel/2025/8136856772.jpg	27	HTTPError: Not Found
7993	b2821df9-e556-47ff-9cb2-3d32acc33b20	https://symbiota.ccber.ucsb.edu/kummel/2025/8136865779.jpg	no	no	404	HEAD	text/html; charset=utf-8	162	https://symbiota.ccber.ucsb.edu/kummel/2025/8136865779.jpg	23	HTTPError: Not Found
7994	740ff229-da4a-4e62-a76d-247f560d580d	https://symbiota.ccber.ucsb.edu/kummel/2025/8136906165.jpg	no	no	404	HEAD	text/html; charset=utf-8	162	https://symbiota.ccber.ucsb.edu/kummel/2025/8136906165.jpg	21	HTTPError: Not Found
7995	cb2fb7be-a221-4327-8542-cbeb47ed8768	https://symbiota.ccber.ucsb.edu/kummel/2025/8136989682.jpg	no	no	404	HEAD	text/html; charset=utf-8	162	https://symbiota.ccber.ucsb.edu/kummel/2025/8136989682.jpg	24	HTTPError: Not Found
7996	737c3d19-93a9-43bf-b5cf-503302232ba6	https://symbiota.ccber.ucsb.edu/kummel/2025/8137029568.jpg	no	no	404	HEAD	text/html; charset=utf-8	162	https://symbiota.ccber.ucsb.edu/kummel/2025/8137029568.jpg	31	HTTPError: Not Found
7997	488bf890-0d79-48eb-9b1e-9e010e068e88	https://symbiota.ccber.ucsb.edu/kummel/2025/8137065759.jpg	no	no	404	HEAD	text/html; charset=utf-8	162	https://symbiota.ccber.ucsb.edu/kummel/2025/8137065759.jpg	33	HTTPError: Not Found
7998	0a093d7e-a3ee-415b-aaf8-0535339bbd98	https://symbiota.ccber.ucsb.edu/kummel/2025/8137128612.jpg	no	no	404	HEAD	text/html; charset=utf-8	162	https://symbiota.ccber.ucsb.edu/kummel/2025/8137128612.jpg	29	HTTPError: Not Found
7999	f138b155-6b18-4ff9-91dc-56843345306f	https://symbiota.ccber.ucsb.edu/kummel/2025/8140190873.jpg	no	no	404	HEAD	text/html; charset=utf-8	162	https://symbiota.ccber.ucsb.edu/kummel/2025/8140190873.jpg	36	HTTPError: Not Found
8000	f78935ae-e534-4da1-9dba-4561e6377de6	https://symbiota.ccber.ucsb.edu/kummel/2025/8140210319.jpg	no	no	404	HEAD	text/html; charset=utf-8	162	https://symbiota.ccber.ucsb.edu/kummel/2025/8140210319.jpg	16	HTTPError: Not Found
8001	b1e23765-06ec-4071-999c-73c8c270a87b	https://symbiota.ccber.ucsb.edu/kummel/2025/8140328232.jpg	no	no	404	HEAD	text/html; charset=utf-8	162	https://symbiota.ccber.ucsb.edu/kummel/2025/8140328232.jpg	23	HTTPError: Not Found
8002	6bce79b6-3bbe-4bcb-83e4-40552591f3f0	https://symbiota.ccber.ucsb.edu/kummel/2025/8140345052.jpg	no	no	404	HEAD	text/html; charset=utf-8	162	https://symbiota.ccber.ucsb.edu/kummel/2025/8140345052.jpg	22	HTTPError: Not Found
8003	b729727a-7cfc-4146-a64d-8159ea8de724	https://symbiota.ccber.ucsb.edu/kummel/2025/8140377624.jpg	no	no	404	HEAD	text/html; charset=utf-8	162	https://symbiota.ccber.ucsb.edu/kummel/2025/8140377624.jpg	26	HTTPError: Not Found
8004	a57d662e-0a36-4f1f-acf0-6adcee7334d5	https://symbiota.ccber.ucsb.edu/kummel/2025/8140402638.jpg	no	no	404	HEAD	text/html; charset=utf-8	162	https://symbiota.ccber.ucsb.edu/kummel/2025/8140402638.jpg	19	HTTPError: Not Found
8005	273cecac-4953-4511-be2d-e5926f3afece	https://symbiota.ccber.ucsb.edu/kummel/2025/8140416187.jpg	no	no	404	HEAD	text/html; charset=utf-8	162	https://symbiota.ccber.ucsb.edu/kummel/2025/8140416187.jpg	33	HTTPError: Not Found
8006	3c7e45f6-b5c2-48b7-a35d-ed8d99d505cd	https://symbiota.ccber.ucsb.edu/kummel/2025/8140444255.jpg	no	no	404	HEAD	text/html; charset=utf-8	162	https://symbiota.ccber.ucsb.edu/kummel/2025/8140444255.jpg	24	HTTPError: Not Found
8007	92b7acdb-2eb7-40ce-ae09-12f6d14c5214	https://symbiota.ccber.ucsb.edu/kummel/2025/8143200829.jpg	no	no	404	HEAD	text/html; charset=utf-8	162	https://symbiota.ccber.ucsb.edu/kummel/2025/8143200829.jpg	33	HTTPError: Not Found
8008	8f21a17e-14ac-4561-a1aa-2e4b98c4a944	https://symbiota.ccber.ucsb.edu/kummel/2025/8143235567.jpg	no	no	404	HEAD	text/html; charset=utf-8	162	https://symbiota.ccber.ucsb.edu/kummel/2025/8143235567.jpg	27	HTTPError: Not Found
8009	60c83eda-4a06-4d5a-8493-ba555ced9866	https://symbiota.ccber.ucsb.edu/kummel/2025/8143318113.jpg	no	no	404	HEAD	text/html; charset=utf-8	162	https://symbiota.ccber.ucsb.edu/kummel/2025/8143318113.jpg	25	HTTPError: Not Found
8010	9acfe8ed-3b46-4840-90fe-c2d962c9ad5c	https://symbiota.ccber.ucsb.edu/kummel/2025/8143372529.jpg	no	no	404	HEAD	text/html; charset=utf-8	162	https://symbiota.ccber.ucsb.edu/kummel/2025/8143372529.jpg	23	HTTPError: Not Found
8011	901effc5-4941-43c1-b9c0-6b129d3bf6cc	https://symbiota.ccber.ucsb.edu/kummel/2025/8143408181.jpg	no	no	404	HEAD	text/html; charset=utf-8	162	https://symbiota.ccber.ucsb.edu/kummel/2025/8143408181.jpg	26	HTTPError: Not Found
8012	736a08b3-7e65-4e1e-b44a-3ba0e5eb77d3	https://symbiota.ccber.ucsb.edu/kummel/2025/8143425763.jpg	no	no	404	HEAD	text/html; charset=utf-8	162	https://symbiota.ccber.ucsb.edu/kummel/2025/8143425763.jpg	18	HTTPError: Not Found
8013	33d38bd0-d2e1-4ae7-92eb-12f2a2b62f5e	https://symbiota.ccber.ucsb.edu/kummel/2025/8143526805.jpg	no	no	404	HEAD	text/html; charset=utf-8	162	https://symbiota.ccber.ucsb.edu/kummel/2025/8143526805.jpg	24	HTTPError: Not Found
8014	92eb36f8-efab-4eba-a683-273a1bce82d9	https://symbiota.ccber.ucsb.edu/kummel/2025/8143543836.jpg	no	no	404	HEAD	text/html; charset=utf-8	162	https://symbiota.ccber.ucsb.edu/kummel/2025/8143543836.jpg	33	HTTPError: Not Found
8015	2bbffd1d-8f20-4263-9546-bf1237250ea6	https://symbiota.ccber.ucsb.edu/kummel/2025/8146458975.jpg	no	no	404	HEAD	text/html; charset=utf-8	162	https://symbiota.ccber.ucsb.edu/kummel/2025/8146458975.jpg	33	HTTPError: Not Found
8016	69ccaa2f-24f9-42fc-a6b0-12a0bd12eb0f	https://symbiota.ccber.ucsb.edu/kummel/2025/8146522744.jpg	no	no	404	HEAD	text/html; charset=utf-8	162	https://symbiota.ccber.ucsb.edu/kummel/2025/8146522744.jpg	24	HTTPError: Not Found
8017	cc08ee57-6bc6-43d2-8b21-21a055522d22	https://symbiota.ccber.ucsb.edu/kummel/2025/8146578322.jpg	no	no	404	HEAD	text/html; charset=utf-8	162	https://symbiota.ccber.ucsb.edu/kummel/2025/8146578322.jpg	23	HTTPError: Not Found
8018	cca9810c-a7d0-444b-993b-00448c29566d	https://symbiota.ccber.ucsb.edu/kummel/2025/8146599066.jpg	no	no	404	HEAD	text/html; charset=utf-8	162	https://symbiota.ccber.ucsb.edu/kummel/2025/8146599066.jpg	21	HTTPError: Not Found
8019	e8976387-c573-42e0-8006-50a39bebe745	https://symbiota.ccber.ucsb.edu/kummel/2025/8149086173.jpg	no	no	404	HEAD	text/html; charset=utf-8	162	https://symbiota.ccber.ucsb.edu/kummel/2025/8149086173.jpg	19	HTTPError: Not Found
8020	c0bd4569-cf6a-45cc-9d3e-07d9a2756377	https://symbiota.ccber.ucsb.edu/kummel/2025/8149106659.jpg	no	no	404	HEAD	text/html; charset=utf-8	162	https://symbiota.ccber.ucsb.edu/kummel/2025/8149106659.jpg	17	HTTPError: Not Found
8021	74b7b3a0-7490-46e7-a7fb-2d3e61a53f0f	https://symbiota.ccber.ucsb.edu/kummel/2025/8149126549.jpg	no	no	404	HEAD	text/html; charset=utf-8	162	https://symbiota.ccber.ucsb.edu/kummel/2025/8149126549.jpg	21	HTTPError: Not Found
8022	1ea4ad57-50b0-4949-baab-a3e56d032e8f	https://symbiota.ccber.ucsb.edu/kummel/2025/8149152943.jpg	no	no	404	HEAD	text/html; charset=utf-8	162	https://symbiota.ccber.ucsb.edu/kummel/2025/8149152943.jpg	35	HTTPError: Not Found
8023	f2ce836b-d370-43ac-b5a0-2d85dd6bfaba	https://symbiota.ccber.ucsb.edu/kummel/2025/8149246314.jpg	no	no	404	HEAD	text/html; charset=utf-8	162	https://symbiota.ccber.ucsb.edu/kummel/2025/8149246314.jpg	35	HTTPError: Not Found
8024	64e3faab-09cc-47fb-bcc2-72218424252c	https://symbiota.ccber.ucsb.edu/kummel/2025/8149260834.jpg	no	no	404	HEAD	text/html; charset=utf-8	162	https://symbiota.ccber.ucsb.edu/kummel/2025/8149260834.jpg	212	HTTPError: Not Found
8025	6af5ab59-42c1-4207-a93d-9bfecf01dbde	https://symbiota.ccber.ucsb.edu/kummel/2025/8149272217.jpg	no	no	404	HEAD	text/html; charset=utf-8	162	https://symbiota.ccber.ucsb.edu/kummel/2025/8149272217.jpg	20	HTTPError: Not Found
8026	c8552893-5bb1-48d9-a1c4-e9fda617cfb1	https://symbiota.ccber.ucsb.edu/kummel/2025/8149284598.jpg	no	no	404	HEAD	text/html; charset=utf-8	162	https://symbiota.ccber.ucsb.edu/kummel/2025/8149284598.jpg	19	HTTPError: Not Found
8027	650449ec-91ba-47d1-ba0f-8e4274ba7485	https://symbiota.ccber.ucsb.edu/kummel/2025/8152252246.jpg	no	no	404	HEAD	text/html; charset=utf-8	162	https://symbiota.ccber.ucsb.edu/kummel/2025/8152252246.jpg	40	HTTPError: Not Found
8028	31268cf4-50d2-4602-80fd-be18674f08c2	https://symbiota.ccber.ucsb.edu/kummel/2025/8152285828.jpg	no	no	404	HEAD	text/html; charset=utf-8	162	https://symbiota.ccber.ucsb.edu/kummel/2025/8152285828.jpg	109	HTTPError: Not Found
8029	831dad33-62fd-4b94-8857-9d9956c84c23	https://symbiota.ccber.ucsb.edu/kummel/2025/8152302266.jpg	no	no	404	HEAD	text/html; charset=utf-8	162	https://symbiota.ccber.ucsb.edu/kummel/2025/8152302266.jpg	22	HTTPError: Not Found
8030	91377035-f0df-4ae3-a384-bfea9928061a	https://symbiota.ccber.ucsb.edu/kummel/2025/8152347689.jpg	no	no	404	HEAD	text/html; charset=utf-8	162	https://symbiota.ccber.ucsb.edu/kummel/2025/8152347689.jpg	68	HTTPError: Not Found
8031	0dfbc2c2-a233-468c-86c2-d54f3039eec9	https://symbiota.ccber.ucsb.edu/kummel/2025/8152474630.jpg	no	no	404	HEAD	text/html; charset=utf-8	162	https://symbiota.ccber.ucsb.edu/kummel/2025/8152474630.jpg	145	HTTPError: Not Found
8032	c3e6f02c-9909-4d1e-a49c-fbfa825d0c37	https://symbiota.ccber.ucsb.edu/kummel/2025/8152547731.jpg	no	no	404	HEAD	text/html; charset=utf-8	162	https://symbiota.ccber.ucsb.edu/kummel/2025/8152547731.jpg	69	HTTPError: Not Found
8033	28a47622-a698-4360-afcc-493b3491849c	https://symbiota.ccber.ucsb.edu/kummel/2025/8152573671.jpg	no	no	404	HEAD	text/html; charset=utf-8	162	https://symbiota.ccber.ucsb.edu/kummel/2025/8152573671.jpg	149	HTTPError: Not Found
8034	bd03c2ec-fca1-43c8-a440-d1b322159b3b	https://symbiota.ccber.ucsb.edu/kummel/2025/8155937399.jpg	no	no	404	HEAD	text/html; charset=utf-8	162	https://symbiota.ccber.ucsb.edu/kummel/2025/8155937399.jpg	41	HTTPError: Not Found
8035	07f5b5cf-7086-41b8-8a21-01c098b7e50a	https://symbiota.ccber.ucsb.edu/kummel/2025/8156032476.jpg	no	no	404	HEAD	text/html; charset=utf-8	162	https://symbiota.ccber.ucsb.edu/kummel/2025/8156032476.jpg	39	HTTPError: Not Found
8036	7fb0017c-1f4d-42fa-a0ac-ddcc0b855cbf	https://symbiota.ccber.ucsb.edu/kummel/2025/8156180150.jpg	no	no	404	HEAD	text/html; charset=utf-8	162	https://symbiota.ccber.ucsb.edu/kummel/2025/8156180150.jpg	44	HTTPError: Not Found
8037	a5d50ddf-9b2e-4c48-abda-48bfc6bb0b21	https://symbiota.ccber.ucsb.edu/kummel/2025/8156216384.jpg	no	no	404	HEAD	text/html; charset=utf-8	162	https://symbiota.ccber.ucsb.edu/kummel/2025/8156216384.jpg	44	HTTPError: Not Found
8038	717b84e8-739f-42e6-80ad-1d8983f67ee7	https://symbiota.ccber.ucsb.edu/kummel/2025/8156247537.jpg	no	no	404	HEAD	text/html; charset=utf-8	162	https://symbiota.ccber.ucsb.edu/kummel/2025/8156247537.jpg	28	HTTPError: Not Found
8039	7ee63285-f083-4ed1-8352-919809e5f8ec	https://symbiota.ccber.ucsb.edu/kummel/2025/8156275107.jpg	no	no	404	HEAD	text/html; charset=utf-8	162	https://symbiota.ccber.ucsb.edu/kummel/2025/8156275107.jpg	31	HTTPError: Not Found
8040	4b1da4c9-131f-4ba7-a5bf-879edebde05a	https://symbiota.ccber.ucsb.edu/kummel/2025/8156407850.jpg	no	no	404	HEAD	text/html; charset=utf-8	162	https://symbiota.ccber.ucsb.edu/kummel/2025/8156407850.jpg	30	HTTPError: Not Found
8041	2af4e9e8-d227-4adf-bcd6-bfe45fa7c28d	https://symbiota.ccber.ucsb.edu/kummel/2025/8156425717.jpg	no	no	404	HEAD	text/html; charset=utf-8	162	https://symbiota.ccber.ucsb.edu/kummel/2025/8156425717.jpg	50	HTTPError: Not Found
8042	9581c036-1125-4b04-ac68-81476f313bfb	https://symbiota.ccber.ucsb.edu/kummel/2025/8159750631.jpg	no	no	404	HEAD	text/html; charset=utf-8	162	https://symbiota.ccber.ucsb.edu/kummel/2025/8159750631.jpg	48	HTTPError: Not Found
8043	e612d789-d30e-4529-909b-1eb8056d36b4	https://symbiota.ccber.ucsb.edu/kummel/2025/8159781867.jpg	no	no	404	HEAD	text/html; charset=utf-8	162	https://symbiota.ccber.ucsb.edu/kummel/2025/8159781867.jpg	37	HTTPError: Not Found
8044	308645fc-4b40-4a21-9032-d738dd27dd7a	https://symbiota.ccber.ucsb.edu/kummel/2025/8159842200.jpg	no	no	404	HEAD	text/html; charset=utf-8	162	https://symbiota.ccber.ucsb.edu/kummel/2025/8159842200.jpg	45	HTTPError: Not Found
8045	e0aa337b-0c29-401c-9808-9064f1d0b409	https://symbiota.ccber.ucsb.edu/kummel/2025/8159883444.jpg	no	no	404	HEAD	text/html; charset=utf-8	162	https://symbiota.ccber.ucsb.edu/kummel/2025/8159883444.jpg	69	HTTPError: Not Found
8046	074711a8-e316-4d0d-91d1-a3d04f0a343e	https://symbiota.ccber.ucsb.edu/kummel/2025/8162915482.jpg	no	no	404	HEAD	text/html; charset=utf-8	162	https://symbiota.ccber.ucsb.edu/kummel/2025/8162915482.jpg	39	HTTPError: Not Found
8047	eeb6d686-8e8c-4844-a031-891b6f9384fb	https://symbiota.ccber.ucsb.edu/kummel/2025/8162962527.jpg	no	no	404	HEAD	text/html; charset=utf-8	162	https://symbiota.ccber.ucsb.edu/kummel/2025/8162962527.jpg	37	HTTPError: Not Found
8048	96cd1984-5aa6-4bd8-979f-183ad3e09261	https://symbiota.ccber.ucsb.edu/kummel/2025/8163005297.jpg	no	no	404	HEAD	text/html; charset=utf-8	162	https://symbiota.ccber.ucsb.edu/kummel/2025/8163005297.jpg	37	HTTPError: Not Found
8049	00b8c240-877a-4691-a2cf-0aa44e3dda8c	https://symbiota.ccber.ucsb.edu/kummel/2025/8163032327.jpg	no	no	404	HEAD	text/html; charset=utf-8	162	https://symbiota.ccber.ucsb.edu/kummel/2025/8163032327.jpg	54	HTTPError: Not Found
8050	48a15817-2b10-4b14-b843-a890c8b87664	https://symbiota.ccber.ucsb.edu/kummel/2025/8163068375.jpg	no	no	404	HEAD	text/html; charset=utf-8	162	https://symbiota.ccber.ucsb.edu/kummel/2025/8163068375.jpg	25	HTTPError: Not Found
8051	e0e18f1e-e42a-4735-855c-a7c2156b2d96	https://symbiota.ccber.ucsb.edu/kummel/2025/8163111392.jpg	no	no	404	HEAD	text/html; charset=utf-8	162	https://symbiota.ccber.ucsb.edu/kummel/2025/8163111392.jpg	30	HTTPError: Not Found
8052	9e96420a-c603-4f69-9565-18a007a358e8	https://symbiota.ccber.ucsb.edu/kummel/2025/8165505979.jpg	no	no	404	HEAD	text/html; charset=utf-8	162	https://symbiota.ccber.ucsb.edu/kummel/2025/8165505979.jpg	25	HTTPError: Not Found
8053	f314cec1-fad9-4b30-ba95-860574c0fc02	https://symbiota.ccber.ucsb.edu/kummel/2025/8165524642.jpg	no	no	404	HEAD	text/html; charset=utf-8	162	https://symbiota.ccber.ucsb.edu/kummel/2025/8165524642.jpg	32	HTTPError: Not Found
8054	dbe943b5-4397-4018-82f2-0c3818a9ac9e	https://symbiota.ccber.ucsb.edu/kummel/2025/8165542261.jpg	no	no	404	HEAD	text/html; charset=utf-8	162	https://symbiota.ccber.ucsb.edu/kummel/2025/8165542261.jpg	36	HTTPError: Not Found
8055	2ee8bb37-78cb-4ed8-b229-10fd30a37563	https://symbiota.ccber.ucsb.edu/kummel/2025/8165670533.jpg	no	no	404	HEAD	text/html; charset=utf-8	162	https://symbiota.ccber.ucsb.edu/kummel/2025/8165670533.jpg	35	HTTPError: Not Found
8056	2ac6c1df-1435-4c61-89c3-f49b2168cdfb	https://symbiota.ccber.ucsb.edu/kummel/2025/8165678472.jpg	no	no	404	HEAD	text/html; charset=utf-8	162	https://symbiota.ccber.ucsb.edu/kummel/2025/8165678472.jpg	34	HTTPError: Not Found
8057	016eaef3-e349-4cce-80ce-ee7303db2e04	https://symbiota.ccber.ucsb.edu/kummel/2025/8165733114.jpg	no	no	404	HEAD	text/html; charset=utf-8	162	https://symbiota.ccber.ucsb.edu/kummel/2025/8165733114.jpg	39	HTTPError: Not Found
8058	2230ca1b-231d-45a9-9e7f-f1f29bb8bc0a	https://symbiota.ccber.ucsb.edu/kummel/2025/8170808057.jpg	no	no	404	HEAD	text/html; charset=utf-8	162	https://symbiota.ccber.ucsb.edu/kummel/2025/8170808057.jpg	33	HTTPError: Not Found
8059	b88bd7dc-0799-421d-854b-57c91ed27053	https://symbiota.ccber.ucsb.edu/kummel/2025/8170823477.jpg	no	no	404	HEAD	text/html; charset=utf-8	162	https://symbiota.ccber.ucsb.edu/kummel/2025/8170823477.jpg	26	HTTPError: Not Found
8060	b6142d33-0dbb-44be-9a5d-09d84a79811b	https://symbiota.ccber.ucsb.edu/kummel/2025/8170870075.jpg	no	no	404	HEAD	text/html; charset=utf-8	162	https://symbiota.ccber.ucsb.edu/kummel/2025/8170870075.jpg	28	HTTPError: Not Found
8061	f85b3482-e46f-4e70-aa53-a08bed75bff1	https://symbiota.ccber.ucsb.edu/kummel/2025/8170876046.jpg	no	no	404	HEAD	text/html; charset=utf-8	162	https://symbiota.ccber.ucsb.edu/kummel/2025/8170876046.jpg	97	HTTPError: Not Found
8062	e7d08634-d0c3-440a-9f00-7701575f566c	https://symbiota.ccber.ucsb.edu/kummel/2025/8170910523.jpg	no	no	404	HEAD	text/html; charset=utf-8	162	https://symbiota.ccber.ucsb.edu/kummel/2025/8170910523.jpg	34	HTTPError: Not Found
8063	e76f7ec4-9530-4ae2-a8a1-edfcca7c2e4c	https://symbiota.ccber.ucsb.edu/kummel/2025/8170953116.jpg	no	no	404	HEAD	text/html; charset=utf-8	162	https://symbiota.ccber.ucsb.edu/kummel/2025/8170953116.jpg	32	HTTPError: Not Found
8064	3152d5ba-559b-4e3b-a114-c98dbc4eb5cf	https://symbiota.ccber.ucsb.edu/kummel/2025/8170989626.jpg	no	no	404	HEAD	text/html; charset=utf-8	162	https://symbiota.ccber.ucsb.edu/kummel/2025/8170989626.jpg	33	HTTPError: Not Found
8065	6d24767c-f3c8-48b3-99db-4d88eb3255be	https://symbiota.ccber.ucsb.edu/kummel/2025/8171036455.jpg	no	no	404	HEAD	text/html; charset=utf-8	162	https://symbiota.ccber.ucsb.edu/kummel/2025/8171036455.jpg	34	HTTPError: Not Found
8066	d126f174-cf3b-48bc-bf69-8a046e3199db	https://symbiota.ccber.ucsb.edu/kummel/2025/8173676763.jpg	no	no	404	HEAD	text/html; charset=utf-8	162	https://symbiota.ccber.ucsb.edu/kummel/2025/8173676763.jpg	14	HTTPError: Not Found
8067	81d72672-1884-42b0-a219-50f78b9d76d4	https://symbiota.ccber.ucsb.edu/kummel/2025/8173732968.jpg	no	no	404	HEAD	text/html; charset=utf-8	162	https://symbiota.ccber.ucsb.edu/kummel/2025/8173732968.jpg	31	HTTPError: Not Found
8068	4f6a2671-564a-4320-98bc-3fd108e87464	https://symbiota.ccber.ucsb.edu/kummel/2025/8173769552.jpg	no	no	404	HEAD	text/html; charset=utf-8	162	https://symbiota.ccber.ucsb.edu/kummel/2025/8173769552.jpg	31	HTTPError: Not Found
8069	c5c179e4-ea58-456d-8a2e-463a68fa5fed	https://symbiota.ccber.ucsb.edu/kummel/2025/8173786500.jpg	no	no	404	HEAD	text/html; charset=utf-8	162	https://symbiota.ccber.ucsb.edu/kummel/2025/8173786500.jpg	25	HTTPError: Not Found
8070	77bd24e9-5f9a-4945-b347-9c4e54266be7	https://symbiota.ccber.ucsb.edu/kummel/2025/8173814136.jpg	no	no	404	HEAD	text/html; charset=utf-8	162	https://symbiota.ccber.ucsb.edu/kummel/2025/8173814136.jpg	38	HTTPError: Not Found
8071	ff0153e6-8593-485e-a80b-38e285eb6617	https://symbiota.ccber.ucsb.edu/kummel/2025/8177126691.jpg	no	no	404	HEAD	text/html; charset=utf-8	162	https://symbiota.ccber.ucsb.edu/kummel/2025/8177126691.jpg	38	HTTPError: Not Found
8072	75f45241-fcb8-4d4e-b850-fc4d16d2e62a	https://symbiota.ccber.ucsb.edu/kummel/2025/8177135070.jpg	no	no	404	HEAD	text/html; charset=utf-8	162	https://symbiota.ccber.ucsb.edu/kummel/2025/8177135070.jpg	38	HTTPError: Not Found
8073	fa8a798e-4c2b-46b4-b0b3-b0bbc248e784	https://symbiota.ccber.ucsb.edu/kummel/2025/8177181136.jpg	no	no	404	HEAD	text/html; charset=utf-8	162	https://symbiota.ccber.ucsb.edu/kummel/2025/8177181136.jpg	33	HTTPError: Not Found
8074	4c89fa07-77f3-4234-a33f-a6ec554540dc	https://symbiota.ccber.ucsb.edu/kummel/2025/8177237962.jpg	no	no	404	HEAD	text/html; charset=utf-8	162	https://symbiota.ccber.ucsb.edu/kummel/2025/8177237962.jpg	43	HTTPError: Not Found
8075	05cf11ab-e130-402e-b4c8-3bc91ad7c7a5	https://symbiota.ccber.ucsb.edu/kummel/2025/8177256632.jpg	no	no	404	HEAD	text/html; charset=utf-8	162	https://symbiota.ccber.ucsb.edu/kummel/2025/8177256632.jpg	30	HTTPError: Not Found
8076	8f8138b2-103a-4e33-b86b-b729fc6bdf63	https://symbiota.ccber.ucsb.edu/kummel/2025/8177277522.jpg	no	no	404	HEAD	text/html; charset=utf-8	162	https://symbiota.ccber.ucsb.edu/kummel/2025/8177277522.jpg	31	HTTPError: Not Found
8077	146f61a9-f083-44b3-877b-425fa8277c74	https://symbiota.ccber.ucsb.edu/kummel/2025/8177327170.jpg	no	no	404	HEAD	text/html; charset=utf-8	162	https://symbiota.ccber.ucsb.edu/kummel/2025/8177327170.jpg	28	HTTPError: Not Found
8078	01805042-3922-48d0-97a3-531d631ed755	https://symbiota.ccber.ucsb.edu/kummel/2025/8177352456.jpg	no	no	404	HEAD	text/html; charset=utf-8	162	https://symbiota.ccber.ucsb.edu/kummel/2025/8177352456.jpg	24	HTTPError: Not Found
8079	a2299e49-50cd-407c-8fa7-147a2d51d82c	https://symbiota.ccber.ucsb.edu/kummel/2025/8180736854.jpg	no	no	404	HEAD	text/html; charset=utf-8	162	https://symbiota.ccber.ucsb.edu/kummel/2025/8180736854.jpg	33	HTTPError: Not Found
8080	f039291e-0581-426d-813a-9fb333ab104e	https://symbiota.ccber.ucsb.edu/kummel/2025/8180804574.jpg	no	no	404	HEAD	text/html; charset=utf-8	162	https://symbiota.ccber.ucsb.edu/kummel/2025/8180804574.jpg	31	HTTPError: Not Found
8081	e4e9b42d-6969-476b-9977-c3f1786cc4e5	https://symbiota.ccber.ucsb.edu/kummel/2025/8180835978.jpg	no	no	404	HEAD	text/html; charset=utf-8	162	https://symbiota.ccber.ucsb.edu/kummel/2025/8180835978.jpg	25	HTTPError: Not Found
8082	d7229125-7a76-4600-bc92-b165dd8a1374	https://symbiota.ccber.ucsb.edu/kummel/2025/8180868076.jpg	no	no	404	HEAD	text/html; charset=utf-8	162	https://symbiota.ccber.ucsb.edu/kummel/2025/8180868076.jpg	36	HTTPError: Not Found
8083	81c7833f-c562-4009-a935-f5ce7653da41	https://symbiota.ccber.ucsb.edu/kummel/2025/8180886537.jpg	no	no	404	HEAD	text/html; charset=utf-8	162	https://symbiota.ccber.ucsb.edu/kummel/2025/8180886537.jpg	35	HTTPError: Not Found
8084	fa5820d5-9dc4-4852-9bf4-dbbe0d7f3c99	https://symbiota.ccber.ucsb.edu/kummel/2025/8180889170.jpg	no	no	404	HEAD	text/html; charset=utf-8	162	https://symbiota.ccber.ucsb.edu/kummel/2025/8180889170.jpg	34	HTTPError: Not Found
8085	7793ec66-0d0e-4b1c-b589-61e9bc1b7622	https://symbiota.ccber.ucsb.edu/kummel/2025/8180953291.jpg	no	no	404	HEAD	text/html; charset=utf-8	162	https://symbiota.ccber.ucsb.edu/kummel/2025/8180953291.jpg	29	HTTPError: Not Found
8086	a905d941-adf2-4838-a966-aeb0f77ad26c	https://symbiota.ccber.ucsb.edu/kummel/2025/8181007678.jpg	no	no	404	HEAD	text/html; charset=utf-8	162	https://symbiota.ccber.ucsb.edu/kummel/2025/8181007678.jpg	33	HTTPError: Not Found
8087	2fa245bb-81af-45c0-875d-8a4a5a1b67ca	https://symbiota.ccber.ucsb.edu/kummel/2025/8183817477.jpg	no	no	404	HEAD	text/html; charset=utf-8	162	https://symbiota.ccber.ucsb.edu/kummel/2025/8183817477.jpg	30	HTTPError: Not Found
8088	7ec5548b-7524-4c62-a38e-2a4b171fc525	https://symbiota.ccber.ucsb.edu/kummel/2025/8183832008.jpg	no	no	404	HEAD	text/html; charset=utf-8	162	https://symbiota.ccber.ucsb.edu/kummel/2025/8183832008.jpg	30	HTTPError: Not Found
8089	5d69a6cd-69ec-4e9d-9205-81c88494796f	https://symbiota.ccber.ucsb.edu/kummel/2025/8183856365.jpg	no	no	404	HEAD	text/html; charset=utf-8	162	https://symbiota.ccber.ucsb.edu/kummel/2025/8183856365.jpg	273	HTTPError: Not Found
8090	7f67c482-754a-4a32-b36d-0e31c161f25b	https://symbiota.ccber.ucsb.edu/kummel/2025/8183876575.jpg	no	no	404	HEAD	text/html; charset=utf-8	162	https://symbiota.ccber.ucsb.edu/kummel/2025/8183876575.jpg	73	HTTPError: Not Found
8091	25d451c3-5d7a-43f9-afcb-0c5beacea969	https://symbiota.ccber.ucsb.edu/kummel/2025/8183957274.jpg	no	no	404	HEAD	text/html; charset=utf-8	162	https://symbiota.ccber.ucsb.edu/kummel/2025/8183957274.jpg	28	HTTPError: Not Found
8092	4d945a23-9d56-4004-9d3c-c1d60dfa3fed	https://symbiota.ccber.ucsb.edu/kummel/2025/8183970351.jpg	no	no	404	HEAD	text/html; charset=utf-8	162	https://symbiota.ccber.ucsb.edu/kummel/2025/8183970351.jpg	27	HTTPError: Not Found
8093	24054539-cb90-4950-9610-c4729e8f4b3b	https://symbiota.ccber.ucsb.edu/kummel/2025/8183999205.jpg	no	no	404	HEAD	text/html; charset=utf-8	162	https://symbiota.ccber.ucsb.edu/kummel/2025/8183999205.jpg	39	HTTPError: Not Found
8094	62ae32c9-46ce-4fcc-859e-c31d21a8a474	https://symbiota.ccber.ucsb.edu/kummel/2025/8184030251.jpg	no	no	404	HEAD	text/html; charset=utf-8	162	https://symbiota.ccber.ucsb.edu/kummel/2025/8184030251.jpg	20	HTTPError: Not Found
8095	3a9f1cdd-3536-4503-aa64-380fdda0d03f	https://symbiota.ccber.ucsb.edu/kummel/2025/8186302415.jpg	no	no	404	HEAD	text/html; charset=utf-8	162	https://symbiota.ccber.ucsb.edu/kummel/2025/8186302415.jpg	55	HTTPError: Not Found
8096	d2687c3d-4950-4451-b2a5-e7b8e3f0a2a9	https://symbiota.ccber.ucsb.edu/kummel/2025/8186341007.jpg	no	no	404	HEAD	text/html; charset=utf-8	162	https://symbiota.ccber.ucsb.edu/kummel/2025/8186341007.jpg	32	HTTPError: Not Found
8097	d6792f0e-9bdc-439e-ad65-ad7337326983	https://symbiota.ccber.ucsb.edu/kummel/2025/8188724077.jpg	no	no	404	HEAD	text/html; charset=utf-8	162	https://symbiota.ccber.ucsb.edu/kummel/2025/8188724077.jpg	22	HTTPError: Not Found
8098	22054f08-bf7f-4aad-a056-83a9a504543e	https://symbiota.ccber.ucsb.edu/kummel/2025/8188883063.jpg	no	no	404	HEAD	text/html; charset=utf-8	162	https://symbiota.ccber.ucsb.edu/kummel/2025/8188883063.jpg	42	HTTPError: Not Found
8099	9d42c231-309f-42fe-8253-954fef422167	https://symbiota.ccber.ucsb.edu/kummel/2025/8188941823.jpg	no	no	404	HEAD	text/html; charset=utf-8	162	https://symbiota.ccber.ucsb.edu/kummel/2025/8188941823.jpg	21	HTTPError: Not Found
8100	f0db4c44-e912-40cf-89b6-990bf7506ca4	https://symbiota.ccber.ucsb.edu/kummel/2025/8188979435.jpg	no	no	404	HEAD	text/html; charset=utf-8	162	https://symbiota.ccber.ucsb.edu/kummel/2025/8188979435.jpg	24	HTTPError: Not Found
8101	c261ffa4-af87-4cc2-86a6-5ca3d8ef75a2	https://symbiota.ccber.ucsb.edu/kummel/2025/8189835266.jpg	no	no	404	HEAD	text/html; charset=utf-8	162	https://symbiota.ccber.ucsb.edu/kummel/2025/8189835266.jpg	36	HTTPError: Not Found
8102	a554beae-2c44-4025-aa3a-46ce984b5129	https://symbiota.ccber.ucsb.edu/kummel/2025/8189918732.jpg	no	no	404	HEAD	text/html; charset=utf-8	162	https://symbiota.ccber.ucsb.edu/kummel/2025/8189918732.jpg	38	HTTPError: Not Found
8103	0b5e858d-4d59-4778-827c-9ff7d3b51b3f	https://symbiota.ccber.ucsb.edu/kummel/2025/8189942080.jpg	no	no	404	HEAD	text/html; charset=utf-8	162	https://symbiota.ccber.ucsb.edu/kummel/2025/8189942080.jpg	42	HTTPError: Not Found
8104	c8845ab4-f51a-4cfa-bc5b-b87a77d82443	https://symbiota.ccber.ucsb.edu/kummel/2025/8189994340.jpg	no	no	404	HEAD	text/html; charset=utf-8	162	https://symbiota.ccber.ucsb.edu/kummel/2025/8189994340.jpg	35	HTTPError: Not Found
8105	3e3bcfe5-1f63-462b-9b72-6818e6d3ab7b	https://symbiota.ccber.ucsb.edu/kummel/2025/8192162118.jpg	no	no	404	HEAD	text/html; charset=utf-8	162	https://symbiota.ccber.ucsb.edu/kummel/2025/8192162118.jpg	19	HTTPError: Not Found
8106	a83b5c96-51ee-4906-88e7-73ad7944568a	https://symbiota.ccber.ucsb.edu/kummel/2025/8192276294.jpg	no	no	404	HEAD	text/html; charset=utf-8	162	https://symbiota.ccber.ucsb.edu/kummel/2025/8192276294.jpg	25	HTTPError: Not Found
8107	f9131c32-8b43-49f2-84fc-6e80b72e856c	https://symbiota.ccber.ucsb.edu/kummel/2025/8227417507.jpg	no	no	404	HEAD	text/html; charset=utf-8	162	https://symbiota.ccber.ucsb.edu/kummel/2025/8227417507.jpg	24	HTTPError: Not Found
8108	3ff4929e-3e92-4180-b367-d032821819bc	https://symbiota.ccber.ucsb.edu/kummel/2025/8227460199.jpg	no	no	404	HEAD	text/html; charset=utf-8	162	https://symbiota.ccber.ucsb.edu/kummel/2025/8227460199.jpg	21	HTTPError: Not Found
8109	a93cc89f-3168-419e-9b53-f692cc8aa093	https://symbiota.ccber.ucsb.edu/kummel/2025/8227602283.jpg	no	no	404	HEAD	text/html; charset=utf-8	162	https://symbiota.ccber.ucsb.edu/kummel/2025/8227602283.jpg	33	HTTPError: Not Found
8110	ee50cb26-f20a-445e-ae6f-f8a7927a12a1	https://symbiota.ccber.ucsb.edu/kummel/2025/8227654203.jpg	no	no	404	HEAD	text/html; charset=utf-8	162	https://symbiota.ccber.ucsb.edu/kummel/2025/8227654203.jpg	22	HTTPError: Not Found
8111	af1c8260-84d5-4953-a3f5-1752988e1d5b	https://symbiota.ccber.ucsb.edu/kummel/2025/8227686919.jpg	no	no	404	HEAD	text/html; charset=utf-8	162	https://symbiota.ccber.ucsb.edu/kummel/2025/8227686919.jpg	30	HTTPError: Not Found
8112	22b04c3d-36e7-45c5-90c9-105c15e4251f	https://symbiota.ccber.ucsb.edu/kummel/2025/8228355942.jpg	no	no	404	HEAD	text/html; charset=utf-8	162	https://symbiota.ccber.ucsb.edu/kummel/2025/8228355942.jpg	37	HTTPError: Not Found
8113	723d2fad-aee6-4a2a-b90c-182b07d4cf55	https://symbiota.ccber.ucsb.edu/kummel/2025/8228596698.jpg	no	no	404	HEAD	text/html; charset=utf-8	162	https://symbiota.ccber.ucsb.edu/kummel/2025/8228596698.jpg	34	HTTPError: Not Found
8114	5b1a3ac9-0978-4f6b-8ebf-4ec8bd23b248	https://symbiota.ccber.ucsb.edu/kummel/2025/8228646648.jpg	no	no	404	HEAD	text/html; charset=utf-8	162	https://symbiota.ccber.ucsb.edu/kummel/2025/8228646648.jpg	28	HTTPError: Not Found
8115	b17acc1e-2375-4d6d-ba65-813f18716803	https://symbiota.ccber.ucsb.edu/kummel/2025/8230191157.jpg	no	no	404	HEAD	text/html; charset=utf-8	162	https://symbiota.ccber.ucsb.edu/kummel/2025/8230191157.jpg	31	HTTPError: Not Found
8116	75130eff-1b4d-4ca3-b633-bdf3dcce4a25	https://symbiota.ccber.ucsb.edu/kummel/2025/8230247807.jpg	no	no	404	HEAD	text/html; charset=utf-8	162	https://symbiota.ccber.ucsb.edu/kummel/2025/8230247807.jpg	29	HTTPError: Not Found
8117	201bb18c-e0d1-49bd-a391-f869e485f3e2	https://symbiota.ccber.ucsb.edu/kummel/2025/8230328761.jpg	no	no	404	HEAD	text/html; charset=utf-8	162	https://symbiota.ccber.ucsb.edu/kummel/2025/8230328761.jpg	31	HTTPError: Not Found
8118	4b2b2f14-812f-4008-bbb3-67304d36481e	https://symbiota.ccber.ucsb.edu/kummel/2025/8231209270.jpg	no	no	404	HEAD	text/html; charset=utf-8	162	https://symbiota.ccber.ucsb.edu/kummel/2025/8231209270.jpg	28	HTTPError: Not Found
8119	d81d5b9f-16d0-486f-85f1-70547d9264f8	https://symbiota.ccber.ucsb.edu/kummel/2025/8231355466.jpg	no	no	404	HEAD	text/html; charset=utf-8	162	https://symbiota.ccber.ucsb.edu/kummel/2025/8231355466.jpg	30	HTTPError: Not Found
8120	801556b6-8b90-49b6-b38b-c85cd6e7e6c2	https://symbiota.ccber.ucsb.edu/kummel/2025/8231421298.jpg	no	no	404	HEAD	text/html; charset=utf-8	162	https://symbiota.ccber.ucsb.edu/kummel/2025/8231421298.jpg	41	HTTPError: Not Found
8121	0658f13d-f12a-4c38-a4c5-cad43fd84581	https://symbiota.ccber.ucsb.edu/kummel/2025/8231446134.jpg	no	no	404	HEAD	text/html; charset=utf-8	162	https://symbiota.ccber.ucsb.edu/kummel/2025/8231446134.jpg	30	HTTPError: Not Found
8122	b03fd4d3-26cb-4248-9fe0-6a4bf614256a	https://symbiota.ccber.ucsb.edu/kummel/2025/8231484916.jpg	no	no	404	HEAD	text/html; charset=utf-8	162	https://symbiota.ccber.ucsb.edu/kummel/2025/8231484916.jpg	27	HTTPError: Not Found
8123	0d625a2e-ab8f-41fa-992c-3ae2a6157eff	https://symbiota.ccber.ucsb.edu/kummel/2025/8232621317.jpg	no	no	404	HEAD	text/html; charset=utf-8	162	https://symbiota.ccber.ucsb.edu/kummel/2025/8232621317.jpg	44	HTTPError: Not Found
8124	1a1e5cdb-0930-4b0b-ac59-65b3865ec40d	https://symbiota.ccber.ucsb.edu/kummel/2025/8232700585.jpg	no	no	404	HEAD	text/html; charset=utf-8	162	https://symbiota.ccber.ucsb.edu/kummel/2025/8232700585.jpg	38	HTTPError: Not Found
8125	3daec5f8-b6fc-4c34-ad7b-2444d6b6d290	https://symbiota.ccber.ucsb.edu/kummel/2025/8232740619.jpg	no	no	404	HEAD	text/html; charset=utf-8	162	https://symbiota.ccber.ucsb.edu/kummel/2025/8232740619.jpg	33	HTTPError: Not Found
8126	bd5b794a-4dc3-4e1b-be58-3391df708c3c	https://symbiota.ccber.ucsb.edu/kummel/2025/8232874587.jpg	no	no	404	HEAD	text/html; charset=utf-8	162	https://symbiota.ccber.ucsb.edu/kummel/2025/8232874587.jpg	30	HTTPError: Not Found
8127	b2a9a129-0649-4984-9d19-2c89fe4fdb3f	https://symbiota.ccber.ucsb.edu/kummel/2025/8232885149.jpg	no	no	404	HEAD	text/html; charset=utf-8	162	https://symbiota.ccber.ucsb.edu/kummel/2025/8232885149.jpg	30	HTTPError: Not Found
8128	891c59b7-1360-4260-8791-f507dbf47844	https://symbiota.ccber.ucsb.edu/kummel/2025/8233844252.jpg	no	no	404	HEAD	text/html; charset=utf-8	162	https://symbiota.ccber.ucsb.edu/kummel/2025/8233844252.jpg	23	HTTPError: Not Found
8129	73bce801-2e43-4db5-afc2-0b22f1f3d521	https://symbiota.ccber.ucsb.edu/kummel/2025/8233879552.jpg	no	no	404	HEAD	text/html; charset=utf-8	162	https://symbiota.ccber.ucsb.edu/kummel/2025/8233879552.jpg	28	HTTPError: Not Found
8130	5eb80497-4164-40af-b235-3221f4fe3202	https://symbiota.ccber.ucsb.edu/kummel/2025/8234009616.jpg	no	no	404	HEAD	text/html; charset=utf-8	162	https://symbiota.ccber.ucsb.edu/kummel/2025/8234009616.jpg	26	HTTPError: Not Found
8131	35e0e358-a49d-426e-9fc8-1d434f4f3aaf	https://symbiota.ccber.ucsb.edu/kummel/2025/8235580793.jpg	no	no	404	HEAD	text/html; charset=utf-8	162	https://symbiota.ccber.ucsb.edu/kummel/2025/8235580793.jpg	21	HTTPError: Not Found
8132	aff443f4-f0fe-42d0-959b-8e474375947f	https://symbiota.ccber.ucsb.edu/kummel/2025/8235643597.jpg	no	no	404	HEAD	text/html; charset=utf-8	162	https://symbiota.ccber.ucsb.edu/kummel/2025/8235643597.jpg	25	HTTPError: Not Found
8133	46c172c1-780c-47b9-b420-31ff39a1af86	https://symbiota.ccber.ucsb.edu/kummel/2025/8235726849.jpg	no	no	404	HEAD	text/html; charset=utf-8	162	https://symbiota.ccber.ucsb.edu/kummel/2025/8235726849.jpg	42	HTTPError: Not Found
8134	f4ea606e-dabb-4793-b7bc-401caa10f479	https://symbiota.ccber.ucsb.edu/kummel/2025/8235921903.jpg	no	no	404	HEAD	text/html; charset=utf-8	162	https://symbiota.ccber.ucsb.edu/kummel/2025/8235921903.jpg	33	HTTPError: Not Found
8135	d233428c-f44d-419e-9c35-5dd473dddc05	https://symbiota.ccber.ucsb.edu/kummel/2025/8236753474.jpg	no	no	404	HEAD	text/html; charset=utf-8	162	https://symbiota.ccber.ucsb.edu/kummel/2025/8236753474.jpg	27	HTTPError: Not Found
8136	d42303d1-d368-40f1-b072-c606ed8acae3	https://symbiota.ccber.ucsb.edu/kummel/2025/8236913802.jpg	no	no	404	HEAD	text/html; charset=utf-8	162	https://symbiota.ccber.ucsb.edu/kummel/2025/8236913802.jpg	34	HTTPError: Not Found
8137	1003e092-c6da-4be0-b289-fe63f591777b	https://symbiota.ccber.ucsb.edu/kummel/2025/8237016858.jpg	no	no	404	HEAD	text/html; charset=utf-8	162	https://symbiota.ccber.ucsb.edu/kummel/2025/8237016858.jpg	39	HTTPError: Not Found
8138	72dba5b6-942a-4157-a6bb-1b4fbaf61819	https://symbiota.ccber.ucsb.edu/kummel/2025/8238947095.jpg	no	no	404	HEAD	text/html; charset=utf-8	162	https://symbiota.ccber.ucsb.edu/kummel/2025/8238947095.jpg	31	HTTPError: Not Found
8139	57a9c984-a6dc-4467-be36-ac142c67f716	https://symbiota.ccber.ucsb.edu/kummel/2025/8239012511.jpg	no	no	404	HEAD	text/html; charset=utf-8	162	https://symbiota.ccber.ucsb.edu/kummel/2025/8239012511.jpg	33	HTTPError: Not Found
8140	fadf49f9-7584-4903-a800-79dc7422299c	https://symbiota.ccber.ucsb.edu/kummel/2025/8239099037.jpg	no	no	404	HEAD	text/html; charset=utf-8	162	https://symbiota.ccber.ucsb.edu/kummel/2025/8239099037.jpg	23	HTTPError: Not Found
8141	2cc36b1b-4d87-4d86-93dc-6080261bdf84	https://symbiota.ccber.ucsb.edu/kummel/2025/8239135607.jpg	no	no	404	HEAD	text/html; charset=utf-8	162	https://symbiota.ccber.ucsb.edu/kummel/2025/8239135607.jpg	28	HTTPError: Not Found
8142	13bc0627-a0c0-4f0e-b277-f1ef045f05d8	https://symbiota.ccber.ucsb.edu/kummel/2025/8239512143.jpg	no	no	404	HEAD	text/html; charset=utf-8	162	https://symbiota.ccber.ucsb.edu/kummel/2025/8239512143.jpg	36	HTTPError: Not Found
8143	d0616103-91f5-43a0-9549-850ee24e121b	https://symbiota.ccber.ucsb.edu/kummel/2025/8240145650.jpg	no	no	404	HEAD	text/html; charset=utf-8	162	https://symbiota.ccber.ucsb.edu/kummel/2025/8240145650.jpg	35	HTTPError: Not Found
8144	8ec67e5b-2f75-468f-b111-cd1c64386f1b	https://symbiota.ccber.ucsb.edu/kummel/2025/8240458576.jpg	no	no	404	HEAD	text/html; charset=utf-8	162	https://symbiota.ccber.ucsb.edu/kummel/2025/8240458576.jpg	28	HTTPError: Not Found
8145	46569986-73a3-444f-a85a-afc9ab7b6806	https://symbiota.ccber.ucsb.edu/kummel/2025/8240496166.jpg	no	no	404	HEAD	text/html; charset=utf-8	162	https://symbiota.ccber.ucsb.edu/kummel/2025/8240496166.jpg	33	HTTPError: Not Found
8146	85d9a160-3328-48ce-b76e-16dc0d0e9f2c	https://symbiota.ccber.ucsb.edu/kummel/2025/8242355229.jpg	no	no	404	HEAD	text/html; charset=utf-8	162	https://symbiota.ccber.ucsb.edu/kummel/2025/8242355229.jpg	38	HTTPError: Not Found
8147	6ad01777-af55-4dd4-b49a-6a14e4108558	https://symbiota.ccber.ucsb.edu/kummel/2025/8242438579.jpg	no	no	404	HEAD	text/html; charset=utf-8	162	https://symbiota.ccber.ucsb.edu/kummel/2025/8242438579.jpg	25	HTTPError: Not Found
8148	59f0d306-882c-4260-9d14-6800ce20f968	https://symbiota.ccber.ucsb.edu/kummel/2025/8243252524.jpg	no	no	404	HEAD	text/html; charset=utf-8	162	https://symbiota.ccber.ucsb.edu/kummel/2025/8243252524.jpg	16	HTTPError: Not Found
8149	7f5ce3c1-352c-4eec-9640-5ec292134bc1	https://symbiota.ccber.ucsb.edu/kummel/2025/8243357726.jpg	no	no	404	HEAD	text/html; charset=utf-8	162	https://symbiota.ccber.ucsb.edu/kummel/2025/8243357726.jpg	26	HTTPError: Not Found
8150	687b1099-4a2b-4e92-905a-9fe4a9feb9d8	https://symbiota.ccber.ucsb.edu/kummel/2025/8243384770.jpg	no	no	404	HEAD	text/html; charset=utf-8	162	https://symbiota.ccber.ucsb.edu/kummel/2025/8243384770.jpg	24	HTTPError: Not Found
8151	14d9ed11-3d35-47a3-a0a3-c08f64bf75c2	https://symbiota.ccber.ucsb.edu/kummel/2025/8245203043.jpg	no	no	404	HEAD	text/html; charset=utf-8	162	https://symbiota.ccber.ucsb.edu/kummel/2025/8245203043.jpg	27	HTTPError: Not Found
8152	715d45e4-0e7f-4d5a-82d3-b492f94780fa	https://symbiota.ccber.ucsb.edu/kummel/2025/8245235077.jpg	no	no	404	HEAD	text/html; charset=utf-8	162	https://symbiota.ccber.ucsb.edu/kummel/2025/8245235077.jpg	27	HTTPError: Not Found
8153	bf634fef-7592-4ca2-bc47-c2b009cf66ec	https://symbiota.ccber.ucsb.edu/kummel/2025/8245284999.jpg	no	no	404	HEAD	text/html; charset=utf-8	162	https://symbiota.ccber.ucsb.edu/kummel/2025/8245284999.jpg	42	HTTPError: Not Found
8154	dca5a2bb-256b-4dbc-a5e4-a72ac402a30d	https://symbiota.ccber.ucsb.edu/kummel/2025/8245395939.jpg	no	no	404	HEAD	text/html; charset=utf-8	162	https://symbiota.ccber.ucsb.edu/kummel/2025/8245395939.jpg	29	HTTPError: Not Found
8155	6dd8738f-b4f9-4b20-970e-975c49127282	https://symbiota.ccber.ucsb.edu/kummel/2025/8246231478.jpg	no	no	404	HEAD	text/html; charset=utf-8	162	https://symbiota.ccber.ucsb.edu/kummel/2025/8246231478.jpg	40	HTTPError: Not Found
8156	b07d6e04-f007-46a9-b531-1d2fa7839cf8	https://symbiota.ccber.ucsb.edu/kummel/2025/8246390668.jpg	no	no	404	HEAD	text/html; charset=utf-8	162	https://symbiota.ccber.ucsb.edu/kummel/2025/8246390668.jpg	43	HTTPError: Not Found
8157	ac73487b-58b4-4224-9547-046047582194	https://symbiota.ccber.ucsb.edu/kummel/2025/8246414146.jpg	no	no	404	HEAD	text/html; charset=utf-8	162	https://symbiota.ccber.ucsb.edu/kummel/2025/8246414146.jpg	35	HTTPError: Not Found
8158	2922b20e-bc8b-43f8-9c4b-0a1464e84920	https://symbiota.ccber.ucsb.edu/kummel/2025/8246481348.jpg	no	no	404	HEAD	text/html; charset=utf-8	162	https://symbiota.ccber.ucsb.edu/kummel/2025/8246481348.jpg	26	HTTPError: Not Found
8159	dc56b310-785b-4d28-a7fb-573933734a02	https://symbiota.ccber.ucsb.edu/kummel/2025/8247753051.jpg	no	no	404	HEAD	text/html; charset=utf-8	162	https://symbiota.ccber.ucsb.edu/kummel/2025/8247753051.jpg	26	HTTPError: Not Found
8160	d5c6a7fa-2159-43a1-85b4-d39df9cdd37f	https://symbiota.ccber.ucsb.edu/kummel/2025/8247770193.jpg	no	no	404	HEAD	text/html; charset=utf-8	162	https://symbiota.ccber.ucsb.edu/kummel/2025/8247770193.jpg	20	HTTPError: Not Found
8161	5c0a0310-eea5-429e-b35b-ff8be16bc146	https://symbiota.ccber.ucsb.edu/kummel/2025/8247808917.jpg	no	no	404	HEAD	text/html; charset=utf-8	162	https://symbiota.ccber.ucsb.edu/kummel/2025/8247808917.jpg	89	HTTPError: Not Found
8162	c0afb0a5-a086-4bd2-b0ec-ff7da06872bd	https://symbiota.ccber.ucsb.edu/kummel/2025/8247854987.jpg	no	no	404	HEAD	text/html; charset=utf-8	162	https://symbiota.ccber.ucsb.edu/kummel/2025/8247854987.jpg	34	HTTPError: Not Found
8163	050e1faf-693f-46c2-9408-d1b07b708324	https://symbiota.ccber.ucsb.edu/kummel/2025/8247875403.jpg	no	no	404	HEAD	text/html; charset=utf-8	162	https://symbiota.ccber.ucsb.edu/kummel/2025/8247875403.jpg	32	HTTPError: Not Found
8164	312bb24d-69ce-48ed-ba82-af330e588ac5	https://symbiota.ccber.ucsb.edu/kummel/2025/8247912811.jpg	no	no	404	HEAD	text/html; charset=utf-8	162	https://symbiota.ccber.ucsb.edu/kummel/2025/8247912811.jpg	33	HTTPError: Not Found
8165	a6705bc8-9b38-45a2-b506-2e60be623d3f	https://symbiota.ccber.ucsb.edu/kummel/2025/8247957611.jpg	no	no	404	HEAD	text/html; charset=utf-8	162	https://symbiota.ccber.ucsb.edu/kummel/2025/8247957611.jpg	30	HTTPError: Not Found
8166	1bb10b9e-6a09-4c18-a254-08d58e9f180a	https://symbiota.ccber.ucsb.edu/kummel/2025/8249047608.jpg	no	no	404	HEAD	text/html; charset=utf-8	162	https://symbiota.ccber.ucsb.edu/kummel/2025/8249047608.jpg	27	HTTPError: Not Found
8167	56c8e757-eded-429a-8965-e8c097061d3c	https://symbiota.ccber.ucsb.edu/kummel/2025/8250438383.jpg	no	no	404	HEAD	text/html; charset=utf-8	162	https://symbiota.ccber.ucsb.edu/kummel/2025/8250438383.jpg	27	HTTPError: Not Found
8168	b3608c2e-1050-4357-b6cd-e30c2dcb6eb2	https://symbiota.ccber.ucsb.edu/kummel/2025/8250491129.jpg	no	no	404	HEAD	text/html; charset=utf-8	162	https://symbiota.ccber.ucsb.edu/kummel/2025/8250491129.jpg	30	HTTPError: Not Found
8169	cce2a53a-8962-4911-adaf-c135a4812cb4	https://symbiota.ccber.ucsb.edu/kummel/2025/8250552931.jpg	no	no	404	HEAD	text/html; charset=utf-8	162	https://symbiota.ccber.ucsb.edu/kummel/2025/8250552931.jpg	34	HTTPError: Not Found
8170	3f0ee524-815d-4ab9-b669-009f7612f315	https://symbiota.ccber.ucsb.edu/kummel/2025/8250633345.jpg	no	no	404	HEAD	text/html; charset=utf-8	162	https://symbiota.ccber.ucsb.edu/kummel/2025/8250633345.jpg	31	HTTPError: Not Found
8171	1593054e-3b60-4594-a249-e6a771a04b27	https://symbiota.ccber.ucsb.edu/kummel/2025/8250650539.jpg	no	no	404	HEAD	text/html; charset=utf-8	162	https://symbiota.ccber.ucsb.edu/kummel/2025/8250650539.jpg	23	HTTPError: Not Found
8172	06196db5-a6b5-4b68-9443-96b00ccc58af	https://symbiota.ccber.ucsb.edu/kummel/2025/8251653088.jpg	no	no	404	HEAD	text/html; charset=utf-8	162	https://symbiota.ccber.ucsb.edu/kummel/2025/8251653088.jpg	15	HTTPError: Not Found
8173	949f3ff3-12ef-4473-8855-e79583f4bbcb	https://symbiota.ccber.ucsb.edu/kummel/2025/8251672572.jpg	no	no	404	HEAD	text/html; charset=utf-8	162	https://symbiota.ccber.ucsb.edu/kummel/2025/8251672572.jpg	30	HTTPError: Not Found
8174	91ebc4d2-c86f-4610-a377-4fb67b6efb35	https://symbiota.ccber.ucsb.edu/kummel/2025/8251761646.jpg	no	no	404	HEAD	text/html; charset=utf-8	162	https://symbiota.ccber.ucsb.edu/kummel/2025/8251761646.jpg	33	HTTPError: Not Found
8175	3d85c6d5-76d1-4a6c-86b6-6efb44fc1681	https://symbiota.ccber.ucsb.edu/kummel/2025/8253004093.jpg	no	no	404	HEAD	text/html; charset=utf-8	162	https://symbiota.ccber.ucsb.edu/kummel/2025/8253004093.jpg	18	HTTPError: Not Found
8176	a6d63c9f-e497-4a0d-8a47-579e8592556e	https://symbiota.ccber.ucsb.edu/kummel/2025/8254036744.jpg	no	no	404	HEAD	text/html; charset=utf-8	162	https://symbiota.ccber.ucsb.edu/kummel/2025/8254036744.jpg	24	HTTPError: Not Found
8177	f369e96e-3139-4a6f-9bfd-e261cde93e9d	https://symbiota.ccber.ucsb.edu/kummel/2025/8254102968.jpg	no	no	404	HEAD	text/html; charset=utf-8	162	https://symbiota.ccber.ucsb.edu/kummel/2025/8254102968.jpg	27	HTTPError: Not Found
8178	46ef0ebe-c1b5-431f-a9c8-548caebb51bb	https://symbiota.ccber.ucsb.edu/kummel/2025/8254134502.jpg	no	no	404	HEAD	text/html; charset=utf-8	162	https://symbiota.ccber.ucsb.edu/kummel/2025/8254134502.jpg	36	HTTPError: Not Found
8179	36545fd1-fc26-4c7e-964a-1df14a4ef463	https://symbiota.ccber.ucsb.edu/kummel/2025/8254185426.jpg	no	no	404	HEAD	text/html; charset=utf-8	162	https://symbiota.ccber.ucsb.edu/kummel/2025/8254185426.jpg	23	HTTPError: Not Found
8180	df07248b-8284-446a-96ca-ffd6d29fa28c	https://symbiota.ccber.ucsb.edu/kummel/2025/8254214516.jpg	no	no	404	HEAD	text/html; charset=utf-8	162	https://symbiota.ccber.ucsb.edu/kummel/2025/8254214516.jpg	18	HTTPError: Not Found
8181	6e454f51-d1cd-46c1-b522-dc2039f7c90a	https://symbiota.ccber.ucsb.edu/kummel/2025/8255611689.jpg	no	no	404	HEAD	text/html; charset=utf-8	162	https://symbiota.ccber.ucsb.edu/kummel/2025/8255611689.jpg	25	HTTPError: Not Found
8182	bdcbfb8e-3ace-423c-940c-0f60460abccc	https://symbiota.ccber.ucsb.edu/kummel/2025/8255629787.jpg	no	no	404	HEAD	text/html; charset=utf-8	162	https://symbiota.ccber.ucsb.edu/kummel/2025/8255629787.jpg	18	HTTPError: Not Found
8183	a09f985d-cc4f-4ee5-9f18-a6a1699742c4	https://symbiota.ccber.ucsb.edu/kummel/2025/8255704309.jpg	no	no	404	HEAD	text/html; charset=utf-8	162	https://symbiota.ccber.ucsb.edu/kummel/2025/8255704309.jpg	36	HTTPError: Not Found
8184	91be1ec8-4aa2-4b23-8444-698e3d472ce5	https://symbiota.ccber.ucsb.edu/kummel/2025/8255768625.jpg	no	no	404	HEAD	text/html; charset=utf-8	162	https://symbiota.ccber.ucsb.edu/kummel/2025/8255768625.jpg	24	HTTPError: Not Found
8185	a0a64134-fce7-4d2b-8392-561466967e51	https://symbiota.ccber.ucsb.edu/kummel/2025/8255894699.jpg	no	no	404	HEAD	text/html; charset=utf-8	162	https://symbiota.ccber.ucsb.edu/kummel/2025/8255894699.jpg	23	HTTPError: Not Found
8186	7a05f89e-1fcb-4728-bb4e-5a2a43da2b44	https://symbiota.ccber.ucsb.edu/kummel/2025/8256739776.jpg	no	no	404	HEAD	text/html; charset=utf-8	162	https://symbiota.ccber.ucsb.edu/kummel/2025/8256739776.jpg	25	HTTPError: Not Found
8187	47e31730-1315-4238-8254-7c368fe75695	https://symbiota.ccber.ucsb.edu/kummel/2025/8256876762.jpg	no	no	404	HEAD	text/html; charset=utf-8	162	https://symbiota.ccber.ucsb.edu/kummel/2025/8256876762.jpg	18	HTTPError: Not Found
8188	992ea693-0297-4758-b0b6-48d6e2a0b32e	https://symbiota.ccber.ucsb.edu/kummel/2025/8256905604.jpg	no	no	404	HEAD	text/html; charset=utf-8	162	https://symbiota.ccber.ucsb.edu/kummel/2025/8256905604.jpg	16	HTTPError: Not Found
8189	de71df7b-9022-431c-a733-036fe79038a0	https://symbiota.ccber.ucsb.edu/kummel/2025/8258748895.jpg	no	no	404	HEAD	text/html; charset=utf-8	162	https://symbiota.ccber.ucsb.edu/kummel/2025/8258748895.jpg	24	HTTPError: Not Found
8190	ffc7807d-8ffc-4815-a557-f396bff32b98	https://symbiota.ccber.ucsb.edu/kummel/2025/8259783000.jpg	no	no	404	HEAD	text/html; charset=utf-8	162	https://symbiota.ccber.ucsb.edu/kummel/2025/8259783000.jpg	16	HTTPError: Not Found
8191	2e7b8e90-99ce-405f-8392-510f94f5b807	https://symbiota.ccber.ucsb.edu/kummel/2025/8259866286.jpg	no	no	404	HEAD	text/html; charset=utf-8	162	https://symbiota.ccber.ucsb.edu/kummel/2025/8259866286.jpg	44	HTTPError: Not Found
8192	25cc5622-72b8-464f-bba5-98edd4229071	https://symbiota.ccber.ucsb.edu/kummel/2025/8259921194.jpg	no	no	404	HEAD	text/html; charset=utf-8	162	https://symbiota.ccber.ucsb.edu/kummel/2025/8259921194.jpg	38	HTTPError: Not Found
8193	d8217b9b-b4af-4823-8d3c-ecfb043c420d	https://symbiota.ccber.ucsb.edu/kummel/2025/8259973426.jpg	no	no	404	HEAD	text/html; charset=utf-8	162	https://symbiota.ccber.ucsb.edu/kummel/2025/8259973426.jpg	27	HTTPError: Not Found
8194	46fddee7-e9ba-4707-a125-58f301cb677f	https://symbiota.ccber.ucsb.edu/kummel/2025/8260034330.jpg	no	no	404	HEAD	text/html; charset=utf-8	162	https://symbiota.ccber.ucsb.edu/kummel/2025/8260034330.jpg	22	HTTPError: Not Found
8195	7ad0745c-d9fc-4066-9843-823e7c26d025	https://symbiota.ccber.ucsb.edu/kummel/2025/8260068314.jpg	no	no	404	HEAD	text/html; charset=utf-8	162	https://symbiota.ccber.ucsb.edu/kummel/2025/8260068314.jpg	20	HTTPError: Not Found
8196	1082b87c-c1ab-45cb-a500-c93b557322aa	https://symbiota.ccber.ucsb.edu/kummel/2025/8260148602.jpg	no	no	404	HEAD	text/html; charset=utf-8	162	https://symbiota.ccber.ucsb.edu/kummel/2025/8260148602.jpg	15	HTTPError: Not Found
8197	23b63836-1efe-4a24-b3db-a8feb4d81605	https://symbiota.ccber.ucsb.edu/kummel/2025/8262149667.jpg	no	no	404	HEAD	text/html; charset=utf-8	162	https://symbiota.ccber.ucsb.edu/kummel/2025/8262149667.jpg	36	HTTPError: Not Found
8198	b9a2d663-6950-4c93-9437-5285de706e8b	https://symbiota.ccber.ucsb.edu/kummel/2025/8262192393.jpg	no	no	404	HEAD	text/html; charset=utf-8	162	https://symbiota.ccber.ucsb.edu/kummel/2025/8262192393.jpg	14	HTTPError: Not Found
8199	42aba4b7-b9a2-4a11-9e21-071e04bfd410	https://symbiota.ccber.ucsb.edu/kummel/2025/8262241373.jpg	no	no	404	HEAD	text/html; charset=utf-8	162	https://symbiota.ccber.ucsb.edu/kummel/2025/8262241373.jpg	36	HTTPError: Not Found
8200	a8aa7bf2-d60a-4fcf-9fcd-99b1834e0859	https://symbiota.ccber.ucsb.edu/kummel/2025/8263095938.jpg	no	no	404	HEAD	text/html; charset=utf-8	162	https://symbiota.ccber.ucsb.edu/kummel/2025/8263095938.jpg	26	HTTPError: Not Found
8201	5d7110cd-cbbf-4067-a9a2-6adf2ca70c22	https://symbiota.ccber.ucsb.edu/kummel/2025/8263136166.jpg	no	no	404	HEAD	text/html; charset=utf-8	162	https://symbiota.ccber.ucsb.edu/kummel/2025/8263136166.jpg	104	HTTPError: Not Found
8202	22c26853-cb78-4d6e-b37a-58cbb95fa5f4	https://symbiota.ccber.ucsb.edu/kummel/2025/8263193566.jpg	no	no	404	HEAD	text/html; charset=utf-8	162	https://symbiota.ccber.ucsb.edu/kummel/2025/8263193566.jpg	37	HTTPError: Not Found
8203	1dc61697-95de-4bb5-8fc6-273b16607046	https://symbiota.ccber.ucsb.edu/kummel/2025/8263275522.jpg	no	no	404	HEAD	text/html; charset=utf-8	162	https://symbiota.ccber.ucsb.edu/kummel/2025/8263275522.jpg	20	HTTPError: Not Found
8204	8894e675-aefe-4ecd-b9e3-f53b7c1402a5	https://symbiota.ccber.ucsb.edu/kummel/2025/8263356742.jpg	no	no	404	HEAD	text/html; charset=utf-8	162	https://symbiota.ccber.ucsb.edu/kummel/2025/8263356742.jpg	18	HTTPError: Not Found
8205	2a7a377c-7e9b-4e6c-989d-99492de29805	https://symbiota.ccber.ucsb.edu/kummel/2025/8264997743.jpg	no	no	404	HEAD	text/html; charset=utf-8	162	https://symbiota.ccber.ucsb.edu/kummel/2025/8264997743.jpg	31	HTTPError: Not Found
8206	cc6b2890-335a-405d-83fa-d2d438f81050	https://symbiota.ccber.ucsb.edu/kummel/2025/8265060903.jpg	no	no	404	HEAD	text/html; charset=utf-8	162	https://symbiota.ccber.ucsb.edu/kummel/2025/8265060903.jpg	29	HTTPError: Not Found
8207	e56f1574-ab23-4b54-98aa-1a099456f178	https://symbiota.ccber.ucsb.edu/kummel/2025/8265127943.jpg	no	no	404	HEAD	text/html; charset=utf-8	162	https://symbiota.ccber.ucsb.edu/kummel/2025/8265127943.jpg	24	HTTPError: Not Found
8208	4e853fc0-b13e-47a8-b4cf-47670184e0e0	https://symbiota.ccber.ucsb.edu/kummel/2025/8265153519.jpg	no	no	404	HEAD	text/html; charset=utf-8	162	https://symbiota.ccber.ucsb.edu/kummel/2025/8265153519.jpg	24	HTTPError: Not Found
8209	f4871b34-93e1-4603-9045-ca814f7dc6c0	https://symbiota.ccber.ucsb.edu/kummel/2025/8265261035.jpg	no	no	404	HEAD	text/html; charset=utf-8	162	https://symbiota.ccber.ucsb.edu/kummel/2025/8265261035.jpg	39	HTTPError: Not Found
8210	b12a11d0-5c3a-43e4-b38e-762e11c8a515	https://symbiota.ccber.ucsb.edu/kummel/2025/8266035746.jpg	no	no	404	HEAD	text/html; charset=utf-8	162	https://symbiota.ccber.ucsb.edu/kummel/2025/8266035746.jpg	37	HTTPError: Not Found
8211	fb2e7ad6-a1be-4556-8fc7-08113b809a5c	https://symbiota.ccber.ucsb.edu/kummel/2025/8266101698.jpg	no	no	404	HEAD	text/html; charset=utf-8	162	https://symbiota.ccber.ucsb.edu/kummel/2025/8266101698.jpg	20	HTTPError: Not Found
8212	71287ebc-e597-435a-9e0a-1a213aa25506	https://symbiota.ccber.ucsb.edu/kummel/2025/8266281104.jpg	no	no	404	HEAD	text/html; charset=utf-8	162	https://symbiota.ccber.ucsb.edu/kummel/2025/8266281104.jpg	25	HTTPError: Not Found
8213	77171945-27a7-413c-91e4-882504086493	https://symbiota.ccber.ucsb.edu/kummel/2025/8270413697.jpg	no	no	404	HEAD	text/html; charset=utf-8	162	https://symbiota.ccber.ucsb.edu/kummel/2025/8270413697.jpg	35	HTTPError: Not Found
8214	21ecd543-b30a-4fa9-a401-a52f4c2ce2bf	https://symbiota.ccber.ucsb.edu/kummel/2025/8270511498.jpg	no	no	404	HEAD	text/html; charset=utf-8	162	https://symbiota.ccber.ucsb.edu/kummel/2025/8270511498.jpg	35	HTTPError: Not Found
8215	914978f0-ed7e-4a4c-9752-4a00a4f9a563	https://symbiota.ccber.ucsb.edu/kummel/2025/8271371268.jpg	no	no	404	HEAD	text/html; charset=utf-8	162	https://symbiota.ccber.ucsb.edu/kummel/2025/8271371268.jpg	33	HTTPError: Not Found
8216	d020d024-53b5-499e-99d3-86de1356ecef	https://symbiota.ccber.ucsb.edu/kummel/2025/8271417968.jpg	no	no	404	HEAD	text/html; charset=utf-8	162	https://symbiota.ccber.ucsb.edu/kummel/2025/8271417968.jpg	31	HTTPError: Not Found
8217	210299fb-632e-471a-a118-ecfbd1803682	https://symbiota.ccber.ucsb.edu/kummel/2025/8271544260.jpg	no	no	404	HEAD	text/html; charset=utf-8	162	https://symbiota.ccber.ucsb.edu/kummel/2025/8271544260.jpg	44	HTTPError: Not Found
8218	41005c2c-0358-4a53-8ea4-097c44e7959d	https://symbiota.ccber.ucsb.edu/kummel/2025/8271585156.jpg	no	no	404	HEAD	text/html; charset=utf-8	162	https://symbiota.ccber.ucsb.edu/kummel/2025/8271585156.jpg	44	HTTPError: Not Found
8219	f1a93030-d2d5-485f-acb4-cfe9e29677e1	https://symbiota.ccber.ucsb.edu/kummel/2025/8271606992.jpg	no	no	404	HEAD	text/html; charset=utf-8	162	https://symbiota.ccber.ucsb.edu/kummel/2025/8271606992.jpg	24	HTTPError: Not Found
8220	9c1c0e2f-7684-4929-a2ef-060890308805	https://symbiota.ccber.ucsb.edu/kummel/2025/8271676592.jpg	no	no	404	HEAD	text/html; charset=utf-8	162	https://symbiota.ccber.ucsb.edu/kummel/2025/8271676592.jpg	29	HTTPError: Not Found
8221	3b012aa1-a132-405a-a49a-be443671b4c5	https://symbiota.ccber.ucsb.edu/kummel/2025/8272878947.jpg	no	no	404	HEAD	text/html; charset=utf-8	162	https://symbiota.ccber.ucsb.edu/kummel/2025/8272878947.jpg	35	HTTPError: Not Found
8222	5c22e627-a4b9-4e6d-bf0f-d52b598f470f	https://symbiota.ccber.ucsb.edu/kummel/2025/8272910815.jpg	no	no	404	HEAD	text/html; charset=utf-8	162	https://symbiota.ccber.ucsb.edu/kummel/2025/8272910815.jpg	34	HTTPError: Not Found
8223	6defb677-44e9-4adc-8479-36f7ed69b8b0	https://symbiota.ccber.ucsb.edu/kummel/2025/8273048531.jpg	no	no	404	HEAD	text/html; charset=utf-8	162	https://symbiota.ccber.ucsb.edu/kummel/2025/8273048531.jpg	37	HTTPError: Not Found
8224	91879c9f-8378-4411-9931-8a8ce38af9d8	https://symbiota.ccber.ucsb.edu/kummel/2025/8273078337.jpg	no	no	404	HEAD	text/html; charset=utf-8	162	https://symbiota.ccber.ucsb.edu/kummel/2025/8273078337.jpg	37	HTTPError: Not Found
8225	7d88dd58-4ea8-45cc-beb0-a4d1dc37e529	https://symbiota.ccber.ucsb.edu/kummel/2025/8273109615.jpg	no	no	404	HEAD	text/html; charset=utf-8	162	https://symbiota.ccber.ucsb.edu/kummel/2025/8273109615.jpg	41	HTTPError: Not Found
8226	62b6e110-c3ff-46ce-818f-363b0d6a9143	https://symbiota.ccber.ucsb.edu/kummel/2025/8273934626.jpg	no	no	404	HEAD	text/html; charset=utf-8	162	https://symbiota.ccber.ucsb.edu/kummel/2025/8273934626.jpg	31	HTTPError: Not Found
8227	008bbee3-8fde-42d1-9f72-cd067df8ece3	https://symbiota.ccber.ucsb.edu/kummel/2025/8274015878.jpg	no	no	404	HEAD	text/html; charset=utf-8	162	https://symbiota.ccber.ucsb.edu/kummel/2025/8274015878.jpg	26	HTTPError: Not Found
8228	8661c718-0c03-44e2-8ec8-5b302b3fb8c9	https://symbiota.ccber.ucsb.edu/kummel/2025/8274045310.jpg	no	no	404	HEAD	text/html; charset=utf-8	162	https://symbiota.ccber.ucsb.edu/kummel/2025/8274045310.jpg	21	HTTPError: Not Found
8229	91ba1bb2-2461-4dec-b20d-f4c947442d41	https://symbiota.ccber.ucsb.edu/kummel/2025/8275532771.jpg	no	no	404	HEAD	text/html; charset=utf-8	162	https://symbiota.ccber.ucsb.edu/kummel/2025/8275532771.jpg	48	HTTPError: Not Found
8230	6bf802fa-7a81-49b7-b728-eeb7d6c9fafb	https://symbiota.ccber.ucsb.edu/kummel/2025/8275674613.jpg	no	no	404	HEAD	text/html; charset=utf-8	162	https://symbiota.ccber.ucsb.edu/kummel/2025/8275674613.jpg	47	HTTPError: Not Found
8231	5163ded2-113f-4261-b341-a487ee885b62	https://symbiota.ccber.ucsb.edu/kummel/2025/8275732837.jpg	no	no	404	HEAD	text/html; charset=utf-8	162	https://symbiota.ccber.ucsb.edu/kummel/2025/8275732837.jpg	53	HTTPError: Not Found
8232	68cc64b2-4fbc-414e-9b05-2186872032f3	https://symbiota.ccber.ucsb.edu/kummel/2025/8275800189.jpg	no	no	404	HEAD	text/html; charset=utf-8	162	https://symbiota.ccber.ucsb.edu/kummel/2025/8275800189.jpg	55	HTTPError: Not Found
8233	06aefd04-2ad7-4abd-8f24-90cae01e8706	https://symbiota.ccber.ucsb.edu/kummel/2025/8276579720.jpg	no	no	404	HEAD	text/html; charset=utf-8	162	https://symbiota.ccber.ucsb.edu/kummel/2025/8276579720.jpg	39	HTTPError: Not Found
8234	74b55212-efa7-4ca5-9b75-aad34adc276f	https://symbiota.ccber.ucsb.edu/kummel/2025/8276671238.jpg	no	no	404	HEAD	text/html; charset=utf-8	162	https://symbiota.ccber.ucsb.edu/kummel/2025/8276671238.jpg	62	HTTPError: Not Found
8235	98987851-d3bf-4c60-a584-3c4b8e954b61	https://symbiota.ccber.ucsb.edu/kummel/2025/8276695320.jpg	no	no	404	HEAD	text/html; charset=utf-8	162	https://symbiota.ccber.ucsb.edu/kummel/2025/8276695320.jpg	27	HTTPError: Not Found
8236	bdaccba8-75e0-49dd-a839-bc906b381c03	https://symbiota.ccber.ucsb.edu/kummel/2025/8276821326.jpg	no	no	404	HEAD	text/html; charset=utf-8	162	https://symbiota.ccber.ucsb.edu/kummel/2025/8276821326.jpg	22	HTTPError: Not Found
8237	13c0587f-94fd-4ab1-9d37-5f31f04e1193	https://symbiota.ccber.ucsb.edu/kummel/2025/8278733965.jpg	no	no	404	HEAD	text/html; charset=utf-8	162	https://symbiota.ccber.ucsb.edu/kummel/2025/8278733965.jpg	28	HTTPError: Not Found
8238	27f4f468-060f-46e8-9f9c-b1c34e5bf1b5	https://symbiota.ccber.ucsb.edu/kummel/2025/8278825289.jpg	no	no	404	HEAD	text/html; charset=utf-8	162	https://symbiota.ccber.ucsb.edu/kummel/2025/8278825289.jpg	33	HTTPError: Not Found
8239	4543f72b-5848-425e-bf74-fae5e40e58e5	https://symbiota.ccber.ucsb.edu/kummel/2025/8278896911.jpg	no	no	404	HEAD	text/html; charset=utf-8	162	https://symbiota.ccber.ucsb.edu/kummel/2025/8278896911.jpg	27	HTTPError: Not Found
8240	c1476784-a2ed-4839-a32f-72bedee8a186	https://symbiota.ccber.ucsb.edu/kummel/2025/8278926643.jpg	no	no	404	HEAD	text/html; charset=utf-8	162	https://symbiota.ccber.ucsb.edu/kummel/2025/8278926643.jpg	49	HTTPError: Not Found
8241	97763d37-4c4c-41b4-b676-3ecf16e35531	https://symbiota.ccber.ucsb.edu/kummel/2025/8279549604.jpg	no	no	404	HEAD	text/html; charset=utf-8	162	https://symbiota.ccber.ucsb.edu/kummel/2025/8279549604.jpg	23	HTTPError: Not Found
8242	675acbc5-044c-441f-96ed-c807f4de1f8d	https://symbiota.ccber.ucsb.edu/kummel/2025/8279602352.jpg	no	no	404	HEAD	text/html; charset=utf-8	162	https://symbiota.ccber.ucsb.edu/kummel/2025/8279602352.jpg	12	HTTPError: Not Found
8243	f69dbe7d-b0ae-419b-865c-57fe00ab86e5	https://symbiota.ccber.ucsb.edu/kummel/2025/8279729926.jpg	no	no	404	HEAD	text/html; charset=utf-8	162	https://symbiota.ccber.ucsb.edu/kummel/2025/8279729926.jpg	32	HTTPError: Not Found
8244	2edf2294-03b5-40e2-bfd7-e7ec3ee4ca8e	https://symbiota.ccber.ucsb.edu/kummel/2025/8279861992.jpg	no	no	404	HEAD	text/html; charset=utf-8	162	https://symbiota.ccber.ucsb.edu/kummel/2025/8279861992.jpg	24	HTTPError: Not Found
8245	9311adc9-5585-47a5-9275-99d7264afdd4	https://symbiota.ccber.ucsb.edu/kummel/2025/8281990929.jpg	no	no	404	HEAD	text/html; charset=utf-8	162	https://symbiota.ccber.ucsb.edu/kummel/2025/8281990929.jpg	28	HTTPError: Not Found
8246	0fd8da88-e198-49c0-aeb1-5fcd03ffdac7	https://symbiota.ccber.ucsb.edu/kummel/2025/8282136969.jpg	no	no	404	HEAD	text/html; charset=utf-8	162	https://symbiota.ccber.ucsb.edu/kummel/2025/8282136969.jpg	28	HTTPError: Not Found
8247	ff1c7f20-6c54-41ca-a802-e2f195bdab71	https://symbiota.ccber.ucsb.edu/kummel/2025/8282168559.jpg	no	no	404	HEAD	text/html; charset=utf-8	162	https://symbiota.ccber.ucsb.edu/kummel/2025/8282168559.jpg	53	HTTPError: Not Found
8248	241e2a70-f406-48c7-a6f4-9e3215ddcb22	https://symbiota.ccber.ucsb.edu/kummel/2025/8282231763.jpg	no	no	404	HEAD	text/html; charset=utf-8	162	https://symbiota.ccber.ucsb.edu/kummel/2025/8282231763.jpg	47	HTTPError: Not Found
8249	6d65dc1b-322b-4c75-8e44-eace21e97c36	https://symbiota.ccber.ucsb.edu/kummel/2025/8282263945.jpg	no	no	404	HEAD	text/html; charset=utf-8	162	https://symbiota.ccber.ucsb.edu/kummel/2025/8282263945.jpg	30	HTTPError: Not Found
8250	4d84621c-e099-435f-beea-8efa27f468a7	https://symbiota.ccber.ucsb.edu/kummel/2025/8283068038.jpg	no	no	404	HEAD	text/html; charset=utf-8	162	https://symbiota.ccber.ucsb.edu/kummel/2025/8283068038.jpg	39	HTTPError: Not Found
8251	57cdce05-9dbb-4ca5-ac08-43e55ade6825	https://symbiota.ccber.ucsb.edu/kummel/2025/8283140256.jpg	no	no	404	HEAD	text/html; charset=utf-8	162	https://symbiota.ccber.ucsb.edu/kummel/2025/8283140256.jpg	16	HTTPError: Not Found
8252	afeae437-300b-4820-9915-d6977363ce3f	https://symbiota.ccber.ucsb.edu/kummel/2025/8283345178.jpg	no	no	404	HEAD	text/html; charset=utf-8	162	https://symbiota.ccber.ucsb.edu/kummel/2025/8283345178.jpg	25	HTTPError: Not Found
8253	9bccb49c-37dd-4793-b194-c2477b488eb3	https://symbiota.ccber.ucsb.edu/kummel/2025/8285203387.jpg	no	no	404	HEAD	text/html; charset=utf-8	162	https://symbiota.ccber.ucsb.edu/kummel/2025/8285203387.jpg	24	HTTPError: Not Found
8254	95147235-9241-4624-864b-e18d1af1ddb0	https://symbiota.ccber.ucsb.edu/kummel/2025/8285243383.jpg	no	no	404	HEAD	text/html; charset=utf-8	162	https://symbiota.ccber.ucsb.edu/kummel/2025/8285243383.jpg	25	HTTPError: Not Found
8255	b0b93859-617b-431d-a9ea-1759b33945c9	https://symbiota.ccber.ucsb.edu/kummel/2025/8285274965.jpg	no	no	404	HEAD	text/html; charset=utf-8	162	https://symbiota.ccber.ucsb.edu/kummel/2025/8285274965.jpg	29	HTTPError: Not Found
8256	7b731d03-c605-4301-95ec-b8f41adef846	https://symbiota.ccber.ucsb.edu/kummel/2025/8285340907.jpg	no	no	404	HEAD	text/html; charset=utf-8	162	https://symbiota.ccber.ucsb.edu/kummel/2025/8285340907.jpg	29	HTTPError: Not Found
8257	cf78a88a-0c3f-44d8-8dea-c3f28fb8878e	https://symbiota.ccber.ucsb.edu/kummel/2025/8285441543.jpg	no	no	404	HEAD	text/html; charset=utf-8	162	https://symbiota.ccber.ucsb.edu/kummel/2025/8285441543.jpg	23	HTTPError: Not Found
8258	57da9ae7-f08a-4d05-9700-82595023bbb3	https://symbiota.ccber.ucsb.edu/kummel/2025/8286227534.jpg	no	no	404	HEAD	text/html; charset=utf-8	162	https://symbiota.ccber.ucsb.edu/kummel/2025/8286227534.jpg	16	HTTPError: Not Found
8259	e5497b16-2804-4e9f-b8d5-ff14ce11d0de	https://symbiota.ccber.ucsb.edu/kummel/2025/8286440164.jpg	no	no	404	HEAD	text/html; charset=utf-8	162	https://symbiota.ccber.ucsb.edu/kummel/2025/8286440164.jpg	26	HTTPError: Not Found
8260	b2d62658-afb7-4eae-aa3d-e501c65c91c9	https://symbiota.ccber.ucsb.edu/kummel/2025/8286563252.jpg	no	no	404	HEAD	text/html; charset=utf-8	162	https://symbiota.ccber.ucsb.edu/kummel/2025/8286563252.jpg	20	HTTPError: Not Found
8261	33b7e246-cafe-4a91-8fe8-4faf38589ddf	https://symbiota.ccber.ucsb.edu/kummel/2025/8288956927.jpg	no	no	404	HEAD	text/html; charset=utf-8	162	https://symbiota.ccber.ucsb.edu/kummel/2025/8288956927.jpg	35	HTTPError: Not Found
8262	d8ee5952-f436-46a7-9746-f29f43c860a6	https://symbiota.ccber.ucsb.edu/kummel/2025/8289014775.jpg	no	no	404	HEAD	text/html; charset=utf-8	162	https://symbiota.ccber.ucsb.edu/kummel/2025/8289014775.jpg	25	HTTPError: Not Found
8263	195b5d98-b067-4b35-8632-84ac4ec8d2f0	https://symbiota.ccber.ucsb.edu/kummel/2025/8289068535.jpg	no	no	404	HEAD	text/html; charset=utf-8	162	https://symbiota.ccber.ucsb.edu/kummel/2025/8289068535.jpg	19	HTTPError: Not Found
8264	2cc257bd-dbc6-4bda-afc6-6eba034302e6	https://symbiota.ccber.ucsb.edu/kummel/2025/8289090597.jpg	no	no	404	HEAD	text/html; charset=utf-8	162	https://symbiota.ccber.ucsb.edu/kummel/2025/8289090597.jpg	28	HTTPError: Not Found
8265	c05a616f-f9bb-4177-9a51-7261a3167f4d	https://symbiota.ccber.ucsb.edu/kummel/2025/8289164731.jpg	no	no	404	HEAD	text/html; charset=utf-8	162	https://symbiota.ccber.ucsb.edu/kummel/2025/8289164731.jpg	109	HTTPError: Not Found
8266	d138a079-4875-42c7-8ce4-b951edfe2859	https://symbiota.ccber.ucsb.edu/kummel/2025/8289235737.jpg	no	no	404	HEAD	text/html; charset=utf-8	162	https://symbiota.ccber.ucsb.edu/kummel/2025/8289235737.jpg	81	HTTPError: Not Found
8267	eb2e98a9-e74f-4784-b8d8-daab7fa5ec76	https://symbiota.ccber.ucsb.edu/kummel/2025/8290094624.jpg	no	no	404	HEAD	text/html; charset=utf-8	162	https://symbiota.ccber.ucsb.edu/kummel/2025/8290094624.jpg	51	HTTPError: Not Found
8268	5d8d55a4-10e9-4aa5-94e9-058bde9e5d0d	https://symbiota.ccber.ucsb.edu/kummel/2025/8290167848.jpg	no	no	404	HEAD	text/html; charset=utf-8	162	https://symbiota.ccber.ucsb.edu/kummel/2025/8290167848.jpg	25	HTTPError: Not Found
8269	400e2615-20b8-488b-93aa-78f0f926a8a4	https://symbiota.ccber.ucsb.edu/kummel/2025/8292022487.jpg	no	no	404	HEAD	text/html; charset=utf-8	162	https://symbiota.ccber.ucsb.edu/kummel/2025/8292022487.jpg	91	HTTPError: Not Found
8270	36d32550-7b34-4ba6-8a17-24d2818746ee	https://symbiota.ccber.ucsb.edu/kummel/2025/8292122757.jpg	no	no	404	HEAD	text/html; charset=utf-8	162	https://symbiota.ccber.ucsb.edu/kummel/2025/8292122757.jpg	42	HTTPError: Not Found
8271	4611dd45-3227-4ea0-a9b8-2eff7fcba160	https://symbiota.ccber.ucsb.edu/kummel/2025/8293114098.jpg	no	no	404	HEAD	text/html; charset=utf-8	162	https://symbiota.ccber.ucsb.edu/kummel/2025/8293114098.jpg	42	HTTPError: Not Found
8272	681ff0f0-df10-4b32-b47b-6cf7b747bfb7	https://symbiota.ccber.ucsb.edu/kummel/2025/8293232094.jpg	no	no	404	HEAD	text/html; charset=utf-8	162	https://symbiota.ccber.ucsb.edu/kummel/2025/8293232094.jpg	73	HTTPError: Not Found
8273	fc48f495-d0a3-4385-9b48-2bf5555b2520	https://symbiota.ccber.ucsb.edu/kummel/2025/8294736397.jpg	no	no	404	HEAD	text/html; charset=utf-8	162	https://symbiota.ccber.ucsb.edu/kummel/2025/8294736397.jpg	96	HTTPError: Not Found
8274	f0a7f905-6edb-4985-ab4d-ad10d2e1cbad	https://symbiota.ccber.ucsb.edu/kummel/2025/8294863053.jpg	no	no	404	HEAD	text/html; charset=utf-8	162	https://symbiota.ccber.ucsb.edu/kummel/2025/8294863053.jpg	41	HTTPError: Not Found
8275	ae6a5767-ed0a-42ac-8a7c-2ea48a50e49f	https://symbiota.ccber.ucsb.edu/kummel/2025/8294898507.jpg	no	no	404	HEAD	text/html; charset=utf-8	162	https://symbiota.ccber.ucsb.edu/kummel/2025/8294898507.jpg	92	HTTPError: Not Found
8276	01c084ee-207c-42ec-9d40-0e0a7e510cda	https://symbiota.ccber.ucsb.edu/kummel/2025/8294937307.jpg	no	no	404	HEAD	text/html; charset=utf-8	162	https://symbiota.ccber.ucsb.edu/kummel/2025/8294937307.jpg	25	HTTPError: Not Found
8277	7e0f9412-12bb-4a19-8795-f7f977d133c1	https://symbiota.ccber.ucsb.edu/kummel/2025/8295724386.jpg	no	no	404	HEAD	text/html; charset=utf-8	162	https://symbiota.ccber.ucsb.edu/kummel/2025/8295724386.jpg	68	HTTPError: Not Found
8278	14289e9e-49d1-49e0-9814-995448a29a5c	https://symbiota.ccber.ucsb.edu/kummel/2025/8295873380.jpg	no	no	404	HEAD	text/html; charset=utf-8	162	https://symbiota.ccber.ucsb.edu/kummel/2025/8295873380.jpg	21	HTTPError: Not Found
8279	8d5ffacd-cf7d-452d-915c-2d44f497e7e3	https://symbiota.ccber.ucsb.edu/kummel/2025/8296001860.jpg	no	no	404	HEAD	text/html; charset=utf-8	162	https://symbiota.ccber.ucsb.edu/kummel/2025/8296001860.jpg	85	HTTPError: Not Found
8280	515e679c-6120-4168-a715-af1daa94f312	https://symbiota.ccber.ucsb.edu/kummel/2025/8296024732.jpg	no	no	404	HEAD	text/html; charset=utf-8	162	https://symbiota.ccber.ucsb.edu/kummel/2025/8296024732.jpg	31	HTTPError: Not Found
8281	a8e56d96-4993-4ef3-a6da-428b9a736b71	https://symbiota.ccber.ucsb.edu/kummel/2025/8297605843.jpg	no	no	404	HEAD	text/html; charset=utf-8	162	https://symbiota.ccber.ucsb.edu/kummel/2025/8297605843.jpg	20	HTTPError: Not Found
8282	e0144e11-09e1-4bad-a2b8-0a812c8ea2b3	https://symbiota.ccber.ucsb.edu/kummel/2025/8297637147.jpg	no	no	404	HEAD	text/html; charset=utf-8	162	https://symbiota.ccber.ucsb.edu/kummel/2025/8297637147.jpg	44	HTTPError: Not Found
8283	2872532b-5690-49c7-9458-213dadf7b253	https://symbiota.ccber.ucsb.edu/kummel/2025/8297829929.jpg	no	no	404	HEAD	text/html; charset=utf-8	162	https://symbiota.ccber.ucsb.edu/kummel/2025/8297829929.jpg	46	HTTPError: Not Found
8284	65ea232a-2e84-4cec-ba7b-462b07c7b954	https://symbiota.ccber.ucsb.edu/kummel/2025/8297871931.jpg	no	no	404	HEAD	text/html; charset=utf-8	162	https://symbiota.ccber.ucsb.edu/kummel/2025/8297871931.jpg	40	HTTPError: Not Found
8285	82c2ad93-4976-4456-ad1e-5546130b0923	https://symbiota.ccber.ucsb.edu/kummel/2025/8297920281.jpg	no	no	404	HEAD	text/html; charset=utf-8	162	https://symbiota.ccber.ucsb.edu/kummel/2025/8297920281.jpg	20	HTTPError: Not Found
8286	f0f2b65c-4ab2-4eb8-8b0d-fdf47937c70f	https://symbiota.ccber.ucsb.edu/kummel/2025/8298752796.jpg	no	no	404	HEAD	text/html; charset=utf-8	162	https://symbiota.ccber.ucsb.edu/kummel/2025/8298752796.jpg	20	HTTPError: Not Found
8287	01059ad1-abe6-422c-a543-9f9844de0715	https://symbiota.ccber.ucsb.edu/kummel/2025/8298797400.jpg	no	no	404	HEAD	text/html; charset=utf-8	162	https://symbiota.ccber.ucsb.edu/kummel/2025/8298797400.jpg	15	HTTPError: Not Found
8288	b73baf83-c5fa-4125-89e8-ab6187f9913a	https://symbiota.ccber.ucsb.edu/kummel/2025/8301554943.jpg	no	no	404	HEAD	text/html; charset=utf-8	162	https://symbiota.ccber.ucsb.edu/kummel/2025/8301554943.jpg	18	HTTPError: Not Found
8289	cfa96f65-2a18-403a-9efc-ca79b1c1e620	https://symbiota.ccber.ucsb.edu/kummel/2025/8301591901.jpg	no	no	404	HEAD	text/html; charset=utf-8	162	https://symbiota.ccber.ucsb.edu/kummel/2025/8301591901.jpg	18	HTTPError: Not Found
8290	83e13b3c-bf66-413e-811a-37aebe4fd74f	https://symbiota.ccber.ucsb.edu/kummel/2025/8301747515.jpg	no	no	404	HEAD	text/html; charset=utf-8	162	https://symbiota.ccber.ucsb.edu/kummel/2025/8301747515.jpg	26	HTTPError: Not Found
8291	67d14dcd-4cb8-4f99-a373-fe07642778c6	https://symbiota.ccber.ucsb.edu/kummel/2025/8302510388.jpg	no	no	404	HEAD	text/html; charset=utf-8	162	https://symbiota.ccber.ucsb.edu/kummel/2025/8302510388.jpg	33	HTTPError: Not Found
8292	232894cc-e965-42c7-bfa1-38e2fae4316a	https://symbiota.ccber.ucsb.edu/kummel/2025/8302533812.jpg	no	no	404	HEAD	text/html; charset=utf-8	162	https://symbiota.ccber.ucsb.edu/kummel/2025/8302533812.jpg	23	HTTPError: Not Found
8293	b0ffa106-3e17-4c44-9939-1a2970a85d03	https://symbiota.ccber.ucsb.edu/kummel/2025/8302700868.jpg	no	no	404	HEAD	text/html; charset=utf-8	162	https://symbiota.ccber.ucsb.edu/kummel/2025/8302700868.jpg	19	HTTPError: Not Found
8294	8018cd95-03bb-4c9d-be1d-19b39105ddfe	https://symbiota.ccber.ucsb.edu/kummel/2025/8302744430.jpg	no	no	404	HEAD	text/html; charset=utf-8	162	https://symbiota.ccber.ucsb.edu/kummel/2025/8302744430.jpg	19	HTTPError: Not Found
8295	a65bcaf3-9359-40fa-bacc-111f5b05ffea	https://symbiota.ccber.ucsb.edu/kummel/2025/8302867444.jpg	no	no	404	HEAD	text/html; charset=utf-8	162	https://symbiota.ccber.ucsb.edu/kummel/2025/8302867444.jpg	24	HTTPError: Not Found
8296	16f9638c-bf9e-4681-a0af-a9a36281335b	https://symbiota.ccber.ucsb.edu/kummel/2025/8304770945.jpg	no	no	404	HEAD	text/html; charset=utf-8	162	https://symbiota.ccber.ucsb.edu/kummel/2025/8304770945.jpg	31	HTTPError: Not Found
8297	6bd10e61-f680-49cd-b575-8e1b29371e5c	https://symbiota.ccber.ucsb.edu/kummel/2025/8304885441.jpg	no	no	404	HEAD	text/html; charset=utf-8	162	https://symbiota.ccber.ucsb.edu/kummel/2025/8304885441.jpg	24	HTTPError: Not Found
8298	5f8bbc77-7289-4961-abf7-a9ca9739ce9a	https://symbiota.ccber.ucsb.edu/kummel/2025/8304974027.jpg	no	no	404	HEAD	text/html; charset=utf-8	162	https://symbiota.ccber.ucsb.edu/kummel/2025/8304974027.jpg	22	HTTPError: Not Found
8299	7d3c0dc2-f96c-46e7-a2b5-05e07943c96c	https://symbiota.ccber.ucsb.edu/kummel/2025/8305843564.jpg	no	no	404	HEAD	text/html; charset=utf-8	162	https://symbiota.ccber.ucsb.edu/kummel/2025/8305843564.jpg	30	HTTPError: Not Found
8300	f16fc974-ea7b-42eb-9e72-485eb78b880e	https://symbiota.ccber.ucsb.edu/kummel/2025/8305899242.jpg	no	no	404	HEAD	text/html; charset=utf-8	162	https://symbiota.ccber.ucsb.edu/kummel/2025/8305899242.jpg	26	HTTPError: Not Found
8301	64adb95c-7b79-4d4f-aafa-99e44bee1be1	https://symbiota.ccber.ucsb.edu/kummel/2025/8305957182.jpg	no	no	404	HEAD	text/html; charset=utf-8	162	https://symbiota.ccber.ucsb.edu/kummel/2025/8305957182.jpg	19	HTTPError: Not Found
8302	754a9a59-c34b-4962-825b-83940d0b2037	https://symbiota.ccber.ucsb.edu/kummel/2025/8306042066.jpg	no	no	404	HEAD	text/html; charset=utf-8	162	https://symbiota.ccber.ucsb.edu/kummel/2025/8306042066.jpg	35	HTTPError: Not Found
8303	f01554b4-4825-4e9b-a28e-707b25d94616	https://symbiota.ccber.ucsb.edu/kummel/2025/8306080302.jpg	no	no	404	HEAD	text/html; charset=utf-8	162	https://symbiota.ccber.ucsb.edu/kummel/2025/8306080302.jpg	24	HTTPError: Not Found
8304	903671a1-176d-4ef6-94f9-da20fe8b66f2	https://symbiota.ccber.ucsb.edu/kummel/2025/8308380497.jpg	no	no	404	HEAD	text/html; charset=utf-8	162	https://symbiota.ccber.ucsb.edu/kummel/2025/8308380497.jpg	23	HTTPError: Not Found
8305	d49e0043-0caa-4fcd-aba1-f4bb2f956239	https://symbiota.ccber.ucsb.edu/kummel/2025/8309376562.jpg	no	no	404	HEAD	text/html; charset=utf-8	162	https://symbiota.ccber.ucsb.edu/kummel/2025/8309376562.jpg	88	HTTPError: Not Found
8306	c2db5edd-0494-4576-bc15-1b29ff299d7f	https://symbiota.ccber.ucsb.edu/kummel/2025/8309504130.jpg	no	no	404	HEAD	text/html; charset=utf-8	162	https://symbiota.ccber.ucsb.edu/kummel/2025/8309504130.jpg	37	HTTPError: Not Found
8307	7f29c703-c644-45a1-b39a-bea5da91d01a	https://symbiota.ccber.ucsb.edu/kummel/2025/8311917591.jpg	no	no	404	HEAD	text/html; charset=utf-8	162	https://symbiota.ccber.ucsb.edu/kummel/2025/8311917591.jpg	63	HTTPError: Not Found
8308	fa949f5f-1ab9-4c95-af99-149342faa433	https://symbiota.ccber.ucsb.edu/kummel/2025/8312067115.jpg	no	no	404	HEAD	text/html; charset=utf-8	162	https://symbiota.ccber.ucsb.edu/kummel/2025/8312067115.jpg	64	HTTPError: Not Found
8309	9646da26-64e3-48ad-8527-52dd4970a997	https://symbiota.ccber.ucsb.edu/kummel/2025/8312152305.jpg	no	no	404	HEAD	text/html; charset=utf-8	162	https://symbiota.ccber.ucsb.edu/kummel/2025/8312152305.jpg	26	HTTPError: Not Found
8310	f2064d7e-70e5-4d01-a225-52ba139fe173	https://symbiota.ccber.ucsb.edu/kummel/2025/8312995372.jpg	no	no	404	HEAD	text/html; charset=utf-8	162	https://symbiota.ccber.ucsb.edu/kummel/2025/8312995372.jpg	29	HTTPError: Not Found
8311	e2d0d39e-b78d-4920-abfb-9cdc1d414976	https://symbiota.ccber.ucsb.edu/kummel/2025/8313043082.jpg	no	no	404	HEAD	text/html; charset=utf-8	162	https://symbiota.ccber.ucsb.edu/kummel/2025/8313043082.jpg	48	HTTPError: Not Found
8312	9d52c3bc-5f02-49a9-aa5e-153a9b4192a1	https://symbiota.ccber.ucsb.edu/kummel/2025/8313140228.jpg	no	no	404	HEAD	text/html; charset=utf-8	162	https://symbiota.ccber.ucsb.edu/kummel/2025/8313140228.jpg	48	HTTPError: Not Found
8313	e21893a6-18d5-406b-8604-9c2e53eea55c	https://symbiota.ccber.ucsb.edu/kummel/2025/8313273764.jpg	no	no	404	HEAD	text/html; charset=utf-8	162	https://symbiota.ccber.ucsb.edu/kummel/2025/8313273764.jpg	36	HTTPError: Not Found
8314	a08f7894-7fe6-4633-9dd4-a1a9608e979c	https://symbiota.ccber.ucsb.edu/kummel/2025/8315572271.jpg	no	no	404	HEAD	text/html; charset=utf-8	162	https://symbiota.ccber.ucsb.edu/kummel/2025/8315572271.jpg	17	HTTPError: Not Found
8315	ead8ab67-1434-4640-8461-18495e33677e	https://symbiota.ccber.ucsb.edu/kummel/2025/8315673355.jpg	no	no	404	HEAD	text/html; charset=utf-8	162	https://symbiota.ccber.ucsb.edu/kummel/2025/8315673355.jpg	20	HTTPError: Not Found
8316	fb9d10b8-5d19-48a1-a11c-df2ae2072fa5	https://symbiota.ccber.ucsb.edu/kummel/2025/8315767509.jpg	no	no	404	HEAD	text/html; charset=utf-8	162	https://symbiota.ccber.ucsb.edu/kummel/2025/8315767509.jpg	19	HTTPError: Not Found
8317	7524d363-b748-4b2e-a0aa-c4b7e8fb8523	https://symbiota.ccber.ucsb.edu/kummel/2025/8315969237.jpg	no	no	404	HEAD	text/html; charset=utf-8	162	https://symbiota.ccber.ucsb.edu/kummel/2025/8315969237.jpg	38	HTTPError: Not Found
8318	f6a6d0b1-f405-4c3a-ab91-855eb948179e	https://symbiota.ccber.ucsb.edu/kummel/2025/8316648738.jpg	no	no	404	HEAD	text/html; charset=utf-8	162	https://symbiota.ccber.ucsb.edu/kummel/2025/8316648738.jpg	36	HTTPError: Not Found
8319	c7b85b97-8e0f-47cf-9b6d-5d9ff9cb6ff7	https://symbiota.ccber.ucsb.edu/kummel/2025/8316710542.jpg	no	no	404	HEAD	text/html; charset=utf-8	162	https://symbiota.ccber.ucsb.edu/kummel/2025/8316710542.jpg	50	HTTPError: Not Found
8320	63bdb30e-29de-4495-88c8-ee52a8c267be	https://symbiota.ccber.ucsb.edu/kummel/2025/8316888512.jpg	no	no	404	HEAD	text/html; charset=utf-8	162	https://symbiota.ccber.ucsb.edu/kummel/2025/8316888512.jpg	52	HTTPError: Not Found
8321	83ad8d17-308e-4f6f-9e01-36a4592626d6	https://symbiota.ccber.ucsb.edu/kummel/2025/8316952642.jpg	no	no	404	HEAD	text/html; charset=utf-8	162	https://symbiota.ccber.ucsb.edu/kummel/2025/8316952642.jpg	66	HTTPError: Not Found
8322	f14f65d0-8c41-4c70-8b62-d895a85a7076	https://symbiota.ccber.ucsb.edu/kummel/2025/8319532215.jpg	no	no	404	HEAD	text/html; charset=utf-8	162	https://symbiota.ccber.ucsb.edu/kummel/2025/8319532215.jpg	34	HTTPError: Not Found
8323	e82f56d8-5cde-42ff-a66f-8852474eadfa	https://symbiota.ccber.ucsb.edu/kummel/2025/8319677553.jpg	no	no	404	HEAD	text/html; charset=utf-8	162	https://symbiota.ccber.ucsb.edu/kummel/2025/8319677553.jpg	54	HTTPError: Not Found
8324	7d4a1c3a-cbf5-43a0-8c05-7a0e0c403eb3	https://symbiota.ccber.ucsb.edu/kummel/2025/8319779723.jpg	no	no	404	HEAD	text/html; charset=utf-8	162	https://symbiota.ccber.ucsb.edu/kummel/2025/8319779723.jpg	59	HTTPError: Not Found
8325	322da59d-ab9c-473f-a28d-90bc56896fa8	https://symbiota.ccber.ucsb.edu/kummel/2025/8320490248.jpg	no	no	404	HEAD	text/html; charset=utf-8	162	https://symbiota.ccber.ucsb.edu/kummel/2025/8320490248.jpg	26	HTTPError: Not Found
8326	0832f50f-367d-4497-9340-3313bad5446c	https://symbiota.ccber.ucsb.edu/kummel/2025/8320652540.jpg	no	no	404	HEAD	text/html; charset=utf-8	162	https://symbiota.ccber.ucsb.edu/kummel/2025/8320652540.jpg	22	HTTPError: Not Found
8327	2ed09ee5-c99a-4dff-a3aa-d001d8c6c12c	https://symbiota.ccber.ucsb.edu/kummel/2025/8320692570.jpg	no	no	404	HEAD	text/html; charset=utf-8	162	https://symbiota.ccber.ucsb.edu/kummel/2025/8320692570.jpg	21	HTTPError: Not Found
8328	afb877c2-4a43-42a3-aad5-33a5a7706f58	https://symbiota.ccber.ucsb.edu/kummel/2025/8320801832.jpg	no	no	404	HEAD	text/html; charset=utf-8	162	https://symbiota.ccber.ucsb.edu/kummel/2025/8320801832.jpg	38	HTTPError: Not Found
8329	cc4a7a48-4f47-40cb-b255-73695a635795	https://symbiota.ccber.ucsb.edu/kummel/2025/8320923046.jpg	no	no	404	HEAD	text/html; charset=utf-8	162	https://symbiota.ccber.ucsb.edu/kummel/2025/8320923046.jpg	27	HTTPError: Not Found
8330	630e1443-e456-4843-8add-717be22b0632	https://symbiota.ccber.ucsb.edu/kummel/2025/8323221701.jpg	no	no	404	HEAD	text/html; charset=utf-8	162	https://symbiota.ccber.ucsb.edu/kummel/2025/8323221701.jpg	53	HTTPError: Not Found
8331	8332bdf7-67f4-45c2-a7bb-7c4274d4afc3	https://symbiota.ccber.ucsb.edu/kummel/2025/8323294455.jpg	no	no	404	HEAD	text/html; charset=utf-8	162	https://symbiota.ccber.ucsb.edu/kummel/2025/8323294455.jpg	32	HTTPError: Not Found
8332	cce395e7-00fb-43f6-b6ff-e56a6e074871	https://symbiota.ccber.ucsb.edu/kummel/2025/8323319335.jpg	no	no	404	HEAD	text/html; charset=utf-8	162	https://symbiota.ccber.ucsb.edu/kummel/2025/8323319335.jpg	25	HTTPError: Not Found
8333	215f9064-e3ed-4845-ae89-2bd55ab60c4b	https://symbiota.ccber.ucsb.edu/kummel/2025/8324200996.jpg	no	no	404	HEAD	text/html; charset=utf-8	162	https://symbiota.ccber.ucsb.edu/kummel/2025/8324200996.jpg	26	HTTPError: Not Found
8334	964123ae-b09c-4c5c-9506-3f07201ab925	https://symbiota.ccber.ucsb.edu/kummel/2025/8324228438.jpg	no	no	404	HEAD	text/html; charset=utf-8	162	https://symbiota.ccber.ucsb.edu/kummel/2025/8324228438.jpg	18	HTTPError: Not Found
8335	e55be365-d96b-4ef3-b89a-18e462137a0e	https://symbiota.ccber.ucsb.edu/kummel/2025/8324310108.jpg	no	no	404	HEAD	text/html; charset=utf-8	162	https://symbiota.ccber.ucsb.edu/kummel/2025/8324310108.jpg	25	HTTPError: Not Found
8336	67f2340e-fe1c-48d6-8dd8-723e49fd2f19	https://symbiota.ccber.ucsb.edu/kummel/2025/8324417304.jpg	no	no	404	HEAD	text/html; charset=utf-8	162	https://symbiota.ccber.ucsb.edu/kummel/2025/8324417304.jpg	113	HTTPError: Not Found
8337	1ee0a944-3826-4fd6-bbc4-9f91dcb4fceb	https://symbiota.ccber.ucsb.edu/kummel/2025/8324433338.jpg	no	no	404	HEAD	text/html; charset=utf-8	162	https://symbiota.ccber.ucsb.edu/kummel/2025/8324433338.jpg	68	HTTPError: Not Found
8338	b840a41a-58e7-4c05-9945-0f05e791c3a9	https://symbiota.ccber.ucsb.edu/kummel/2025/8327503313.jpg	no	no	404	HEAD	text/html; charset=utf-8	162	https://symbiota.ccber.ucsb.edu/kummel/2025/8327503313.jpg	30	HTTPError: Not Found
8339	a5c33266-c7e9-4434-9194-58e0d7ffe030	https://symbiota.ccber.ucsb.edu/kummel/2025/8327644257.jpg	no	no	404	HEAD	text/html; charset=utf-8	162	https://symbiota.ccber.ucsb.edu/kummel/2025/8327644257.jpg	26	HTTPError: Not Found
8340	6cc00387-3cf0-44c8-8938-deb8e80396ea	https://symbiota.ccber.ucsb.edu/kummel/2025/8328479866.jpg	no	no	404	HEAD	text/html; charset=utf-8	162	https://symbiota.ccber.ucsb.edu/kummel/2025/8328479866.jpg	32	HTTPError: Not Found
8341	dc87399c-8f6b-44d9-9e65-428b5dac90f1	https://symbiota.ccber.ucsb.edu/kummel/2025/8328666888.jpg	no	no	404	HEAD	text/html; charset=utf-8	162	https://symbiota.ccber.ucsb.edu/kummel/2025/8328666888.jpg	14	HTTPError: Not Found
8342	46f84420-d773-4e2d-be90-4d8eaab577e0	https://symbiota.ccber.ucsb.edu/kummel/2025/8328898188.jpg	no	no	404	HEAD	text/html; charset=utf-8	162	https://symbiota.ccber.ucsb.edu/kummel/2025/8328898188.jpg	17	HTTPError: Not Found
8343	ea967eba-39dd-4289-9eee-67d608f1629b	https://symbiota.ccber.ucsb.edu/kummel/2025/8328957722.jpg	no	no	404	HEAD	text/html; charset=utf-8	162	https://symbiota.ccber.ucsb.edu/kummel/2025/8328957722.jpg	69	HTTPError: Not Found
8344	3877df01-1dea-409c-a747-841d888ba2f4	https://symbiota.ccber.ucsb.edu/kummel/2025/8329040484.jpg	no	no	404	HEAD	text/html; charset=utf-8	162	https://symbiota.ccber.ucsb.edu/kummel/2025/8329040484.jpg	70	HTTPError: Not Found
8345	cfd26872-c0a6-421e-b6a4-09be57a8c630	https://symbiota.ccber.ucsb.edu/kummel/2025/8329087946.jpg	no	no	404	HEAD	text/html; charset=utf-8	162	https://symbiota.ccber.ucsb.edu/kummel/2025/8329087946.jpg	73	HTTPError: Not Found
8346	571569ba-c989-4464-8694-fb2c2a6e61ee	https://symbiota.ccber.ucsb.edu/kummel/2025/8330986113.jpg	no	no	404	HEAD	text/html; charset=utf-8	162	https://symbiota.ccber.ucsb.edu/kummel/2025/8330986113.jpg	34	HTTPError: Not Found
8347	a5190eed-6313-4e2b-bc84-1ad932aa339d	https://symbiota.ccber.ucsb.edu/kummel/2025/8331969108.jpg	no	no	404	HEAD	text/html; charset=utf-8	162	https://symbiota.ccber.ucsb.edu/kummel/2025/8331969108.jpg	84	HTTPError: Not Found
8348	b3f408a5-42b3-42c5-bebe-1e266fcab227	https://symbiota.ccber.ucsb.edu/kummel/2025/8332100886.jpg	no	no	404	HEAD	text/html; charset=utf-8	162	https://symbiota.ccber.ucsb.edu/kummel/2025/8332100886.jpg	36	HTTPError: Not Found
8349	98d03bad-21f3-451c-a513-45a7a8dbfe34	https://symbiota.ccber.ucsb.edu/kummel/2025/8332124138.jpg	no	no	404	HEAD	text/html; charset=utf-8	162	https://symbiota.ccber.ucsb.edu/kummel/2025/8332124138.jpg	32	HTTPError: Not Found
9169	3e11da4c-ac50-4405-859f-8e5c49e446cd	https://symbiota.ccber.ucsb.edu/kummel/2025/8771269547.jpg	no	no	404	HEAD	text/html; charset=utf-8	162	https://symbiota.ccber.ucsb.edu/kummel/2025/8771269547.jpg	88	HTTPError: Not Found
9170	b21fffda-bf1a-4ad0-85a2-3126fce806f9	https://symbiota.ccber.ucsb.edu/kummel/2025/8772098863.jpg	no	no	404	HEAD	text/html; charset=utf-8	162	https://symbiota.ccber.ucsb.edu/kummel/2025/8772098863.jpg	51	HTTPError: Not Found
9171	88982a61-f04b-465a-8c16-6c983f90d183	https://symbiota.ccber.ucsb.edu/kummel/2025/8772554225.jpg	no	no	404	HEAD	text/html; charset=utf-8	162	https://symbiota.ccber.ucsb.edu/kummel/2025/8772554225.jpg	38	HTTPError: Not Found
9172	25d7ce83-2c5a-4db0-8d50-9992671d90b7	https://symbiota.ccber.ucsb.edu/kummel/2025/8778035632.jpg	no	no	404	HEAD	text/html; charset=utf-8	162	https://symbiota.ccber.ucsb.edu/kummel/2025/8778035632.jpg	48	HTTPError: Not Found
9173	77371e57-74b8-46a1-a4cf-00cd7be77731	https://symbiota.ccber.ucsb.edu/kummel/2025/8778172588.jpg	no	no	404	HEAD	text/html; charset=utf-8	162	https://symbiota.ccber.ucsb.edu/kummel/2025/8778172588.jpg	20	HTTPError: Not Found
9174	b8646789-2824-43a4-a79d-65c961ec080a	https://symbiota.ccber.ucsb.edu/kummel/2025/8778319012.jpg	no	no	404	HEAD	text/html; charset=utf-8	162	https://symbiota.ccber.ucsb.edu/kummel/2025/8778319012.jpg	18	HTTPError: Not Found
9175	5fb165c7-4560-40b7-a30a-01bfe679cc9c	https://symbiota.ccber.ucsb.edu/kummel/2025/8778527932.jpg	no	no	404	HEAD	text/html; charset=utf-8	162	https://symbiota.ccber.ucsb.edu/kummel/2025/8778527932.jpg	46	HTTPError: Not Found
9176	c52a6c28-72d1-4074-8323-e795c3153b3c	https://symbiota.ccber.ucsb.edu/kummel/2025/8779324606.jpg	no	no	404	HEAD	text/html; charset=utf-8	162	https://symbiota.ccber.ucsb.edu/kummel/2025/8779324606.jpg	59	HTTPError: Not Found
9177	89afc4d3-c8c4-4e90-81ea-fb4c3b674853	https://symbiota.ccber.ucsb.edu/kummel/2025/8785285825.jpg	no	no	404	HEAD	text/html; charset=utf-8	162	https://symbiota.ccber.ucsb.edu/kummel/2025/8785285825.jpg	24	HTTPError: Not Found
9178	97c56740-0066-407b-8a8f-5c7f28b7d806	https://symbiota.ccber.ucsb.edu/kummel/2025/8785362961.jpg	no	no	404	HEAD	text/html; charset=utf-8	162	https://symbiota.ccber.ucsb.edu/kummel/2025/8785362961.jpg	31	HTTPError: Not Found
9179	fce93553-f40f-4298-b3aa-ef489bdb3fa0	https://symbiota.ccber.ucsb.edu/kummel/2025/8785920427.jpg	no	no	404	HEAD	text/html; charset=utf-8	162	https://symbiota.ccber.ucsb.edu/kummel/2025/8785920427.jpg	27	HTTPError: Not Found
9180	69157790-5bfb-46c9-9f2e-45a2b8b41a01	https://symbiota.ccber.ucsb.edu/kummel/2025/8786014713.jpg	no	no	404	HEAD	text/html; charset=utf-8	162	https://symbiota.ccber.ucsb.edu/kummel/2025/8786014713.jpg	61	HTTPError: Not Found
9181	6681ed27-102c-423d-b759-c731526a7f5b	https://symbiota.ccber.ucsb.edu/kummel/2025/8786097897.jpg	no	no	404	HEAD	text/html; charset=utf-8	162	https://symbiota.ccber.ucsb.edu/kummel/2025/8786097897.jpg	27	HTTPError: Not Found
9182	95f15081-b5b7-4b53-b26b-114416d5ddb7	https://symbiota.ccber.ucsb.edu/kummel/2025/8796166228.jpg	no	no	404	HEAD	text/html; charset=utf-8	162	https://symbiota.ccber.ucsb.edu/kummel/2025/8796166228.jpg	31	HTTPError: Not Found
9183	5a191721-167b-4959-9f8c-3f1abf1549a4	https://symbiota.ccber.ucsb.edu/kummel/2025/8796257406.jpg	no	no	404	HEAD	text/html; charset=utf-8	162	https://symbiota.ccber.ucsb.edu/kummel/2025/8796257406.jpg	60	HTTPError: Not Found
9184	5c61ad91-79df-4d99-aa23-84af73e9e676	https://symbiota.ccber.ucsb.edu/kummel/2025/8796342826.jpg	no	no	404	HEAD	text/html; charset=utf-8	162	https://symbiota.ccber.ucsb.edu/kummel/2025/8796342826.jpg	53	HTTPError: Not Found
9185	1223a07b-5423-4ee7-b5fc-50dc0d1c7a86	https://symbiota.ccber.ucsb.edu/kummel/2025/8797799001.jpg	no	no	404	HEAD	text/html; charset=utf-8	162	https://symbiota.ccber.ucsb.edu/kummel/2025/8797799001.jpg	82	HTTPError: Not Found
9186	9d73acb0-158d-4d3a-87f7-b1bc8a48e781	https://symbiota.ccber.ucsb.edu/kummel/2025/8798090147.jpg	no	no	404	HEAD	text/html; charset=utf-8	162	https://symbiota.ccber.ucsb.edu/kummel/2025/8798090147.jpg	22	HTTPError: Not Found
9187	a9f6c076-7457-4bb4-9fec-db9a0a5a8b12	https://symbiota.ccber.ucsb.edu/kummel/2025/8798209915.jpg	no	no	404	HEAD	text/html; charset=utf-8	162	https://symbiota.ccber.ucsb.edu/kummel/2025/8798209915.jpg	26	HTTPError: Not Found
9188	33249c48-9d37-434a-9323-fa87caf07a55	https://symbiota.ccber.ucsb.edu/kummel/2025/8798299625.jpg	no	no	404	HEAD	text/html; charset=utf-8	162	https://symbiota.ccber.ucsb.edu/kummel/2025/8798299625.jpg	19	HTTPError: Not Found
9189	a8bf3c74-d041-426f-8a67-6c300dea83b7	https://symbiota.ccber.ucsb.edu/kummel/2025/8798357841.jpg	no	no	404	HEAD	text/html; charset=utf-8	162	https://symbiota.ccber.ucsb.edu/kummel/2025/8798357841.jpg	31	HTTPError: Not Found
9190	e6e76055-d6a4-40a2-b92d-0623b8ffffe6	https://symbiota.ccber.ucsb.edu/kummel/2025/8798601027.jpg	no	no	404	HEAD	text/html; charset=utf-8	162	https://symbiota.ccber.ucsb.edu/kummel/2025/8798601027.jpg	50	HTTPError: Not Found
9191	d1b1f676-56f5-42c1-aed9-84bad4ed6e7b	https://symbiota.ccber.ucsb.edu/kummel/2025/8808432296.jpg	no	no	404	HEAD	text/html; charset=utf-8	162	https://symbiota.ccber.ucsb.edu/kummel/2025/8808432296.jpg	51	HTTPError: Not Found
9192	b112c658-818d-4fb2-93b3-b3616cc7d133	https://symbiota.ccber.ucsb.edu/kummel/2025/8809048438.jpg	no	no	404	HEAD	text/html; charset=utf-8	162	https://symbiota.ccber.ucsb.edu/kummel/2025/8809048438.jpg	39	HTTPError: Not Found
9193	fcfc3935-857c-4d43-9cd3-a8d813dd1d1b	https://symbiota.ccber.ucsb.edu/kummel/2025/8809331743.jpg	no	no	404	HEAD	text/html; charset=utf-8	162	https://symbiota.ccber.ucsb.edu/kummel/2025/8809331743.jpg	23	HTTPError: Not Found
9194	079928d9-eb75-4759-8b28-3be448568655	https://symbiota.ccber.ucsb.edu/kummel/2025/8809450597.jpg	no	no	404	HEAD	text/html; charset=utf-8	162	https://symbiota.ccber.ucsb.edu/kummel/2025/8809450597.jpg	24	HTTPError: Not Found
9195	c1f36d20-4845-440b-93f3-4108cc96fe92	https://symbiota.ccber.ucsb.edu/kummel/2025/8809806767.jpg	no	no	404	HEAD	text/html; charset=utf-8	162	https://symbiota.ccber.ucsb.edu/kummel/2025/8809806767.jpg	24	HTTPError: Not Found
9196	b723780c-d56d-4128-b641-5b45e15ba5d7	https://symbiota.ccber.ucsb.edu/kummel/2025/8819463194.jpg	no	no	404	HEAD	text/html; charset=utf-8	162	https://symbiota.ccber.ucsb.edu/kummel/2025/8819463194.jpg	25	HTTPError: Not Found
9197	d8b48d56-f4ea-48bf-bc82-b269f245c355	https://symbiota.ccber.ucsb.edu/kummel/2025/8819701576.jpg	no	no	404	HEAD	text/html; charset=utf-8	162	https://symbiota.ccber.ucsb.edu/kummel/2025/8819701576.jpg	25	HTTPError: Not Found
9198	cc9128f6-d078-4d57-9f0d-f6d3f9a7aa52	https://symbiota.ccber.ucsb.edu/kummel/2025/8819783380.jpg	no	no	404	HEAD	text/html; charset=utf-8	162	https://symbiota.ccber.ucsb.edu/kummel/2025/8819783380.jpg	29	HTTPError: Not Found
9199	2488a880-d01a-4a38-ab81-9495ae6f9a91	https://symbiota.ccber.ucsb.edu/kummel/2025/8820195382.jpg	no	no	404	HEAD	text/html; charset=utf-8	162	https://symbiota.ccber.ucsb.edu/kummel/2025/8820195382.jpg	26	HTTPError: Not Found
9200	a01a8188-404f-4dc0-807b-f5143126727c	https://symbiota.ccber.ucsb.edu/kummel/2025/8820335228.jpg	no	no	404	HEAD	text/html; charset=utf-8	162	https://symbiota.ccber.ucsb.edu/kummel/2025/8820335228.jpg	25	HTTPError: Not Found
9201	2fedd602-c2db-4734-97a3-b15c9d090d80	https://symbiota.ccber.ucsb.edu/kummel/2025/8833981652.jpg	no	no	404	HEAD	text/html; charset=utf-8	162	https://symbiota.ccber.ucsb.edu/kummel/2025/8833981652.jpg	22	HTTPError: Not Found
9202	859d416f-7241-4b7c-91f2-b6d27a19a5d0	https://symbiota.ccber.ucsb.edu/kummel/2025/8834099128.jpg	no	no	404	HEAD	text/html; charset=utf-8	162	https://symbiota.ccber.ucsb.edu/kummel/2025/8834099128.jpg	30	HTTPError: Not Found
9203	2ee540a7-3ca8-4d96-b39f-38e305c25458	https://symbiota.ccber.ucsb.edu/kummel/2025/8834324418.jpg	no	no	404	HEAD	text/html; charset=utf-8	162	https://symbiota.ccber.ucsb.edu/kummel/2025/8834324418.jpg	30	HTTPError: Not Found
9204	9083ed81-f70d-4532-ba45-c7f4b622a2a1	https://symbiota.ccber.ucsb.edu/kummel/2025/8834519922.jpg	no	no	404	HEAD	text/html; charset=utf-8	162	https://symbiota.ccber.ucsb.edu/kummel/2025/8834519922.jpg	13	HTTPError: Not Found
9205	100c6576-5aff-4a04-91ba-3f25ba7a6993	https://symbiota.ccber.ucsb.edu/kummel/2025/8834770688.jpg	no	no	404	HEAD	text/html; charset=utf-8	162	https://symbiota.ccber.ucsb.edu/kummel/2025/8834770688.jpg	23	HTTPError: Not Found
9206	593ef16d-b775-44fb-93d8-6988c2f372fa	https://symbiota.ccber.ucsb.edu/kummel/2025/8834925056.jpg	no	no	404	HEAD	text/html; charset=utf-8	162	https://symbiota.ccber.ucsb.edu/kummel/2025/8834925056.jpg	25	HTTPError: Not Found
9207	2bdbc803-bcff-42e0-abac-09bcd9538da5	https://symbiota.ccber.ucsb.edu/kummel/2025/8835041832.jpg	no	no	404	HEAD	text/html; charset=utf-8	162	https://symbiota.ccber.ucsb.edu/kummel/2025/8835041832.jpg	25	HTTPError: Not Found
9208	8844d853-555d-404e-9ee1-3e46076ffc98	https://symbiota.ccber.ucsb.edu/kummel/2025/8835298766.jpg	no	no	404	HEAD	text/html; charset=utf-8	162	https://symbiota.ccber.ucsb.edu/kummel/2025/8835298766.jpg	25	HTTPError: Not Found
9209	b7e132ee-bd8d-4430-8fa6-f5a8d9bfcf5d	https://symbiota.ccber.ucsb.edu/kummel/2025/8847478297.jpg	no	no	404	HEAD	text/html; charset=utf-8	162	https://symbiota.ccber.ucsb.edu/kummel/2025/8847478297.jpg	24	HTTPError: Not Found
9210	cb9672f3-6d8b-4b69-aabf-def7695fa4c4	https://symbiota.ccber.ucsb.edu/kummel/2025/8847923717.jpg	no	no	404	HEAD	text/html; charset=utf-8	162	https://symbiota.ccber.ucsb.edu/kummel/2025/8847923717.jpg	28	HTTPError: Not Found
9211	616d9992-53d8-4a54-a962-00ad5ca06842	https://symbiota.ccber.ucsb.edu/kummel/2025/8848221156.jpg	no	no	404	HEAD	text/html; charset=utf-8	162	https://symbiota.ccber.ucsb.edu/kummel/2025/8848221156.jpg	23	HTTPError: Not Found
9212	3cfd4ca0-4761-4068-8415-385205c35d56	https://symbiota.ccber.ucsb.edu/kummel/2025/8848319341.jpg	no	no	404	HEAD	text/html; charset=utf-8	162	https://symbiota.ccber.ucsb.edu/kummel/2025/8848319341.jpg	24	HTTPError: Not Found
9213	42512548-d59f-41d9-8bbe-0ce754e1911f	https://symbiota.ccber.ucsb.edu/kummel/2025/8848415797.jpg	no	no	404	HEAD	text/html; charset=utf-8	162	https://symbiota.ccber.ucsb.edu/kummel/2025/8848415797.jpg	25	HTTPError: Not Found
9214	d08562eb-f719-47ec-b16b-35dd06a9418c	https://symbiota.ccber.ucsb.edu/kummel/2025/8848458510.jpg	no	no	404	HEAD	text/html; charset=utf-8	162	https://symbiota.ccber.ucsb.edu/kummel/2025/8848458510.jpg	20	HTTPError: Not Found
9215	dc0d85c0-f7ec-460d-a156-5864284d3686	https://symbiota.ccber.ucsb.edu/kummel/2025/8848698788.jpg	no	no	404	HEAD	text/html; charset=utf-8	162	https://symbiota.ccber.ucsb.edu/kummel/2025/8848698788.jpg	33	HTTPError: Not Found
9216	e8a30934-54ea-4709-b5e0-26b93fb96167	https://symbiota.ccber.ucsb.edu/kummel/2025/8848772600.jpg	no	no	404	HEAD	text/html; charset=utf-8	162	https://symbiota.ccber.ucsb.edu/kummel/2025/8848772600.jpg	32	HTTPError: Not Found
9217	534320ac-06bf-4b33-8db2-2031a6d848b1	https://symbiota.ccber.ucsb.edu/kummel/2025/8872493441.jpg	no	no	404	HEAD	text/html; charset=utf-8	162	https://symbiota.ccber.ucsb.edu/kummel/2025/8872493441.jpg	21	HTTPError: Not Found
9218	3f4894cc-b8b3-4cae-ac6f-3862c5a911fc	https://symbiota.ccber.ucsb.edu/kummel/2025/8872573339.jpg	no	no	404	HEAD	text/html; charset=utf-8	162	https://symbiota.ccber.ucsb.edu/kummel/2025/8872573339.jpg	25	HTTPError: Not Found
9219	b530591d-ca4d-4db1-a85b-5e1eb02fe4e9	https://symbiota.ccber.ucsb.edu/kummel/2025/8872852813.jpg	no	no	404	HEAD	text/html; charset=utf-8	162	https://symbiota.ccber.ucsb.edu/kummel/2025/8872852813.jpg	41	HTTPError: Not Found
9220	358bb3f8-6d16-4400-b3a3-87e67c6ca147	https://symbiota.ccber.ucsb.edu/kummel/2025/8872925826.jpg	no	no	404	HEAD	text/html; charset=utf-8	162	https://symbiota.ccber.ucsb.edu/kummel/2025/8872925826.jpg	44	HTTPError: Not Found
9221	2c2ebf00-3881-4efd-b1db-21f66a2d5980	https://symbiota.ccber.ucsb.edu/kummel/2025/8873309588.jpg	no	no	404	HEAD	text/html; charset=utf-8	162	https://symbiota.ccber.ucsb.edu/kummel/2025/8873309588.jpg	68	HTTPError: Not Found
9222	4d76e090-97fa-40de-a13b-b13c5f7fb3d2	https://symbiota.ccber.ucsb.edu/kummel/2025/8873332855.jpg	no	no	404	HEAD	text/html; charset=utf-8	162	https://symbiota.ccber.ucsb.edu/kummel/2025/8873332855.jpg	94	HTTPError: Not Found
9223	7fd4fe6b-f1ef-4040-aea0-a9dbe1e8c3c6	https://symbiota.ccber.ucsb.edu/kummel/2025/8873673420.jpg	no	no	404	HEAD	text/html; charset=utf-8	162	https://symbiota.ccber.ucsb.edu/kummel/2025/8873673420.jpg	31	HTTPError: Not Found
9224	71007f00-0a36-441a-8b85-d7a60ef65df9	https://symbiota.ccber.ucsb.edu/kummel/2025/8883977111.jpg	no	no	404	HEAD	text/html; charset=utf-8	162	https://symbiota.ccber.ucsb.edu/kummel/2025/8883977111.jpg	69	HTTPError: Not Found
9225	6f2f4489-7d38-4c14-be1c-eda9ae96cb9c	https://symbiota.ccber.ucsb.edu/kummel/2025/8884068103.jpg	no	no	404	HEAD	text/html; charset=utf-8	162	https://symbiota.ccber.ucsb.edu/kummel/2025/8884068103.jpg	23	HTTPError: Not Found
9226	67a3b868-ff59-4be9-9a9b-a446d17ecc0e	https://symbiota.ccber.ucsb.edu/kummel/2025/8884123417.jpg	no	no	404	HEAD	text/html; charset=utf-8	162	https://symbiota.ccber.ucsb.edu/kummel/2025/8884123417.jpg	37	HTTPError: Not Found
9227	527ee124-69f5-4dca-8519-7b8bd9f53c18	https://symbiota.ccber.ucsb.edu/kummel/2025/8884337257.jpg	no	no	404	HEAD	text/html; charset=utf-8	162	https://symbiota.ccber.ucsb.edu/kummel/2025/8884337257.jpg	90	HTTPError: Not Found
9228	9d2a4c08-6127-4e4c-929e-a5a2889ccac0	https://symbiota.ccber.ucsb.edu/kummel/2025/8884457142.jpg	no	no	404	HEAD	text/html; charset=utf-8	162	https://symbiota.ccber.ucsb.edu/kummel/2025/8884457142.jpg	36	HTTPError: Not Found
9229	01491423-0b13-4480-b618-96d4d733c7f5	https://symbiota.ccber.ucsb.edu/kummel/2025/8884471289.jpg	no	no	404	HEAD	text/html; charset=utf-8	162	https://symbiota.ccber.ucsb.edu/kummel/2025/8884471289.jpg	91	HTTPError: Not Found
9230	e693f67e-2f89-48c0-809a-ee049df6bcfa	https://symbiota.ccber.ucsb.edu/kummel/2025/8884518760.jpg	no	no	404	HEAD	text/html; charset=utf-8	162	https://symbiota.ccber.ucsb.edu/kummel/2025/8884518760.jpg	36	HTTPError: Not Found
9231	28405d72-b6f0-4f90-a9ab-41bc2606f0db	https://symbiota.ccber.ucsb.edu/kummel/2025/8884828620.jpg	no	no	404	HEAD	text/html; charset=utf-8	162	https://symbiota.ccber.ucsb.edu/kummel/2025/8884828620.jpg	28	HTTPError: Not Found
9232	4c0e7d00-65da-4a5d-8a38-b461c428d020	https://symbiota.ccber.ucsb.edu/kummel/2025/8895902729.jpg	no	no	404	HEAD	text/html; charset=utf-8	162	https://symbiota.ccber.ucsb.edu/kummel/2025/8895902729.jpg	68	HTTPError: Not Found
9233	b4849d98-2862-46c9-ba4e-5ed1a2db9e76	https://symbiota.ccber.ucsb.edu/kummel/2025/8896090801.jpg	no	no	404	HEAD	text/html; charset=utf-8	162	https://symbiota.ccber.ucsb.edu/kummel/2025/8896090801.jpg	19	HTTPError: Not Found
9234	db295c6e-8264-4b49-9d72-b905acdffb8f	https://symbiota.ccber.ucsb.edu/kummel/2025/8896211431.jpg	no	no	404	HEAD	text/html; charset=utf-8	162	https://symbiota.ccber.ucsb.edu/kummel/2025/8896211431.jpg	20	HTTPError: Not Found
9235	e84c92b9-c311-4faa-90cb-ab1220269fa4	https://symbiota.ccber.ucsb.edu/kummel/2025/8896336500.jpg	no	no	404	HEAD	text/html; charset=utf-8	162	https://symbiota.ccber.ucsb.edu/kummel/2025/8896336500.jpg	23	HTTPError: Not Found
9236	6a032025-6b6e-4eb1-ba65-307a93df103f	https://symbiota.ccber.ucsb.edu/kummel/2025/8896395489.jpg	no	no	404	HEAD	text/html; charset=utf-8	162	https://symbiota.ccber.ucsb.edu/kummel/2025/8896395489.jpg	46	HTTPError: Not Found
9237	4346d782-dd23-493a-8881-aa97fa2a3667	https://symbiota.ccber.ucsb.edu/kummel/2025/8896465736.jpg	no	no	404	HEAD	text/html; charset=utf-8	162	https://symbiota.ccber.ucsb.edu/kummel/2025/8896465736.jpg	45	HTTPError: Not Found
9238	43bb4e70-6b2c-4cff-86ba-2ede94ea57b1	https://symbiota.ccber.ucsb.edu/kummel/2025/8896775932.jpg	no	no	404	HEAD	text/html; charset=utf-8	162	https://symbiota.ccber.ucsb.edu/kummel/2025/8896775932.jpg	24	HTTPError: Not Found
9239	b0fbdc4e-a17e-450c-a854-4631c6167ee1	https://symbiota.ccber.ucsb.edu/kummel/2025/8897210694.jpg	no	no	404	HEAD	text/html; charset=utf-8	162	https://symbiota.ccber.ucsb.edu/kummel/2025/8897210694.jpg	45	HTTPError: Not Found
9240	8ba52b83-03b4-4844-9a7c-c340b88e807d	https://symbiota.ccber.ucsb.edu/kummel/2025/8906589919.jpg	no	no	404	HEAD	text/html; charset=utf-8	162	https://symbiota.ccber.ucsb.edu/kummel/2025/8906589919.jpg	45	HTTPError: Not Found
9241	0dfedbab-5cb9-44f0-944e-d06dc43ebb6d	https://symbiota.ccber.ucsb.edu/kummel/2025/8906770203.jpg	no	no	404	HEAD	text/html; charset=utf-8	162	https://symbiota.ccber.ucsb.edu/kummel/2025/8906770203.jpg	24	HTTPError: Not Found
9242	0af70f0e-7165-4426-8ffd-9db77269cdd2	https://symbiota.ccber.ucsb.edu/kummel/2025/8906870229.jpg	no	no	404	HEAD	text/html; charset=utf-8	162	https://symbiota.ccber.ucsb.edu/kummel/2025/8906870229.jpg	21	HTTPError: Not Found
9243	347931b5-2692-4ce8-bf54-f63e78eb0803	https://symbiota.ccber.ucsb.edu/kummel/2025/8907076395.jpg	no	no	404	HEAD	text/html; charset=utf-8	162	https://symbiota.ccber.ucsb.edu/kummel/2025/8907076395.jpg	20	HTTPError: Not Found
9244	9578d476-ed9c-4edc-909f-207366adcd8b	https://symbiota.ccber.ucsb.edu/kummel/2025/8907129578.jpg	no	no	404	HEAD	text/html; charset=utf-8	162	https://symbiota.ccber.ucsb.edu/kummel/2025/8907129578.jpg	24	HTTPError: Not Found
9245	2d56ff45-7e68-4e39-b875-933d47cc5cf8	https://symbiota.ccber.ucsb.edu/kummel/2025/8907270875.jpg	no	no	404	HEAD	text/html; charset=utf-8	162	https://symbiota.ccber.ucsb.edu/kummel/2025/8907270875.jpg	21	HTTPError: Not Found
9246	1941e621-122d-4ece-b0f0-640bdd0b4460	https://symbiota.ccber.ucsb.edu/kummel/2025/8907601668.jpg	no	no	404	HEAD	text/html; charset=utf-8	162	https://symbiota.ccber.ucsb.edu/kummel/2025/8907601668.jpg	46	HTTPError: Not Found
9247	76404cbe-79c7-4c12-b8a0-cb2d75d2e8b6	https://symbiota.ccber.ucsb.edu/kummel/2025/8907778070.jpg	no	no	404	HEAD	text/html; charset=utf-8	162	https://symbiota.ccber.ucsb.edu/kummel/2025/8907778070.jpg	25	HTTPError: Not Found
9248	8a44cb06-f69f-4a39-97fb-fb4ff9478ade	https://symbiota.ccber.ucsb.edu/kummel/2025/8918146865.jpg	no	no	404	HEAD	text/html; charset=utf-8	162	https://symbiota.ccber.ucsb.edu/kummel/2025/8918146865.jpg	24	HTTPError: Not Found
9249	c4ba6a78-ac02-4498-86ea-fe7368a149ec	https://symbiota.ccber.ucsb.edu/kummel/2025/8918596697.jpg	no	no	404	HEAD	text/html; charset=utf-8	162	https://symbiota.ccber.ucsb.edu/kummel/2025/8918596697.jpg	31	HTTPError: Not Found
9250	29d19d05-9d06-41f8-ad74-f13efcbd9ec7	https://symbiota.ccber.ucsb.edu/kummel/2025/8918681604.jpg	no	no	404	HEAD	text/html; charset=utf-8	162	https://symbiota.ccber.ucsb.edu/kummel/2025/8918681604.jpg	12	HTTPError: Not Found
9251	301661a0-dc8c-4c9a-a8a3-f3457dc09017	https://symbiota.ccber.ucsb.edu/kummel/2025/8918754551.jpg	no	no	404	HEAD	text/html; charset=utf-8	162	https://symbiota.ccber.ucsb.edu/kummel/2025/8918754551.jpg	24	HTTPError: Not Found
9252	e288fce4-bcf8-4fdf-8340-15ad04c098a1	https://symbiota.ccber.ucsb.edu/kummel/2025/8918899615.jpg	no	no	404	HEAD	text/html; charset=utf-8	162	https://symbiota.ccber.ucsb.edu/kummel/2025/8918899615.jpg	20	HTTPError: Not Found
9253	4ac5df8d-9099-45fa-9c48-e923a5c978e0	https://symbiota.ccber.ucsb.edu/kummel/2025/8918922568.jpg	no	no	404	HEAD	text/html; charset=utf-8	162	https://symbiota.ccber.ucsb.edu/kummel/2025/8918922568.jpg	20	HTTPError: Not Found
9254	eab697d2-c53a-4e93-b911-9c8bbcb67379	https://symbiota.ccber.ucsb.edu/kummel/2025/8919064224.jpg	no	no	404	HEAD	text/html; charset=utf-8	162	https://symbiota.ccber.ucsb.edu/kummel/2025/8919064224.jpg	31	HTTPError: Not Found
9255	dc3d1fd4-5f7d-48ca-bc4f-e14a520d4455	https://symbiota.ccber.ucsb.edu/kummel/2025/8919313160.jpg	no	no	404	HEAD	text/html; charset=utf-8	162	https://symbiota.ccber.ucsb.edu/kummel/2025/8919313160.jpg	21	HTTPError: Not Found
9256	4d180a1d-d466-4fce-bd4f-8b34882efce7	https://symbiota.ccber.ucsb.edu/kummel/2025/8930276511.jpg	no	no	404	HEAD	text/html; charset=utf-8	162	https://symbiota.ccber.ucsb.edu/kummel/2025/8930276511.jpg	70	HTTPError: Not Found
9257	f8d09bec-8324-4f4a-b625-61ee25abe5a7	https://symbiota.ccber.ucsb.edu/kummel/2025/8930741749.jpg	no	no	404	HEAD	text/html; charset=utf-8	162	https://symbiota.ccber.ucsb.edu/kummel/2025/8930741749.jpg	13	HTTPError: Not Found
9258	a415e379-1674-4da0-96ee-2fcde583218a	https://symbiota.ccber.ucsb.edu/kummel/2025/8931019528.jpg	no	no	404	HEAD	text/html; charset=utf-8	162	https://symbiota.ccber.ucsb.edu/kummel/2025/8931019528.jpg	132	HTTPError: Not Found
9259	bbbc20fa-c09e-4098-845d-534a02e4c1d5	https://symbiota.ccber.ucsb.edu/kummel/2025/8942118673.jpg	no	no	404	HEAD	text/html; charset=utf-8	162	https://symbiota.ccber.ucsb.edu/kummel/2025/8942118673.jpg	20	HTTPError: Not Found
9260	55a70152-9997-4b85-a21b-fcdc3b7a4b82	https://symbiota.ccber.ucsb.edu/kummel/2025/8942203555.jpg	no	no	404	HEAD	text/html; charset=utf-8	162	https://symbiota.ccber.ucsb.edu/kummel/2025/8942203555.jpg	23	HTTPError: Not Found
9261	f45d0f86-1fba-4200-9d33-3c259e69041a	https://symbiota.ccber.ucsb.edu/kummel/2025/8942406369.jpg	no	no	404	HEAD	text/html; charset=utf-8	162	https://symbiota.ccber.ucsb.edu/kummel/2025/8942406369.jpg	19	HTTPError: Not Found
9262	2a665afa-41a5-41f7-b029-19e3e95e96ff	https://symbiota.ccber.ucsb.edu/kummel/2025/8942595490.jpg	no	no	404	HEAD	text/html; charset=utf-8	162	https://symbiota.ccber.ucsb.edu/kummel/2025/8942595490.jpg	89	HTTPError: Not Found
9263	ccfdd092-6152-4ff3-98a3-7e4a9e5cfc67	https://symbiota.ccber.ucsb.edu/kummel/2025/8942925502.jpg	no	no	404	HEAD	text/html; charset=utf-8	162	https://symbiota.ccber.ucsb.edu/kummel/2025/8942925502.jpg	88	HTTPError: Not Found
9264	75afa2ce-557d-4775-979c-433bf4a6d5dd	https://symbiota.ccber.ucsb.edu/kummel/2025/8943188798.jpg	no	no	404	HEAD	text/html; charset=utf-8	162	https://symbiota.ccber.ucsb.edu/kummel/2025/8943188798.jpg	62	HTTPError: Not Found
9265	280ae825-efb2-4c49-aa6c-6037e99b6492	https://symbiota.ccber.ucsb.edu/kummel/2025/8943318938.jpg	no	no	404	HEAD	text/html; charset=utf-8	162	https://symbiota.ccber.ucsb.edu/kummel/2025/8943318938.jpg	43	HTTPError: Not Found
9266	e7deaa66-80d3-455a-941a-d8e5ca2fd563	https://symbiota.ccber.ucsb.edu/kummel/2025/8943488926.jpg	no	no	404	HEAD	text/html; charset=utf-8	162	https://symbiota.ccber.ucsb.edu/kummel/2025/8943488926.jpg	43	HTTPError: Not Found
9267	8a57ec25-e0b4-4636-abe0-606992e452dd	https://symbiota.ccber.ucsb.edu/kummel/2025/8952990747.jpg	no	no	404	HEAD	text/html; charset=utf-8	162	https://symbiota.ccber.ucsb.edu/kummel/2025/8952990747.jpg	19	HTTPError: Not Found
9268	872602b2-5f68-48b7-9812-e46894e49fd8	https://symbiota.ccber.ucsb.edu/kummel/2025/8953290143.jpg	no	no	404	HEAD	text/html; charset=utf-8	162	https://symbiota.ccber.ucsb.edu/kummel/2025/8953290143.jpg	27	HTTPError: Not Found
9269	e17a49c2-9c66-4ddb-b65e-ed120f7cd4a0	https://symbiota.ccber.ucsb.edu/kummel/2025/8954043878.jpg	no	no	404	HEAD	text/html; charset=utf-8	162	https://symbiota.ccber.ucsb.edu/kummel/2025/8954043878.jpg	19	HTTPError: Not Found
9270	810d5f1e-6c9f-43d7-90fc-c7c09fc2bd92	https://symbiota.ccber.ucsb.edu/kummel/2025/8954327918.jpg	no	no	404	HEAD	text/html; charset=utf-8	162	https://symbiota.ccber.ucsb.edu/kummel/2025/8954327918.jpg	51	HTTPError: Not Found
9271	b6d22ea5-734a-47a3-b6da-aea12871dfb0	https://symbiota.ccber.ucsb.edu/kummel/2025/8954379068.jpg	no	no	404	HEAD	text/html; charset=utf-8	162	https://symbiota.ccber.ucsb.edu/kummel/2025/8954379068.jpg	41	HTTPError: Not Found
9272	d59ad796-3e39-4565-9cb1-fbd67947ec4c	https://symbiota.ccber.ucsb.edu/kummel/2025/8954601258.jpg	no	no	404	HEAD	text/html; charset=utf-8	162	https://symbiota.ccber.ucsb.edu/kummel/2025/8954601258.jpg	44	HTTPError: Not Found
9273	3c4391cf-740d-49c5-bd30-13dc168a56ac	https://symbiota.ccber.ucsb.edu/kummel/2025/8954650702.jpg	no	no	404	HEAD	text/html; charset=utf-8	162	https://symbiota.ccber.ucsb.edu/kummel/2025/8954650702.jpg	80	HTTPError: Not Found
9274	3d3a2ea0-df44-441a-8cca-f87520c1c547	https://symbiota.ccber.ucsb.edu/kummel/2025/8954786638.jpg	no	no	404	HEAD	text/html; charset=utf-8	162	https://symbiota.ccber.ucsb.edu/kummel/2025/8954786638.jpg	52	HTTPError: Not Found
9275	abb5de54-aa42-4d1e-8ef3-a1b24161f6b7	https://symbiota.ccber.ucsb.edu/kummel/2025/8963663761.jpg	no	no	404	HEAD	text/html; charset=utf-8	162	https://symbiota.ccber.ucsb.edu/kummel/2025/8963663761.jpg	18	HTTPError: Not Found
9276	407170d1-21de-4c9b-830e-44bd350ec873	https://symbiota.ccber.ucsb.edu/kummel/2025/8963957953.jpg	no	no	404	HEAD	text/html; charset=utf-8	162	https://symbiota.ccber.ucsb.edu/kummel/2025/8963957953.jpg	19	HTTPError: Not Found
9277	b4175ce9-429e-411f-9377-1043b2da5670	https://symbiota.ccber.ucsb.edu/kummel/2025/8964160969.jpg	no	no	404	HEAD	text/html; charset=utf-8	162	https://symbiota.ccber.ucsb.edu/kummel/2025/8964160969.jpg	23	HTTPError: Not Found
9278	2b46b187-6d8d-4762-80ff-abb6be89ad76	https://symbiota.ccber.ucsb.edu/kummel/2025/8964983262.jpg	no	no	404	HEAD	text/html; charset=utf-8	162	https://symbiota.ccber.ucsb.edu/kummel/2025/8964983262.jpg	22	HTTPError: Not Found
9279	3d7290d3-d31b-4ece-a14a-218a1b7e592b	https://symbiota.ccber.ucsb.edu/kummel/2025/8965077368.jpg	no	no	404	HEAD	text/html; charset=utf-8	162	https://symbiota.ccber.ucsb.edu/kummel/2025/8965077368.jpg	40	HTTPError: Not Found
9280	0e7b144a-f36a-4e63-a4ad-65faad769a6f	https://symbiota.ccber.ucsb.edu/kummel/2025/8965490898.jpg	no	no	404	HEAD	text/html; charset=utf-8	162	https://symbiota.ccber.ucsb.edu/kummel/2025/8965490898.jpg	41	HTTPError: Not Found
9281	721af5b8-f58d-41d0-b909-de5e882efce8	https://symbiota.ccber.ucsb.edu/kummel/2025/8965559044.jpg	no	no	404	HEAD	text/html; charset=utf-8	162	https://symbiota.ccber.ucsb.edu/kummel/2025/8965559044.jpg	39	HTTPError: Not Found
9282	47a3dbbc-06a5-4a18-8ed0-d95fc722d802	https://symbiota.ccber.ucsb.edu/kummel/2025/8965665570.jpg	no	no	404	HEAD	text/html; charset=utf-8	162	https://symbiota.ccber.ucsb.edu/kummel/2025/8965665570.jpg	53	HTTPError: Not Found
9283	71b3df82-2dee-4344-ba23-ad362911dd69	https://symbiota.ccber.ucsb.edu/kummel/2025/8972783183.jpg	no	no	404	HEAD	text/html; charset=utf-8	162	https://symbiota.ccber.ucsb.edu/kummel/2025/8972783183.jpg	36	HTTPError: Not Found
9284	2010e9fd-01cf-437c-b3bc-38e02f410258	https://symbiota.ccber.ucsb.edu/kummel/2025/8972839499.jpg	no	no	404	HEAD	text/html; charset=utf-8	162	https://symbiota.ccber.ucsb.edu/kummel/2025/8972839499.jpg	28	HTTPError: Not Found
9285	c864527e-e1dd-4323-be8b-b6fd7bdba060	https://symbiota.ccber.ucsb.edu/kummel/2025/8973076601.jpg	no	no	404	HEAD	text/html; charset=utf-8	162	https://symbiota.ccber.ucsb.edu/kummel/2025/8973076601.jpg	31	HTTPError: Not Found
9286	15581d02-210a-4d5e-943b-9f2deb36d53d	https://symbiota.ccber.ucsb.edu/kummel/2025/8973304687.jpg	no	no	404	HEAD	text/html; charset=utf-8	162	https://symbiota.ccber.ucsb.edu/kummel/2025/8973304687.jpg	26	HTTPError: Not Found
9287	933572c4-c07c-4236-8ec1-8d0402428610	https://symbiota.ccber.ucsb.edu/kummel/2025/8973934052.jpg	no	no	404	HEAD	text/html; charset=utf-8	162	https://symbiota.ccber.ucsb.edu/kummel/2025/8973934052.jpg	26	HTTPError: Not Found
9288	ed67fc59-c107-4620-848e-ddf76fbdb6e6	https://symbiota.ccber.ucsb.edu/kummel/2025/8974201236.jpg	no	no	404	HEAD	text/html; charset=utf-8	162	https://symbiota.ccber.ucsb.edu/kummel/2025/8974201236.jpg	47	HTTPError: Not Found
9289	39662b01-b4d0-4b93-aac2-e4f267b3ba1d	https://symbiota.ccber.ucsb.edu/kummel/2025/8974433008.jpg	no	no	404	HEAD	text/html; charset=utf-8	162	https://symbiota.ccber.ucsb.edu/kummel/2025/8974433008.jpg	58	HTTPError: Not Found
9290	0fa1788f-0948-4e31-89cf-b78b4544eb80	https://symbiota.ccber.ucsb.edu/kummel/2025/8974583916.jpg	no	no	404	HEAD	text/html; charset=utf-8	162	https://symbiota.ccber.ucsb.edu/kummel/2025/8974583916.jpg	49	HTTPError: Not Found
9291	bf8426d6-7fec-495d-a61e-4af74706ff4b	https://symbiota.ccber.ucsb.edu/kummel/2025/8981540977.jpg	no	no	404	HEAD	text/html; charset=utf-8	162	https://symbiota.ccber.ucsb.edu/kummel/2025/8981540977.jpg	65	HTTPError: Not Found
9292	49646daf-432c-4b5f-ba94-42928746c11f	https://symbiota.ccber.ucsb.edu/kummel/2025/8981600627.jpg	no	no	404	HEAD	text/html; charset=utf-8	162	https://symbiota.ccber.ucsb.edu/kummel/2025/8981600627.jpg	138	HTTPError: Not Found
9293	5f717220-6dd6-406f-aa6b-0ee272ee4daf	https://symbiota.ccber.ucsb.edu/kummel/2025/8981726037.jpg	no	no	404	HEAD	text/html; charset=utf-8	162	https://symbiota.ccber.ucsb.edu/kummel/2025/8981726037.jpg	138	HTTPError: Not Found
9294	cb6a4ae9-3ba8-42b6-99c8-3a15dfe04f1e	https://symbiota.ccber.ucsb.edu/kummel/2025/8981933923.jpg	no	no	404	HEAD	text/html; charset=utf-8	162	https://symbiota.ccber.ucsb.edu/kummel/2025/8981933923.jpg	25	HTTPError: Not Found
9295	9ae41b76-6dc9-46d3-bdaf-6e72c3f50d18	https://symbiota.ccber.ucsb.edu/kummel/2025/8982206133.jpg	no	no	404	HEAD	text/html; charset=utf-8	162	https://symbiota.ccber.ucsb.edu/kummel/2025/8982206133.jpg	39	HTTPError: Not Found
9296	e493163b-2543-41dc-a0db-28cf74c1a0cf	https://symbiota.ccber.ucsb.edu/kummel/2025/8983013408.jpg	no	no	404	HEAD	text/html; charset=utf-8	162	https://symbiota.ccber.ucsb.edu/kummel/2025/8983013408.jpg	39	HTTPError: Not Found
9297	d50824e3-d78d-4628-91e4-127eef30df76	https://symbiota.ccber.ucsb.edu/kummel/2025/8983054588.jpg	no	no	404	HEAD	text/html; charset=utf-8	162	https://symbiota.ccber.ucsb.edu/kummel/2025/8983054588.jpg	54	HTTPError: Not Found
9298	7d7dde77-dc79-461e-a02e-fac2789a70ae	https://symbiota.ccber.ucsb.edu/kummel/2025/8983243632.jpg	no	no	404	HEAD	text/html; charset=utf-8	162	https://symbiota.ccber.ucsb.edu/kummel/2025/8983243632.jpg	54	HTTPError: Not Found
9299	85b0f6c2-60bc-451f-888d-7a92aaa4c6f4	https://symbiota.ccber.ucsb.edu/kummel/2025/8990193523.jpg	no	no	404	HEAD	text/html; charset=utf-8	162	https://symbiota.ccber.ucsb.edu/kummel/2025/8990193523.jpg	32	HTTPError: Not Found
9300	e9d0eab9-b510-46fa-89f6-3e0991ca1218	https://symbiota.ccber.ucsb.edu/kummel/2025/8990831957.jpg	no	no	404	HEAD	text/html; charset=utf-8	162	https://symbiota.ccber.ucsb.edu/kummel/2025/8990831957.jpg	21	HTTPError: Not Found
9301	c9fbbb5f-0894-4e07-8751-209c541aae0d	https://symbiota.ccber.ucsb.edu/kummel/2025/8991268871.jpg	no	no	404	HEAD	text/html; charset=utf-8	162	https://symbiota.ccber.ucsb.edu/kummel/2025/8991268871.jpg	23	HTTPError: Not Found
9302	9792178f-718a-4d43-aef2-ec36186f2de9	https://symbiota.ccber.ucsb.edu/kummel/2025/8991497212.jpg	no	no	404	HEAD	text/html; charset=utf-8	162	https://symbiota.ccber.ucsb.edu/kummel/2025/8991497212.jpg	23	HTTPError: Not Found
9303	3cc90a8a-1c23-47b2-9694-a46162240a26	https://symbiota.ccber.ucsb.edu/kummel/2025/8991590878.jpg	no	no	404	HEAD	text/html; charset=utf-8	162	https://symbiota.ccber.ucsb.edu/kummel/2025/8991590878.jpg	35	HTTPError: Not Found
9304	6bfa3a0f-2219-4bde-abb9-e8e621ab3f10	https://symbiota.ccber.ucsb.edu/kummel/2025/8991707068.jpg	no	no	404	HEAD	text/html; charset=utf-8	162	https://symbiota.ccber.ucsb.edu/kummel/2025/8991707068.jpg	30	HTTPError: Not Found
9305	04a85012-110e-4ca0-9432-9a543508e695	https://symbiota.ccber.ucsb.edu/kummel/2025/8992198958.jpg	no	no	404	HEAD	text/html; charset=utf-8	162	https://symbiota.ccber.ucsb.edu/kummel/2025/8992198958.jpg	21	HTTPError: Not Found
9306	9d212867-426b-4fa3-8407-45d3c09b8e94	https://symbiota.ccber.ucsb.edu/kummel/2025/8992307000.jpg	no	no	404	HEAD	text/html; charset=utf-8	162	https://symbiota.ccber.ucsb.edu/kummel/2025/8992307000.jpg	65	HTTPError: Not Found
9307	fb2db58a-c68e-4e08-8554-908834c920af	https://symbiota.ccber.ucsb.edu/kummel/2025/9000960175.jpg	no	no	404	HEAD	text/html; charset=utf-8	162	https://symbiota.ccber.ucsb.edu/kummel/2025/9000960175.jpg	54	HTTPError: Not Found
9308	5b01f7f3-70ab-4231-b3ea-0be0dac8825d	https://symbiota.ccber.ucsb.edu/kummel/2025/9001441581.jpg	no	no	404	HEAD	text/html; charset=utf-8	162	https://symbiota.ccber.ucsb.edu/kummel/2025/9001441581.jpg	27	HTTPError: Not Found
9309	33ae8a88-65a3-496d-8325-25f7cdc6c985	https://symbiota.ccber.ucsb.edu/kummel/2025/9001912434.jpg	no	no	404	HEAD	text/html; charset=utf-8	162	https://symbiota.ccber.ucsb.edu/kummel/2025/9001912434.jpg	28	HTTPError: Not Found
9310	e97b0b1d-64e7-4c3b-84a6-3aaae4bc564f	https://symbiota.ccber.ucsb.edu/kummel/2025/9002038172.jpg	no	no	404	HEAD	text/html; charset=utf-8	162	https://symbiota.ccber.ucsb.edu/kummel/2025/9002038172.jpg	28	HTTPError: Not Found
9311	28e6f4ee-858c-4069-ae57-1707fda14805	https://symbiota.ccber.ucsb.edu/kummel/2025/9002387764.jpg	no	no	404	HEAD	text/html; charset=utf-8	162	https://symbiota.ccber.ucsb.edu/kummel/2025/9002387764.jpg	19	HTTPError: Not Found
9312	fe8f82a3-47ba-4cfb-bc15-c602ce3b0dc5	https://symbiota.ccber.ucsb.edu/kummel/2025/9002521482.jpg	no	no	404	HEAD	text/html; charset=utf-8	162	https://symbiota.ccber.ucsb.edu/kummel/2025/9002521482.jpg	17	HTTPError: Not Found
9400	9ae2eb10-57dc-473b-9bc6-31425a688430	https://symbiota.ccber.ucsb.edu/kummel/2025/9171867450.jpg	no	no	404	HEAD	text/html; charset=utf-8	162	https://symbiota.ccber.ucsb.edu/kummel/2025/9171867450.jpg	16	HTTPError: Not Found
9401	496f5dba-d833-4578-9b4f-867482439927	https://symbiota.ccber.ucsb.edu/kummel/2025/9177522665.jpg	no	no	404	HEAD	text/html; charset=utf-8	162	https://symbiota.ccber.ucsb.edu/kummel/2025/9177522665.jpg	23	HTTPError: Not Found
9402	89b30a5a-5d59-4aa1-aec3-eaaabfb0f743	https://symbiota.ccber.ucsb.edu/kummel/2025/9177751151.jpg	no	no	404	HEAD	text/html; charset=utf-8	162	https://symbiota.ccber.ucsb.edu/kummel/2025/9177751151.jpg	23	HTTPError: Not Found
9403	b8542f43-9f47-4358-be9b-7ceb7fcb80ce	https://symbiota.ccber.ucsb.edu/kummel/2025/9177877151.jpg	no	no	404	HEAD	text/html; charset=utf-8	162	https://symbiota.ccber.ucsb.edu/kummel/2025/9177877151.jpg	48	HTTPError: Not Found
9404	09f129ea-798b-48dc-abdc-dff1b0c57c51	https://symbiota.ccber.ucsb.edu/kummel/2025/9177936313.jpg	no	no	404	HEAD	text/html; charset=utf-8	162	https://symbiota.ccber.ucsb.edu/kummel/2025/9177936313.jpg	44	HTTPError: Not Found
9405	20d3766f-848c-43d3-8702-4d5677214a02	https://symbiota.ccber.ucsb.edu/kummel/2025/9178007297.jpg	no	no	404	HEAD	text/html; charset=utf-8	162	https://symbiota.ccber.ucsb.edu/kummel/2025/9178007297.jpg	29	HTTPError: Not Found
9406	d790e27e-665b-472d-a0cb-7bae40463910	https://symbiota.ccber.ucsb.edu/kummel/2025/9179795662.jpg	no	no	404	HEAD	text/html; charset=utf-8	162	https://symbiota.ccber.ucsb.edu/kummel/2025/9179795662.jpg	47	HTTPError: Not Found
9407	f1980e7c-00ea-4ed6-997c-e47ca6effa38	https://symbiota.ccber.ucsb.edu/kummel/2025/9179890530.jpg	no	no	404	HEAD	text/html; charset=utf-8	162	https://symbiota.ccber.ucsb.edu/kummel/2025/9179890530.jpg	22	HTTPError: Not Found
9408	51290771-abe3-4186-afce-b44f7497b085	https://symbiota.ccber.ucsb.edu/kummel/2025/9180173342.jpg	no	no	404	HEAD	text/html; charset=utf-8	162	https://symbiota.ccber.ucsb.edu/kummel/2025/9180173342.jpg	21	HTTPError: Not Found
9409	8c673f77-08bc-4291-9061-b19074f2cee8	https://symbiota.ccber.ucsb.edu/kummel/2025/9186474905.jpg	no	no	404	HEAD	text/html; charset=utf-8	162	https://symbiota.ccber.ucsb.edu/kummel/2025/9186474905.jpg	19	HTTPError: Not Found
9410	36637f7e-2bdd-4399-be0f-a9b8e1c7c29d	https://symbiota.ccber.ucsb.edu/kummel/2025/9186536009.jpg	no	no	404	HEAD	text/html; charset=utf-8	162	https://symbiota.ccber.ucsb.edu/kummel/2025/9186536009.jpg	69	HTTPError: Not Found
9411	f1473340-c780-4136-8a3c-b139dd6bb95a	https://symbiota.ccber.ucsb.edu/kummel/2025/9186566911.jpg	no	no	404	HEAD	text/html; charset=utf-8	162	https://symbiota.ccber.ucsb.edu/kummel/2025/9186566911.jpg	69	HTTPError: Not Found
9412	88a0b51f-0269-4846-bb56-9c482478701c	https://symbiota.ccber.ucsb.edu/kummel/2025/9187096001.jpg	no	no	404	HEAD	text/html; charset=utf-8	162	https://symbiota.ccber.ucsb.edu/kummel/2025/9187096001.jpg	41	HTTPError: Not Found
9413	db7c7d0c-fdb7-4ac3-8d96-aa460f3f6cb9	https://symbiota.ccber.ucsb.edu/kummel/2025/9187391115.jpg	no	no	404	HEAD	text/html; charset=utf-8	162	https://symbiota.ccber.ucsb.edu/kummel/2025/9187391115.jpg	40	HTTPError: Not Found
9414	ce5868c1-3b32-4cbe-9c82-5133b30981d9	https://symbiota.ccber.ucsb.edu/kummel/2025/9189529310.jpg	no	no	404	HEAD	text/html; charset=utf-8	162	https://symbiota.ccber.ucsb.edu/kummel/2025/9189529310.jpg	41	HTTPError: Not Found
9415	722d7617-518a-46b7-bc60-402010e9bf93	https://symbiota.ccber.ucsb.edu/kummel/2025/9189767612.jpg	no	no	404	HEAD	text/html; charset=utf-8	162	https://symbiota.ccber.ucsb.edu/kummel/2025/9189767612.jpg	40	HTTPError: Not Found
9416	49102170-5912-4efe-9d10-baa1dc060acd	https://symbiota.ccber.ucsb.edu/kummel/2025/9189824468.jpg	no	no	404	HEAD	text/html; charset=utf-8	162	https://symbiota.ccber.ucsb.edu/kummel/2025/9189824468.jpg	30	HTTPError: Not Found
9417	08ecd458-e036-4809-ac8f-0a2704595ea0	https://symbiota.ccber.ucsb.edu/kummel/2025/9202386817.jpg	no	no	404	HEAD	text/html; charset=utf-8	162	https://symbiota.ccber.ucsb.edu/kummel/2025/9202386817.jpg	30	HTTPError: Not Found
9418	e8d472ad-1a78-4a23-a64f-aa29f11f7cf9	https://symbiota.ccber.ucsb.edu/kummel/2025/9202431627.jpg	no	no	404	HEAD	text/html; charset=utf-8	162	https://symbiota.ccber.ucsb.edu/kummel/2025/9202431627.jpg	52	HTTPError: Not Found
9419	1e853db6-10f5-4373-81f3-e6032e59da89	https://symbiota.ccber.ucsb.edu/kummel/2025/9202537221.jpg	no	no	404	HEAD	text/html; charset=utf-8	162	https://symbiota.ccber.ucsb.edu/kummel/2025/9202537221.jpg	30	HTTPError: Not Found
9420	84975390-ae65-4ec3-b27a-b47a4be2ab3e	https://symbiota.ccber.ucsb.edu/kummel/2025/9202611915.jpg	no	no	404	HEAD	text/html; charset=utf-8	162	https://symbiota.ccber.ucsb.edu/kummel/2025/9202611915.jpg	28	HTTPError: Not Found
9421	9680d52a-56fb-4f2c-96d2-830cfe273eee	https://symbiota.ccber.ucsb.edu/kummel/2025/9202810817.jpg	no	no	404	HEAD	text/html; charset=utf-8	162	https://symbiota.ccber.ucsb.edu/kummel/2025/9202810817.jpg	63	HTTPError: Not Found
9422	7badd906-dfa2-4436-942b-ca0ad4c42d1c	https://symbiota.ccber.ucsb.edu/kummel/2025/9205261446.jpg	no	no	404	HEAD	text/html; charset=utf-8	162	https://symbiota.ccber.ucsb.edu/kummel/2025/9205261446.jpg	69	HTTPError: Not Found
9423	d0ec00b0-0865-453d-8e0d-730369a0caa4	https://symbiota.ccber.ucsb.edu/kummel/2025/9205469280.jpg	no	no	404	HEAD	text/html; charset=utf-8	162	https://symbiota.ccber.ucsb.edu/kummel/2025/9205469280.jpg	40	HTTPError: Not Found
9424	934377ac-c7b7-445d-90d5-6f1b7cb6eb2a	https://symbiota.ccber.ucsb.edu/kummel/2025/9205542726.jpg	no	no	404	HEAD	text/html; charset=utf-8	162	https://symbiota.ccber.ucsb.edu/kummel/2025/9205542726.jpg	28	HTTPError: Not Found
9425	af9dec97-4c81-40c5-9c36-503535efd59f	https://symbiota.ccber.ucsb.edu/kummel/2025/9210047881.jpg	no	no	404	HEAD	text/html; charset=utf-8	162	https://symbiota.ccber.ucsb.edu/kummel/2025/9210047881.jpg	32	HTTPError: Not Found
9426	8f99d4dc-a0af-4938-9490-ebd16ac5d401	https://symbiota.ccber.ucsb.edu/kummel/2025/9210143039.jpg	no	no	404	HEAD	text/html; charset=utf-8	162	https://symbiota.ccber.ucsb.edu/kummel/2025/9210143039.jpg	30	HTTPError: Not Found
9427	7200365a-931b-4476-89a0-20094f48e034	https://symbiota.ccber.ucsb.edu/kummel/2025/9210237793.jpg	no	no	404	HEAD	text/html; charset=utf-8	162	https://symbiota.ccber.ucsb.edu/kummel/2025/9210237793.jpg	22	HTTPError: Not Found
9428	e15d96d0-4be5-43be-832f-eaf8aa9b316d	https://symbiota.ccber.ucsb.edu/kummel/2025/9210271235.jpg	no	no	404	HEAD	text/html; charset=utf-8	162	https://symbiota.ccber.ucsb.edu/kummel/2025/9210271235.jpg	46	HTTPError: Not Found
9429	27735d4e-8160-4a17-abbe-eb3091c96599	https://symbiota.ccber.ucsb.edu/kummel/2025/9210381875.jpg	no	no	404	HEAD	text/html; charset=utf-8	162	https://symbiota.ccber.ucsb.edu/kummel/2025/9210381875.jpg	54	HTTPError: Not Found
9430	9729b001-ca47-4ce7-85ff-ef55aa3f2e25	https://symbiota.ccber.ucsb.edu/kummel/2025/9210549309.jpg	no	no	404	HEAD	text/html; charset=utf-8	162	https://symbiota.ccber.ucsb.edu/kummel/2025/9210549309.jpg	53	HTTPError: Not Found
9431	bd9f69ad-efd5-4fd4-9aac-9aeca9b6e8da	https://symbiota.ccber.ucsb.edu/kummel/2025/9212880348.jpg	no	no	404	HEAD	text/html; charset=utf-8	162	https://symbiota.ccber.ucsb.edu/kummel/2025/9212880348.jpg	46	HTTPError: Not Found
9432	bee380b1-0212-4fa9-ab75-fca94b82de2a	https://symbiota.ccber.ucsb.edu/kummel/2025/9213074310.jpg	no	no	404	HEAD	text/html; charset=utf-8	162	https://symbiota.ccber.ucsb.edu/kummel/2025/9213074310.jpg	33	HTTPError: Not Found
9433	ca7ac3f2-0143-4bbe-bf90-705c4d658807	https://symbiota.ccber.ucsb.edu/kummel/2025/9213262102.jpg	no	no	404	HEAD	text/html; charset=utf-8	162	https://symbiota.ccber.ucsb.edu/kummel/2025/9213262102.jpg	32	HTTPError: Not Found
9434	ba8568da-1c4c-4732-95f7-5b86e3522e61	https://symbiota.ccber.ucsb.edu/kummel/2025/9217214967.jpg	no	no	404	HEAD	text/html; charset=utf-8	162	https://symbiota.ccber.ucsb.edu/kummel/2025/9217214967.jpg	27	HTTPError: Not Found
9435	ac61d9ea-8fb4-493a-9323-85768ffbc21e	https://symbiota.ccber.ucsb.edu/kummel/2025/9219884930.jpg	no	no	404	HEAD	text/html; charset=utf-8	162	https://symbiota.ccber.ucsb.edu/kummel/2025/9219884930.jpg	27	HTTPError: Not Found
9436	e30fa000-ec36-4191-ae8b-af9ba26894f3	https://symbiota.ccber.ucsb.edu/kummel/2025/9219917142.jpg	no	no	404	HEAD	text/html; charset=utf-8	162	https://symbiota.ccber.ucsb.edu/kummel/2025/9219917142.jpg	27	HTTPError: Not Found
9437	af4bd838-43f6-4971-8a22-7119f48618f4	https://symbiota.ccber.ucsb.edu/kummel/2025/9220013830.jpg	no	no	404	HEAD	text/html; charset=utf-8	162	https://symbiota.ccber.ucsb.edu/kummel/2025/9220013830.jpg	29	HTTPError: Not Found
9438	443acab8-60bf-4cd0-aad4-63302c29ea37	https://symbiota.ccber.ucsb.edu/kummel/2025/9220077324.jpg	no	no	404	HEAD	text/html; charset=utf-8	162	https://symbiota.ccber.ucsb.edu/kummel/2025/9220077324.jpg	21	HTTPError: Not Found
9439	3d38c7b1-d2da-49b2-aa6c-7a3fb174c872	https://symbiota.ccber.ucsb.edu/kummel/2025/9224744283.jpg	no	no	404	HEAD	text/html; charset=utf-8	162	https://symbiota.ccber.ucsb.edu/kummel/2025/9224744283.jpg	44	HTTPError: Not Found
9440	c58a3f39-0dc3-47d4-9a9d-1f848807240f	https://symbiota.ccber.ucsb.edu/kummel/2025/9224803029.jpg	no	no	404	HEAD	text/html; charset=utf-8	162	https://symbiota.ccber.ucsb.edu/kummel/2025/9224803029.jpg	28	HTTPError: Not Found
9441	ed2d0868-0f02-4806-a513-276335c504b2	https://symbiota.ccber.ucsb.edu/kummel/2025/9227372056.jpg	no	no	404	HEAD	text/html; charset=utf-8	162	https://symbiota.ccber.ucsb.edu/kummel/2025/9227372056.jpg	25	HTTPError: Not Found
9442	1e623fc1-d5bf-4194-a1dc-7ba5daeef8e6	https://symbiota.ccber.ucsb.edu/kummel/2025/9227483822.jpg	no	no	404	HEAD	text/html; charset=utf-8	162	https://symbiota.ccber.ucsb.edu/kummel/2025/9227483822.jpg	23	HTTPError: Not Found
9443	d7fcd305-a377-4e54-b479-24174dba63e3	https://symbiota.ccber.ucsb.edu/kummel/2025/9227620350.jpg	no	no	404	HEAD	text/html; charset=utf-8	162	https://symbiota.ccber.ucsb.edu/kummel/2025/9227620350.jpg	23	HTTPError: Not Found
9444	e0c4705f-89fe-426c-b628-98612e30253f	https://symbiota.ccber.ucsb.edu/kummel/2025/9227737642.jpg	no	no	404	HEAD	text/html; charset=utf-8	162	https://symbiota.ccber.ucsb.edu/kummel/2025/9227737642.jpg	33	HTTPError: Not Found
9445	8778540a-8efd-44e6-bcf8-d3f6ecf7990a	https://symbiota.ccber.ucsb.edu/kummel/2025/9227791206.jpg	no	no	404	HEAD	text/html; charset=utf-8	162	https://symbiota.ccber.ucsb.edu/kummel/2025/9227791206.jpg	28	HTTPError: Not Found
9446	09ef1cfa-6e45-4171-9245-a75ea664e972	https://symbiota.ccber.ucsb.edu/kummel/2025/9227879900.jpg	no	no	404	HEAD	text/html; charset=utf-8	162	https://symbiota.ccber.ucsb.edu/kummel/2025/9227879900.jpg	31	HTTPError: Not Found
9447	4a30e3b0-4bf0-4b93-8e38-7bcbf44986cd	https://symbiota.ccber.ucsb.edu/kummel/2025/9233214167.jpg	no	no	404	HEAD	text/html; charset=utf-8	162	https://symbiota.ccber.ucsb.edu/kummel/2025/9233214167.jpg	19	HTTPError: Not Found
9448	07a29927-46e5-4e7c-a7c8-37a03f837f0e	https://symbiota.ccber.ucsb.edu/kummel/2025/9233385275.jpg	no	no	404	HEAD	text/html; charset=utf-8	162	https://symbiota.ccber.ucsb.edu/kummel/2025/9233385275.jpg	35	HTTPError: Not Found
9449	9d11ac81-6e43-4cee-9095-9b9c10756bfe	https://symbiota.ccber.ucsb.edu/kummel/2025/9233489319.jpg	no	no	404	HEAD	text/html; charset=utf-8	162	https://symbiota.ccber.ucsb.edu/kummel/2025/9233489319.jpg	34	HTTPError: Not Found
9450	589e1b91-e6f2-48bc-852d-696c72bfedc3	https://symbiota.ccber.ucsb.edu/kummel/2025/9233531639.jpg	no	no	404	HEAD	text/html; charset=utf-8	162	https://symbiota.ccber.ucsb.edu/kummel/2025/9233531639.jpg	25	HTTPError: Not Found
9451	cf0eacdc-645a-47dc-a00b-5df976725f26	https://symbiota.ccber.ucsb.edu/kummel/2025/9233613299.jpg	no	no	404	HEAD	text/html; charset=utf-8	162	https://symbiota.ccber.ucsb.edu/kummel/2025/9233613299.jpg	25	HTTPError: Not Found
9452	15a6dc95-7a7b-49f9-af46-66a90282b61a	https://symbiota.ccber.ucsb.edu/kummel/2025/9233892585.jpg	no	no	404	HEAD	text/html; charset=utf-8	162	https://symbiota.ccber.ucsb.edu/kummel/2025/9233892585.jpg	23	HTTPError: Not Found
9453	95494678-9d00-4e05-acce-9fa398e35293	https://symbiota.ccber.ucsb.edu/kummel/2025/9236123642.jpg	no	no	404	HEAD	text/html; charset=utf-8	162	https://symbiota.ccber.ucsb.edu/kummel/2025/9236123642.jpg	42	HTTPError: Not Found
9454	7cdacb30-fa5b-4bf1-a3cb-c9fe170eb489	https://symbiota.ccber.ucsb.edu/kummel/2025/9236513896.jpg	no	no	404	HEAD	text/html; charset=utf-8	162	https://symbiota.ccber.ucsb.edu/kummel/2025/9236513896.jpg	47	HTTPError: Not Found
9455	4d046e99-8a16-4c3c-bc6b-b516c9b57cb6	https://symbiota.ccber.ucsb.edu/kummel/2025/9241907869.jpg	no	no	404	HEAD	text/html; charset=utf-8	162	https://symbiota.ccber.ucsb.edu/kummel/2025/9241907869.jpg	25	HTTPError: Not Found
9456	9fe5ed42-a475-4a0c-a742-49b79ffae91c	https://symbiota.ccber.ucsb.edu/kummel/2025/9241952301.jpg	no	no	404	HEAD	text/html; charset=utf-8	162	https://symbiota.ccber.ucsb.edu/kummel/2025/9241952301.jpg	42	HTTPError: Not Found
9457	071213af-4f82-4ca1-bdb2-2785467caafd	https://symbiota.ccber.ucsb.edu/kummel/2025/9242250289.jpg	no	no	404	HEAD	text/html; charset=utf-8	162	https://symbiota.ccber.ucsb.edu/kummel/2025/9242250289.jpg	38	HTTPError: Not Found
9458	7373c188-3151-4a5a-852a-971f23a7520b	https://symbiota.ccber.ucsb.edu/kummel/2025/9242430681.jpg	no	no	404	HEAD	text/html; charset=utf-8	162	https://symbiota.ccber.ucsb.edu/kummel/2025/9242430681.jpg	31	HTTPError: Not Found
9459	577a0a08-b21f-4370-aca4-e1f9dfe40c2b	https://symbiota.ccber.ucsb.edu/kummel/2025/9244901042.jpg	no	no	404	HEAD	text/html; charset=utf-8	162	https://symbiota.ccber.ucsb.edu/kummel/2025/9244901042.jpg	31	HTTPError: Not Found
9460	d934d30b-e0c9-4396-b606-cd9544c9f57a	https://symbiota.ccber.ucsb.edu/kummel/2025/9244984704.jpg	no	no	404	HEAD	text/html; charset=utf-8	162	https://symbiota.ccber.ucsb.edu/kummel/2025/9244984704.jpg	28	HTTPError: Not Found
9461	3bfe771d-38b6-48e6-b892-983f721f814e	https://symbiota.ccber.ucsb.edu/kummel/2025/9245082154.jpg	no	no	404	HEAD	text/html; charset=utf-8	162	https://symbiota.ccber.ucsb.edu/kummel/2025/9245082154.jpg	31	HTTPError: Not Found
9462	fb653c17-5ac1-4dfe-9714-5e2ba33f819c	https://symbiota.ccber.ucsb.edu/kummel/2025/9245357478.jpg	no	no	404	HEAD	text/html; charset=utf-8	162	https://symbiota.ccber.ucsb.edu/kummel/2025/9245357478.jpg	27	HTTPError: Not Found
9463	4a3be37b-d6b5-4de7-ad92-197d7c3dc659	https://symbiota.ccber.ucsb.edu/kummel/2025/9249780325.jpg	no	no	404	HEAD	text/html; charset=utf-8	162	https://symbiota.ccber.ucsb.edu/kummel/2025/9249780325.jpg	34	HTTPError: Not Found
9464	69591e30-2179-4115-842d-c19476a4dff3	https://symbiota.ccber.ucsb.edu/kummel/2025/9249844893.jpg	no	no	404	HEAD	text/html; charset=utf-8	162	https://symbiota.ccber.ucsb.edu/kummel/2025/9249844893.jpg	23	HTTPError: Not Found
9465	6e3b20e6-5afc-4845-8c8c-870f3c6c9f51	https://symbiota.ccber.ucsb.edu/kummel/2025/9250126843.jpg	no	no	404	HEAD	text/html; charset=utf-8	162	https://symbiota.ccber.ucsb.edu/kummel/2025/9250126843.jpg	25	HTTPError: Not Found
9466	3055744b-8f8c-4ede-a1cf-435af5eafe85	https://symbiota.ccber.ucsb.edu/kummel/2025/9252444954.jpg	no	no	404	HEAD	text/html; charset=utf-8	162	https://symbiota.ccber.ucsb.edu/kummel/2025/9252444954.jpg	27	HTTPError: Not Found
9467	1c716813-3706-44f7-8294-9a8ee9cf94f1	https://symbiota.ccber.ucsb.edu/kummel/2025/9252475138.jpg	no	no	404	HEAD	text/html; charset=utf-8	162	https://symbiota.ccber.ucsb.edu/kummel/2025/9252475138.jpg	28	HTTPError: Not Found
9468	5a1001de-64a8-430a-8644-e4dd07c7efe9	https://symbiota.ccber.ucsb.edu/kummel/2025/9252594814.jpg	no	no	404	HEAD	text/html; charset=utf-8	162	https://symbiota.ccber.ucsb.edu/kummel/2025/9252594814.jpg	26	HTTPError: Not Found
9469	d8d3babb-d4c4-4f52-a844-25dd8cb26c16	https://symbiota.ccber.ucsb.edu/kummel/2025/9252862568.jpg	no	no	404	HEAD	text/html; charset=utf-8	162	https://symbiota.ccber.ucsb.edu/kummel/2025/9252862568.jpg	27	HTTPError: Not Found
9470	91ab132b-1920-41ea-9745-4b0a3b34cde0	https://symbiota.ccber.ucsb.edu/kummel/2025/9253036022.jpg	no	no	404	HEAD	text/html; charset=utf-8	162	https://symbiota.ccber.ucsb.edu/kummel/2025/9253036022.jpg	27	HTTPError: Not Found
9471	3418fcd4-6a88-44cf-9a40-d9e1ab126a8e	https://symbiota.ccber.ucsb.edu/kummel/2025/9256987163.jpg	no	no	404	HEAD	text/html; charset=utf-8	162	https://symbiota.ccber.ucsb.edu/kummel/2025/9256987163.jpg	34	HTTPError: Not Found
9472	3f6e6b6c-0c5d-4854-839d-e4566d448284	https://symbiota.ccber.ucsb.edu/kummel/2025/9259799936.jpg	no	no	404	HEAD	text/html; charset=utf-8	162	https://symbiota.ccber.ucsb.edu/kummel/2025/9259799936.jpg	28	HTTPError: Not Found
9473	fe8fd84c-f00f-45a1-bb82-cbecb2daf3cc	https://symbiota.ccber.ucsb.edu/kummel/2025/9259896096.jpg	no	no	404	HEAD	text/html; charset=utf-8	162	https://symbiota.ccber.ucsb.edu/kummel/2025/9259896096.jpg	25	HTTPError: Not Found
9474	4ebcf7e5-309b-4fa8-b84e-3abb60c81b8e	https://symbiota.ccber.ucsb.edu/kummel/2025/9259954584.jpg	no	no	404	HEAD	text/html; charset=utf-8	162	https://symbiota.ccber.ucsb.edu/kummel/2025/9259954584.jpg	31	HTTPError: Not Found
9475	212ca818-8cdd-4898-ac6d-8cadbde3dbe9	https://symbiota.ccber.ucsb.edu/kummel/2025/9263902847.jpg	no	no	404	HEAD	text/html; charset=utf-8	162	https://symbiota.ccber.ucsb.edu/kummel/2025/9263902847.jpg	31	HTTPError: Not Found
9476	42fdf68a-2b6c-4758-b167-d5ac49612c69	https://symbiota.ccber.ucsb.edu/kummel/2025/9263944691.jpg	no	no	404	HEAD	text/html; charset=utf-8	162	https://symbiota.ccber.ucsb.edu/kummel/2025/9263944691.jpg	26	HTTPError: Not Found
9477	dfad25df-1a9c-4101-bc49-c5b378dadf60	https://symbiota.ccber.ucsb.edu/kummel/2025/9264264953.jpg	no	no	404	HEAD	text/html; charset=utf-8	162	https://symbiota.ccber.ucsb.edu/kummel/2025/9264264953.jpg	26	HTTPError: Not Found
9478	ad2856c8-af2e-4e8d-a262-99a9435e3d09	https://symbiota.ccber.ucsb.edu/kummel/2025/9266401296.jpg	no	no	404	HEAD	text/html; charset=utf-8	162	https://symbiota.ccber.ucsb.edu/kummel/2025/9266401296.jpg	31	HTTPError: Not Found
9479	4ea69555-0112-4492-bf7d-8b1f25afc8fb	https://symbiota.ccber.ucsb.edu/kummel/2025/9266458576.jpg	no	no	404	HEAD	text/html; charset=utf-8	162	https://symbiota.ccber.ucsb.edu/kummel/2025/9266458576.jpg	14	HTTPError: Not Found
9480	c6b9a0dc-0e05-4893-9c74-1b8bd2c83051	https://symbiota.ccber.ucsb.edu/kummel/2025/9266526486.jpg	no	no	404	HEAD	text/html; charset=utf-8	162	https://symbiota.ccber.ucsb.edu/kummel/2025/9266526486.jpg	27	HTTPError: Not Found
9481	79b8eddd-f548-48ec-b2ba-7a47d6640612	https://symbiota.ccber.ucsb.edu/kummel/2025/9266588412.jpg	no	no	404	HEAD	text/html; charset=utf-8	162	https://symbiota.ccber.ucsb.edu/kummel/2025/9266588412.jpg	27	HTTPError: Not Found
9482	ad0a9510-edd2-423e-a716-e1773a0503fe	https://symbiota.ccber.ucsb.edu/kummel/2025/9266864880.jpg	no	no	404	HEAD	text/html; charset=utf-8	162	https://symbiota.ccber.ucsb.edu/kummel/2025/9266864880.jpg	33	HTTPError: Not Found
9483	514e111b-3247-4966-b41d-1f8e47033758	https://symbiota.ccber.ucsb.edu/kummel/2025/9270948311.jpg	no	no	404	HEAD	text/html; charset=utf-8	162	https://symbiota.ccber.ucsb.edu/kummel/2025/9270948311.jpg	32	HTTPError: Not Found
9484	3a289acc-bdd7-4592-9c3c-0f48d17294d7	https://symbiota.ccber.ucsb.edu/kummel/2025/9271087471.jpg	no	no	404	HEAD	text/html; charset=utf-8	162	https://symbiota.ccber.ucsb.edu/kummel/2025/9271087471.jpg	47	HTTPError: Not Found
9485	6b2296ef-259b-4fbe-ab8c-84f8ef1d04ce	https://symbiota.ccber.ucsb.edu/kummel/2025/9271137045.jpg	no	no	404	HEAD	text/html; charset=utf-8	162	https://symbiota.ccber.ucsb.edu/kummel/2025/9271137045.jpg	49	HTTPError: Not Found
9486	2aae63cd-4f1b-42ff-8c54-5b8dab625f32	https://symbiota.ccber.ucsb.edu/kummel/2025/9271220209.jpg	no	no	404	HEAD	text/html; charset=utf-8	162	https://symbiota.ccber.ucsb.edu/kummel/2025/9271220209.jpg	45	HTTPError: Not Found
9487	6f0cadbb-a1d6-4afe-ad95-384ab44abfa8	https://symbiota.ccber.ucsb.edu/kummel/2025/9273583226.jpg	no	no	404	HEAD	text/html; charset=utf-8	162	https://symbiota.ccber.ucsb.edu/kummel/2025/9273583226.jpg	25	HTTPError: Not Found
9488	b6f5d3fa-072a-473b-8b99-23ed0cca1c1e	https://symbiota.ccber.ucsb.edu/kummel/2025/9273633040.jpg	no	no	404	HEAD	text/html; charset=utf-8	162	https://symbiota.ccber.ucsb.edu/kummel/2025/9273633040.jpg	23	HTTPError: Not Found
9489	4568050f-72a0-43e6-b91f-cc802397d89e	https://symbiota.ccber.ucsb.edu/kummel/2025/9273700550.jpg	no	no	404	HEAD	text/html; charset=utf-8	162	https://symbiota.ccber.ucsb.edu/kummel/2025/9273700550.jpg	21	HTTPError: Not Found
9490	78b83531-80a6-47b4-baa5-efe1ca00b37f	https://symbiota.ccber.ucsb.edu/kummel/2025/9274066596.jpg	no	no	404	HEAD	text/html; charset=utf-8	162	https://symbiota.ccber.ucsb.edu/kummel/2025/9274066596.jpg	25	HTTPError: Not Found
9491	3a7e6172-37ff-4be2-a9e1-24a24c5993b5	https://symbiota.ccber.ucsb.edu/kummel/2025/9278316455.jpg	no	no	404	HEAD	text/html; charset=utf-8	162	https://symbiota.ccber.ucsb.edu/kummel/2025/9278316455.jpg	26	HTTPError: Not Found
9492	157793b2-9eee-469e-b932-60f90b9052fc	https://symbiota.ccber.ucsb.edu/kummel/2025/9278407095.jpg	no	no	404	HEAD	text/html; charset=utf-8	162	https://symbiota.ccber.ucsb.edu/kummel/2025/9278407095.jpg	26	HTTPError: Not Found
9493	93f3bdd4-f899-4e89-8335-33e2a3a3686a	https://symbiota.ccber.ucsb.edu/kummel/2025/9278487781.jpg	no	no	404	HEAD	text/html; charset=utf-8	162	https://symbiota.ccber.ucsb.edu/kummel/2025/9278487781.jpg	45	HTTPError: Not Found
9494	317e02a3-5482-4778-82fd-fbd66d726e59	https://symbiota.ccber.ucsb.edu/kummel/2025/9278734961.jpg	no	no	404	HEAD	text/html; charset=utf-8	162	https://symbiota.ccber.ucsb.edu/kummel/2025/9278734961.jpg	49	HTTPError: Not Found
9495	c0aca2c3-deb6-4489-8d27-204188ccd37c	https://symbiota.ccber.ucsb.edu/kummel/2025/9280981322.jpg	no	no	404	HEAD	text/html; charset=utf-8	162	https://symbiota.ccber.ucsb.edu/kummel/2025/9280981322.jpg	26	HTTPError: Not Found
9496	374739ac-512e-4e1f-990b-244229f2ab32	https://symbiota.ccber.ucsb.edu/kummel/2025/9281135992.jpg	no	no	404	HEAD	text/html; charset=utf-8	162	https://symbiota.ccber.ucsb.edu/kummel/2025/9281135992.jpg	52	HTTPError: Not Found
9497	30a85909-8a0e-42f7-9689-81e9480dfd74	https://symbiota.ccber.ucsb.edu/kummel/2025/9281325778.jpg	no	no	404	HEAD	text/html; charset=utf-8	162	https://symbiota.ccber.ucsb.edu/kummel/2025/9281325778.jpg	52	HTTPError: Not Found
9498	f32aa76b-5752-4d60-9d48-71ee7ae87908	https://symbiota.ccber.ucsb.edu/kummel/2025/9281387672.jpg	no	no	404	HEAD	text/html; charset=utf-8	162	https://symbiota.ccber.ucsb.edu/kummel/2025/9281387672.jpg	28	HTTPError: Not Found
9499	38b08c77-ab73-4783-8221-e968a9e616c1	https://symbiota.ccber.ucsb.edu/kummel/2025/9286523901.jpg	no	no	404	HEAD	text/html; charset=utf-8	162	https://symbiota.ccber.ucsb.edu/kummel/2025/9286523901.jpg	29	HTTPError: Not Found
9500	0876bf73-0836-4dc1-b7a4-2d147cda00a3	https://symbiota.ccber.ucsb.edu/kummel/2025/9286632025.jpg	no	no	404	HEAD	text/html; charset=utf-8	162	https://symbiota.ccber.ucsb.edu/kummel/2025/9286632025.jpg	31	HTTPError: Not Found
9501	3228220e-3222-4073-9d75-9637712f1ae8	https://symbiota.ccber.ucsb.edu/kummel/2025/9286758139.jpg	no	no	404	HEAD	text/html; charset=utf-8	162	https://symbiota.ccber.ucsb.edu/kummel/2025/9286758139.jpg	27	HTTPError: Not Found
9502	4ad2df19-e204-45b4-b455-d3b33c115fb1	https://symbiota.ccber.ucsb.edu/kummel/2025/9286841395.jpg	no	no	404	HEAD	text/html; charset=utf-8	162	https://symbiota.ccber.ucsb.edu/kummel/2025/9286841395.jpg	26	HTTPError: Not Found
9503	c663414d-d72c-4848-8019-7d986b0efc85	https://symbiota.ccber.ucsb.edu/kummel/2025/9289371594.jpg	no	no	404	HEAD	text/html; charset=utf-8	162	https://symbiota.ccber.ucsb.edu/kummel/2025/9289371594.jpg	20	HTTPError: Not Found
9504	3d193fbc-ac10-42da-a15e-d20062bd9efb	https://symbiota.ccber.ucsb.edu/kummel/2025/9289448014.jpg	no	no	404	HEAD	text/html; charset=utf-8	162	https://symbiota.ccber.ucsb.edu/kummel/2025/9289448014.jpg	33	HTTPError: Not Found
9505	d45f3ea3-22c2-4b50-9948-dd3932cfa7b9	https://symbiota.ccber.ucsb.edu/kummel/2025/9294656535.jpg	no	no	404	HEAD	text/html; charset=utf-8	162	https://symbiota.ccber.ucsb.edu/kummel/2025/9294656535.jpg	32	HTTPError: Not Found
9506	73a03cec-dca2-48e5-8148-29959034ccaa	https://symbiota.ccber.ucsb.edu/kummel/2025/9294957779.jpg	no	no	404	HEAD	text/html; charset=utf-8	162	https://symbiota.ccber.ucsb.edu/kummel/2025/9294957779.jpg	18	HTTPError: Not Found
9507	ab38f1bd-8916-455f-af91-1e8e5a289860	https://symbiota.ccber.ucsb.edu/kummel/2025/9295050285.jpg	no	no	404	HEAD	text/html; charset=utf-8	162	https://symbiota.ccber.ucsb.edu/kummel/2025/9295050285.jpg	26	HTTPError: Not Found
9508	6790c6a6-9dff-4e8c-922a-0e13e8728f0d	https://symbiota.ccber.ucsb.edu/kummel/2025/9297376300.jpg	no	no	404	HEAD	text/html; charset=utf-8	162	https://symbiota.ccber.ucsb.edu/kummel/2025/9297376300.jpg	32	HTTPError: Not Found
9509	cfefbf52-e8ad-4985-94fa-eddc65cf3d6a	https://symbiota.ccber.ucsb.edu/kummel/2025/9297619564.jpg	no	no	404	HEAD	text/html; charset=utf-8	162	https://symbiota.ccber.ucsb.edu/kummel/2025/9297619564.jpg	29	HTTPError: Not Found
9510	a4b607e9-8dc0-44f5-b554-f685b7171327	https://symbiota.ccber.ucsb.edu/kummel/2025/9297765236.jpg	no	no	404	HEAD	text/html; charset=utf-8	162	https://symbiota.ccber.ucsb.edu/kummel/2025/9297765236.jpg	20	HTTPError: Not Found
9511	8702c5c4-996d-4e96-9dff-d6d922cb2720	https://symbiota.ccber.ucsb.edu/kummel/2025/9297939714.jpg	no	no	404	HEAD	text/html; charset=utf-8	162	https://symbiota.ccber.ucsb.edu/kummel/2025/9297939714.jpg	15	HTTPError: Not Found
9512	61965d6c-ce7c-4f76-93fa-c6ce6129d8a6	https://symbiota.ccber.ucsb.edu/kummel/2025/9298014766.jpg	no	no	404	HEAD	text/html; charset=utf-8	162	https://symbiota.ccber.ucsb.edu/kummel/2025/9298014766.jpg	26	HTTPError: Not Found
9513	3d2b9b25-4225-4f51-b226-e0bf51fa0092	https://symbiota.ccber.ucsb.edu/kummel/2025/9302285479.jpg	no	no	404	HEAD	text/html; charset=utf-8	162	https://symbiota.ccber.ucsb.edu/kummel/2025/9302285479.jpg	26	HTTPError: Not Found
9514	4d93a1c8-2a88-48d3-9338-b9158fcdabf8	https://symbiota.ccber.ucsb.edu/kummel/2025/9304712350.jpg	no	no	404	HEAD	text/html; charset=utf-8	162	https://symbiota.ccber.ucsb.edu/kummel/2025/9304712350.jpg	31	HTTPError: Not Found
9515	b5db03f8-ac9e-484a-84bb-4c6770e8985d	https://symbiota.ccber.ucsb.edu/kummel/2025/9304764278.jpg	no	no	404	HEAD	text/html; charset=utf-8	162	https://symbiota.ccber.ucsb.edu/kummel/2025/9304764278.jpg	25	HTTPError: Not Found
9516	c4d6e11f-cac9-402f-b5a4-fca93169723a	https://symbiota.ccber.ucsb.edu/kummel/2025/9304845326.jpg	no	no	404	HEAD	text/html; charset=utf-8	162	https://symbiota.ccber.ucsb.edu/kummel/2025/9304845326.jpg	100	HTTPError: Not Found
9517	74fb3f49-a955-4028-b3da-3d73a1042938	https://symbiota.ccber.ucsb.edu/kummel/2025/9304928538.jpg	no	no	404	HEAD	text/html; charset=utf-8	162	https://symbiota.ccber.ucsb.edu/kummel/2025/9304928538.jpg	100	HTTPError: Not Found
9518	eb494cd5-ea27-4d56-a173-231c5d92a408	https://symbiota.ccber.ucsb.edu/kummel/2025/9304996236.jpg	no	no	404	HEAD	text/html; charset=utf-8	162	https://symbiota.ccber.ucsb.edu/kummel/2025/9304996236.jpg	100	HTTPError: Not Found
9519	71f3a8c1-f8dd-4755-a5ee-fa4babb438cc	https://symbiota.ccber.ucsb.edu/kummel/2025/9305308804.jpg	no	no	404	HEAD	text/html; charset=utf-8	162	https://symbiota.ccber.ucsb.edu/kummel/2025/9305308804.jpg	84	HTTPError: Not Found
9520	87cdca16-c34d-43e3-a291-773038738370	https://symbiota.ccber.ucsb.edu/kummel/2025/9305418326.jpg	no	no	404	HEAD	text/html; charset=utf-8	162	https://symbiota.ccber.ucsb.edu/kummel/2025/9305418326.jpg	48	HTTPError: Not Found
9521	acbc0d2d-a6b1-4ab5-bc7e-f384c74cebc7	https://symbiota.ccber.ucsb.edu/kummel/2025/9309118215.jpg	no	no	404	HEAD	text/html; charset=utf-8	162	https://symbiota.ccber.ucsb.edu/kummel/2025/9309118215.jpg	48	HTTPError: Not Found
9522	b144e91f-2f88-4ea0-bb51-a083fd06951d	https://symbiota.ccber.ucsb.edu/kummel/2025/9309188287.jpg	no	no	404	HEAD	text/html; charset=utf-8	162	https://symbiota.ccber.ucsb.edu/kummel/2025/9309188287.jpg	51	HTTPError: Not Found
9523	d58c00cc-243a-48d5-a559-e553f03e4619	https://symbiota.ccber.ucsb.edu/kummel/2025/9309255259.jpg	no	no	404	HEAD	text/html; charset=utf-8	162	https://symbiota.ccber.ucsb.edu/kummel/2025/9309255259.jpg	26	HTTPError: Not Found
9524	afb8d101-dcfd-428a-9fa8-1894ad73c4f7	https://symbiota.ccber.ucsb.edu/kummel/2025/9309338441.jpg	no	no	404	HEAD	text/html; charset=utf-8	162	https://symbiota.ccber.ucsb.edu/kummel/2025/9309338441.jpg	18	HTTPError: Not Found
9525	b2eca94c-f929-4681-b291-17e1539a2ba5	https://symbiota.ccber.ucsb.edu/kummel/2025/9309366465.jpg	no	no	404	HEAD	text/html; charset=utf-8	162	https://symbiota.ccber.ucsb.edu/kummel/2025/9309366465.jpg	36	HTTPError: Not Found
9526	eb5e1f80-64d0-4404-b8b4-ebefc1d5d33d	https://symbiota.ccber.ucsb.edu/kummel/2025/9311936476.jpg	no	no	404	HEAD	text/html; charset=utf-8	162	https://symbiota.ccber.ucsb.edu/kummel/2025/9311936476.jpg	31	HTTPError: Not Found
9527	5e5b6167-8486-40a6-b799-3f08bf4c2c53	https://symbiota.ccber.ucsb.edu/kummel/2025/9315512789.jpg	no	no	404	HEAD	text/html; charset=utf-8	162	https://symbiota.ccber.ucsb.edu/kummel/2025/9315512789.jpg	28	HTTPError: Not Found
9528	88cee92a-a532-4d75-acd6-b7d389cbbbfb	https://symbiota.ccber.ucsb.edu/kummel/2025/9315778446.jpg	no	no	404	HEAD	text/html; charset=utf-8	162	https://symbiota.ccber.ucsb.edu/kummel/2025/9315778446.jpg	38	HTTPError: Not Found
9529	44d215dd-6f4c-47f7-9497-6a58850a9f98	https://symbiota.ccber.ucsb.edu/kummel/2025/9315857264.jpg	no	no	404	HEAD	text/html; charset=utf-8	162	https://symbiota.ccber.ucsb.edu/kummel/2025/9315857264.jpg	36	HTTPError: Not Found
9530	df1ade7c-2e9d-4614-97d5-bdcdffc4c2d7	https://symbiota.ccber.ucsb.edu/kummel/2025/9315867829.jpg	no	no	404	HEAD	text/html; charset=utf-8	162	https://symbiota.ccber.ucsb.edu/kummel/2025/9315867829.jpg	46	HTTPError: Not Found
9531	a6216c97-db6a-4992-b357-2653c477ee1c	https://symbiota.ccber.ucsb.edu/kummel/2025/9318256494.jpg	no	no	404	HEAD	text/html; charset=utf-8	162	https://symbiota.ccber.ucsb.edu/kummel/2025/9318256494.jpg	40	HTTPError: Not Found
9532	f1a3a3b1-9393-4e5a-933e-98eba85fc0f6	https://symbiota.ccber.ucsb.edu/kummel/2025/9318459428.jpg	no	no	404	HEAD	text/html; charset=utf-8	162	https://symbiota.ccber.ucsb.edu/kummel/2025/9318459428.jpg	12	HTTPError: Not Found
9533	ec55b8c7-3ea2-4831-bf5e-cb34acbc36e1	https://symbiota.ccber.ucsb.edu/kummel/2025/9318507766.jpg	no	no	404	HEAD	text/html; charset=utf-8	162	https://symbiota.ccber.ucsb.edu/kummel/2025/9318507766.jpg	36	HTTPError: Not Found
9534	66ef153e-f159-44fe-ae62-b682f0acac01	https://symbiota.ccber.ucsb.edu/kummel/2025/9318590810.jpg	no	no	404	HEAD	text/html; charset=utf-8	162	https://symbiota.ccber.ucsb.edu/kummel/2025/9318590810.jpg	36	HTTPError: Not Found
9535	4411ef79-fda2-41b2-baeb-da566d7d2176	https://symbiota.ccber.ucsb.edu/kummel/2025/9318702922.jpg	no	no	404	HEAD	text/html; charset=utf-8	162	https://symbiota.ccber.ucsb.edu/kummel/2025/9318702922.jpg	35	HTTPError: Not Found
9536	0deba66f-9cd6-46d2-9443-4b3537194467	https://symbiota.ccber.ucsb.edu/kummel/2025/9318804860.jpg	no	no	404	HEAD	text/html; charset=utf-8	162	https://symbiota.ccber.ucsb.edu/kummel/2025/9318804860.jpg	24	HTTPError: Not Found
9537	0cd54c4d-277d-414a-8bcc-5cac0e9a38ec	https://symbiota.ccber.ucsb.edu/kummel/2025/9322637979.jpg	no	no	404	HEAD	text/html; charset=utf-8	162	https://symbiota.ccber.ucsb.edu/kummel/2025/9322637979.jpg	21	HTTPError: Not Found
9538	19df09e0-6f76-4fe6-a8db-051788e1e6df	https://symbiota.ccber.ucsb.edu/kummel/2025/9322807249.jpg	no	no	404	HEAD	text/html; charset=utf-8	162	https://symbiota.ccber.ucsb.edu/kummel/2025/9322807249.jpg	36	HTTPError: Not Found
9539	d4257430-848d-4af4-ae1f-0216a5deb80a	https://symbiota.ccber.ucsb.edu/kummel/2025/9322845603.jpg	no	no	404	HEAD	text/html; charset=utf-8	162	https://symbiota.ccber.ucsb.edu/kummel/2025/9322845603.jpg	18	HTTPError: Not Found
9540	baf9f11f-897c-48d0-b087-8da4b4b93dea	https://symbiota.ccber.ucsb.edu/kummel/2025/9322993355.jpg	no	no	404	HEAD	text/html; charset=utf-8	162	https://symbiota.ccber.ucsb.edu/kummel/2025/9322993355.jpg	27	HTTPError: Not Found
9541	66c08221-96ea-42e8-8e53-ab019134fb7f	https://symbiota.ccber.ucsb.edu/kummel/2025/9325305868.jpg	no	no	404	HEAD	text/html; charset=utf-8	162	https://symbiota.ccber.ucsb.edu/kummel/2025/9325305868.jpg	26	HTTPError: Not Found
9542	b6151b46-2264-4b4f-9190-e6fd3531cd17	https://symbiota.ccber.ucsb.edu/kummel/2025/9325337484.jpg	no	no	404	HEAD	text/html; charset=utf-8	162	https://symbiota.ccber.ucsb.edu/kummel/2025/9325337484.jpg	26	HTTPError: Not Found
9543	da9adc5e-3b45-40e9-b79a-80c6fd8f84a1	https://symbiota.ccber.ucsb.edu/kummel/2025/9325525306.jpg	no	no	404	HEAD	text/html; charset=utf-8	162	https://symbiota.ccber.ucsb.edu/kummel/2025/9325525306.jpg	31	HTTPError: Not Found
9544	e18dde50-024d-49b3-b449-9aa74451e6e9	https://symbiota.ccber.ucsb.edu/kummel/2025/9325556342.jpg	no	no	404	HEAD	text/html; charset=utf-8	162	https://symbiota.ccber.ucsb.edu/kummel/2025/9325556342.jpg	25	HTTPError: Not Found
9545	4759d697-9794-4136-afab-0ee5604dc2a9	https://symbiota.ccber.ucsb.edu/kummel/2025/9329074033.jpg	no	no	404	HEAD	text/html; charset=utf-8	162	https://symbiota.ccber.ucsb.edu/kummel/2025/9329074033.jpg	32	HTTPError: Not Found
9546	f9dd322b-9ae8-436a-a0e9-aa6ce70450ee	https://symbiota.ccber.ucsb.edu/kummel/2025/9329118249.jpg	no	no	404	HEAD	text/html; charset=utf-8	162	https://symbiota.ccber.ucsb.edu/kummel/2025/9329118249.jpg	25	HTTPError: Not Found
9547	9103a066-50a8-4f7a-beec-eace2999a4e0	https://symbiota.ccber.ucsb.edu/kummel/2025/9329187905.jpg	no	no	404	HEAD	text/html; charset=utf-8	162	https://symbiota.ccber.ucsb.edu/kummel/2025/9329187905.jpg	31	HTTPError: Not Found
9548	27fce49f-85d3-40d1-85b1-8c9a31a559a9	https://symbiota.ccber.ucsb.edu/kummel/2025/9329287301.jpg	no	no	404	HEAD	text/html; charset=utf-8	162	https://symbiota.ccber.ucsb.edu/kummel/2025/9329287301.jpg	27	HTTPError: Not Found
9549	ade8ebb4-bb77-4688-ac4a-1c001f2476c0	https://symbiota.ccber.ucsb.edu/kummel/2025/9329437493.jpg	no	no	404	HEAD	text/html; charset=utf-8	162	https://symbiota.ccber.ucsb.edu/kummel/2025/9329437493.jpg	37	HTTPError: Not Found
9550	afba6cf1-72a2-4e9b-9179-39235084ecd0	https://symbiota.ccber.ucsb.edu/kummel/2025/9331738552.jpg	no	no	404	HEAD	text/html; charset=utf-8	162	https://symbiota.ccber.ucsb.edu/kummel/2025/9331738552.jpg	38	HTTPError: Not Found
9551	84b020b1-4bae-43f4-bf23-9fe8e6f92f56	https://symbiota.ccber.ucsb.edu/kummel/2025/9331784886.jpg	no	no	404	HEAD	text/html; charset=utf-8	162	https://symbiota.ccber.ucsb.edu/kummel/2025/9331784886.jpg	37	HTTPError: Not Found
9552	6ae69fb4-ed25-40d1-ab94-ef70cad54f55	https://symbiota.ccber.ucsb.edu/kummel/2025/9332177172.jpg	no	no	404	HEAD	text/html; charset=utf-8	162	https://symbiota.ccber.ucsb.edu/kummel/2025/9332177172.jpg	27	HTTPError: Not Found
9553	0186628e-5eec-469f-9270-f0bab211a713	https://symbiota.ccber.ucsb.edu/kummel/2025/9336651939.jpg	no	no	404	HEAD	text/html; charset=utf-8	162	https://symbiota.ccber.ucsb.edu/kummel/2025/9336651939.jpg	60	HTTPError: Not Found
9554	1975bcc3-9740-4b15-af3d-512c4f1d113f	https://symbiota.ccber.ucsb.edu/kummel/2025/9336760935.jpg	no	no	404	HEAD	text/html; charset=utf-8	162	https://symbiota.ccber.ucsb.edu/kummel/2025/9336760935.jpg	17	HTTPError: Not Found
9555	456fa5d5-d039-4b49-9878-e451b2b43f6f	https://symbiota.ccber.ucsb.edu/kummel/2025/9337058985.jpg	no	no	404	HEAD	text/html; charset=utf-8	162	https://symbiota.ccber.ucsb.edu/kummel/2025/9337058985.jpg	23	HTTPError: Not Found
9556	d3ed10f5-fdd4-43b5-bf26-6e65059475ed	https://symbiota.ccber.ucsb.edu/kummel/2025/9337244637.jpg	no	no	404	HEAD	text/html; charset=utf-8	162	https://symbiota.ccber.ucsb.edu/kummel/2025/9337244637.jpg	30	HTTPError: Not Found
9557	c8de9678-3a76-45fd-9534-17de6a969a77	https://symbiota.ccber.ucsb.edu/kummel/2025/9337412337.jpg	no	no	404	HEAD	text/html; charset=utf-8	162	https://symbiota.ccber.ucsb.edu/kummel/2025/9337412337.jpg	35	HTTPError: Not Found
9558	49c385ba-3349-49bb-af9c-5c1bfe1d6bb6	https://symbiota.ccber.ucsb.edu/kummel/2025/9337534267.jpg	no	no	404	HEAD	text/html; charset=utf-8	162	https://symbiota.ccber.ucsb.edu/kummel/2025/9337534267.jpg	35	HTTPError: Not Found
9559	ce7ed74c-ce32-4f7f-8c9a-41284abd119f	https://symbiota.ccber.ucsb.edu/kummel/2025/9339594180.jpg	no	no	404	HEAD	text/html; charset=utf-8	162	https://symbiota.ccber.ucsb.edu/kummel/2025/9339594180.jpg	36	HTTPError: Not Found
9560	f32c1998-bfba-44b6-a095-ab47e3873d00	https://symbiota.ccber.ucsb.edu/kummel/2025/9339638148.jpg	no	no	404	HEAD	text/html; charset=utf-8	162	https://symbiota.ccber.ucsb.edu/kummel/2025/9339638148.jpg	23	HTTPError: Not Found
9561	d72237c3-d6d5-434d-a488-3ec22083b84a	https://symbiota.ccber.ucsb.edu/kummel/2025/9345208443.jpg	no	no	404	HEAD	text/html; charset=utf-8	162	https://symbiota.ccber.ucsb.edu/kummel/2025/9345208443.jpg	47	HTTPError: Not Found
9562	4ff3bb08-5875-458a-bf8c-f8361cf085c7	https://symbiota.ccber.ucsb.edu/kummel/2025/9345335827.jpg	no	no	404	HEAD	text/html; charset=utf-8	162	https://symbiota.ccber.ucsb.edu/kummel/2025/9345335827.jpg	25	HTTPError: Not Found
9563	bb5cd279-1cd1-4197-bc05-09ca5bedb3ce	https://symbiota.ccber.ucsb.edu/kummel/2025/9345603431.jpg	no	no	404	HEAD	text/html; charset=utf-8	162	https://symbiota.ccber.ucsb.edu/kummel/2025/9345603431.jpg	54	HTTPError: Not Found
9564	52cae1f7-21a8-4ca6-8e99-ff4d1983661f	https://symbiota.ccber.ucsb.edu/kummel/2025/9345740331.jpg	no	no	404	HEAD	text/html; charset=utf-8	162	https://symbiota.ccber.ucsb.edu/kummel/2025/9345740331.jpg	39	HTTPError: Not Found
9565	420131f6-b9aa-4481-8ba8-15c4e93b0cc0	https://symbiota.ccber.ucsb.edu/kummel/2025/9345786189.jpg	no	no	404	HEAD	text/html; charset=utf-8	162	https://symbiota.ccber.ucsb.edu/kummel/2025/9345786189.jpg	39	HTTPError: Not Found
9566	994e67aa-c3ab-4480-be25-a394fec62d86	https://symbiota.ccber.ucsb.edu/kummel/2025/9347893748.jpg	no	no	404	HEAD	text/html; charset=utf-8	162	https://symbiota.ccber.ucsb.edu/kummel/2025/9347893748.jpg	39	HTTPError: Not Found
9567	21976fc6-879a-4727-8ffb-34887e8212c1	https://symbiota.ccber.ucsb.edu/kummel/2025/9348161702.jpg	no	no	404	HEAD	text/html; charset=utf-8	162	https://symbiota.ccber.ucsb.edu/kummel/2025/9348161702.jpg	39	HTTPError: Not Found
9568	11f8c027-f23c-4257-b65e-1fefeb0d6f24	https://symbiota.ccber.ucsb.edu/kummel/2025/9348341336.jpg	no	no	404	HEAD	text/html; charset=utf-8	162	https://symbiota.ccber.ucsb.edu/kummel/2025/9348341336.jpg	19	HTTPError: Not Found
9569	c703a2e9-9dec-4add-8ad2-65b812f5b001	https://symbiota.ccber.ucsb.edu/kummel/2025/9352859371.jpg	no	no	404	HEAD	text/html; charset=utf-8	162	https://symbiota.ccber.ucsb.edu/kummel/2025/9352859371.jpg	30	HTTPError: Not Found
9570	8846ffed-c410-426a-b4cf-b0787d47171c	https://symbiota.ccber.ucsb.edu/kummel/2025/9353029715.jpg	no	no	404	HEAD	text/html; charset=utf-8	162	https://symbiota.ccber.ucsb.edu/kummel/2025/9353029715.jpg	18	HTTPError: Not Found
9571	08b4bae2-df1d-400e-bbf2-22aa46e64eb1	https://symbiota.ccber.ucsb.edu/kummel/2025/9353261775.jpg	no	no	404	HEAD	text/html; charset=utf-8	162	https://symbiota.ccber.ucsb.edu/kummel/2025/9353261775.jpg	20	HTTPError: Not Found
9572	f082f750-7590-48c5-aa1f-388fd67cb27f	https://symbiota.ccber.ucsb.edu/kummel/2025/9353420023.jpg	no	no	404	HEAD	text/html; charset=utf-8	162	https://symbiota.ccber.ucsb.edu/kummel/2025/9353420023.jpg	22	HTTPError: Not Found
9573	89d44fa9-0359-49f7-943f-455427bedfdb	https://symbiota.ccber.ucsb.edu/kummel/2025/9355712262.jpg	no	no	404	HEAD	text/html; charset=utf-8	162	https://symbiota.ccber.ucsb.edu/kummel/2025/9355712262.jpg	30	HTTPError: Not Found
9574	10ccbc77-8e7f-40cf-a94e-12e0c2c7e7cc	https://symbiota.ccber.ucsb.edu/kummel/2025/9355901666.jpg	no	no	404	HEAD	text/html; charset=utf-8	162	https://symbiota.ccber.ucsb.edu/kummel/2025/9355901666.jpg	30	HTTPError: Not Found
9575	744837d9-07c3-4d82-8ec2-ea295af32b81	https://symbiota.ccber.ucsb.edu/kummel/2025/9356172128.jpg	no	no	404	HEAD	text/html; charset=utf-8	162	https://symbiota.ccber.ucsb.edu/kummel/2025/9356172128.jpg	31	HTTPError: Not Found
9576	dc5f5c4b-9aa7-4e81-8fc8-80ee71d02a6a	https://symbiota.ccber.ucsb.edu/kummel/2025/9356261502.jpg	no	no	404	HEAD	text/html; charset=utf-8	162	https://symbiota.ccber.ucsb.edu/kummel/2025/9356261502.jpg	22	HTTPError: Not Found
9577	b1b0c3c4-0a6e-4d19-81a4-170313a843d7	https://symbiota.ccber.ucsb.edu/kummel/2025/9359406459.jpg	no	no	404	HEAD	text/html; charset=utf-8	162	https://symbiota.ccber.ucsb.edu/kummel/2025/9359406459.jpg	25	HTTPError: Not Found
9578	7073ec4e-6e71-4921-8b46-a0a3f2aabcf6	https://symbiota.ccber.ucsb.edu/kummel/2025/9362004408.jpg	no	no	404	HEAD	text/html; charset=utf-8	162	https://symbiota.ccber.ucsb.edu/kummel/2025/9362004408.jpg	18	HTTPError: Not Found
9579	828d755f-babd-49c7-ac95-eacd15b237e4	https://symbiota.ccber.ucsb.edu/kummel/2025/9362049838.jpg	no	no	404	HEAD	text/html; charset=utf-8	162	https://symbiota.ccber.ucsb.edu/kummel/2025/9362049838.jpg	20	HTTPError: Not Found
9580	c0baedd4-79c8-40bc-aff2-067c8eeeeba0	https://symbiota.ccber.ucsb.edu/kummel/2025/9362141352.jpg	no	no	404	HEAD	text/html; charset=utf-8	162	https://symbiota.ccber.ucsb.edu/kummel/2025/9362141352.jpg	21	HTTPError: Not Found
9581	2942ef7b-1f1e-4ffe-87f9-1ce8ba0220bb	https://symbiota.ccber.ucsb.edu/kummel/2025/9366147961.jpg	no	no	404	HEAD	text/html; charset=utf-8	162	https://symbiota.ccber.ucsb.edu/kummel/2025/9366147961.jpg	33	HTTPError: Not Found
9582	14541a94-ce15-4f66-8495-db5f6c4840aa	https://symbiota.ccber.ucsb.edu/kummel/2025/9368996906.jpg	no	no	404	HEAD	text/html; charset=utf-8	162	https://symbiota.ccber.ucsb.edu/kummel/2025/9368996906.jpg	32	HTTPError: Not Found
9583	2756d25e-0964-48a4-bb1c-363bb72e0ae3	https://symbiota.ccber.ucsb.edu/kummel/2025/9372054039.jpg	no	no	404	HEAD	text/html; charset=utf-8	162	https://symbiota.ccber.ucsb.edu/kummel/2025/9372054039.jpg	33	HTTPError: Not Found
9584	c88a7521-7412-455c-8527-0e7282fc13aa	https://symbiota.ccber.ucsb.edu/kummel/2025/9372213489.jpg	no	no	404	HEAD	text/html; charset=utf-8	162	https://symbiota.ccber.ucsb.edu/kummel/2025/9372213489.jpg	27	HTTPError: Not Found
9585	2aaea8fe-c296-43ee-9235-f2858de290ca	https://symbiota.ccber.ucsb.edu/kummel/2025/9372434509.jpg	no	no	404	HEAD	text/html; charset=utf-8	162	https://symbiota.ccber.ucsb.edu/kummel/2025/9372434509.jpg	24	HTTPError: Not Found
9586	7ec8d49b-8b6f-4802-a042-f64a625a78f4	https://symbiota.ccber.ucsb.edu/kummel/2025/9374757734.jpg	no	no	404	HEAD	text/html; charset=utf-8	162	https://symbiota.ccber.ucsb.edu/kummel/2025/9374757734.jpg	25	HTTPError: Not Found
9587	93e3d1c4-8c0e-4846-91bd-6fc9e0912150	https://symbiota.ccber.ucsb.edu/kummel/2025/9375105092.jpg	no	no	404	HEAD	text/html; charset=utf-8	162	https://symbiota.ccber.ucsb.edu/kummel/2025/9375105092.jpg	22	HTTPError: Not Found
9588	dae3a5d9-4bb2-45d5-839c-6b4574d4448a	https://symbiota.ccber.ucsb.edu/kummel/2025/9375136588.jpg	no	no	404	HEAD	text/html; charset=utf-8	162	https://symbiota.ccber.ucsb.edu/kummel/2025/9375136588.jpg	18	HTTPError: Not Found
9589	b74810c7-dc30-47f7-b562-8bcb23fd0c99	https://symbiota.ccber.ucsb.edu/kummel/2025/9375240948.jpg	no	no	404	HEAD	text/html; charset=utf-8	162	https://symbiota.ccber.ucsb.edu/kummel/2025/9375240948.jpg	31	HTTPError: Not Found
9590	4c8f4846-6fd2-4a32-8d2e-0ab086d90093	https://symbiota.ccber.ucsb.edu/kummel/2025/9378567037.jpg	no	no	404	HEAD	text/html; charset=utf-8	162	https://symbiota.ccber.ucsb.edu/kummel/2025/9378567037.jpg	30	HTTPError: Not Found
9591	fbca1780-eb4e-416c-8bad-dbcc2f0fed3e	https://symbiota.ccber.ucsb.edu/kummel/2025/9378635611.jpg	no	no	404	HEAD	text/html; charset=utf-8	162	https://symbiota.ccber.ucsb.edu/kummel/2025/9378635611.jpg	28	HTTPError: Not Found
9592	fb0cad63-ed9b-456d-9b28-4fbbda74d4f5	https://symbiota.ccber.ucsb.edu/kummel/2025/9378708109.jpg	no	no	404	HEAD	text/html; charset=utf-8	162	https://symbiota.ccber.ucsb.edu/kummel/2025/9378708109.jpg	27	HTTPError: Not Found
9593	9e7bb901-b24a-4223-a9c9-ddffe6127344	https://symbiota.ccber.ucsb.edu/kummel/2025/9378814091.jpg	no	no	404	HEAD	text/html; charset=utf-8	162	https://symbiota.ccber.ucsb.edu/kummel/2025/9378814091.jpg	33	HTTPError: Not Found
9594	ca6b6ab9-2667-4b00-b14f-6081403564d1	https://symbiota.ccber.ucsb.edu/kummel/2025/9378931641.jpg	no	no	404	HEAD	text/html; charset=utf-8	162	https://symbiota.ccber.ucsb.edu/kummel/2025/9378931641.jpg	26	HTTPError: Not Found
9595	46d31c51-65d8-4da7-a422-400d4d0c1a04	https://symbiota.ccber.ucsb.edu/kummel/2025/9381535768.jpg	no	no	404	HEAD	text/html; charset=utf-8	162	https://symbiota.ccber.ucsb.edu/kummel/2025/9381535768.jpg	38	HTTPError: Not Found
9596	155277e8-8d22-4340-a11e-53561289f170	https://symbiota.ccber.ucsb.edu/kummel/2025/9381654632.jpg	no	no	404	HEAD	text/html; charset=utf-8	162	https://symbiota.ccber.ucsb.edu/kummel/2025/9381654632.jpg	32	HTTPError: Not Found
9597	fed42e54-c885-4683-9d34-2d9e5d51d8ec	https://symbiota.ccber.ucsb.edu/kummel/2025/9381782802.jpg	no	no	404	HEAD	text/html; charset=utf-8	162	https://symbiota.ccber.ucsb.edu/kummel/2025/9381782802.jpg	57	HTTPError: Not Found
9598	cff01474-4ce7-42e5-88e8-fbda35c2e1c9	https://symbiota.ccber.ucsb.edu/kummel/2025/9386599097.jpg	no	no	404	HEAD	text/html; charset=utf-8	162	https://symbiota.ccber.ucsb.edu/kummel/2025/9386599097.jpg	29	HTTPError: Not Found
9599	aa0ed4cc-02c6-4ce8-afc8-a64e1438bb6c	https://symbiota.ccber.ucsb.edu/kummel/2025/9386841197.jpg	no	no	404	HEAD	text/html; charset=utf-8	162	https://symbiota.ccber.ucsb.edu/kummel/2025/9386841197.jpg	46	HTTPError: Not Found
9600	f752eb57-8d80-4106-b613-09fdc1efd923	https://symbiota.ccber.ucsb.edu/kummel/2025/9386903601.jpg	no	no	404	HEAD	text/html; charset=utf-8	162	https://symbiota.ccber.ucsb.edu/kummel/2025/9386903601.jpg	24	HTTPError: Not Found
9601	2aca8f7d-9618-464e-b1b3-1d88f8d6b6bb	https://symbiota.ccber.ucsb.edu/kummel/2025/9387102123.jpg	no	no	404	HEAD	text/html; charset=utf-8	162	https://symbiota.ccber.ucsb.edu/kummel/2025/9387102123.jpg	28	HTTPError: Not Found
9602	04fa54fc-4d26-4b18-aa0d-8da4d0ec8d18	https://symbiota.ccber.ucsb.edu/kummel/2025/9389987340.jpg	no	no	404	HEAD	text/html; charset=utf-8	162	https://symbiota.ccber.ucsb.edu/kummel/2025/9389987340.jpg	45	HTTPError: Not Found
9603	217d4564-f52e-4857-810b-eef783f43f41	https://symbiota.ccber.ucsb.edu/kummel/2025/9390095824.jpg	no	no	404	HEAD	text/html; charset=utf-8	162	https://symbiota.ccber.ucsb.edu/kummel/2025/9390095824.jpg	52	HTTPError: Not Found
9604	c0e774cf-d053-4997-b4dc-92ff446be540	https://symbiota.ccber.ucsb.edu/kummel/2025/9390214432.jpg	no	no	404	HEAD	text/html; charset=utf-8	162	https://symbiota.ccber.ucsb.edu/kummel/2025/9390214432.jpg	74	HTTPError: Not Found
9605	a3508d21-66c8-4d8d-99b2-690adfaad8ee	https://symbiota.ccber.ucsb.edu/kummel/2025/9390313682.jpg	no	no	404	HEAD	text/html; charset=utf-8	162	https://symbiota.ccber.ucsb.edu/kummel/2025/9390313682.jpg	21	HTTPError: Not Found
9606	610bcba9-8725-4895-8536-26d52d7e24a7	https://symbiota.ccber.ucsb.edu/kummel/2025/9395030715.jpg	no	no	404	HEAD	text/html; charset=utf-8	162	https://symbiota.ccber.ucsb.edu/kummel/2025/9395030715.jpg	30	HTTPError: Not Found
9607	8bf479d6-3774-4d2c-b7d9-62b7fb2e01f0	https://symbiota.ccber.ucsb.edu/kummel/2025/9395416823.jpg	no	no	404	HEAD	text/html; charset=utf-8	162	https://symbiota.ccber.ucsb.edu/kummel/2025/9395416823.jpg	30	HTTPError: Not Found
9608	c1eacdca-ecd5-423d-982b-4a3d824ee22a	https://symbiota.ccber.ucsb.edu/kummel/2025/9395548023.jpg	no	no	404	HEAD	text/html; charset=utf-8	162	https://symbiota.ccber.ucsb.edu/kummel/2025/9395548023.jpg	36	HTTPError: Not Found
9609	d2eca00f-22a9-4840-aa86-9a4ac0ebd90d	https://symbiota.ccber.ucsb.edu/kummel/2025/9395607437.jpg	no	no	404	HEAD	text/html; charset=utf-8	162	https://symbiota.ccber.ucsb.edu/kummel/2025/9395607437.jpg	16	HTTPError: Not Found
9610	7c697bda-e7db-495b-b2c9-da32df7824ff	https://symbiota.ccber.ucsb.edu/kummel/2025/9395712487.jpg	no	no	404	HEAD	text/html; charset=utf-8	162	https://symbiota.ccber.ucsb.edu/kummel/2025/9395712487.jpg	34	HTTPError: Not Found
9611	fac77ef6-9f11-40b9-9aaf-5c5b2df5e620	https://symbiota.ccber.ucsb.edu/kummel/2025/9397956932.jpg	no	no	404	HEAD	text/html; charset=utf-8	162	https://symbiota.ccber.ucsb.edu/kummel/2025/9397956932.jpg	23	HTTPError: Not Found
9612	415a2865-419a-4428-878a-d8329f59219a	https://symbiota.ccber.ucsb.edu/kummel/2025/9398032748.jpg	no	no	404	HEAD	text/html; charset=utf-8	162	https://symbiota.ccber.ucsb.edu/kummel/2025/9398032748.jpg	41	HTTPError: Not Found
9613	05ab391d-f4f6-451f-bd3d-e0ae06c0fa92	https://symbiota.ccber.ucsb.edu/kummel/2025/9398137020.jpg	no	no	404	HEAD	text/html; charset=utf-8	162	https://symbiota.ccber.ucsb.edu/kummel/2025/9398137020.jpg	22	HTTPError: Not Found
9614	d6291582-f68c-48cc-a2d7-0bc248ca82d7	https://symbiota.ccber.ucsb.edu/kummel/2025/9402794447.jpg	no	no	404	HEAD	text/html; charset=utf-8	162	https://symbiota.ccber.ucsb.edu/kummel/2025/9402794447.jpg	40	HTTPError: Not Found
9615	83057377-5f30-45f2-b277-d9efbb3ad00a	https://symbiota.ccber.ucsb.edu/kummel/2025/9402941587.jpg	no	no	404	HEAD	text/html; charset=utf-8	162	https://symbiota.ccber.ucsb.edu/kummel/2025/9402941587.jpg	40	HTTPError: Not Found
9616	304d2322-5f4f-4eed-b034-2ef2bf0bef1b	https://symbiota.ccber.ucsb.edu/kummel/2025/9403181053.jpg	no	no	404	HEAD	text/html; charset=utf-8	162	https://symbiota.ccber.ucsb.edu/kummel/2025/9403181053.jpg	35	HTTPError: Not Found
9617	f2bb6ec2-d6a1-4f3a-84a3-049597c1a013	https://symbiota.ccber.ucsb.edu/kummel/2025/9403478917.jpg	no	no	404	HEAD	text/html; charset=utf-8	162	https://symbiota.ccber.ucsb.edu/kummel/2025/9403478917.jpg	19	HTTPError: Not Found
9618	8db312e1-08cd-4cd0-beba-ce000cea9011	https://symbiota.ccber.ucsb.edu/kummel/2025/9405482886.jpg	no	no	404	HEAD	text/html; charset=utf-8	162	https://symbiota.ccber.ucsb.edu/kummel/2025/9405482886.jpg	19	HTTPError: Not Found
9619	2585e5f0-1ccb-4cb2-809d-1a53ea62cb35	https://symbiota.ccber.ucsb.edu/kummel/2025/9405583262.jpg	no	no	404	HEAD	text/html; charset=utf-8	162	https://symbiota.ccber.ucsb.edu/kummel/2025/9405583262.jpg	33	HTTPError: Not Found
9620	4b83f3fc-2573-4575-971e-fbc39cd7c387	https://symbiota.ccber.ucsb.edu/kummel/2025/9405858560.jpg	no	no	404	HEAD	text/html; charset=utf-8	162	https://symbiota.ccber.ucsb.edu/kummel/2025/9405858560.jpg	26	HTTPError: Not Found
9621	2326aab3-2fb7-4526-98ec-d527609b2236	https://symbiota.ccber.ucsb.edu/kummel/2025/9406068888.jpg	no	no	404	HEAD	text/html; charset=utf-8	162	https://symbiota.ccber.ucsb.edu/kummel/2025/9406068888.jpg	63	HTTPError: Not Found
9622	10c95e98-0cd9-4e51-b413-89aec61766a9	https://symbiota.ccber.ucsb.edu/kummel/2025/9410273089.jpg	no	no	404	HEAD	text/html; charset=utf-8	162	https://symbiota.ccber.ucsb.edu/kummel/2025/9410273089.jpg	33	HTTPError: Not Found
9623	cb3f12f1-c523-4aa0-9258-4d78ed3d4810	https://symbiota.ccber.ucsb.edu/kummel/2025/9410589529.jpg	no	no	404	HEAD	text/html; charset=utf-8	162	https://symbiota.ccber.ucsb.edu/kummel/2025/9410589529.jpg	32	HTTPError: Not Found
9624	1b6bb510-660d-40c0-b8ae-62f43a3e037e	https://symbiota.ccber.ucsb.edu/kummel/2025/9410618799.jpg	no	no	404	HEAD	text/html; charset=utf-8	162	https://symbiota.ccber.ucsb.edu/kummel/2025/9410618799.jpg	33	HTTPError: Not Found
9625	52b40253-8525-4182-bb06-a5bfd4a58a56	https://symbiota.ccber.ucsb.edu/kummel/2025/9410835017.jpg	no	no	404	HEAD	text/html; charset=utf-8	162	https://symbiota.ccber.ucsb.edu/kummel/2025/9410835017.jpg	24	HTTPError: Not Found
9626	8eda864e-b5ba-4fa4-9cd4-d3b2fa40c552	https://symbiota.ccber.ucsb.edu/kummel/2025/9413176988.jpg	no	no	404	HEAD	text/html; charset=utf-8	162	https://symbiota.ccber.ucsb.edu/kummel/2025/9413176988.jpg	19	HTTPError: Not Found
9627	ea3428bb-4a23-4832-bd27-117af90ba7cb	https://symbiota.ccber.ucsb.edu/kummel/2025/9413318790.jpg	no	no	404	HEAD	text/html; charset=utf-8	162	https://symbiota.ccber.ucsb.edu/kummel/2025/9413318790.jpg	114	HTTPError: Not Found
9628	20970134-5d40-4f45-be85-b9d5f10c4302	https://symbiota.ccber.ucsb.edu/kummel/2025/9413468546.jpg	no	no	404	HEAD	text/html; charset=utf-8	162	https://symbiota.ccber.ucsb.edu/kummel/2025/9413468546.jpg	111	HTTPError: Not Found
9629	050ae4a2-e0e5-4fea-ad06-307fb874f432	https://symbiota.ccber.ucsb.edu/kummel/2025/9413525324.jpg	no	no	404	HEAD	text/html; charset=utf-8	162	https://symbiota.ccber.ucsb.edu/kummel/2025/9413525324.jpg	20	HTTPError: Not Found
9630	fdf4b259-3bd4-4c1c-a137-15f8cf34b347	https://symbiota.ccber.ucsb.edu/kummel/2025/9416816749.jpg	no	no	404	HEAD	text/html; charset=utf-8	162	https://symbiota.ccber.ucsb.edu/kummel/2025/9416816749.jpg	39	HTTPError: Not Found
9631	abfc1ff7-c137-48d0-b4e8-d1bfb074d885	https://symbiota.ccber.ucsb.edu/kummel/2025/9416874679.jpg	no	no	404	HEAD	text/html; charset=utf-8	162	https://symbiota.ccber.ucsb.edu/kummel/2025/9416874679.jpg	30	HTTPError: Not Found
9632	ac8f495d-5d17-4116-829b-cbd38648a2cf	https://symbiota.ccber.ucsb.edu/kummel/2025/9417093263.jpg	no	no	404	HEAD	text/html; charset=utf-8	162	https://symbiota.ccber.ucsb.edu/kummel/2025/9417093263.jpg	54	HTTPError: Not Found
9633	94373e09-5fa0-45de-93f3-518fd2c5e008	https://symbiota.ccber.ucsb.edu/kummel/2025/9417209731.jpg	no	no	404	HEAD	text/html; charset=utf-8	162	https://symbiota.ccber.ucsb.edu/kummel/2025/9417209731.jpg	34	HTTPError: Not Found
9634	376735d5-1056-411e-98c2-bb84cf3b4ebf	https://symbiota.ccber.ucsb.edu/kummel/2025/9419518786.jpg	no	no	404	HEAD	text/html; charset=utf-8	162	https://symbiota.ccber.ucsb.edu/kummel/2025/9419518786.jpg	27	HTTPError: Not Found
9635	12703e04-b553-4b72-a35f-5fb85d14bc96	https://symbiota.ccber.ucsb.edu/kummel/2025/9419705134.jpg	no	no	404	HEAD	text/html; charset=utf-8	162	https://symbiota.ccber.ucsb.edu/kummel/2025/9419705134.jpg	30	HTTPError: Not Found
9636	20037e52-e10c-4a7c-89e2-93dcd4cfa534	https://symbiota.ccber.ucsb.edu/kummel/2025/9419738600.jpg	no	no	404	HEAD	text/html; charset=utf-8	162	https://symbiota.ccber.ucsb.edu/kummel/2025/9419738600.jpg	26	HTTPError: Not Found
9637	8b7b3c4d-6f19-4094-ba20-0fa21f4f345b	https://symbiota.ccber.ucsb.edu/kummel/2025/9419940550.jpg	no	no	404	HEAD	text/html; charset=utf-8	162	https://symbiota.ccber.ucsb.edu/kummel/2025/9419940550.jpg	21	HTTPError: Not Found
9638	756b2179-2471-4ed7-bf02-c03abe0d012a	https://symbiota.ccber.ucsb.edu/kummel/2025/9423703587.jpg	no	no	404	HEAD	text/html; charset=utf-8	162	https://symbiota.ccber.ucsb.edu/kummel/2025/9423703587.jpg	88	HTTPError: Not Found
9639	4e2a6a86-d0b6-4de7-8c37-1626352a0a4b	https://symbiota.ccber.ucsb.edu/kummel/2025/9423776253.jpg	no	no	404	HEAD	text/html; charset=utf-8	162	https://symbiota.ccber.ucsb.edu/kummel/2025/9423776253.jpg	79	HTTPError: Not Found
9640	02bbaf70-8bd9-4c39-a30d-2557705b9f02	https://symbiota.ccber.ucsb.edu/kummel/2025/9423819769.jpg	no	no	404	HEAD	text/html; charset=utf-8	162	https://symbiota.ccber.ucsb.edu/kummel/2025/9423819769.jpg	27	HTTPError: Not Found
9641	066d5b07-ba23-475c-9205-c781a5352518	https://symbiota.ccber.ucsb.edu/kummel/2025/9423969499.jpg	no	no	404	HEAD	text/html; charset=utf-8	162	https://symbiota.ccber.ucsb.edu/kummel/2025/9423969499.jpg	26	HTTPError: Not Found
9642	b7b790d6-dfb2-45b3-898f-815d670bc499	https://symbiota.ccber.ucsb.edu/kummel/2025/9426219812.jpg	no	no	404	HEAD	text/html; charset=utf-8	162	https://symbiota.ccber.ucsb.edu/kummel/2025/9426219812.jpg	52	HTTPError: Not Found
9643	de289837-a472-4c29-976b-31fd75352f8f	https://symbiota.ccber.ucsb.edu/kummel/2025/9426282304.jpg	no	no	404	HEAD	text/html; charset=utf-8	162	https://symbiota.ccber.ucsb.edu/kummel/2025/9426282304.jpg	29	HTTPError: Not Found
9644	7302a047-4b9a-4f41-bc71-94461b38b8d3	https://symbiota.ccber.ucsb.edu/kummel/2025/9426373436.jpg	no	no	404	HEAD	text/html; charset=utf-8	162	https://symbiota.ccber.ucsb.edu/kummel/2025/9426373436.jpg	31	HTTPError: Not Found
9645	de34bef5-48c0-44db-b5ac-d2ece8a075d1	https://symbiota.ccber.ucsb.edu/kummel/2025/9426626608.jpg	no	no	404	HEAD	text/html; charset=utf-8	162	https://symbiota.ccber.ucsb.edu/kummel/2025/9426626608.jpg	19	HTTPError: Not Found
9646	19c1864c-fd00-4f3a-aef3-d821c2e3942c	https://symbiota.ccber.ucsb.edu/kummel/2025/9656855321.jpg	no	no	404	HEAD	text/html; charset=utf-8	162	https://symbiota.ccber.ucsb.edu/kummel/2025/9656855321.jpg	84	HTTPError: Not Found
9647	47e03b1f-b5b3-49c0-848b-e7cd7f23b137	https://symbiota.ccber.ucsb.edu/kummel/2025/9657213381.jpg	no	no	404	HEAD	text/html; charset=utf-8	162	https://symbiota.ccber.ucsb.edu/kummel/2025/9657213381.jpg	40	HTTPError: Not Found
9648	996fb7d8-21de-4974-ac65-aefa37afba2c	https://symbiota.ccber.ucsb.edu/kummel/2025/9660477954.jpg	no	no	404	HEAD	text/html; charset=utf-8	162	https://symbiota.ccber.ucsb.edu/kummel/2025/9660477954.jpg	27	HTTPError: Not Found
9649	c4642de1-33d0-4d08-b248-e725c0e872b7	https://symbiota.ccber.ucsb.edu/kummel/2025/9665880049.jpg	no	no	404	HEAD	text/html; charset=utf-8	162	https://symbiota.ccber.ucsb.edu/kummel/2025/9665880049.jpg	79	HTTPError: Not Found
9650	52e18967-b728-45e3-bae4-55748bd594d3	https://symbiota.ccber.ucsb.edu/kummel/2025/9665965225.jpg	no	no	404	HEAD	text/html; charset=utf-8	162	https://symbiota.ccber.ucsb.edu/kummel/2025/9665965225.jpg	46	HTTPError: Not Found
9651	ea737753-c257-4ed2-bc6b-294f617878f0	https://symbiota.ccber.ucsb.edu/kummel/2025/9666091011.jpg	no	no	404	HEAD	text/html; charset=utf-8	162	https://symbiota.ccber.ucsb.edu/kummel/2025/9666091011.jpg	28	HTTPError: Not Found
9652	60afdfef-8dff-4cfa-a8c3-0f933a1f37af	https://symbiota.ccber.ucsb.edu/kummel/2025/9666147537.jpg	no	no	404	HEAD	text/html; charset=utf-8	162	https://symbiota.ccber.ucsb.edu/kummel/2025/9666147537.jpg	23	HTTPError: Not Found
9653	832bfa49-5a2d-491e-a4ff-0d097e6e87eb	https://symbiota.ccber.ucsb.edu/kummel/2025/9666249241.jpg	no	no	404	HEAD	text/html; charset=utf-8	162	https://symbiota.ccber.ucsb.edu/kummel/2025/9666249241.jpg	37	HTTPError: Not Found
9654	772d66c2-8fd8-4deb-9d75-96168233cad2	https://symbiota.ccber.ucsb.edu/kummel/2025/9666359281.jpg	no	no	404	HEAD	text/html; charset=utf-8	162	https://symbiota.ccber.ucsb.edu/kummel/2025/9666359281.jpg	18	HTTPError: Not Found
9655	32708b1a-7bd8-486d-b2bb-ed9bf6ad0952	https://symbiota.ccber.ucsb.edu/kummel/2025/9666395113.jpg	no	no	404	HEAD	text/html; charset=utf-8	162	https://symbiota.ccber.ucsb.edu/kummel/2025/9666395113.jpg	34	HTTPError: Not Found
9656	2ae5c70e-d897-4283-a42e-6d2d5a1922f0	https://symbiota.ccber.ucsb.edu/kummel/2025/9669549480.jpg	no	no	404	HEAD	text/html; charset=utf-8	162	https://symbiota.ccber.ucsb.edu/kummel/2025/9669549480.jpg	16	HTTPError: Not Found
9657	5b215d8e-19c0-4a51-9649-92e8ac577166	https://symbiota.ccber.ucsb.edu/kummel/2025/9673837583.jpg	no	no	404	HEAD	text/html; charset=utf-8	162	https://symbiota.ccber.ucsb.edu/kummel/2025/9673837583.jpg	25	HTTPError: Not Found
9658	9286c0f5-f04c-43b3-a5bf-86af1818b63d	https://symbiota.ccber.ucsb.edu/kummel/2025/9674187745.jpg	no	no	404	HEAD	text/html; charset=utf-8	162	https://symbiota.ccber.ucsb.edu/kummel/2025/9674187745.jpg	22	HTTPError: Not Found
9659	fd6609cd-bbbc-4d65-becd-10f9cddb8113	https://symbiota.ccber.ucsb.edu/kummel/2025/9676915056.jpg	no	no	404	HEAD	text/html; charset=utf-8	162	https://symbiota.ccber.ucsb.edu/kummel/2025/9676915056.jpg	30	HTTPError: Not Found
9660	8f671c4e-4133-4018-83ad-a0f7a3c8d926	https://symbiota.ccber.ucsb.edu/kummel/2025/9676948284.jpg	no	no	404	HEAD	text/html; charset=utf-8	162	https://symbiota.ccber.ucsb.edu/kummel/2025/9676948284.jpg	29	HTTPError: Not Found
9661	eae8ca0a-449d-4ccb-be5a-585b99b2b299	https://symbiota.ccber.ucsb.edu/kummel/2025/9677115398.jpg	no	no	404	HEAD	text/html; charset=utf-8	162	https://symbiota.ccber.ucsb.edu/kummel/2025/9677115398.jpg	90	HTTPError: Not Found
9662	de9ecafd-6b7b-4429-93ab-c31bcd35dbe9	https://symbiota.ccber.ucsb.edu/kummel/2025/9677195140.jpg	no	no	404	HEAD	text/html; charset=utf-8	162	https://symbiota.ccber.ucsb.edu/kummel/2025/9677195140.jpg	25	HTTPError: Not Found
9663	62a126a3-252d-49fa-bfdf-2ca0a83e12b5	https://symbiota.ccber.ucsb.edu/kummel/2025/9677224810.jpg	no	no	404	HEAD	text/html; charset=utf-8	162	https://symbiota.ccber.ucsb.edu/kummel/2025/9677224810.jpg	30	HTTPError: Not Found
9664	07e00cb0-7735-4833-ac76-26e7cb53e834	https://symbiota.ccber.ucsb.edu/kummel/2025/9677312564.jpg	no	no	404	HEAD	text/html; charset=utf-8	162	https://symbiota.ccber.ucsb.edu/kummel/2025/9677312564.jpg	19	HTTPError: Not Found
9665	e6b36221-111b-4767-8a00-5a76ea01cd4d	https://symbiota.ccber.ucsb.edu/kummel/2025/9680316145.jpg	no	no	404	HEAD	text/html; charset=utf-8	162	https://symbiota.ccber.ucsb.edu/kummel/2025/9680316145.jpg	23	HTTPError: Not Found
9666	4120e8ad-4d94-4157-a622-da5ead3f4429	https://symbiota.ccber.ucsb.edu/kummel/2025/9680781835.jpg	no	no	404	HEAD	text/html; charset=utf-8	162	https://symbiota.ccber.ucsb.edu/kummel/2025/9680781835.jpg	24	HTTPError: Not Found
9667	d6172e0b-3eb7-407b-8c7d-4ccc3e6c9f7b	https://symbiota.ccber.ucsb.edu/kummel/2025/9680880637.jpg	no	no	404	HEAD	text/html; charset=utf-8	162	https://symbiota.ccber.ucsb.edu/kummel/2025/9680880637.jpg	30	HTTPError: Not Found
9668	77806488-30eb-4834-89d7-d11dce2356c1	https://symbiota.ccber.ucsb.edu/kummel/2025/9683681716.jpg	no	no	404	HEAD	text/html; charset=utf-8	162	https://symbiota.ccber.ucsb.edu/kummel/2025/9683681716.jpg	30	HTTPError: Not Found
9669	9f1d5083-c005-4877-8dd5-0ff21be4f03a	https://symbiota.ccber.ucsb.edu/kummel/2025/9683799236.jpg	no	no	404	HEAD	text/html; charset=utf-8	162	https://symbiota.ccber.ucsb.edu/kummel/2025/9683799236.jpg	31	HTTPError: Not Found
9670	7f077909-07cf-4d21-b5a0-de5d441bcbae	https://symbiota.ccber.ucsb.edu/kummel/2025/9683893680.jpg	no	no	404	HEAD	text/html; charset=utf-8	162	https://symbiota.ccber.ucsb.edu/kummel/2025/9683893680.jpg	33	HTTPError: Not Found
9671	571bd144-3ef5-4dee-bdf5-609035e15416	https://symbiota.ccber.ucsb.edu/kummel/2025/9687358059.jpg	no	no	404	HEAD	text/html; charset=utf-8	162	https://symbiota.ccber.ucsb.edu/kummel/2025/9687358059.jpg	34	HTTPError: Not Found
9672	baefc14a-da20-446a-a983-72b58f2b71f5	https://symbiota.ccber.ucsb.edu/kummel/2025/9687524235.jpg	no	no	404	HEAD	text/html; charset=utf-8	162	https://symbiota.ccber.ucsb.edu/kummel/2025/9687524235.jpg	29	HTTPError: Not Found
9673	3c5e60f7-6279-48c7-bd8f-6d9806a3e3fc	https://symbiota.ccber.ucsb.edu/kummel/2025/9687574795.jpg	no	no	404	HEAD	text/html; charset=utf-8	162	https://symbiota.ccber.ucsb.edu/kummel/2025/9687574795.jpg	29	HTTPError: Not Found
9674	52d72972-ae3e-42c2-87ac-b8c081dc6fae	https://symbiota.ccber.ucsb.edu/kummel/2025/9687801401.jpg	no	no	404	HEAD	text/html; charset=utf-8	162	https://symbiota.ccber.ucsb.edu/kummel/2025/9687801401.jpg	27	HTTPError: Not Found
9675	63b88775-b88c-46fe-a281-04b8606a5cfd	https://symbiota.ccber.ucsb.edu/kummel/2025/9690673448.jpg	no	no	404	HEAD	text/html; charset=utf-8	162	https://symbiota.ccber.ucsb.edu/kummel/2025/9690673448.jpg	20	HTTPError: Not Found
9676	8a44a3fd-c87f-433f-87f2-9d19701fe0ad	https://symbiota.ccber.ucsb.edu/kummel/2025/9690888880.jpg	no	no	404	HEAD	text/html; charset=utf-8	162	https://symbiota.ccber.ucsb.edu/kummel/2025/9690888880.jpg	25	HTTPError: Not Found
9677	6ecf5e2f-c504-4789-9d7e-e9fee98d4c28	https://symbiota.ccber.ucsb.edu/kummel/2025/9698094328.jpg	no	no	404	HEAD	text/html; charset=utf-8	162	https://symbiota.ccber.ucsb.edu/kummel/2025/9698094328.jpg	25	HTTPError: Not Found
9678	8a4f32a1-172b-4eb8-b9eb-c6c1cd2bc602	https://symbiota.ccber.ucsb.edu/kummel/2025/9698164270.jpg	no	no	404	HEAD	text/html; charset=utf-8	162	https://symbiota.ccber.ucsb.edu/kummel/2025/9698164270.jpg	26	HTTPError: Not Found
9679	76e3acde-71b1-460f-9466-7e8bae25aabc	https://symbiota.ccber.ucsb.edu/kummel/2025/9703288525.jpg	no	no	404	HEAD	text/html; charset=utf-8	162	https://symbiota.ccber.ucsb.edu/kummel/2025/9703288525.jpg	36	HTTPError: Not Found
9680	606ea7bc-5116-4fd5-8ed3-50e31f7e0281	https://symbiota.ccber.ucsb.edu/kummel/2025/9703342587.jpg	no	no	404	HEAD	text/html; charset=utf-8	162	https://symbiota.ccber.ucsb.edu/kummel/2025/9703342587.jpg	23	HTTPError: Not Found
9681	9491f2fe-d462-44ee-bf97-584cf4529e79	https://symbiota.ccber.ucsb.edu/kummel/2025/9703711645.jpg	no	no	404	HEAD	text/html; charset=utf-8	162	https://symbiota.ccber.ucsb.edu/kummel/2025/9703711645.jpg	30	HTTPError: Not Found
9682	3e71e188-3003-47db-a518-7f0004a40703	https://symbiota.ccber.ucsb.edu/kummel/2025/9703964173.jpg	no	no	404	HEAD	text/html; charset=utf-8	162	https://symbiota.ccber.ucsb.edu/kummel/2025/9703964173.jpg	29	HTTPError: Not Found
9683	cd91cc59-72f7-46e3-8527-ae54136874c7	https://symbiota.ccber.ucsb.edu/kummel/2025/9706666124.jpg	no	no	404	HEAD	text/html; charset=utf-8	162	https://symbiota.ccber.ucsb.edu/kummel/2025/9706666124.jpg	24	HTTPError: Not Found
9684	5c53b62b-124e-4363-b605-8a9b1ac837a9	https://symbiota.ccber.ucsb.edu/kummel/2025/9706792784.jpg	no	no	404	HEAD	text/html; charset=utf-8	162	https://symbiota.ccber.ucsb.edu/kummel/2025/9706792784.jpg	24	HTTPError: Not Found
9685	fb63a27b-6890-4ed3-ae47-217c0e7d3e70	https://symbiota.ccber.ucsb.edu/kummel/2025/9711187489.jpg	no	no	404	HEAD	text/html; charset=utf-8	162	https://symbiota.ccber.ucsb.edu/kummel/2025/9711187489.jpg	29	HTTPError: Not Found
9686	5d571deb-9c2e-4652-a7eb-7138a56f534a	https://symbiota.ccber.ucsb.edu/kummel/2025/9711325021.jpg	no	no	404	HEAD	text/html; charset=utf-8	162	https://symbiota.ccber.ucsb.edu/kummel/2025/9711325021.jpg	26	HTTPError: Not Found
9687	6754cbec-7a96-486f-8749-b13ecd1af5d9	https://symbiota.ccber.ucsb.edu/kummel/2025/9711362957.jpg	no	no	404	HEAD	text/html; charset=utf-8	162	https://symbiota.ccber.ucsb.edu/kummel/2025/9711362957.jpg	33	HTTPError: Not Found
9688	8f1050f6-cce9-461f-a66a-4365f9477e09	https://symbiota.ccber.ucsb.edu/kummel/2025/9714379008.jpg	no	no	404	HEAD	text/html; charset=utf-8	162	https://symbiota.ccber.ucsb.edu/kummel/2025/9714379008.jpg	29	HTTPError: Not Found
9689	53713a46-2882-47e8-8061-b096b929cb9d	https://symbiota.ccber.ucsb.edu/kummel/2025/9714459036.jpg	no	no	404	HEAD	text/html; charset=utf-8	162	https://symbiota.ccber.ucsb.edu/kummel/2025/9714459036.jpg	39	HTTPError: Not Found
9690	7092b4dd-166c-42ef-a768-a68b85436db9	https://symbiota.ccber.ucsb.edu/kummel/2025/9714732790.jpg	no	no	404	HEAD	text/html; charset=utf-8	162	https://symbiota.ccber.ucsb.edu/kummel/2025/9714732790.jpg	35	HTTPError: Not Found
9691	b7297709-6d20-44d9-a10f-252bc5aa327a	https://symbiota.ccber.ucsb.edu/kummel/2025/9718267853.jpg	no	no	404	HEAD	text/html; charset=utf-8	162	https://symbiota.ccber.ucsb.edu/kummel/2025/9718267853.jpg	19	HTTPError: Not Found
9692	4186b142-032a-4c71-927a-771b6110a488	https://symbiota.ccber.ucsb.edu/kummel/2025/9718318163.jpg	no	no	404	HEAD	text/html; charset=utf-8	162	https://symbiota.ccber.ucsb.edu/kummel/2025/9718318163.jpg	26	HTTPError: Not Found
9693	ab667bb8-17cf-43da-93c0-b69cf7e39a5f	https://symbiota.ccber.ucsb.edu/kummel/2025/9718555849.jpg	no	no	404	HEAD	text/html; charset=utf-8	162	https://symbiota.ccber.ucsb.edu/kummel/2025/9718555849.jpg	25	HTTPError: Not Found
9694	ff60c57d-a85f-4d5c-8494-92cf934fc8b1	https://symbiota.ccber.ucsb.edu/kummel/2025/9718752255.jpg	no	no	404	HEAD	text/html; charset=utf-8	162	https://symbiota.ccber.ucsb.edu/kummel/2025/9718752255.jpg	45	HTTPError: Not Found
9695	d44b0351-ff32-4810-bfc6-5270132c37bd	https://symbiota.ccber.ucsb.edu/kummel/2025/9721612420.jpg	no	no	404	HEAD	text/html; charset=utf-8	162	https://symbiota.ccber.ucsb.edu/kummel/2025/9721612420.jpg	22	HTTPError: Not Found
9696	495c09f3-b2cd-48c5-bd20-9a03d131feec	https://symbiota.ccber.ucsb.edu/kummel/2025/9722085598.jpg	no	no	404	HEAD	text/html; charset=utf-8	162	https://symbiota.ccber.ucsb.edu/kummel/2025/9722085598.jpg	19	HTTPError: Not Found
9697	60d4ebcd-03f6-4225-8369-018237fd5076	https://symbiota.ccber.ucsb.edu/kummel/2025/9725653261.jpg	no	no	404	HEAD	text/html; charset=utf-8	162	https://symbiota.ccber.ucsb.edu/kummel/2025/9725653261.jpg	26	HTTPError: Not Found
9698	259239a1-7bc8-4af7-b732-bfb525a03006	https://symbiota.ccber.ucsb.edu/kummel/2025/9728910872.jpg	no	no	404	HEAD	text/html; charset=utf-8	162	https://symbiota.ccber.ucsb.edu/kummel/2025/9728910872.jpg	25	HTTPError: Not Found
9699	26c9105d-040c-4297-9205-d08e8971af94	https://symbiota.ccber.ucsb.edu/kummel/2025/9728943882.jpg	no	no	404	HEAD	text/html; charset=utf-8	162	https://symbiota.ccber.ucsb.edu/kummel/2025/9728943882.jpg	28	HTTPError: Not Found
9700	42b9c555-2e6c-4f7b-811e-8a732514dcce	https://symbiota.ccber.ucsb.edu/kummel/2025/9729006502.jpg	no	no	404	HEAD	text/html; charset=utf-8	162	https://symbiota.ccber.ucsb.edu/kummel/2025/9729006502.jpg	33	HTTPError: Not Found
9701	cfbb2526-87aa-49b4-8cfb-33e5f7589b51	https://symbiota.ccber.ucsb.edu/kummel/2025/9729110962.jpg	no	no	404	HEAD	text/html; charset=utf-8	162	https://symbiota.ccber.ucsb.edu/kummel/2025/9729110962.jpg	28	HTTPError: Not Found
9702	a81fc80c-0701-42af-b21c-eed1c54ab439	https://symbiota.ccber.ucsb.edu/kummel/2025/9729177600.jpg	no	no	404	HEAD	text/html; charset=utf-8	162	https://symbiota.ccber.ucsb.edu/kummel/2025/9729177600.jpg	37	HTTPError: Not Found
9703	6fd79e0d-1c48-46a7-b992-7243cb7905ec	https://symbiota.ccber.ucsb.edu/kummel/2025/9732793119.jpg	no	no	404	HEAD	text/html; charset=utf-8	162	https://symbiota.ccber.ucsb.edu/kummel/2025/9732793119.jpg	13	HTTPError: Not Found
9704	63323e73-4b15-491b-8603-57c972fe5bc2	https://symbiota.ccber.ucsb.edu/kummel/2025/9735568586.jpg	no	no	404	HEAD	text/html; charset=utf-8	162	https://symbiota.ccber.ucsb.edu/kummel/2025/9735568586.jpg	17	HTTPError: Not Found
9705	24677bac-e374-455a-82bd-80df6e817d10	https://symbiota.ccber.ucsb.edu/kummel/2025/9735665352.jpg	no	no	404	HEAD	text/html; charset=utf-8	162	https://symbiota.ccber.ucsb.edu/kummel/2025/9735665352.jpg	16	HTTPError: Not Found
9706	a5487b92-3f87-4784-b4ee-1dcae478156c	https://symbiota.ccber.ucsb.edu/kummel/2025/9735710238.jpg	no	no	404	HEAD	text/html; charset=utf-8	162	https://symbiota.ccber.ucsb.edu/kummel/2025/9735710238.jpg	19	HTTPError: Not Found
9707	1122afa2-3b72-4ca7-9cb3-f4869c01df29	https://symbiota.ccber.ucsb.edu/kummel/2025/9735820224.jpg	no	no	404	HEAD	text/html; charset=utf-8	162	https://symbiota.ccber.ucsb.edu/kummel/2025/9735820224.jpg	28	HTTPError: Not Found
9708	e53bb430-27d5-41f1-9088-c4e07d86f0e5	https://symbiota.ccber.ucsb.edu/kummel/2025/9735824637.jpg	no	no	404	HEAD	text/html; charset=utf-8	162	https://symbiota.ccber.ucsb.edu/kummel/2025/9735824637.jpg	20	HTTPError: Not Found
9709	28578f92-8a8f-4f06-b477-fb3d1547f179	https://symbiota.ccber.ucsb.edu/kummel/2025/9735899767.jpg	no	no	404	HEAD	text/html; charset=utf-8	162	https://symbiota.ccber.ucsb.edu/kummel/2025/9735899767.jpg	39	HTTPError: Not Found
9710	1692cac8-8285-4196-b3cc-8b1fb3f78a87	https://symbiota.ccber.ucsb.edu/kummel/2025/9735911882.jpg	no	no	404	HEAD	text/html; charset=utf-8	162	https://symbiota.ccber.ucsb.edu/kummel/2025/9735911882.jpg	66	HTTPError: Not Found
9711	459d89b0-49e6-4003-aa6e-70314f3a5d97	https://symbiota.ccber.ucsb.edu/kummel/2025/9736019731.jpg	no	no	404	HEAD	text/html; charset=utf-8	162	https://symbiota.ccber.ucsb.edu/kummel/2025/9736019731.jpg	30	HTTPError: Not Found
9712	0b100ff7-9ffe-49d7-bfaa-faffb27360c4	https://symbiota.ccber.ucsb.edu/kummel/2025/9736071771.jpg	no	no	404	HEAD	text/html; charset=utf-8	162	https://symbiota.ccber.ucsb.edu/kummel/2025/9736071771.jpg	16	HTTPError: Not Found
9713	71432c7f-e341-49d1-ad1b-db214162826b	https://symbiota.ccber.ucsb.edu/kummel/2025/9736187045.jpg	no	no	404	HEAD	text/html; charset=utf-8	162	https://symbiota.ccber.ucsb.edu/kummel/2025/9736187045.jpg	30	HTTPError: Not Found
9714	2b944422-f5be-405d-8d47-ee1e8766b13c	https://symbiota.ccber.ucsb.edu/kummel/2025/9736273823.jpg	no	no	404	HEAD	text/html; charset=utf-8	162	https://symbiota.ccber.ucsb.edu/kummel/2025/9736273823.jpg	24	HTTPError: Not Found
9715	7bed9d68-a045-43c2-9cb1-50db1b6b1759	https://symbiota.ccber.ucsb.edu/kummel/2025/9752764954.jpg	no	no	404	HEAD	text/html; charset=utf-8	162	https://symbiota.ccber.ucsb.edu/kummel/2025/9752764954.jpg	23	HTTPError: Not Found
9716	19a4766f-c312-437d-8517-0c9200633312	https://symbiota.ccber.ucsb.edu/kummel/2025/9752994643.jpg	no	no	404	HEAD	text/html; charset=utf-8	162	https://symbiota.ccber.ucsb.edu/kummel/2025/9752994643.jpg	20	HTTPError: Not Found
9717	2e76a68e-1f61-4adf-bb68-e38fa3a5f4f8	https://symbiota.ccber.ucsb.edu/kummel/2025/9753217673.jpg	no	no	404	HEAD	text/html; charset=utf-8	162	https://symbiota.ccber.ucsb.edu/kummel/2025/9753217673.jpg	27	HTTPError: Not Found
9718	9a108697-4873-4406-b090-0e850ce883ca	https://symbiota.ccber.ucsb.edu/kummel/2025/9753252732.jpg	no	no	404	HEAD	text/html; charset=utf-8	162	https://symbiota.ccber.ucsb.edu/kummel/2025/9753252732.jpg	36	HTTPError: Not Found
9719	766e7246-bc90-4457-b2c3-2d5ddd64ee31	https://symbiota.ccber.ucsb.edu/kummel/2025/9753304535.jpg	no	no	404	HEAD	text/html; charset=utf-8	162	https://symbiota.ccber.ucsb.edu/kummel/2025/9753304535.jpg	20	HTTPError: Not Found
9720	da28bf0a-a2ce-4b9e-869a-4b8860dc03e2	https://symbiota.ccber.ucsb.edu/kummel/2025/9753426092.jpg	no	no	404	HEAD	text/html; charset=utf-8	162	https://symbiota.ccber.ucsb.edu/kummel/2025/9753426092.jpg	37	HTTPError: Not Found
9721	39075989-0ab5-407d-9090-5670891511b1	https://symbiota.ccber.ucsb.edu/kummel/2025/9765550572.jpg	no	no	404	HEAD	text/html; charset=utf-8	162	https://symbiota.ccber.ucsb.edu/kummel/2025/9765550572.jpg	22	HTTPError: Not Found
9722	04a51131-7db1-443b-ba1b-fbb81f36cf37	https://symbiota.ccber.ucsb.edu/kummel/2025/9765833882.jpg	no	no	404	HEAD	text/html; charset=utf-8	162	https://symbiota.ccber.ucsb.edu/kummel/2025/9765833882.jpg	34	HTTPError: Not Found
9723	b4ca9f46-00d5-462d-a73e-ffe0208c2f9b	https://symbiota.ccber.ucsb.edu/kummel/2025/9765846065.jpg	no	no	404	HEAD	text/html; charset=utf-8	162	https://symbiota.ccber.ucsb.edu/kummel/2025/9765846065.jpg	28	HTTPError: Not Found
9724	3d916b7f-cbde-4f13-8f1a-11cffe5a7f7f	https://symbiota.ccber.ucsb.edu/kummel/2025/9766136772.jpg	no	no	404	HEAD	text/html; charset=utf-8	162	https://symbiota.ccber.ucsb.edu/kummel/2025/9766136772.jpg	23	HTTPError: Not Found
9725	0fe8c537-2551-40c7-9ce8-c6d61a572f9b	https://symbiota.ccber.ucsb.edu/kummel/2025/9766534813.jpg	no	no	404	HEAD	text/html; charset=utf-8	162	https://symbiota.ccber.ucsb.edu/kummel/2025/9766534813.jpg	24	HTTPError: Not Found
9726	13806200-a04c-4678-a5da-74be680d5f8a	https://symbiota.ccber.ucsb.edu/kummel/2025/9766614734.jpg	no	no	404	HEAD	text/html; charset=utf-8	162	https://symbiota.ccber.ucsb.edu/kummel/2025/9766614734.jpg	21	HTTPError: Not Found
9727	320e3e4a-e358-472a-8261-2ae8c31f44e8	https://symbiota.ccber.ucsb.edu/kummel/2025/9778928651.jpg	no	no	404	HEAD	text/html; charset=utf-8	162	https://symbiota.ccber.ucsb.edu/kummel/2025/9778928651.jpg	19	HTTPError: Not Found
9728	8a64331b-8a75-47a5-b8c2-5f3253583182	https://symbiota.ccber.ucsb.edu/kummel/2025/9779075111.jpg	no	no	404	HEAD	text/html; charset=utf-8	162	https://symbiota.ccber.ucsb.edu/kummel/2025/9779075111.jpg	31	HTTPError: Not Found
9729	59065328-3bf8-427c-b0b2-223c39aecaec	https://symbiota.ccber.ucsb.edu/kummel/2025/9779529713.jpg	no	no	404	HEAD	text/html; charset=utf-8	162	https://symbiota.ccber.ucsb.edu/kummel/2025/9779529713.jpg	28	HTTPError: Not Found
9730	893c7683-3fb4-4a75-9eba-84139b9a81f7	https://symbiota.ccber.ucsb.edu/kummel/2025/9779690113.jpg	no	no	404	HEAD	text/html; charset=utf-8	162	https://symbiota.ccber.ucsb.edu/kummel/2025/9779690113.jpg	20	HTTPError: Not Found
9731	085ac323-1858-45de-b709-ae5895ebc4dd	https://symbiota.ccber.ucsb.edu/kummel/2025/9779713624.jpg	no	no	404	HEAD	text/html; charset=utf-8	162	https://symbiota.ccber.ucsb.edu/kummel/2025/9779713624.jpg	49	HTTPError: Not Found
9732	3854766f-74a8-4d96-ad1d-0c1d4117b8b1	https://symbiota.ccber.ucsb.edu/kummel/2025/9779867676.jpg	no	no	404	HEAD	text/html; charset=utf-8	162	https://symbiota.ccber.ucsb.edu/kummel/2025/9779867676.jpg	41	HTTPError: Not Found
9733	e5a48775-e6dd-4d64-8d40-281f9c750569	https://symbiota.ccber.ucsb.edu/kummel/2025/9792500363.jpg	no	no	404	HEAD	text/html; charset=utf-8	162	https://symbiota.ccber.ucsb.edu/kummel/2025/9792500363.jpg	41	HTTPError: Not Found
9734	9f72f22f-fab5-4008-a9e9-74bc523016b0	https://symbiota.ccber.ucsb.edu/kummel/2025/9792844843.jpg	no	no	404	HEAD	text/html; charset=utf-8	162	https://symbiota.ccber.ucsb.edu/kummel/2025/9792844843.jpg	28	HTTPError: Not Found
9735	6e516c52-c1a4-43b8-8917-6d28805a9ade	https://symbiota.ccber.ucsb.edu/kummel/2025/9792901934.jpg	no	no	404	HEAD	text/html; charset=utf-8	162	https://symbiota.ccber.ucsb.edu/kummel/2025/9792901934.jpg	18	HTTPError: Not Found
9736	4b084b92-1866-48c1-8ebb-44b93e580f60	https://symbiota.ccber.ucsb.edu/kummel/2025/9793106185.jpg	no	no	404	HEAD	text/html; charset=utf-8	162	https://symbiota.ccber.ucsb.edu/kummel/2025/9793106185.jpg	28	HTTPError: Not Found
9737	b671da0f-59cd-4d4c-a3c2-fee5d274c382	https://symbiota.ccber.ucsb.edu/kummel/2025/9793232235.jpg	no	no	404	HEAD	text/html; charset=utf-8	162	https://symbiota.ccber.ucsb.edu/kummel/2025/9793232235.jpg	17	HTTPError: Not Found
9738	69549a55-774a-4a96-8f51-b64448695763	https://symbiota.ccber.ucsb.edu/kummel/2025/9793415653.jpg	no	no	404	HEAD	text/html; charset=utf-8	162	https://symbiota.ccber.ucsb.edu/kummel/2025/9793415653.jpg	28	HTTPError: Not Found
9739	9adf7dfb-4488-41af-95fe-ddeafa06efbb	https://symbiota.ccber.ucsb.edu/kummel/2025/9810041754.jpg	no	no	404	HEAD	text/html; charset=utf-8	162	https://symbiota.ccber.ucsb.edu/kummel/2025/9810041754.jpg	23	HTTPError: Not Found
9740	572e5394-76ba-4176-91ab-f778b6c0ebb0	https://symbiota.ccber.ucsb.edu/kummel/2025/9810341874.jpg	no	no	404	HEAD	text/html; charset=utf-8	162	https://symbiota.ccber.ucsb.edu/kummel/2025/9810341874.jpg	33	HTTPError: Not Found
9741	f1801205-e0fb-4ac9-b381-ddde7eb26536	https://symbiota.ccber.ucsb.edu/kummel/2025/9810471435.jpg	no	no	404	HEAD	text/html; charset=utf-8	162	https://symbiota.ccber.ucsb.edu/kummel/2025/9810471435.jpg	34	HTTPError: Not Found
9742	8674283e-7d9a-44f7-9ce4-e2333b364491	https://symbiota.ccber.ucsb.edu/kummel/2025/9810575955.jpg	no	no	404	HEAD	text/html; charset=utf-8	162	https://symbiota.ccber.ucsb.edu/kummel/2025/9810575955.jpg	35	HTTPError: Not Found
9743	4ed7602a-7a40-438e-a579-a795a7a4c77c	https://symbiota.ccber.ucsb.edu/kummel/2025/9810847276.jpg	no	no	404	HEAD	text/html; charset=utf-8	162	https://symbiota.ccber.ucsb.edu/kummel/2025/9810847276.jpg	25	HTTPError: Not Found
9744	63380f4c-0c6c-4612-93f6-a487fad58187	https://symbiota.ccber.ucsb.edu/kummel/2025/9811076363.jpg	no	no	404	HEAD	text/html; charset=utf-8	162	https://symbiota.ccber.ucsb.edu/kummel/2025/9811076363.jpg	25	HTTPError: Not Found
9745	2fdde3de-91a1-4f1e-8002-e7c5ec7a00dd	https://symbiota.ccber.ucsb.edu/kummel/2025/9827614434.jpg	no	no	404	HEAD	text/html; charset=utf-8	162	https://symbiota.ccber.ucsb.edu/kummel/2025/9827614434.jpg	27	HTTPError: Not Found
9746	88817593-9458-4256-90f6-cfe861ecded0	https://symbiota.ccber.ucsb.edu/kummel/2025/9827777416.jpg	no	no	404	HEAD	text/html; charset=utf-8	162	https://symbiota.ccber.ucsb.edu/kummel/2025/9827777416.jpg	28	HTTPError: Not Found
9747	eaeea071-094e-4086-90b6-61193a1ca849	https://symbiota.ccber.ucsb.edu/kummel/2025/9827861194.jpg	no	no	404	HEAD	text/html; charset=utf-8	162	https://symbiota.ccber.ucsb.edu/kummel/2025/9827861194.jpg	22	HTTPError: Not Found
9748	bfe857a2-50a8-4afa-aecb-e92a1a7030e4	https://symbiota.ccber.ucsb.edu/kummel/2025/9828141413.jpg	no	no	404	HEAD	text/html; charset=utf-8	162	https://symbiota.ccber.ucsb.edu/kummel/2025/9828141413.jpg	28	HTTPError: Not Found
9749	0a5dfeda-63e8-4a50-aa05-70189238265d	https://symbiota.ccber.ucsb.edu/kummel/2025/9828497685.jpg	no	no	404	HEAD	text/html; charset=utf-8	162	https://symbiota.ccber.ucsb.edu/kummel/2025/9828497685.jpg	31	HTTPError: Not Found
9750	a9922f71-c852-43ce-a6b4-f13d42202d70	https://symbiota.ccber.ucsb.edu/kummel/2025/9828709216.jpg	no	no	404	HEAD	text/html; charset=utf-8	162	https://symbiota.ccber.ucsb.edu/kummel/2025/9828709216.jpg	31	HTTPError: Not Found
9751	cc745946-3652-46b2-867c-65363a662702	https://symbiota.ccber.ucsb.edu/kummel/2025/9857140866.jpg	no	no	404	HEAD	text/html; charset=utf-8	162	https://symbiota.ccber.ucsb.edu/kummel/2025/9857140866.jpg	34	HTTPError: Not Found
9752	a70af6ed-f81a-4c62-845f-c932f54794cf	https://symbiota.ccber.ucsb.edu/kummel/2025/9857327446.jpg	no	no	404	HEAD	text/html; charset=utf-8	162	https://symbiota.ccber.ucsb.edu/kummel/2025/9857327446.jpg	48	HTTPError: Not Found
9753	f81ce79c-0d24-44f4-922d-c3e8e917279b	https://symbiota.ccber.ucsb.edu/kummel/2025/9864429165.jpg	no	no	404	HEAD	text/html; charset=utf-8	162	https://symbiota.ccber.ucsb.edu/kummel/2025/9864429165.jpg	47	HTTPError: Not Found
9754	67d3f800-39f2-4331-a0fc-954b21f8df23	https://symbiota.ccber.ucsb.edu/kummel/2025/9864906036.jpg	no	no	404	HEAD	text/html; charset=utf-8	162	https://symbiota.ccber.ucsb.edu/kummel/2025/9864906036.jpg	47	HTTPError: Not Found
9755	bf65b020-f274-4911-b27b-ed1b23459fc1	https://symbiota.ccber.ucsb.edu/kummel/2025/9865150984.jpg	no	no	404	HEAD	text/html; charset=utf-8	162	https://symbiota.ccber.ucsb.edu/kummel/2025/9865150984.jpg	28	HTTPError: Not Found
9756	fc5768c0-d486-448b-8168-bf62265d176e	https://symbiota.ccber.ucsb.edu/kummel/2025/9865550836.jpg	no	no	404	HEAD	text/html; charset=utf-8	162	https://symbiota.ccber.ucsb.edu/kummel/2025/9865550836.jpg	20	HTTPError: Not Found
9757	c1e5d191-5c14-4de8-a54e-d84e713feaa9	https://symbiota.ccber.ucsb.edu/kummel/2025/9865821594.jpg	no	no	404	HEAD	text/html; charset=utf-8	162	https://symbiota.ccber.ucsb.edu/kummel/2025/9865821594.jpg	46	HTTPError: Not Found
9758	681888cc-2769-4ac3-8951-5a0a223660ff	https://symbiota.ccber.ucsb.edu/kummel/2025/9884268856.jpg	no	no	404	HEAD	text/html; charset=utf-8	162	https://symbiota.ccber.ucsb.edu/kummel/2025/9884268856.jpg	45	HTTPError: Not Found
9759	43db74b7-af6e-498f-8dea-dea730778a96	https://symbiota.ccber.ucsb.edu/kummel/2025/9884517063.jpg	no	no	404	HEAD	text/html; charset=utf-8	162	https://symbiota.ccber.ucsb.edu/kummel/2025/9884517063.jpg	43	HTTPError: Not Found
9760	ab4d7e12-f042-40f1-8306-d81b9b47d057	https://symbiota.ccber.ucsb.edu/kummel/2025/9884755694.jpg	no	no	404	HEAD	text/html; charset=utf-8	162	https://symbiota.ccber.ucsb.edu/kummel/2025/9884755694.jpg	49	HTTPError: Not Found
9761	04be4a1d-e306-4404-bb1f-7b826cb5451f	https://symbiota.ccber.ucsb.edu/kummel/2025/9885153076.jpg	no	no	404	HEAD	text/html; charset=utf-8	162	https://symbiota.ccber.ucsb.edu/kummel/2025/9885153076.jpg	22	HTTPError: Not Found
9762	cc1f0c0c-3cdb-4f4e-bce6-c47c7c001726	https://symbiota.ccber.ucsb.edu/kummel/2025/9885360495.jpg	no	no	404	HEAD	text/html; charset=utf-8	162	https://symbiota.ccber.ucsb.edu/kummel/2025/9885360495.jpg	26	HTTPError: Not Found
9763	fbc0ba45-fd7c-4f47-8be7-07e7191c1ec1	https://symbiota.ccber.ucsb.edu/kummel/2025/9885597776.jpg	no	no	404	HEAD	text/html; charset=utf-8	162	https://symbiota.ccber.ucsb.edu/kummel/2025/9885597776.jpg	35	HTTPError: Not Found
9764	36202110-99f2-4e0a-8158-3c33a95df7a1	https://symbiota.ccber.ucsb.edu/kummel/2025/9905682516.jpg	no	no	404	HEAD	text/html; charset=utf-8	162	https://symbiota.ccber.ucsb.edu/kummel/2025/9905682516.jpg	35	HTTPError: Not Found
9765	1c9b0de6-9835-4d6e-b45e-487dcab5039a	https://symbiota.ccber.ucsb.edu/kummel/2025/9905940513.jpg	no	no	404	HEAD	text/html; charset=utf-8	162	https://symbiota.ccber.ucsb.edu/kummel/2025/9905940513.jpg	35	HTTPError: Not Found
9766	252081d1-c3c6-4c40-8597-55bd223f0a77	https://symbiota.ccber.ucsb.edu/kummel/2025/9906032064.jpg	no	no	404	HEAD	text/html; charset=utf-8	162	https://symbiota.ccber.ucsb.edu/kummel/2025/9906032064.jpg	30	HTTPError: Not Found
9767	881f755a-2a4d-4dba-a174-e7ec2fa9ae2e	https://symbiota.ccber.ucsb.edu/kummel/2025/9906354855.jpg	no	no	404	HEAD	text/html; charset=utf-8	162	https://symbiota.ccber.ucsb.edu/kummel/2025/9906354855.jpg	47	HTTPError: Not Found
9768	73e86e77-2c4e-4861-9692-db1695999c5c	https://symbiota.ccber.ucsb.edu/kummel/2025/9906538224.jpg	no	no	404	HEAD	text/html; charset=utf-8	162	https://symbiota.ccber.ucsb.edu/kummel/2025/9906538224.jpg	33	HTTPError: Not Found
9769	95a5bbc9-07e3-4cda-be46-6a3dddad09aa	https://symbiota.ccber.ucsb.edu/kummel/2025/9906805313.jpg	no	no	404	HEAD	text/html; charset=utf-8	162	https://symbiota.ccber.ucsb.edu/kummel/2025/9906805313.jpg	104	HTTPError: Not Found
9770	930087b1-ffc6-495b-9633-98fd173231f1	https://symbiota.ccber.ucsb.edu/kummel/2025/9924635864.jpg	no	no	404	HEAD	text/html; charset=utf-8	162	https://symbiota.ccber.ucsb.edu/kummel/2025/9924635864.jpg	104	HTTPError: Not Found
9771	ef8e03dd-8592-413f-88f1-72c49f7e9cb9	https://symbiota.ccber.ucsb.edu/kummel/2025/9924643973.jpg	no	no	404	HEAD	text/html; charset=utf-8	162	https://symbiota.ccber.ucsb.edu/kummel/2025/9924643973.jpg	29	HTTPError: Not Found
9772	8d016065-29df-4af2-8c5d-6d4c0ef63867	https://symbiota.ccber.ucsb.edu/kummel/2025/9925323486.jpg	no	no	404	HEAD	text/html; charset=utf-8	162	https://symbiota.ccber.ucsb.edu/kummel/2025/9925323486.jpg	25	HTTPError: Not Found
9773	1cdbfdab-f812-4452-932e-fbdf795a971e	https://symbiota.ccber.ucsb.edu/kummel/2025/9925672394.jpg	no	no	404	HEAD	text/html; charset=utf-8	162	https://symbiota.ccber.ucsb.edu/kummel/2025/9925672394.jpg	27	HTTPError: Not Found
9774	c1a4b985-d58b-43eb-82a5-7d5fd09fd025	https://symbiota.ccber.ucsb.edu/kummel/2025/9925690873.jpg	no	no	404	HEAD	text/html; charset=utf-8	162	https://symbiota.ccber.ucsb.edu/kummel/2025/9925690873.jpg	33	HTTPError: Not Found
9775	8f657650-e976-41e3-a113-d12ef2686731	https://symbiota.ccber.ucsb.edu/kummel/2025/9925876044.jpg	no	no	404	HEAD	text/html; charset=utf-8	162	https://symbiota.ccber.ucsb.edu/kummel/2025/9925876044.jpg	24	HTTPError: Not Found
9776	dbe78804-181f-4762-8269-66c8c3f2776c	https://symbiota.ccber.ucsb.edu/kummel/2025/9941617626.jpg	no	no	404	HEAD	text/html; charset=utf-8	162	https://symbiota.ccber.ucsb.edu/kummel/2025/9941617626.jpg	35	HTTPError: Not Found
9777	d9bb37df-7e4a-4a36-bfe1-913b86ac2fce	https://symbiota.ccber.ucsb.edu/kummel/2025/9941737996.jpg	no	no	404	HEAD	text/html; charset=utf-8	162	https://symbiota.ccber.ucsb.edu/kummel/2025/9941737996.jpg	40	HTTPError: Not Found
9778	f02655ad-57be-429a-bf1e-cf173efb0d6b	https://symbiota.ccber.ucsb.edu/kummel/2025/9941873605.jpg	no	no	404	HEAD	text/html; charset=utf-8	162	https://symbiota.ccber.ucsb.edu/kummel/2025/9941873605.jpg	37	HTTPError: Not Found
9779	e8361595-b0bc-4b08-a1d1-e7777f5947a5	https://symbiota.ccber.ucsb.edu/kummel/2025/9941974515.jpg	no	no	404	HEAD	text/html; charset=utf-8	162	https://symbiota.ccber.ucsb.edu/kummel/2025/9941974515.jpg	32	HTTPError: Not Found
9780	c2987731-7b6e-4612-bc71-9f98b1e43189	https://symbiota.ccber.ucsb.edu/kummel/2025/9942310984.jpg	no	no	404	HEAD	text/html; charset=utf-8	162	https://symbiota.ccber.ucsb.edu/kummel/2025/9942310984.jpg	31	HTTPError: Not Found
9781	0bdabf68-8987-4ba4-9309-3697a7c50c0d	https://symbiota.ccber.ucsb.edu/kummel/2025/9942480074.jpg	no	no	404	HEAD	text/html; charset=utf-8	162	https://symbiota.ccber.ucsb.edu/kummel/2025/9942480074.jpg	27	HTTPError: Not Found
9782	63891831-f114-409b-b05e-c7701b6b5033	https://symbiota.ccber.ucsb.edu/kummel/2025/9958625715.jpg	no	no	404	HEAD	text/html; charset=utf-8	162	https://symbiota.ccber.ucsb.edu/kummel/2025/9958625715.jpg	16	HTTPError: Not Found
9783	084c8f69-72c4-480d-b7b9-c1e11e31c847	https://symbiota.ccber.ucsb.edu/kummel/2025/9958636163.jpg	no	no	404	HEAD	text/html; charset=utf-8	162	https://symbiota.ccber.ucsb.edu/kummel/2025/9958636163.jpg	22	HTTPError: Not Found
9784	71d16f28-9781-4845-a757-8a98aa08d035	https://symbiota.ccber.ucsb.edu/kummel/2025/9958841146.jpg	no	no	404	HEAD	text/html; charset=utf-8	162	https://symbiota.ccber.ucsb.edu/kummel/2025/9958841146.jpg	31	HTTPError: Not Found
9785	fdf62e7d-7801-441d-a0cc-f600a5e9b785	https://symbiota.ccber.ucsb.edu/kummel/2025/9972931533.jpg	no	no	404	HEAD	text/html; charset=utf-8	162	https://symbiota.ccber.ucsb.edu/kummel/2025/9972931533.jpg	13	HTTPError: Not Found
9786	879a5bb8-b334-4b89-8916-1c6286b71947	https://symbiota.ccber.ucsb.edu/kummel/2025/9973007043.jpg	no	no	404	HEAD	text/html; charset=utf-8	162	https://symbiota.ccber.ucsb.edu/kummel/2025/9973007043.jpg	14	HTTPError: Not Found
9787	78ab7a04-1619-49d6-9e9a-04a7bd2a70f5	https://symbiota.ccber.ucsb.edu/kummel/2025/9973040116.jpg	no	no	404	HEAD	text/html; charset=utf-8	162	https://symbiota.ccber.ucsb.edu/kummel/2025/9973040116.jpg	30	HTTPError: Not Found
9788	400b02c4-0b88-4667-84b6-8dddcad22664	https://symbiota.ccber.ucsb.edu/kummel/2025/9973097215.jpg	no	no	404	HEAD	text/html; charset=utf-8	162	https://symbiota.ccber.ucsb.edu/kummel/2025/9973097215.jpg	31	HTTPError: Not Found
9789	ac5c55e8-94fb-4646-97fc-9a1c3a12b8c5	https://symbiota.ccber.ucsb.edu/kummel/2025/9973402664.jpg	no	no	404	HEAD	text/html; charset=utf-8	162	https://symbiota.ccber.ucsb.edu/kummel/2025/9973402664.jpg	31	HTTPError: Not Found
9790	b1321ae3-d2be-4e1d-a068-5f5ef9fc17b1	https://symbiota.ccber.ucsb.edu/kummel/2025/9973592864.jpg	no	no	404	HEAD	text/html; charset=utf-8	162	https://symbiota.ccber.ucsb.edu/kummel/2025/9973592864.jpg	16	HTTPError: Not Found
9791	c622a1a2-51a4-46dd-bf60-d966f73ac7b5	https://symbiota.ccber.ucsb.edu/kummel/2025/9973800694.jpg	no	no	404	HEAD	text/html; charset=utf-8	162	https://symbiota.ccber.ucsb.edu/kummel/2025/9973800694.jpg	14	HTTPError: Not Found
9792	cfa38897-d33b-4612-a438-ac8fa6e525f3	https://symbiota.ccber.ucsb.edu/kummel/2025/9974173543.jpg	no	no	404	HEAD	text/html; charset=utf-8	162	https://symbiota.ccber.ucsb.edu/kummel/2025/9974173543.jpg	57	HTTPError: Not Found
9793	3471566e-6b49-4b0c-8b23-23b9ea042581	https://symbiota.ccber.ucsb.edu/kummel/2025/9974280395.jpg	no	no	404	HEAD	text/html; charset=utf-8	162	https://symbiota.ccber.ucsb.edu/kummel/2025/9974280395.jpg	64	HTTPError: Not Found
