line	occurrenceID	status	identifier	filename	photo_id	found_on_flickr	lookup_status	flickr_page	static_flickr_url	thumbnail_url	title	author_name	license	elapsed_ms	error
7442	e805e4cd-bef6-4e1c-8e75-60c5ea619698	404	https://symbiota.ccber.ucsb.edu/kummel/2026/7612632098.jpg	7612632098.jpg	7612632098	yes	200	https://www.flickr.com/photos/treebeard/7612632098/	https://live.staticflickr.com/8159/7612632098_b2f8df3f99_c.jpg	https://live.staticflickr.com/8159/7612632098_b2f8df3f99_q.jpg	Perfectly camouflaged Ambush Bug (Phymatidae, Hemiptera) on new summer flowers of California Buckwheat (Eriogonum fasciculatum, Polygonaceae) - probably Pacific Ambush Bug (Phymata pacifica)	Treebeard	All Rights Reserved	421	
7443	ce086965-5f5a-43fa-afee-27b062777cc8	404	https://symbiota.ccber.ucsb.edu/kummel/2026/7612705248.jpg	7612705248.jpg	7612705248	yes	200	https://www.flickr.com/photos/treebeard/7612705248/	https://live.staticflickr.com/8164/7612705248_097a9800cb_c.jpg	https://live.staticflickr.com/8164/7612705248_097a9800cb_q.jpg	Ambush Bug (Phymatidae, Hemiptera) with much-larger Cabbage White (Pieris rapae) butterfly	Treebeard	All Rights Reserved	430	
7444	29b8fd28-61b2-4794-831d-fe79e34eccd5	404	https://symbiota.ccber.ucsb.edu/kummel/2026/7612769340.jpg	7612769340.jpg	7612769340	yes	200	https://www.flickr.com/photos/treebeard/7612769340/	https://live.staticflickr.com/7126/7612769340_7f2f0378ce_c.jpg	https://live.staticflickr.com/7126/7612769340_7f2f0378ce_q.jpg	Ambush Bug (Phymatidae, Hemiptera) with much-larger Cabbage White (Pieris rapae) butterfly	Treebeard	All Rights Reserved	395	
7445	2a6a53e3-dc7d-4102-b07c-c56aa12d13ba	404	https://symbiota.ccber.ucsb.edu/kummel/2026/7624466542.jpg	7624466542.jpg	7624466542	yes	200	https://www.flickr.com/photos/treebeard/7624466542/	https://live.staticflickr.com/7114/7624466542_efe6dafd3e_b.jpg	https://live.staticflickr.com/7114/7624466542_efe6dafd3e_q.jpg	New growth of Salt Grass (Distichlis spicata, Poacea) on the beach	Treebeard	All Rights Reserved	421	
7446	f5b642b6-8dd5-4192-819d-bb559fb6130a	404	https://symbiota.ccber.ucsb.edu/kummel/2026/7624574818.jpg	7624574818.jpg	7624574818	yes	200	https://www.flickr.com/photos/treebeard/7624574818/	https://live.staticflickr.com/8141/7624574818_91a63e78fe_c.jpg	https://live.staticflickr.com/8141/7624574818_91a63e78fe_q.jpg	Flower heads of Sneezeweed (Helenium puberulum, Asteraceae)	Treebeard	All Rights Reserved	421	
7447	d973094e-0f39-4435-bf03-9b4010b5419b	404	https://symbiota.ccber.ucsb.edu/kummel/2026/7624625176.jpg	7624625176.jpg	7624625176	yes	200	https://www.flickr.com/photos/treebeard/7624625176/	https://live.staticflickr.com/8141/7624625176_0a1dd76029_c.jpg	https://live.staticflickr.com/8141/7624625176_0a1dd76029_q.jpg	Sticky Baccharis (Baccharis douglasii, Asteraceae) near the beach	Treebeard	All Rights Reserved	404	
7448	a4cea56b-0457-42e2-be72-a2d41f3ab460	404	https://symbiota.ccber.ucsb.edu/kummel/2026/7624807448.jpg	7624807448.jpg	7624807448	yes	200	https://www.flickr.com/photos/treebeard/7624807448/	https://live.staticflickr.com/7272/7624807448_1a9c1c5fca_c.jpg	https://live.staticflickr.com/7272/7624807448_1a9c1c5fca_q.jpg	Complicated flowers of Narrow-leaved Milkweed (Asclepias fascicularis, Asclepiadaceae)	Treebeard	All Rights Reserved	245	
7449	e8805cce-2dc5-4927-a549-3a8ad6bbdb99	404	https://symbiota.ccber.ucsb.edu/kummel/2026/7625671542.jpg	7625671542.jpg	7625671542	yes	200	https://www.flickr.com/photos/treebeard/7625671542/	https://live.staticflickr.com/7139/7625671542_a1c55b2640_b.jpg	https://live.staticflickr.com/7139/7625671542_a1c55b2640_q.jpg	Bristly new seeds of native Narrowleaf Bedstraw (Galium angustifolium, Rubiaceae)	Treebeard	All Rights Reserved	115	
7450	5e9173a6-eb37-4a0e-90d2-a5d59e8035eb	404	https://symbiota.ccber.ucsb.edu/kummel/2026/7625757774.jpg	7625757774.jpg	7625757774	yes	200	https://www.flickr.com/photos/treebeard/7625757774/	https://live.staticflickr.com/7115/7625757774_dac97866a8_c.jpg	https://live.staticflickr.com/7115/7625757774_dac97866a8_q.jpg	Carpenter Bee (Xylocopa, Anthophoridae, Hymenoptera) on Branching Phacelia (Phacelia ramosissima var. latifolia, Hydrophyllaceae)	Treebeard	All Rights Reserved	137	
7451	bd87f5e6-2985-4107-961a-11ad635fc306	404	https://symbiota.ccber.ucsb.edu/kummel/2026/7625839694.jpg	7625839694.jpg	7625839694	yes	200	https://www.flickr.com/photos/treebeard/7625839694/	https://live.staticflickr.com/7116/7625839694_81c9a7a901_c.jpg	https://live.staticflickr.com/7116/7625839694_81c9a7a901_q.jpg	Beautiful little Wild Bee (Anthophila, Hymenoptera) warming up on a new Aster flower in the Asteraceae	Treebeard	All Rights Reserved	123	
7452	caec67d0-57d9-49be-8016-2558044b257b	404	https://symbiota.ccber.ucsb.edu/kummel/2026/7625914896.jpg	7625914896.jpg	7625914896	yes	200	https://www.flickr.com/photos/treebeard/7625914896/	https://live.staticflickr.com/8009/7625914896_002dc36157_c.jpg	https://live.staticflickr.com/8009/7625914896_002dc36157_q.jpg	Anna's Hummingbird (Calypte anna) cleaning its toes in the garden	Treebeard	All Rights Reserved	127	
7453	2254c4e6-3e0c-4f31-aff4-da0b615335ad	404	https://symbiota.ccber.ucsb.edu/kummel/2026/7626042112.jpg	7626042112.jpg	7626042112	yes	200	https://www.flickr.com/photos/treebeard/7626042112/	https://live.staticflickr.com/8421/7626042112_d6731f8feb_c.jpg	https://live.staticflickr.com/8421/7626042112_d6731f8feb_q.jpg	Drone Fly (Eristalis tenax, Syrphidae, Diptera) on non-native Butterfly Bush (Buddleia davidii)	Treebeard	All Rights Reserved	119	
7454	a39bc9e9-4940-41ce-bea9-11bb8311c280	404	https://symbiota.ccber.ucsb.edu/kummel/2026/7626125114.jpg	7626125114.jpg	7626125114	yes	200	https://www.flickr.com/photos/treebeard/7626125114/	https://live.staticflickr.com/8290/7626125114_7c989522a5_b.jpg	https://live.staticflickr.com/8290/7626125114_7c989522a5_q.jpg	"Amazing proboscis of ""true bug"" Closterocoris amoenus (Miridae, Hemiptera) on Squash (Cucurbita) flowers"	Treebeard	All Rights Reserved	118	
7455	13491e61-f2af-47d8-8394-2fe43c50ac4d	404	https://symbiota.ccber.ucsb.edu/kummel/2026/7626311566.jpg	7626311566.jpg	7626311566	yes	200	https://www.flickr.com/photos/treebeard/7626311566/	https://live.staticflickr.com/7280/7626311566_42f01c3eb6_c.jpg	https://live.staticflickr.com/7280/7626311566_42f01c3eb6_q.jpg	Spider Wasp (Pompilidae, Hymenoptera) with spider prey	Treebeard	All Rights Reserved	133	
7456	808b0e5a-be65-40d6-bb4d-87789de97bee	404	https://symbiota.ccber.ucsb.edu/kummel/2026/7626395282.jpg	7626395282.jpg	7626395282	yes	200	https://www.flickr.com/photos/treebeard/7626395282/	https://live.staticflickr.com/7123/7626395282_0be03d929f_c.jpg	https://live.staticflickr.com/7123/7626395282_0be03d929f_q.jpg	Common Checkered-Skipper (Pyrgus communis) butterfly on English Lavender (Lavandula angustifolia, Lamiaceae)	Treebeard	All Rights Reserved	128	
7457	72443c0e-76c5-43ce-bd20-2a35074e800b	404	https://symbiota.ccber.ucsb.edu/kummel/2026/7633432656.jpg	7633432656.jpg	7633432656	yes	200	https://www.flickr.com/photos/treebeard/7633432656/	https://live.staticflickr.com/7136/7633432656_df207fe728_b.jpg	https://live.staticflickr.com/7136/7633432656_df207fe728_q.jpg	Female California Dogface (Colias eurydice) butterfly on Purple Coneflower (Echinaceae purpurea, Asteraceae)	Treebeard	All Rights Reserved	143	
7458	48cee66f-7953-4021-9d00-8da9e38ecfca	404	https://symbiota.ccber.ucsb.edu/kummel/2026/7633479732.jpg	7633479732.jpg	7633479732	yes	200	https://www.flickr.com/photos/treebeard/7633479732/	https://live.staticflickr.com/8430/7633479732_a0a3c8bb8a_b.jpg	https://live.staticflickr.com/8430/7633479732_a0a3c8bb8a_q.jpg	American Lady (Vanessa virginensis) butterfly perched in our garden	Treebeard	All Rights Reserved	132	
7459	75add262-5bc2-4790-be54-c7c14070894f	404	https://symbiota.ccber.ucsb.edu/kummel/2026/7633574332.jpg	7633574332.jpg	7633574332	yes	200	https://www.flickr.com/photos/treebeard/7633574332/	https://live.staticflickr.com/7112/7633574332_40f5fe2e9c_b.jpg	https://live.staticflickr.com/7112/7633574332_40f5fe2e9c_q.jpg	"California Sister (Adelpha bredowii) butterfly ""puddling"" - taking moisture from damp soil in our garden"	Treebeard	All Rights Reserved	117	
7460	6d6ff3e9-0ba4-4c07-8a46-2abda1abcad1	404	https://symbiota.ccber.ucsb.edu/kummel/2026/7633614968.jpg	7633614968.jpg	7633614968	yes	200	https://www.flickr.com/photos/treebeard/7633614968/	https://live.staticflickr.com/7247/7633614968_4a2520eb14_b.jpg	https://live.staticflickr.com/7247/7633614968_4a2520eb14_q.jpg	Mournful Duskywing (Erynnis tristis) butterfly - with faint white-fringe on its hindwings	Treebeard	All Rights Reserved	116	
7461	8f54e905-1aeb-42c8-9d4c-75348fa16994	404	https://symbiota.ccber.ucsb.edu/kummel/2026/7633660018.jpg	7633660018.jpg	7633660018	yes	200	https://www.flickr.com/photos/treebeard/7633660018/	https://live.staticflickr.com/8286/7633660018_71e11df0a4_c.jpg	https://live.staticflickr.com/8286/7633660018_71e11df0a4_q.jpg	Perfect little Short-horned Grasshopper (Acrididae, Orthoptera) on Sawtooth Goldenbush (Hazardia squarrosa, Asteraceae)	Treebeard	All Rights Reserved	119	
7462	2e24454c-fe1b-4f96-84f6-39b10ab143cc	404	https://symbiota.ccber.ucsb.edu/kummel/2026/7633758712.jpg	7633758712.jpg	7633758712	yes	200	https://www.flickr.com/photos/treebeard/7633758712/	https://live.staticflickr.com/7253/7633758712_7ce37f5631_c.jpg	https://live.staticflickr.com/7253/7633758712_7ce37f5631_q.jpg	"Clutch of small ""true bugs"" (Hemiptera) on non-native Yellow Star Thistle (Centaurea solstitialis, Asteraceae)"	Treebeard	All Rights Reserved	117	
7463	385b86c5-9488-4a6d-8491-78a7651ba200	404	https://symbiota.ccber.ucsb.edu/kummel/2026/7633852608.jpg	7633852608.jpg	7633852608	yes	200	https://www.flickr.com/photos/treebeard/7633852608/	https://live.staticflickr.com/8426/7633852608_320c735748_c.jpg	https://live.staticflickr.com/8426/7633852608_320c735748_q.jpg	"""Yellow-form"" Ambush Bug (Phymatidae, Hemiptera) - probably the Pacific Ambush Bug (Phymata pacifica)"	Treebeard	All Rights Reserved	121	
7464	9794cf4e-3743-4e5f-93b8-32168a21e6ef	404	https://symbiota.ccber.ucsb.edu/kummel/2026/7633924828.jpg	7633924828.jpg	7633924828	yes	200	https://www.flickr.com/photos/treebeard/7633924828/	https://live.staticflickr.com/7120/7633924828_d7daa8e2dc_b.jpg	https://live.staticflickr.com/7120/7633924828_d7daa8e2dc_q.jpg	Fantastic summer flower of Weed's Mariposa Lily (Calochortus weedii var. vestus, aka Calochortus fimbriata, Liliaceae)	Treebeard	All Rights Reserved	122	
7465	4f090bea-abaf-4239-b62d-cb1d4693fd21	404	https://symbiota.ccber.ucsb.edu/kummel/2026/7640440672.jpg	7640440672.jpg	7640440672	yes	200	https://www.flickr.com/photos/treebeard/7640440672/	https://live.staticflickr.com/8283/7640440672_01728cfc6c_c.jpg	https://live.staticflickr.com/8283/7640440672_01728cfc6c_q.jpg	Web of tiny Variable Checkerspot (Euphydryas chalcedona) butterfly caterpillars on Climbing Penstemon (Keckiella cordifolia, Scrophulariaceae)	Treebeard	All Rights Reserved	134	
7466	0b4e40ad-77fe-43a0-9565-5fbec308b027	404	https://symbiota.ccber.ucsb.edu/kummel/2026/7640481340.jpg	7640481340.jpg	7640481340	yes	200	https://www.flickr.com/photos/treebeard/7640481340/	https://live.staticflickr.com/8426/7640481340_1afe712a25_c.jpg	https://live.staticflickr.com/8426/7640481340_1afe712a25_q.jpg	Orb-Weaver Spider (Araneidae) with tiny fly (Diptera) on Canyon Sunflower (Venegasia carpesioides, Asteraceae)	Treebeard	All Rights Reserved	124	
7467	b1db52fb-c5ce-4155-b19f-b9d75a828f24	404	https://symbiota.ccber.ucsb.edu/kummel/2026/7640604092.jpg	7640604092.jpg	7640604092	yes	200	https://www.flickr.com/photos/treebeard/7640604092/	https://live.staticflickr.com/7121/7640604092_66f9860ffb_c.jpg	https://live.staticflickr.com/7121/7640604092_66f9860ffb_q.jpg	Black and white Wild Bee (Anthophila, Hymenoptera) on Aloe (Aloaceae) flower	Treebeard	All Rights Reserved	125	
7468	61a620ed-6771-41f4-935d-dfa34b092f50	404	https://symbiota.ccber.ucsb.edu/kummel/2026/7640724774.jpg	7640724774.jpg	7640724774	yes	200	https://www.flickr.com/photos/treebeard/7640724774/	https://live.staticflickr.com/8148/7640724774_8388d565cd_c.jpg	https://live.staticflickr.com/8148/7640724774_8388d565cd_q.jpg	Bumblebee-like fly (Diptera) on a leaf of Butterfly Bush (Buddleia davidii) - maybe a Syrphid Flower Fly (Syrphidae), genus Merodon	Treebeard	All Rights Reserved	129	
7469	59ee343f-e694-4064-aa48-0a48b1508b42	404	https://symbiota.ccber.ucsb.edu/kummel/2026/7640852608.jpg	7640852608.jpg	7640852608	yes	200	https://www.flickr.com/photos/treebeard/7640852608/	https://live.staticflickr.com/8283/7640852608_c9292312f6_b.jpg	https://live.staticflickr.com/8283/7640852608_c9292312f6_q.jpg	Green Lacewing (Chrysopidae, Neuroptera) - dead, but look at its eye!	Treebeard	All Rights Reserved	128	
7470	2e61982d-639f-4ed8-b213-34d8932e9e87	404	https://symbiota.ccber.ucsb.edu/kummel/2026/7640943100.jpg	7640943100.jpg	7640943100	yes	200	https://www.flickr.com/photos/treebeard/7640943100/	https://live.staticflickr.com/8163/7640943100_aca1261b56_c.jpg	https://live.staticflickr.com/8163/7640943100_aca1261b56_q.jpg	Dead Green Lacewing (Chrysopidae, Neuroptera) - amazing eye	Treebeard	All Rights Reserved	124	
7471	efe5ab00-ad5b-4768-965c-44eeb363c404	404	https://symbiota.ccber.ucsb.edu/kummel/2026/7641029082.jpg	7641029082.jpg	7641029082	yes	200	https://www.flickr.com/photos/treebeard/7641029082/	https://live.staticflickr.com/8429/7641029082_03b8f4c100_c.jpg	https://live.staticflickr.com/8429/7641029082_03b8f4c100_q.jpg	Planthopper (Fulgoroidea, Homoptera) on leaf of Wild Blackberry (Rubus ursinus, Rosaceae) - Issid Planthopper (Issidae), maybe genus Thionia?	Treebeard	All Rights Reserved	136	
7472	41ae4b22-470e-4aa5-b11d-6fc7885bfd34	404	https://symbiota.ccber.ucsb.edu/kummel/2026/7641142198.jpg	7641142198.jpg	7641142198	yes	200	https://www.flickr.com/photos/treebeard/7641142198/	https://live.staticflickr.com/7257/7641142198_8cd0d8451a_b.jpg	https://live.staticflickr.com/7257/7641142198_8cd0d8451a_q.jpg	Planthopper (Fulgoroidea, Homoptera) on leaf of Wild Blackberry (Rubus ursinus, Rosaceae) - Issid Planthopper (Issidae), maybe genus Thionia?	Treebeard	All Rights Reserved	123	
7473	be55833c-def6-446c-8139-9230cb02dee0	404	https://symbiota.ccber.ucsb.edu/kummel/2026/7647200552.jpg	7647200552.jpg	7647200552	yes	200	https://www.flickr.com/photos/treebeard/7647200552/	https://live.staticflickr.com/7254/7647200552_e77fe91748_b.jpg	https://live.staticflickr.com/7254/7647200552_e77fe91748_q.jpg	Dried out black-spored mushroom on dry river bed - I guess the Gastroid Coprinus (Montagnea arenarius, Coprinaceae)	Treebeard	All Rights Reserved	185	
7474	9406cc45-5540-404f-adde-e7d5d0c4f253	404	https://symbiota.ccber.ucsb.edu/kummel/2026/7647258720.jpg	7647258720.jpg	7647258720	yes	200	https://www.flickr.com/photos/treebeard/7647258720/	https://live.staticflickr.com/8158/7647258720_b216733261_b.jpg	https://live.staticflickr.com/8158/7647258720_b216733261_q.jpg	Slender Buckwheat (Eriogonum gracile, Polygonaceae) on sandy flat by the river	Treebeard	All Rights Reserved	178	
7475	3ed71af6-3302-4b99-a3a5-727c4e63ba7c	404	https://symbiota.ccber.ucsb.edu/kummel/2026/7647426894.jpg	7647426894.jpg	7647426894	yes	200	https://www.flickr.com/photos/treebeard/7647426894/	https://live.staticflickr.com/7249/7647426894_475eb41a2c_c.jpg	https://live.staticflickr.com/7249/7647426894_475eb41a2c_q.jpg	New summer flowers of Creek Clematis (Clematis ligusticifolia, Ranunculaceae)	Treebeard	All Rights Reserved	173	
7476	c186259a-1606-4ec3-9a92-e73146236565	404	https://symbiota.ccber.ucsb.edu/kummel/2026/7647496574.jpg	7647496574.jpg	7647496574	yes	200	https://www.flickr.com/photos/treebeard/7647496574/	https://live.staticflickr.com/7119/7647496574_0100796aca_c.jpg	https://live.staticflickr.com/7119/7647496574_0100796aca_q.jpg	Leaf galls of the Willow Gall Mite (Aculops tetanothrix, Eriophyidae, Acarina) on Willow (Salix, Salicaceae)	Treebeard	All Rights Reserved	170	
7477	73f6e1e8-165f-464e-9c59-0e97300f70a6	404	https://symbiota.ccber.ucsb.edu/kummel/2026/7647590838.jpg	7647590838.jpg	7647590838	yes	200	https://www.flickr.com/photos/treebeard/7647590838/	https://live.staticflickr.com/7268/7647590838_2126058f9b_c.jpg	https://live.staticflickr.com/7268/7647590838_2126058f9b_q.jpg	New flowers of native Southern Goldenrod (Solidago confinis, Asteraceae)	Treebeard	All Rights Reserved	125	
7478	de987af5-9c93-465c-a20d-a2bfbdbdcf92	404	https://symbiota.ccber.ucsb.edu/kummel/2026/7647647130.jpg	7647647130.jpg	7647647130	yes	200	https://www.flickr.com/photos/treebeard/7647647130/	https://live.staticflickr.com/8153/7647647130_f1fe35fe8f_c.jpg	https://live.staticflickr.com/8153/7647647130_f1fe35fe8f_q.jpg	New flowers of non-native Water Speedwell (Veronica anagallis-aquatica, Scrophulariaceae) at the river	Treebeard	All Rights Reserved	125	
7479	88bc39c8-9948-475d-b8e4-7176414a3d1e	404	https://symbiota.ccber.ucsb.edu/kummel/2026/7647757262.jpg	7647757262.jpg	7647757262	yes	200	https://www.flickr.com/photos/treebeard/7647757262/	https://live.staticflickr.com/8144/7647757262_f471ecf09e_c.jpg	https://live.staticflickr.com/8144/7647757262_f471ecf09e_q.jpg	Wild Bee (Anthophila, Hymenoptera) on flower of native California Loosestrife (Lythrum californicum, Lythraceae)	Treebeard	All Rights Reserved	133	
7480	7ddfaea8-7489-4a8e-9962-56d42077ce19	404	https://symbiota.ccber.ucsb.edu/kummel/2026/7647814640.jpg	7647814640.jpg	7647814640	yes	200	https://www.flickr.com/photos/treebeard/7647814640/	https://live.staticflickr.com/8010/7647814640_2ef0aff7fb_b.jpg	https://live.staticflickr.com/8010/7647814640_2ef0aff7fb_q.jpg	Mama Mule Deer (Odocoileus hemionus) with fawn, in a thicket of White Sweet Clover (Melilotus albus, Fabaceae)	Treebeard	All Rights Reserved	132	
7481	36caaf19-5afc-4d32-bfda-05ca78c29510	404	https://symbiota.ccber.ucsb.edu/kummel/2026/7653428302.jpg	7653428302.jpg	7653428302	yes	200	https://www.flickr.com/photos/treebeard/7653428302/	https://live.staticflickr.com/8155/7653428302_d5c61f885e_b.jpg	https://live.staticflickr.com/8155/7653428302_d5c61f885e_q.jpg	"Scarlet Monkeyflower (Mimulus cardinalis, Scrophulariaceae) in our ""water garden"""	Treebeard	All Rights Reserved	128	
7482	aaa47f5f-daaa-43f0-a40f-aa18acdb9ec5	404	https://symbiota.ccber.ucsb.edu/kummel/2026/7653513358.jpg	7653513358.jpg	7653513358	yes	200	https://www.flickr.com/photos/treebeard/7653513358/	https://live.staticflickr.com/7273/7653513358_81959d2c66_b.jpg	https://live.staticflickr.com/7273/7653513358_81959d2c66_q.jpg	Late-instar Short-horned Grasshopper (Acrididae, Orthoptera) on Scrub Oak (Quercus berberidifolia, Fagaceae)	Treebeard	All Rights Reserved	123	
7483	7d024216-91c3-4588-aae4-33738496ae50	404	https://symbiota.ccber.ucsb.edu/kummel/2026/7653550412.jpg	7653550412.jpg	7653550412	yes	200	https://www.flickr.com/photos/treebeard/7653550412/	https://live.staticflickr.com/8018/7653550412_d39a28b6b2_b.jpg	https://live.staticflickr.com/8018/7653550412_d39a28b6b2_q.jpg	Treehopper (Membracidae, Homoptera) on Coast Live Oak (Quercus agrifolia, Fagaceae)	Treebeard	All Rights Reserved	113	
7484	28c3407d-67f4-4e88-8d54-b6db040553ee	404	https://symbiota.ccber.ucsb.edu/kummel/2026/7653596310.jpg	7653596310.jpg	7653596310	yes	200	https://www.flickr.com/photos/treebeard/7653596310/	https://live.staticflickr.com/7140/7653596310_5c18782e08_c.jpg	https://live.staticflickr.com/7140/7653596310_5c18782e08_q.jpg	Face-to-face with a Treehopper (Membracidae, Homoptera) on Coast Live Oak (Quercus agrifolia, Fagaceae)	Treebeard	All Rights Reserved	114	
7485	5e162a8e-8027-448b-8b62-6fa415a46d6e	404	https://symbiota.ccber.ucsb.edu/kummel/2026/7653618662.jpg	7653618662.jpg	7653618662	yes	200	https://www.flickr.com/photos/treebeard/7653618662/	https://live.staticflickr.com/8434/7653618662_c17e6dba7a_c.jpg	https://live.staticflickr.com/8434/7653618662_c17e6dba7a_q.jpg	Insect galls on seed head of Trask's Yerba Santa (Eriodictyon traskiae, Hydrophyllaceae) - like little volcanoes	Treebeard	All Rights Reserved	122	
7486	1e2a4cfe-1400-4931-8f4e-ab5780fc5ce5	404	https://symbiota.ccber.ucsb.edu/kummel/2026/7653711368.jpg	7653711368.jpg	7653711368	yes	200	https://www.flickr.com/photos/treebeard/7653711368/	https://live.staticflickr.com/7135/7653711368_c5642f7ae5_c.jpg	https://live.staticflickr.com/7135/7653711368_c5642f7ae5_q.jpg	Beautiful gall of a Beaked Twig Gall Wasp (Disholcaspis plumbella, Cynipidae, Hymenoptera) on Scrub Oak (Quercus berberidifolia, Fagaceae)	Treebeard	All Rights Reserved	145	
7487	81e7a0f2-8532-4e46-ad59-774f6b6a3454	404	https://symbiota.ccber.ucsb.edu/kummel/2026/7653749234.jpg	7653749234.jpg	7653749234	yes	200	https://www.flickr.com/photos/treebeard/7653749234/	https://live.staticflickr.com/7121/7653749234_15a98d6f58_c.jpg	https://live.staticflickr.com/7121/7653749234_15a98d6f58_q.jpg	"A ""Lumpy Gall"" on Goldencup Oak (Quercus chrysolepis, Fagaceae), with galled catkins"	Treebeard	All Rights Reserved	143	
7488	e8264a29-3d9d-47a5-9bf5-3d507f29f9bc	404	https://symbiota.ccber.ucsb.edu/kummel/2026/7653847284.jpg	7653847284.jpg	7653847284	yes	200	https://www.flickr.com/photos/treebeard/7653847284/	https://live.staticflickr.com/7270/7653847284_eabd88079c_c.jpg	https://live.staticflickr.com/7270/7653847284_eabd88079c_q.jpg	"""Galls"" of Mottled Acorn Gall Wasp (Callirhytis carmelensis, Cynipidae, Hymenoptera) on Scrub Oak (Quercus berberidifolia, Fagaceae)"	Treebeard	All Rights Reserved	144	
7489	09547465-f4ec-4b52-a4ab-bd136ee5f1df	404	https://symbiota.ccber.ucsb.edu/kummel/2026/7659004510.jpg	7659004510.jpg	7659004510	yes	200	https://www.flickr.com/photos/treebeard/7659004510/	https://live.staticflickr.com/8162/7659004510_5a89f942a3_b.jpg	https://live.staticflickr.com/8162/7659004510_5a89f942a3_q.jpg	New acorns on Coast Live Oak (Quercus agrifolia, Fagaceae)	Treebeard	All Rights Reserved	132	
7490	29c6c856-1828-4b2d-90e6-168068cf0726	404	https://symbiota.ccber.ucsb.edu/kummel/2026/7659068286.jpg	7659068286.jpg	7659068286	yes	200	https://www.flickr.com/photos/treebeard/7659068286/	https://live.staticflickr.com/8149/7659068286_9b1a4bbc21_c.jpg	https://live.staticflickr.com/8149/7659068286_9b1a4bbc21_q.jpg	New acorn of Goldencup Oak aka Canyon Live Oak (Quercus chrysolepis, Fagaceae)	Treebeard	All Rights Reserved	127	
7491	a6a97553-e860-4765-a56b-96d68644753f	404	https://symbiota.ccber.ucsb.edu/kummel/2026/7659144610.jpg	7659144610.jpg	7659144610	yes	200	https://www.flickr.com/photos/treebeard/7659144610/	https://live.staticflickr.com/8294/7659144610_837b4a1fd6_c.jpg	https://live.staticflickr.com/8294/7659144610_837b4a1fd6_q.jpg	New leaf galls on Goldencup Oak aka Canyon Live Oak (Quercus chrysolepis, Fagaceae)	Treebeard	All Rights Reserved	122	
7492	c693f931-185c-4391-a36b-dbdb3affab3b	404	https://symbiota.ccber.ucsb.edu/kummel/2026/7659201586.jpg	7659201586.jpg	7659201586	yes	200	https://www.flickr.com/photos/treebeard/7659201586/	https://live.staticflickr.com/8025/7659201586_8da810cc71_c.jpg	https://live.staticflickr.com/8025/7659201586_8da810cc71_q.jpg	Giant Rye Grass (Leymus condensatus, Poaceae) - our largest native grass	Treebeard	All Rights Reserved	159	
7493	e24660a3-c008-4e68-bfc1-bdc032fa92aa	404	https://symbiota.ccber.ucsb.edu/kummel/2026/7659278350.jpg	7659278350.jpg	7659278350	yes	200	https://www.flickr.com/photos/treebeard/7659278350/	https://live.staticflickr.com/8166/7659278350_66b68bb11e_b.jpg	https://live.staticflickr.com/8166/7659278350_66b68bb11e_q.jpg	Seed plumes of native Mountain Mahogany (Cercocarpus betuloides, Rosaceae)	Treebeard	All Rights Reserved	151	
7494	c291c8af-1e53-48c5-8c8a-d1247dab26f3	404	https://symbiota.ccber.ucsb.edu/kummel/2026/7659357064.jpg	7659357064.jpg	7659357064	yes	200	https://www.flickr.com/photos/treebeard/7659357064/	https://live.staticflickr.com/7128/7659357064_9644e95ec6_b.jpg	https://live.staticflickr.com/7128/7659357064_9644e95ec6_q.jpg	"""Mid-summer Mugwort Beetle"" (Coleoptera) - maybe the Willow Borer (Xylotrechus insignis, Cerambycidae)"	Treebeard	All Rights Reserved	150	
7495	1c671330-6952-48f8-b6d7-a972382119ac	404	https://symbiota.ccber.ucsb.edu/kummel/2026/7659596940.jpg	7659596940.jpg	7659596940	yes	200	https://www.flickr.com/photos/treebeard/7659596940/	https://live.staticflickr.com/8147/7659596940_9389b29da8_c.jpg	https://live.staticflickr.com/8147/7659596940_9389b29da8_q.jpg	Mexican Cactus Fly (Copestylum mexicanum, Syrphidae, Diptera) on Butterfly Bush (Buddleia davidii)	Treebeard	All Rights Reserved	159	
7496	469470bd-1073-4f1f-9356-03419bb7fd10	404	https://symbiota.ccber.ucsb.edu/kummel/2026/7659651192.jpg	7659651192.jpg	7659651192	yes	200	https://www.flickr.com/photos/treebeard/7659651192/	https://live.staticflickr.com/7107/7659651192_a65a7d16bc_c.jpg	https://live.staticflickr.com/7107/7659651192_a65a7d16bc_q.jpg	Mexican Cactus Fly (Copestylum mexicanum, Syrphidae, Diptera) on Butterfly Bush (Buddleia davidii, Scrophulariaceae)	Treebeard	All Rights Reserved	148	
7497	d4b0b650-659f-4397-b3cb-09aff66d9c0f	404	https://symbiota.ccber.ucsb.edu/kummel/2026/7665245114.jpg	7665245114.jpg	7665245114	yes	200	https://www.flickr.com/photos/treebeard/7665245114/	https://live.staticflickr.com/7108/7665245114_52ab99763f_b.jpg	https://live.staticflickr.com/7108/7665245114_52ab99763f_q.jpg	First summer flower of Late-flowered Mariposa Lily (Calochortus fimbriata, Liliaceae) in our canyon	Treebeard	All Rights Reserved	126	
7498	74a6138b-23b1-4499-a2f6-d38da1e022c2	404	https://symbiota.ccber.ucsb.edu/kummel/2026/7665333586.jpg	7665333586.jpg	7665333586	yes	200	https://www.flickr.com/photos/treebeard/7665333586/	https://live.staticflickr.com/7265/7665333586_5dc744a359_b.jpg	https://live.staticflickr.com/7265/7665333586_5dc744a359_q.jpg	Green Lynx Spider (Peucetia viridans, Oxyopidae) on a summer flower of Woolly Blue Curls (Trichostema lanatum, Lamiaceae)	Treebeard	All Rights Reserved	148	
7499	9b40c56b-890c-4102-a6e2-2f5537e97e29	404	https://symbiota.ccber.ucsb.edu/kummel/2026/7665384040.jpg	7665384040.jpg	7665384040	yes	200	https://www.flickr.com/photos/treebeard/7665384040/	https://live.staticflickr.com/7250/7665384040_d963cb7513_c.jpg	https://live.staticflickr.com/7250/7665384040_d963cb7513_q.jpg	Green Lynx Spider (Peucetia viridans, Oxyopidae) on Coyote Mint (Monardella hypoleuca, Lamiaceae)	Treebeard	All Rights Reserved	141	
7500	4f47cd57-f769-4918-989e-3f68e2a352bc	404	https://symbiota.ccber.ucsb.edu/kummel/2026/7665443478.jpg	7665443478.jpg	7665443478	yes	200	https://www.flickr.com/photos/treebeard/7665443478/	https://live.staticflickr.com/8010/7665443478_5c8c19eff6_c.jpg	https://live.staticflickr.com/8010/7665443478_5c8c19eff6_q.jpg	Grass-Skipper (Hesperia, Hesperiidae) butterfly making loops on flowers of Butterfly Bush (Buddleia davidii)	Treebeard	All Rights Reserved	146	
7501	8a2ec719-091b-4caf-8317-9c6e815d3927	404	https://symbiota.ccber.ucsb.edu/kummel/2026/7665526286.jpg	7665526286.jpg	7665526286	yes	200	https://www.flickr.com/photos/treebeard/7665526286/	https://live.staticflickr.com/8291/7665526286_a8df64923a_b.jpg	https://live.staticflickr.com/8291/7665526286_a8df64923a_q.jpg	Marine Blue (Leptotes marina) butterfly making loops on White Sweet Clover (Melilotus albus, Fabaceae)	Treebeard	All Rights Reserved	141	
7502	d09a45ba-1f26-4371-9127-78d1c51f3ad6	404	https://symbiota.ccber.ucsb.edu/kummel/2026/7665568168.jpg	7665568168.jpg	7665568168	yes	200	https://www.flickr.com/photos/treebeard/7665568168/	https://live.staticflickr.com/8291/7665568168_7624b445eb_b.jpg	https://live.staticflickr.com/8291/7665568168_7624b445eb_q.jpg	"Female California Dogface (Colias eurydice) butterfly ""puddling"" - taking moisture - on damp soil in our garden"	Treebeard	All Rights Reserved	137	
7503	d0338863-4bd2-4632-8126-3636435496fe	404	https://symbiota.ccber.ucsb.edu/kummel/2026/7665632210.jpg	7665632210.jpg	7665632210	yes	200	https://www.flickr.com/photos/treebeard/7665632210/	https://live.staticflickr.com/8282/7665632210_8e4ba7b4f5_b.jpg	https://live.staticflickr.com/8282/7665632210_8e4ba7b4f5_q.jpg	Tiny Planthopper insect (Fulgoroidea, Homoptera) - maybe nymph of Issid Planthopper (Issidae), genus Thionia?	Treebeard	All Rights Reserved	128	
7504	bbb89614-1531-4e63-8e05-ed6b02411083	404	https://symbiota.ccber.ucsb.edu/kummel/2026/7665695268.jpg	7665695268.jpg	7665695268	yes	200	https://www.flickr.com/photos/treebeard/7665695268/	https://live.staticflickr.com/8153/7665695268_941464a7fc_c.jpg	https://live.staticflickr.com/8153/7665695268_941464a7fc_q.jpg	Goofy-looking Chaparral Monkey Grasshopper (Morsea californica, Eumastacidae, Orthoptera) on Coyote Bush (Baccharis pilularis, Asteraceae)	Treebeard	All Rights Reserved	152	
7505	5ba0cbf2-2ca7-48f9-b048-7e22504cacdd	404	https://symbiota.ccber.ucsb.edu/kummel/2026/7672755866.jpg	7672755866.jpg	7672755866	yes	200	https://www.flickr.com/photos/treebeard/7672755866/	https://live.staticflickr.com/7272/7672755866_1e5f84a9eb_c.jpg	https://live.staticflickr.com/7272/7672755866_1e5f84a9eb_q.jpg	Different goofy-looking Chaparral Monkey Grasshopper (Morsea californica, Eumastacidae, Orthoptera) on foliage of Coyote Bush (Baccharis pilularis, Asteraceae)	Treebeard	All Rights Reserved	149	
7506	58c7a745-12ef-47bf-890b-4a8bf17d73b2	404	https://symbiota.ccber.ucsb.edu/kummel/2026/7672920656.jpg	7672920656.jpg	7672920656	yes	200	https://www.flickr.com/photos/treebeard/7672920656/	https://live.staticflickr.com/7247/7672920656_b532a91e6a_c.jpg	https://live.staticflickr.com/7247/7672920656_b532a91e6a_q.jpg	"Little beetles (Coleoptera) ""doing it"" - maybe Case-bearing Leaf Beetles (Chrysomelidae)"	Treebeard	All Rights Reserved	147	
7507	24cb5227-95ac-437a-b75b-10bd9e385c8e	404	https://symbiota.ccber.ucsb.edu/kummel/2026/7673102600.jpg	7673102600.jpg	7673102600	yes	200	https://www.flickr.com/photos/treebeard/7673102600/	https://live.staticflickr.com/8427/7673102600_b697f41a47_b.jpg	https://live.staticflickr.com/8427/7673102600_b697f41a47_q.jpg	Tree Cricket (Oecanthus, Gryllidae, Orthoptera) hiding under a leaf of Bitter Gooseberry (Ribes amarum, Grossulariaceae)	Treebeard	All Rights Reserved	146	
7508	ca79f620-68c1-48eb-ac18-cb79988c0457	404	https://symbiota.ccber.ucsb.edu/kummel/2026/7673171722.jpg	7673171722.jpg	7673171722	yes	200	https://www.flickr.com/photos/treebeard/7673171722/	https://live.staticflickr.com/8430/7673171722_c61ccedd90_c.jpg	https://live.staticflickr.com/8430/7673171722_c61ccedd90_q.jpg	Spider on fluffy nest of American Lady (Vanessa virginensis) butterfly on white Cudweed (Gnaphalium stramineum or G. luteo-album, Asteraceae)	Treebeard	All Rights Reserved	146	
7509	cebcf2f4-a0eb-4779-b728-6da90103b5b3	404	https://symbiota.ccber.ucsb.edu/kummel/2026/7673313332.jpg	7673313332.jpg	7673313332	yes	200	https://www.flickr.com/photos/treebeard/7673313332/	https://live.staticflickr.com/8289/7673313332_0bacfa57d1_c.jpg	https://live.staticflickr.com/8289/7673313332_0bacfa57d1_q.jpg	Wild Bee (Anthophila, Hymenoptera) on unknown flower in the garden - so blue it's black	Treebeard	All Rights Reserved	129	
7510	c02d8404-3b7e-48f0-9de2-769c9acaf095	404	https://symbiota.ccber.ucsb.edu/kummel/2026/7673541088.jpg	7673541088.jpg	7673541088	yes	200	https://www.flickr.com/photos/treebeard/7673541088/	https://live.staticflickr.com/7267/7673541088_ea18f5b8c3_b.jpg	https://live.staticflickr.com/7267/7673541088_ea18f5b8c3_q.jpg	Pale Swallowtail (Papilio eurymedon) butterfly (I think) on Butterfly Bush (Buddleia davidii)	Treebeard	All Rights Reserved	139	
7511	fe6a94e2-a154-4920-8c25-a7ef2e236876	404	https://symbiota.ccber.ucsb.edu/kummel/2026/7673656130.jpg	7673656130.jpg	7673656130	yes	200	https://www.flickr.com/photos/treebeard/7673656130/	https://live.staticflickr.com/7119/7673656130_c2bec0cb75_c.jpg	https://live.staticflickr.com/7119/7673656130_c2bec0cb75_q.jpg	Ambush Bug (Phymatidae, Hemiptera) with Honey Bee (Apis mellifera, Hymenoptera) on California Buckwheat (Eriogonum fasciculatum, Polygonaceae)	Treebeard	All Rights Reserved	141	
7512	050c6b25-a963-4fad-a1f5-0d6bd5ff04b4	404	https://symbiota.ccber.ucsb.edu/kummel/2026/7673735852.jpg	7673735852.jpg	7673735852	yes	200	https://www.flickr.com/photos/treebeard/7673735852/	https://live.staticflickr.com/8433/7673735852_743cab3fc8_b.jpg	https://live.staticflickr.com/8433/7673735852_743cab3fc8_q.jpg	Closterocoris amoenus (Miridae, Hemiptera) on flower of Chile Manzano aka Rocoto (Capsicum pubescens, Solanaceae)	Treebeard	All Rights Reserved	160	
7513	d0b6230d-1ef9-43e5-89e8-8dc7a24d8b55	404	https://symbiota.ccber.ucsb.edu/kummel/2026/7680559656.jpg	7680559656.jpg	7680559656	yes	200	https://www.flickr.com/photos/treebeard/7680559656/	https://live.staticflickr.com/8284/7680559656_509ffc20e0_c.jpg	https://live.staticflickr.com/8284/7680559656_509ffc20e0_q.jpg	Tiny Crab Spider (Thomisidae) on a leaf of Butterfly Bush (Buddleia davidii)	Treebeard	All Rights Reserved	145	
7514	a7073330-e4ea-477f-8c15-1be25efced92	404	https://symbiota.ccber.ucsb.edu/kummel/2026/7680646464.jpg	7680646464.jpg	7680646464	yes	200	https://www.flickr.com/photos/treebeard/7680646464/	https://live.staticflickr.com/7260/7680646464_0fac4d8f5b_c.jpg	https://live.staticflickr.com/7260/7680646464_0fac4d8f5b_q.jpg	Large fly - maybe a Flesh Fly (Sarcophagidae, Diptera)	Treebeard	All Rights Reserved	145	
7515	e0f3800e-2005-4143-a74e-7bb29b0e4573	404	https://symbiota.ccber.ucsb.edu/kummel/2026/7680746196.jpg	7680746196.jpg	7680746196	yes	200	https://www.flickr.com/photos/treebeard/7680746196/	https://live.staticflickr.com/7127/7680746196_2ff0830e63_c.jpg	https://live.staticflickr.com/7127/7680746196_2ff0830e63_q.jpg	Short-Horned Grasshopper (Ensifera, Orthoptera) munching seeds of Canyon Sunflower (Venegasia carpesioides, Asteraceae)	Treebeard	All Rights Reserved	124	
7516	039f646e-fa39-4c42-a70d-9c29e9c731e5	404	https://symbiota.ccber.ucsb.edu/kummel/2026/7680854128.jpg	7680854128.jpg	7680854128	yes	200	https://www.flickr.com/photos/treebeard/7680854128/	https://live.staticflickr.com/7246/7680854128_5d067f131f_c.jpg	https://live.staticflickr.com/7246/7680854128_5d067f131f_q.jpg	Short-Horned Grasshopper (Acrididae, Orthoptera) looking back at me!	Treebeard	All Rights Reserved	124	
7517	b85f82ab-8dda-4515-ba38-fa99c0897f67	404	https://symbiota.ccber.ucsb.edu/kummel/2026/7680931658.jpg	7680931658.jpg	7680931658	yes	200	https://www.flickr.com/photos/treebeard/7680931658/	https://live.staticflickr.com/7122/7680931658_e220a48d65_c.jpg	https://live.staticflickr.com/7122/7680931658_e220a48d65_q.jpg	Sand Wasp (Steniolia, Bembicini, Apoidea, Hymenoptera) on last flower of Cobweb Thistle (Cirsium occidentale, Asteraceae)	Treebeard	All Rights Reserved	122	
7518	692b350e-e24b-4aba-8423-967e64cae0cf	404	https://symbiota.ccber.ucsb.edu/kummel/2026/7681063110.jpg	7681063110.jpg	7681063110	yes	200	https://www.flickr.com/photos/treebeard/7681063110/	https://live.staticflickr.com/8027/7681063110_d233b9dc9a_c.jpg	https://live.staticflickr.com/8027/7681063110_d233b9dc9a_q.jpg	Cabbage White (Pieris rapae) butterfly on Blue Throatwort (Trachelium caerulum, Campanulaceae)	Treebeard	All Rights Reserved	140	
7519	c7a0a03a-6290-4e74-8107-b9d3b0484620	404	https://symbiota.ccber.ucsb.edu/kummel/2026/7681221248.jpg	7681221248.jpg	7681221248	yes	200	https://www.flickr.com/photos/treebeard/7681221248/	https://live.staticflickr.com/7119/7681221248_7404e0c9eb_c.jpg	https://live.staticflickr.com/7119/7681221248_7404e0c9eb_q.jpg	Two-fer of male California Dogface (Colias eurydice) butterflies on old-fashioned Geranium (Pelargonium, Geraniaceae)	Treebeard	All Rights Reserved	137	
7520	e957a516-c5b6-42db-92d3-9471cdf25c7e	404	https://symbiota.ccber.ucsb.edu/kummel/2026/7681300656.jpg	7681300656.jpg	7681300656	yes	200	https://www.flickr.com/photos/treebeard/7681300656/	https://live.staticflickr.com/8025/7681300656_024dd827c8_b.jpg	https://live.staticflickr.com/8025/7681300656_024dd827c8_q.jpg	Male California Dogface (Colias eurydice) butterflies on old-fashioned Geranium (Pelargonium, Geraniaceae)	Treebeard	All Rights Reserved	138	
7521	a080b682-52d7-4540-9d7f-31ecda383b24	404	https://symbiota.ccber.ucsb.edu/kummel/2026/7687735084.jpg	7687735084.jpg	7687735084	yes	200	https://www.flickr.com/photos/treebeard/7687735084/	https://live.staticflickr.com/7262/7687735084_a8f3eb3070_b.jpg	https://live.staticflickr.com/7262/7687735084_a8f3eb3070_q.jpg	"Male California Dogface (Colias eurydice) butterfly showing its ""dog face"" - on old-fashioned Geranium (Pelargonium, Geraniaceae)"	Treebeard	All Rights Reserved	137	
7522	45e7f449-db1c-4950-b1ca-5922cd8e14f3	404	https://symbiota.ccber.ucsb.edu/kummel/2026/7687770362.jpg	7687770362.jpg	7687770362	yes	200	https://www.flickr.com/photos/treebeard/7687770362/	https://live.staticflickr.com/8028/7687770362_59d04abb95_c.jpg	https://live.staticflickr.com/8028/7687770362_59d04abb95_q.jpg	Tiny Orb-Weaver Spider (Araneidae) on orange Milkweed (Asclepiadaceae) in the garden	Treebeard	All Rights Reserved	125	
7523	83252206-e18d-4327-83b3-bd59bf082b5f	404	https://symbiota.ccber.ucsb.edu/kummel/2026/7687906270.jpg	7687906270.jpg	7687906270	yes	200	https://www.flickr.com/photos/treebeard/7687906270/	https://live.staticflickr.com/7280/7687906270_d046618fbc_c.jpg	https://live.staticflickr.com/7280/7687906270_d046618fbc_q.jpg	"Tiny beetles (Coleoptera) ""doing it"" - making more tiny beetles - on a flower of California Buckwheat (Eriogonum fasciculatum, Polygonaceae)"	Treebeard	All Rights Reserved	122	
7524	fd747757-8884-42e3-9bc5-ad2fb26935d4	404	https://symbiota.ccber.ucsb.edu/kummel/2026/7687986382.jpg	7687986382.jpg	7687986382	yes	200	https://www.flickr.com/photos/treebeard/7687986382/	https://live.staticflickr.com/8291/7687986382_5043e4dde2_b.jpg	https://live.staticflickr.com/8291/7687986382_5043e4dde2_q.jpg	"Gray granite-colored Short-Horned Grasshopper (Acrididae, Orthoptera) on gray rock - ""Thalassica Grasshopper"" (Trimerotropis thalassica)"	Treebeard	All Rights Reserved	126	
7525	509c2c43-c0bd-4387-98ea-2338a0b6635d	404	https://symbiota.ccber.ucsb.edu/kummel/2026/7688071694.jpg	7688071694.jpg	7688071694	yes	200	https://www.flickr.com/photos/treebeard/7688071694/	https://live.staticflickr.com/8159/7688071694_2ffc1daf3a_c.jpg	https://live.staticflickr.com/8159/7688071694_2ffc1daf3a_q.jpg	"Carpenter Bee (Xylocopa, Anthophoridae, Hymenoptera) doing ""nectar theft"" on hybrid ""Waverly Sage"" (Salvia ""Waverly"", Lamiaceae)"	Treebeard	All Rights Reserved	131	
7526	e2490173-360c-47be-9a33-ebccb9fc5591	404	https://symbiota.ccber.ucsb.edu/kummel/2026/7688113190.jpg	7688113190.jpg	7688113190	yes	200	https://www.flickr.com/photos/treebeard/7688113190/	https://live.staticflickr.com/8023/7688113190_1b74338948_c.jpg	https://live.staticflickr.com/8023/7688113190_1b74338948_q.jpg	Black and white Wild Bee (Anthophila, Hymenoptera) on Aloe (Aloaceae) flower	Treebeard	All Rights Reserved	128	
7527	f907e28a-9312-4e5a-a79b-5e3858d90973	404	https://symbiota.ccber.ucsb.edu/kummel/2026/7688223342.jpg	7688223342.jpg	7688223342	yes	200	https://www.flickr.com/photos/treebeard/7688223342/	https://live.staticflickr.com/7260/7688223342_80ff894f10_c.jpg	https://live.staticflickr.com/7260/7688223342_80ff894f10_q.jpg	Iridescent green Long-legged Fly (Dolichopodidae, Diptera)	Treebeard	All Rights Reserved	137	
7528	47e68bb3-9cbe-4976-8864-ae6ed796cb38	404	https://symbiota.ccber.ucsb.edu/kummel/2026/7688260052.jpg	7688260052.jpg	7688260052	yes	200	https://www.flickr.com/photos/treebeard/7688260052/	https://live.staticflickr.com/7126/7688260052_e9c4845115_b.jpg	https://live.staticflickr.com/7126/7688260052_e9c4845115_q.jpg	Spider Wasp (Pompilidae, Hymenoptera) taking moisture from a leaf in the garden	Treebeard	All Rights Reserved	126	
7529	ed5c8e16-b00d-45da-bd53-ea58954cdfae	404	https://symbiota.ccber.ucsb.edu/kummel/2026/7694806772.jpg	7694806772.jpg	7694806772	yes	200	https://www.flickr.com/photos/treebeard/7694806772/	https://live.staticflickr.com/7272/7694806772_3f6094cf5d_b.jpg	https://live.staticflickr.com/7272/7694806772_3f6094cf5d_q.jpg	Native summer flowers of Longstem Buckwheat (Eriogonum elongatum, Polygonaceae)	Treebeard	All Rights Reserved	120	
7530	c8c403f9-942e-4031-99f7-50836494ab55	404	https://symbiota.ccber.ucsb.edu/kummel/2026/7694855946.jpg	7694855946.jpg	7694855946	yes	200	https://www.flickr.com/photos/treebeard/7694855946/	https://live.staticflickr.com/7258/7694855946_bc877126d1_b.jpg	https://live.staticflickr.com/7258/7694855946_bc877126d1_q.jpg	Handsome little Damselfly (Zygoptera, Odonata) on a stem of California Buckwheat (Eriogonum fasciculatum, Polygonaceae)	Treebeard	All Rights Reserved	123	
7531	e01e6486-ff98-4a30-9d1b-72f8f7dea286	404	https://symbiota.ccber.ucsb.edu/kummel/2026/7694876856.jpg	7694876856.jpg	7694876856	yes	200	https://www.flickr.com/photos/treebeard/7694876856/	https://live.staticflickr.com/8287/7694876856_934ea174a0_c.jpg	https://live.staticflickr.com/8287/7694876856_934ea174a0_q.jpg	Handsome little Bee Fly (Bombyliidae, Diptera) on flowers of California Buckwheat (Eriogonum fasciculatum, Polygonaceae)	Treebeard	All Rights Reserved	120	
7532	a69fe69d-95a9-443a-9ac0-977120238897	404	https://symbiota.ccber.ucsb.edu/kummel/2026/7694939228.jpg	7694939228.jpg	7694939228	yes	200	https://www.flickr.com/photos/treebeard/7694939228/	https://live.staticflickr.com/8288/7694939228_684a0aae2b_c.jpg	https://live.staticflickr.com/8288/7694939228_684a0aae2b_q.jpg	Bumblebee (Bombus, Hymenoptera) on flowers of Butterfly Bush (Buddleia davidii) in the garden	Treebeard	All Rights Reserved	128	
7533	adc5ed68-c490-418a-941e-e780f3044e12	404	https://symbiota.ccber.ucsb.edu/kummel/2026/7695042376.jpg	7695042376.jpg	7695042376	yes	200	https://www.flickr.com/photos/treebeard/7695042376/	https://live.staticflickr.com/8166/7695042376_8f84791405_c.jpg	https://live.staticflickr.com/8166/7695042376_8f84791405_q.jpg	Male California Dogface (Colias eurydice) - collected on 14 August 1981	Treebeard	All Rights Reserved	128	
7534	15ff9dae-f154-4dc9-a7fb-84e17d8701cf	404	https://symbiota.ccber.ucsb.edu/kummel/2026/7695238192.jpg	7695238192.jpg	7695238192	yes	200	https://www.flickr.com/photos/treebeard/7695238192/	https://live.staticflickr.com/8424/7695238192_bc8f4d9d69_b.jpg	https://live.staticflickr.com/8424/7695238192_bc8f4d9d69_q.jpg	Male California Dogface (Colias eurydice) - collected on 14 August 1981	Treebeard	All Rights Reserved	132	
7535	2695fcd7-2ff0-430e-9df2-6483591eb42c	404	https://symbiota.ccber.ucsb.edu/kummel/2026/7695305606.jpg	7695305606.jpg	7695305606	yes	200	https://www.flickr.com/photos/treebeard/7695305606/	https://live.staticflickr.com/7133/7695305606_43bb29b090_b.jpg	https://live.staticflickr.com/7133/7695305606_43bb29b090_q.jpg	Greenish female California Dogface (Colias eurydice) butterfly on a new flower of Mexican Sunflower (Tithonia rotundifolia, Asteraceae) in the garden	Treebeard	All Rights Reserved	126	
7536	0fc2978a-1786-48d9-b8fc-b7335b64e38a	404	https://symbiota.ccber.ucsb.edu/kummel/2026/7695343320.jpg	7695343320.jpg	7695343320	yes	200	https://www.flickr.com/photos/treebeard/7695343320/	https://live.staticflickr.com/8017/7695343320_befb764e92_c.jpg	https://live.staticflickr.com/8017/7695343320_befb764e92_q.jpg	Gray Hairstreak (Strymon melinus) butterfly in the garden - working flowers of Winter savory (Satureja montana, Lamiaceae)	Treebeard	All Rights Reserved	134	
7537	886a8318-5c8d-4bb6-9a11-14bfbf31aa64	404	https://symbiota.ccber.ucsb.edu/kummel/2026/7854269160.jpg	7854269160.jpg	7854269160	yes	200	https://www.flickr.com/photos/treebeard/7854269160/	https://live.staticflickr.com/8443/7854269160_e36dd5713c_c.jpg	https://live.staticflickr.com/8443/7854269160_e36dd5713c_q.jpg	Caterpillars of the Cinnabar Moth (Tyria jacobaeae, Lepidoptera) munching flowers of Tansy Ragwort (Jacobaea vulgari, Asteraceae)	Treebeard	All Rights Reserved	138	
7538	136ec326-633f-41d8-94c7-25551ca737fa	404	https://symbiota.ccber.ucsb.edu/kummel/2026/7854354886.jpg	7854354886.jpg	7854354886	yes	200	https://www.flickr.com/photos/treebeard/7854354886/	https://live.staticflickr.com/8283/7854354886_c7f350261d_c.jpg	https://live.staticflickr.com/8283/7854354886_c7f350261d_q.jpg	Grass-Skipper (genus Hesperia, family Hesperiidae) butterfly working a non-native flower head of Fuller's Teasel (Dipsacus fullonum, Dipsacacea)	Treebeard	All Rights Reserved	138	
7539	52f28601-52de-4417-8771-637e1057f604	404	https://symbiota.ccber.ucsb.edu/kummel/2026/7854447930.jpg	7854447930.jpg	7854447930	yes	200	https://www.flickr.com/photos/treebeard/7854447930/	https://live.staticflickr.com/8430/7854447930_ca2b6b7019_c.jpg	https://live.staticflickr.com/8430/7854447930_ca2b6b7019_q.jpg	Copper Butterfly (Lycaeninae) - maybe Gorgon Copper (Lycaena gorgon)?	Treebeard	All Rights Reserved	127	
7540	b6b6ba6f-a8a5-4729-90c6-677e372c3194	404	https://symbiota.ccber.ucsb.edu/kummel/2026/7854528526.jpg	7854528526.jpg	7854528526	yes	200	https://www.flickr.com/photos/treebeard/7854528526/	https://live.staticflickr.com/8303/7854528526_8c0f0bf829_c.jpg	https://live.staticflickr.com/8303/7854528526_8c0f0bf829_q.jpg	Crab Spider (Thomisidae) with Pine White (Neophasia menapia) butterfly prey on Tansy Ragwort (Senecio jacobaea, Asteraceae)	Treebeard	All Rights Reserved	125	
7541	d2af42a9-f743-4b25-9062-c10e51ca7b56	404	https://symbiota.ccber.ucsb.edu/kummel/2026/7854598118.jpg	7854598118.jpg	7854598118	yes	200	https://www.flickr.com/photos/treebeard/7854598118/	https://live.staticflickr.com/8281/7854598118_a100ff010e_c.jpg	https://live.staticflickr.com/8281/7854598118_a100ff010e_q.jpg	"Some kind of Fritillary Butterfly (genus Speyeria) ""puddling"" in a puddle in the Oregon woods"	Treebeard	All Rights Reserved	125	
7542	152ff458-efe8-46dc-b2dd-adf6acf082ff	404	https://symbiota.ccber.ucsb.edu/kummel/2026/7854687288.jpg	7854687288.jpg	7854687288	yes	200	https://www.flickr.com/photos/treebeard/7854687288/	https://live.staticflickr.com/7137/7854687288_032914f806_c.jpg	https://live.staticflickr.com/7137/7854687288_032914f806_q.jpg	Great Basin Wood-Nymph (Cercyonis sthenele) butterfly	Treebeard	All Rights Reserved	117	
7543	3cd57429-eb29-4cdc-afe3-1b2a529cdf8c	404	https://symbiota.ccber.ucsb.edu/kummel/2026/7854761832.jpg	7854761832.jpg	7854761832	yes	200	https://www.flickr.com/photos/treebeard/7854761832/	https://live.staticflickr.com/8437/7854761832_8e095d2613_b.jpg	https://live.staticflickr.com/8437/7854761832_8e095d2613_q.jpg	Pair of Common Checkered-Skipper (Pyrgus communis) butterflies thinking about mating	Treebeard	All Rights Reserved	126	
7544	13d83cc2-5cd3-4b6a-ba8b-b54c15b24111	404	https://symbiota.ccber.ucsb.edu/kummel/2026/7854799408.jpg	7854799408.jpg	7854799408	yes	200	https://www.flickr.com/photos/treebeard/7854799408/	https://live.staticflickr.com/7122/7854799408_12f3dff3d1_c.jpg	https://live.staticflickr.com/7122/7854799408_12f3dff3d1_q.jpg	Marine Blue (Leptotes marina) butterfly ovipositing on Fuchsia flower bud	Treebeard	All Rights Reserved	135	
7545	63f5139d-a405-488f-bc89-a501c9528af0	404	https://symbiota.ccber.ucsb.edu/kummel/2026/7860693992.jpg	7860693992.jpg	7860693992	yes	200	https://www.flickr.com/photos/treebeard/7860693992/	https://live.staticflickr.com/7274/7860693992_1029dd1331_b.jpg	https://live.staticflickr.com/7274/7860693992_1029dd1331_q.jpg	Impressive Robber Fly (Asilidae, Diptera) at Cape Blanco State Park in Oregon	Treebeard	All Rights Reserved	127	
7546	2505aec3-366f-46d0-b709-d491246f4748	404	https://symbiota.ccber.ucsb.edu/kummel/2026/7860819770.jpg	7860819770.jpg	7860819770	yes	200	https://www.flickr.com/photos/treebeard/7860819770/	https://live.staticflickr.com/7277/7860819770_8892e6f43a_b.jpg	https://live.staticflickr.com/7277/7860819770_8892e6f43a_q.jpg	Muscular Robber Fly (Asilidae, Diptera) on a leaf of Wild Huckleberry (Vaccinium ovatum, Ericaceae)	Treebeard	All Rights Reserved	126	
7547	83631a5a-0755-4169-a082-58488bad6b8d	404	https://symbiota.ccber.ucsb.edu/kummel/2026/7860898732.jpg	7860898732.jpg	7860898732	yes	200	https://www.flickr.com/photos/treebeard/7860898732/	https://live.staticflickr.com/8437/7860898732_2ff5e1731a_c.jpg	https://live.staticflickr.com/8437/7860898732_2ff5e1731a_q.jpg	Spreadwing Dragonfly (Lestidae, Odonata)	Treebeard	All Rights Reserved	119	
7548	8d99ee06-094e-45ea-9881-f8bd4b4048a0	404	https://symbiota.ccber.ucsb.edu/kummel/2026/7860972018.jpg	7860972018.jpg	7860972018	yes	200	https://www.flickr.com/photos/treebeard/7860972018/	https://live.staticflickr.com/8429/7860972018_96001a7dc8_b.jpg	https://live.staticflickr.com/8429/7860972018_96001a7dc8_q.jpg	Dragonfly (Libellulidae, Odonata) - maybe the Striped Meadowhawk (Sympetrum pallipes)?	Treebeard	All Rights Reserved	115	
7549	34ef9705-ea67-449d-9f68-4b986cde2eb0	404	https://symbiota.ccber.ucsb.edu/kummel/2026/7861067790.jpg	7861067790.jpg	7861067790	yes	200	https://www.flickr.com/photos/treebeard/7861067790/	https://live.staticflickr.com/8435/7861067790_c3a693a64c_c.jpg	https://live.staticflickr.com/8435/7861067790_c3a693a64c_q.jpg	Pacific Spiketail (Cordulegaster dorsalis) dragonfly (Cordulegastridae, Anisoptera, Odonata)	Treebeard	All Rights Reserved	111	
7550	4ebda9a1-65f5-4263-8f48-6814bf2cab25	404	https://symbiota.ccber.ucsb.edu/kummel/2026/7861128270.jpg	7861128270.jpg	7861128270	yes	200	https://www.flickr.com/photos/treebeard/7861128270/	https://live.staticflickr.com/7280/7861128270_b6f34abd58_b.jpg	https://live.staticflickr.com/7280/7861128270_b6f34abd58_q.jpg	Darner dragonfly (Aeshnidae, Anisoptera, Odonata) - maybe Walker's Darner (Aeshna walkeri)?	Treebeard	All Rights Reserved	113	
7551	ff499231-4cb4-4825-9b32-a650e56e5830	404	https://symbiota.ccber.ucsb.edu/kummel/2026/7861286372.jpg	7861286372.jpg	7861286372	yes	200	https://www.flickr.com/photos/treebeard/7861286372/	https://live.staticflickr.com/8289/7861286372_9df4d30b3d_c.jpg	https://live.staticflickr.com/8289/7861286372_9df4d30b3d_q.jpg	Maybe a Western Pondhawk (Erythemis collocata, Libellulidae, Anisoptera, Odonata) dragonfly	Treebeard	All Rights Reserved	112	
7552	babf01f4-8a1e-4258-9802-c6467f938c8c	404	https://symbiota.ccber.ucsb.edu/kummel/2026/7861382600.jpg	7861382600.jpg	7861382600	yes	200	https://www.flickr.com/photos/treebeard/7861382600/	https://live.staticflickr.com/7246/7861382600_5f8cd7bdb2_c.jpg	https://live.staticflickr.com/7246/7861382600_5f8cd7bdb2_q.jpg	Flame Skimmer (Libellula saturata, Anisoptera, Odonata) dragonfly	Treebeard	All Rights Reserved	116	
7553	e973dcfa-b994-4d57-b580-3df835e21301	404	https://symbiota.ccber.ucsb.edu/kummel/2026/7868631188.jpg	7868631188.jpg	7868631188	yes	200	https://www.flickr.com/photos/treebeard/7868631188/	https://live.staticflickr.com/8285/7868631188_3239c6750c_c.jpg	https://live.staticflickr.com/8285/7868631188_3239c6750c_q.jpg	Strange white flowers of Indian Pipes (Monotropa uniflora, Monotropaceae)	Treebeard	All Rights Reserved	112	
7554	598bb90d-b27b-4da6-8d9a-f710bae3da21	404	https://symbiota.ccber.ucsb.edu/kummel/2026/7868717184.jpg	7868717184.jpg	7868717184	yes	200	https://www.flickr.com/photos/treebeard/7868717184/	https://live.staticflickr.com/8284/7868717184_19618a8e41_c.jpg	https://live.staticflickr.com/8284/7868717184_19618a8e41_q.jpg	Unusual flowers of Clustered Broomrape (Orobanche fasciculata, Orobanchaceae)	Treebeard	All Rights Reserved	114	
7555	19c7ce45-9a91-42c9-b3d2-eae3c0cf1188	404	https://symbiota.ccber.ucsb.edu/kummel/2026/7868843746.jpg	7868843746.jpg	7868843746	yes	200	https://www.flickr.com/photos/treebeard/7868843746/	https://live.staticflickr.com/8282/7868843746_e9aae986b6_c.jpg	https://live.staticflickr.com/8282/7868843746_e9aae986b6_q.jpg	Seed capsules of Western Coralroot Orchid (Corallorhiza mertensiana, Orchidaceae)	Treebeard	All Rights Reserved	112	
7556	7f7a7392-641a-4d09-8116-a344c7b604c5	404	https://symbiota.ccber.ucsb.edu/kummel/2026/7868963136.jpg	7868963136.jpg	7868963136	yes	200	https://www.flickr.com/photos/treebeard/7868963136/	https://live.staticflickr.com/8304/7868963136_3ff86a8043_c.jpg	https://live.staticflickr.com/8304/7868963136_3ff86a8043_q.jpg	New flowers of Rattlesnake Orchid (Goodyera oblongifolia, Orchidaceae)	Treebeard	All Rights Reserved	113	
7557	50b81091-01b8-444e-b817-133b67275719	404	https://symbiota.ccber.ucsb.edu/kummel/2026/7868995758.jpg	7868995758.jpg	7868995758	yes	200	https://www.flickr.com/photos/treebeard/7868995758/	https://live.staticflickr.com/8445/7868995758_529f0788cd_c.jpg	https://live.staticflickr.com/8445/7868995758_529f0788cd_q.jpg	Flower spike of the Denseflower Rein Orchid (Piperia elongata, Orchidaceae)	Treebeard	All Rights Reserved	111	
7558	e7c60846-b6b2-4210-b08a-be4f54dbe681	404	https://symbiota.ccber.ucsb.edu/kummel/2026/7869104870.jpg	7869104870.jpg	7869104870	yes	200	https://www.flickr.com/photos/treebeard/7869104870/	https://live.staticflickr.com/8445/7869104870_d7ca23b426_c.jpg	https://live.staticflickr.com/8445/7869104870_d7ca23b426_q.jpg	Maybe the Royal Rein Orchid (Piperia transvera, Orchidaceae)	Treebeard	All Rights Reserved	117	
7559	a8e421e1-4231-4e12-8829-6270927f2038	404	https://symbiota.ccber.ucsb.edu/kummel/2026/7869310122.jpg	7869310122.jpg	7869310122	yes	200	https://www.flickr.com/photos/treebeard/7869310122/	https://live.staticflickr.com/8423/7869310122_99b2e74e11_c.jpg	https://live.staticflickr.com/8423/7869310122_99b2e74e11_q.jpg	Coast Piperia orchid (Piperia elegans, Orchidaceae)	Treebeard	All Rights Reserved	116	
7560	fa15925e-3ebf-4c89-a661-0fa15af1970c	404	https://symbiota.ccber.ucsb.edu/kummel/2026/7869363360.jpg	7869363360.jpg	7869363360	yes	200	https://www.flickr.com/photos/treebeard/7869363360/	https://live.staticflickr.com/8307/7869363360_b9de269d44_c.jpg	https://live.staticflickr.com/8307/7869363360_b9de269d44_q.jpg	White Bog Orchid (Platanthera dilatata var. leucostachys, Orchidaceae)	Treebeard	All Rights Reserved	114	
7561	cfc1ce08-c222-4b9d-bb70-bfb59480e17a	404	https://symbiota.ccber.ucsb.edu/kummel/2026/7876406006.jpg	7876406006.jpg	7876406006	yes	200	https://www.flickr.com/photos/treebeard/7876406006/	https://live.staticflickr.com/8289/7876406006_206ac6caa8_b.jpg	https://live.staticflickr.com/8289/7876406006_206ac6caa8_q.jpg	Daddy-long-legs or Harvestman spider (Palpatores, Opiliones, Arachnida)	Treebeard	All Rights Reserved	110	
7562	fba654f6-c4d3-471c-a267-38fe4361b5da	404	https://symbiota.ccber.ucsb.edu/kummel/2026/7876499948.jpg	7876499948.jpg	7876499948	yes	200	https://www.flickr.com/photos/treebeard/7876499948/	https://live.staticflickr.com/8299/7876499948_7917a77717_c.jpg	https://live.staticflickr.com/8299/7876499948_7917a77717_q.jpg	Wasp-mimic Syrphid Flower Fly (Syrphidae, Diptera) at a seep in the Oregon woods	Treebeard	All Rights Reserved	126	
7563	dc6bb8d5-730d-4c55-aa60-687df867d50e	404	https://symbiota.ccber.ucsb.edu/kummel/2026/7876577676.jpg	7876577676.jpg	7876577676	yes	200	https://www.flickr.com/photos/treebeard/7876577676/	https://live.staticflickr.com/7252/7876577676_314129935c_c.jpg	https://live.staticflickr.com/7252/7876577676_314129935c_q.jpg	Large bristly Tachinid Fly (Tachinidae, Diptera) - wearing a ruff?	Treebeard	All Rights Reserved	115	
7564	63ab07c2-ece7-4859-a064-a617a34f0c90	404	https://symbiota.ccber.ucsb.edu/kummel/2026/7876648036.jpg	7876648036.jpg	7876648036	yes	200	https://www.flickr.com/photos/treebeard/7876648036/	https://live.staticflickr.com/8284/7876648036_d0a5ef6d66_b.jpg	https://live.staticflickr.com/8284/7876648036_d0a5ef6d66_q.jpg	Yellow Jacket type paper wasps (Vespidae, Hymenoptera) - they look like European Paper Wasps (Polistes dominula)	Treebeard	All Rights Reserved	127	
7565	202d1f93-088c-453f-aa80-37944371389f	404	https://symbiota.ccber.ucsb.edu/kummel/2026/7876798584.jpg	7876798584.jpg	7876798584	yes	200	https://www.flickr.com/photos/treebeard/7876798584/	https://live.staticflickr.com/7128/7876798584_8f04b3862d_c.jpg	https://live.staticflickr.com/7128/7876798584_8f04b3862d_q.jpg	Rather large Assassin Bug (Reduviidae, Hemiptera) on Himalayan Blackberry (Rubus discolor, Rosaceae)	Treebeard	All Rights Reserved	129	
7566	8ef11383-77d1-4c34-b7c6-a5c1c1cd34ae	404	https://symbiota.ccber.ucsb.edu/kummel/2026/7876885040.jpg	7876885040.jpg	7876885040	yes	200	https://www.flickr.com/photos/treebeard/7876885040/	https://live.staticflickr.com/8291/7876885040_49af95c24f_b.jpg	https://live.staticflickr.com/8291/7876885040_49af95c24f_q.jpg	Assassin Bug (Reduviidae, Hemiptera) on a fern leaflet	Treebeard	All Rights Reserved	124	
7567	5d64f18b-c6b2-4333-beed-0608052ab18e	404	https://symbiota.ccber.ucsb.edu/kummel/2026/7876991016.jpg	7876991016.jpg	7876991016	yes	200	https://www.flickr.com/photos/treebeard/7876991016/	https://live.staticflickr.com/7261/7876991016_ce89c3f0c0_b.jpg	https://live.staticflickr.com/7261/7876991016_ce89c3f0c0_q.jpg	Cicada (Cicadidae, Homoptera) in the act of molting	Treebeard	All Rights Reserved	117	
7568	621ac0dd-8ef5-446f-b7bc-2b7fc21438fc	404	https://symbiota.ccber.ucsb.edu/kummel/2026/7877059330.jpg	7877059330.jpg	7877059330	yes	200	https://www.flickr.com/photos/treebeard/7877059330/	https://live.staticflickr.com/8444/7877059330_2efaf7456e_b.jpg	https://live.staticflickr.com/8444/7877059330_2efaf7456e_q.jpg	Marine Blue (Leptotes marina) butterfly in the air - taking wing from Lavender (Lavandula, Lamiaceae) flowers	Treebeard	All Rights Reserved	112	
7569	3dab08b0-35b6-4998-b253-efa4519e4c09	404	https://symbiota.ccber.ucsb.edu/kummel/2026/7884366174.jpg	7884366174.jpg	7884366174	yes	200	https://www.flickr.com/photos/treebeard/7884366174/	https://live.staticflickr.com/8030/7884366174_91f6d9ab9d_c.jpg	https://live.staticflickr.com/8030/7884366174_91f6d9ab9d_q.jpg	Ripe and ripening berries of non-native Himalayan Blackberry (Rubus discolor, Rosaceae)	Treebeard	All Rights Reserved	113	
7570	f0e6d9b5-91cb-478d-ab37-c16f13d4c021	404	https://symbiota.ccber.ucsb.edu/kummel/2026/7884438982.jpg	7884438982.jpg	7884438982	yes	200	https://www.flickr.com/photos/treebeard/7884438982/	https://live.staticflickr.com/8456/7884438982_b5f98b4c6e_c.jpg	https://live.staticflickr.com/8456/7884438982_b5f98b4c6e_q.jpg	Almost ripe berries of Wild Huckleberry (Vaccinium ovatum, Ericaceae)	Treebeard	All Rights Reserved	115	
7571	d28806ca-c6c0-4028-ba5f-5eae15d3d3df	404	https://symbiota.ccber.ucsb.edu/kummel/2026/7884494986.jpg	7884494986.jpg	7884494986	yes	200	https://www.flickr.com/photos/treebeard/7884494986/	https://live.staticflickr.com/8034/7884494986_e904cb5663_b.jpg	https://live.staticflickr.com/8034/7884494986_e904cb5663_q.jpg	Ripe fruit of Red Huckleberry (Vaccinium parvifolium, Ericaceae)	Treebeard	All Rights Reserved	125	
7572	577c646b-7fe8-42d8-b158-0c4b349ae628	404	https://symbiota.ccber.ucsb.edu/kummel/2026/7884560872.jpg	7884560872.jpg	7884560872	yes	200	https://www.flickr.com/photos/treebeard/7884560872/	https://live.staticflickr.com/8313/7884560872_9b1b0c0fff_c.jpg	https://live.staticflickr.com/8313/7884560872_9b1b0c0fff_q.jpg	Sand Wasp (Steniolia, Bembicini, Apoidea, Hymenoptera) and male California Dogface (Colias eurydice) butterflies on Mexican Sunflower (Tithonia rotundifolia, Asteraceae) in the garden	Treebeard	All Rights Reserved	126	
7573	4ea93df7-3da6-48a2-8c42-45c8b397ec9b	404	https://symbiota.ccber.ucsb.edu/kummel/2026/7891003996.jpg	7891003996.jpg	7891003996	yes	200	https://www.flickr.com/photos/treebeard/7891003996/	https://live.staticflickr.com/8301/7891003996_4c690ddda5_c.jpg	https://live.staticflickr.com/8301/7891003996_4c690ddda5_q.jpg	Large Slug (Gastropoda) in the Oregon woods - maybe a Pacific Banana Slug (Ariolimax columbianus)?	Treebeard	All Rights Reserved	126	
7574	673529ef-2cc3-4c1a-9425-f58897cfe70e	404	https://symbiota.ccber.ucsb.edu/kummel/2026/7891119576.jpg	7891119576.jpg	7891119576	yes	200	https://www.flickr.com/photos/treebeard/7891119576/	https://live.staticflickr.com/8309/7891119576_ab74a62abc_c.jpg	https://live.staticflickr.com/8309/7891119576_ab74a62abc_q.jpg	Unusual fern - Leathery Grape Fern (Botrychium multifidum, Opioglossaceae)	Treebeard	All Rights Reserved	113	
7575	7ae4cd66-2d0d-4ce4-96f9-f41b6e816c01	404	https://symbiota.ccber.ucsb.edu/kummel/2026/7891263306.jpg	7891263306.jpg	7891263306	yes	200	https://www.flickr.com/photos/treebeard/7891263306/	https://live.staticflickr.com/8312/7891263306_4c47d8efaa_c.jpg	https://live.staticflickr.com/8312/7891263306_4c47d8efaa_q.jpg	New flowers of native Scarlet Gilia aka Skyrocket (Ipomopsis aggregata)	Treebeard	All Rights Reserved	115	
7576	ec6d3164-860b-4f10-be76-be4fa982feb8	404	https://symbiota.ccber.ucsb.edu/kummel/2026/7891403520.jpg	7891403520.jpg	7891403520	yes	200	https://www.flickr.com/photos/treebeard/7891403520/	https://live.staticflickr.com/8317/7891403520_df396619db_c.jpg	https://live.staticflickr.com/8317/7891403520_df396619db_q.jpg	Perfect flower of native Columbia Lily (Lilium columbianum, Liliaceae)	Treebeard	All Rights Reserved	118	
7577	a80434fb-6716-4fee-9ae0-d80dfb4e680a	404	https://symbiota.ccber.ucsb.edu/kummel/2026/7891425286.jpg	7891425286.jpg	7891425286	yes	200	https://www.flickr.com/photos/treebeard/7891425286/	https://live.staticflickr.com/8309/7891425286_edfa65858a_c.jpg	https://live.staticflickr.com/8309/7891425286_edfa65858a_q.jpg	Beautiful flower of native Western Columbine (Aquilegia formosa, Ranunculaceae)	Treebeard	All Rights Reserved	111	
7578	bdb78334-278c-4f4b-946e-a68693ed2dce	404	https://symbiota.ccber.ucsb.edu/kummel/2026/7891446264.jpg	7891446264.jpg	7891446264	yes	200	https://www.flickr.com/photos/treebeard/7891446264/	https://live.staticflickr.com/8428/7891446264_f64c2d33e9_c.jpg	https://live.staticflickr.com/8428/7891446264_f64c2d33e9_q.jpg	Fanciful flowers of Columbian Monkshood (Aconitum columbianum, Ranunculaceae)	Treebeard	All Rights Reserved	129	
7579	848d4be1-55f8-42c9-9bce-03a98d1852f5	404	https://symbiota.ccber.ucsb.edu/kummel/2026/7891489466.jpg	7891489466.jpg	7891489466	yes	200	https://www.flickr.com/photos/treebeard/7891489466/	https://live.staticflickr.com/8309/7891489466_176a09e689_b.jpg	https://live.staticflickr.com/8309/7891489466_176a09e689_q.jpg	Thick-headed Fly (Conopidae, Diptera) is prey for Ambush Bug (Phymatidae, Hemiptera) on California Buckwheat (Eriogonum fasciculatum, Polygonaceae) - with Freeloader Fly (Milichiidae)	Treebeard	All Rights Reserved	127	
7580	df309d11-4a13-448a-9fef-e335888d7f93	404	https://symbiota.ccber.ucsb.edu/kummel/2026/7891654508.jpg	7891654508.jpg	7891654508	yes	200	https://www.flickr.com/photos/treebeard/7891654508/	https://live.staticflickr.com/8038/7891654508_89ebbfd9df_b.jpg	https://live.staticflickr.com/8038/7891654508_89ebbfd9df_q.jpg	Ambush Bug (Phymatidae, Hemiptera) with Thick-headed Fly (Conopidae, Diptera) on flower head of  California Buckwheat (Eriogonum fasciculatum, Polygonaceae)	Treebeard	All Rights Reserved	116	
7581	7a305bf0-ee7e-4b05-ae68-eba352b426c7	404	https://symbiota.ccber.ucsb.edu/kummel/2026/7897397640.jpg	7897397640.jpg	7897397640	yes	200	https://www.flickr.com/photos/treebeard/7897397640/	https://live.staticflickr.com/8304/7897397640_5553735349_c.jpg	https://live.staticflickr.com/8304/7897397640_5553735349_q.jpg	Russula mushrooms in summer	Treebeard	All Rights Reserved	115	
7582	5f54f615-de3a-4c31-bc74-f1be4398c6c3	404	https://symbiota.ccber.ucsb.edu/kummel/2026/7897484052.jpg	7897484052.jpg	7897484052	yes	200	https://www.flickr.com/photos/treebeard/7897484052/	https://live.staticflickr.com/8456/7897484052_9906845d37_b.jpg	https://live.staticflickr.com/8456/7897484052_9906845d37_q.jpg	Strange Lobster Mushroom (Hypomyces lacifluorum) - a parasitic fungus on Lactarius and Russula	Treebeard	All Rights Reserved	119	
7583	88ddaf1c-dc34-42f8-9799-bd03325aa662	404	https://symbiota.ccber.ucsb.edu/kummel/2026/7897580148.jpg	7897580148.jpg	7897580148	yes	200	https://www.flickr.com/photos/treebeard/7897580148/	https://live.staticflickr.com/8041/7897580148_1648530266_c.jpg	https://live.staticflickr.com/8041/7897580148_1648530266_q.jpg	Maybe a Western Grisette (Amanita pachycolea) mushroom in the Oregon woods	Treebeard	All Rights Reserved	114	
7584	c59af4c0-604b-447c-8c10-575c1ca9174a	404	https://symbiota.ccber.ucsb.edu/kummel/2026/7897693880.jpg	7897693880.jpg	7897693880	yes	200	https://www.flickr.com/photos/treebeard/7897693880/	https://live.staticflickr.com/8441/7897693880_703b3f236a_c.jpg	https://live.staticflickr.com/8441/7897693880_703b3f236a_q.jpg	Fresh-looking Panther Amanita (Amanita pantherina) in the moss under Sitka Spruce (Picea sitchensis, Pinaceae)	Treebeard	All Rights Reserved	129	
7585	90b2f458-0342-451f-8039-ad3d833fa143	404	https://symbiota.ccber.ucsb.edu/kummel/2026/7897787758.jpg	7897787758.jpg	7897787758	yes	200	https://www.flickr.com/photos/treebeard/7897787758/	https://live.staticflickr.com/8321/7897787758_92d0026212_b.jpg	https://live.staticflickr.com/8321/7897787758_92d0026212_q.jpg	Panther Amanita (Amanita pantherina) mushrooms growing under Sitka Spruce (Picea sitchensis, Pinaceae)	Treebeard	All Rights Reserved	124	
7586	d2cc7e09-565b-4993-93b7-6f7a5abcee39	404	https://symbiota.ccber.ucsb.edu/kummel/2026/7897865622.jpg	7897865622.jpg	7897865622	yes	200	https://www.flickr.com/photos/treebeard/7897865622/	https://live.staticflickr.com/8311/7897865622_4926f4bee8_b.jpg	https://live.staticflickr.com/8311/7897865622_4926f4bee8_q.jpg	Panther Amanita (Amanita pantherina) mushroom under Sitka Spruce (Picea sitchensis, Pinaceae) trees	Treebeard	All Rights Reserved	128	
7587	1b384221-751e-4a09-afa9-1a1c6a0a940b	404	https://symbiota.ccber.ucsb.edu/kummel/2026/7897928158.jpg	7897928158.jpg	7897928158	yes	200	https://www.flickr.com/photos/treebeard/7897928158/	https://live.staticflickr.com/8315/7897928158_566a07acdf_b.jpg	https://live.staticflickr.com/8315/7897928158_566a07acdf_q.jpg	Looks yucky, but this is the Dog Vomit Slime Mold (Fuligo septica, Myxomycetes)	Treebeard	All Rights Reserved	122	
7588	9eb60156-185f-4857-bdcb-1ef75bd976e6	404	https://symbiota.ccber.ucsb.edu/kummel/2026/7898025166.jpg	7898025166.jpg	7898025166	yes	200	https://www.flickr.com/photos/treebeard/7898025166/	https://live.staticflickr.com/8041/7898025166_1a3b26f0c3_b.jpg	https://live.staticflickr.com/8041/7898025166_1a3b26f0c3_q.jpg	Western Tiger Swallowtail (Papilio rutulus) butterfly on Butterfly Bush (Buddleia davidii, Scrophulariaceae)	Treebeard	All Rights Reserved	125	
7589	34207b8d-0528-4fd6-be4c-528ea1b3f1ea	404	https://symbiota.ccber.ucsb.edu/kummel/2026/7903178970.jpg	7903178970.jpg	7903178970	yes	200	https://www.flickr.com/photos/treebeard/7903178970/	https://live.staticflickr.com/8454/7903178970_743c437a58_b.jpg	https://live.staticflickr.com/8454/7903178970_743c437a58_q.jpg	Pretty yellow flowers of Sulfur Buckwheat (Eriogonum umbellatum, Polygonaceae)	Treebeard	All Rights Reserved	125	
7590	83ca155a-9e26-4859-a94f-c01227365059	404	https://symbiota.ccber.ucsb.edu/kummel/2026/7903243958.jpg	7903243958.jpg	7903243958	yes	200	https://www.flickr.com/photos/treebeard/7903243958/	https://live.staticflickr.com/8317/7903243958_2547cae83a_b.jpg	https://live.staticflickr.com/8317/7903243958_2547cae83a_q.jpg	Odd flowers of Green False Hellebore (Veratrum viride, Liliaceae)	Treebeard	All Rights Reserved	122	
7591	cb686bfa-d941-4bdd-8fb0-e2e379ca01d4	404	https://symbiota.ccber.ucsb.edu/kummel/2026/7903335696.jpg	7903335696.jpg	7903335696	yes	200	https://www.flickr.com/photos/treebeard/7903335696/	https://live.staticflickr.com/8317/7903335696_8e3f15f2e6_c.jpg	https://live.staticflickr.com/8317/7903335696_8e3f15f2e6_q.jpg	Short-awned Brome Grass (Bromus, Poaceae) in full flower	Treebeard	All Rights Reserved	133	
7592	4f5f9b24-1ad1-439b-988d-97bdf7be6854	404	https://symbiota.ccber.ucsb.edu/kummel/2026/7903376790.jpg	7903376790.jpg	7903376790	yes	200	https://www.flickr.com/photos/treebeard/7903376790/	https://live.staticflickr.com/8451/7903376790_42d670dfe6_c.jpg	https://live.staticflickr.com/8451/7903376790_42d670dfe6_q.jpg	Remarkable color of Orange Agoseris (Agoseris aurantiaca, Asteraceae) flower	Treebeard	All Rights Reserved	137	
7593	af68f292-d0ec-4fd7-a9d3-536f4c3419a5	404	https://symbiota.ccber.ucsb.edu/kummel/2026/7903441588.jpg	7903441588.jpg	7903441588	yes	200	https://www.flickr.com/photos/treebeard/7903441588/	https://live.staticflickr.com/8442/7903441588_c4f3802961_c.jpg	https://live.staticflickr.com/8442/7903441588_c4f3802961_q.jpg	Soft cone of Sitka Spruce (Picea sitchensis, Pinaceae)	Treebeard	All Rights Reserved	144	
7594	883e660f-acf6-44b2-b0e3-13f9ad8f24e2	404	https://symbiota.ccber.ucsb.edu/kummel/2026/7903473550.jpg	7903473550.jpg	7903473550	yes	200	https://www.flickr.com/photos/treebeard/7903473550/	https://live.staticflickr.com/8450/7903473550_f9877b8c89_c.jpg	https://live.staticflickr.com/8450/7903473550_f9877b8c89_q.jpg	Barely-recognizable galled leaves of Poison Oak (Toxicodendron diversilobum, Anacardiaceae)	Treebeard	All Rights Reserved	118	
7595	cd63669f-b645-47d5-a6d7-48d8d81be430	404	https://symbiota.ccber.ucsb.edu/kummel/2026/7903524778.jpg	7903524778.jpg	7903524778	yes	200	https://www.flickr.com/photos/treebeard/7903524778/	https://live.staticflickr.com/8036/7903524778_ec770a5125_c.jpg	https://live.staticflickr.com/8036/7903524778_ec770a5125_q.jpg	"""Ping Pong Galls"" of the Speckled Gall Wasp (Besbicus mirabilis, Cynipidae, Hymenoptera) on lobed leaf Oregon White Oak (Quercus garryana, Fagaceae)"	Treebeard	All Rights Reserved	121	
7596	438f882f-f38c-46f3-b9f0-df327c701f52	404	https://symbiota.ccber.ucsb.edu/kummel/2026/7903572166.jpg	7903572166.jpg	7903572166	yes	200	https://www.flickr.com/photos/treebeard/7903572166/	https://live.staticflickr.com/8171/7903572166_c309c945da_c.jpg	https://live.staticflickr.com/8171/7903572166_c309c945da_q.jpg	Remarkable nymph of an Assassin Bug (Reduviidae, Hemiptera)	Treebeard	All Rights Reserved	122	
7597	e1cef7de-ec48-4ad7-8534-db22fdea8d85	404	https://symbiota.ccber.ucsb.edu/kummel/2026/7909850040.jpg	7909850040.jpg	7909850040	yes	200	https://www.flickr.com/photos/treebeard/7909850040/	https://live.staticflickr.com/8313/7909850040_c8741b2113_c.jpg	https://live.staticflickr.com/8313/7909850040_c8741b2113_q.jpg	Tansy Ragwort (Senecio jacobaea, Asteraceae) - a common weed in Oregon	Treebeard	All Rights Reserved	134	
7598	d8487b6a-2146-4b4d-8b08-49d552d34f66	404	https://symbiota.ccber.ucsb.edu/kummel/2026/7909910574.jpg	7909910574.jpg	7909910574	yes	200	https://www.flickr.com/photos/treebeard/7909910574/	https://live.staticflickr.com/8034/7909910574_2e3566c543_b.jpg	https://live.staticflickr.com/8034/7909910574_2e3566c543_q.jpg	"""Beautiful weed"" - Spotted Knapweed (Centaurea maculosa, Asteraceae) in Oregon"	Treebeard	All Rights Reserved	140	
7599	80cff4f9-6c9c-4d7b-b498-4e75fad4b635	404	https://symbiota.ccber.ucsb.edu/kummel/2026/7910157742.jpg	7910157742.jpg	7910157742	yes	200	https://www.flickr.com/photos/treebeard/7910157742/	https://live.staticflickr.com/8301/7910157742_2d2d11e788_b.jpg	https://live.staticflickr.com/8301/7910157742_2d2d11e788_q.jpg	"Odd flowers of Pipsissewa aka ""Prince's-Pine"" (Chimaphila umbellata, Pyrolaceae)"	Treebeard	All Rights Reserved	125	
7600	8b05be97-f804-4f2a-9cd2-bed1b29253d0	404	https://symbiota.ccber.ucsb.edu/kummel/2026/7910257806.jpg	7910257806.jpg	7910257806	yes	200	https://www.flickr.com/photos/treebeard/7910257806/	https://live.staticflickr.com/8040/7910257806_8ef59b8966_c.jpg	https://live.staticflickr.com/8040/7910257806_8ef59b8966_q.jpg	New flowers of Douglas' Spiraea (Spiraea douglasii, Rosaceae) in a marshy place	Treebeard	All Rights Reserved	127	
7601	5d086fbb-435b-4dc2-a628-6cdcdd6012fe	404	https://symbiota.ccber.ucsb.edu/kummel/2026/7910329612.jpg	7910329612.jpg	7910329612	yes	200	https://www.flickr.com/photos/treebeard/7910329612/	https://live.staticflickr.com/8441/7910329612_f6e3d051fd_c.jpg	https://live.staticflickr.com/8441/7910329612_f6e3d051fd_q.jpg	Flower heads of Nettleleaf Giant Hyssop (Agastache urticifolia, Lamiaceae) in Oregon	Treebeard	All Rights Reserved	125	
7602	08c562dd-1bc9-442b-94ec-b7dfb2d27752	404	https://symbiota.ccber.ucsb.edu/kummel/2026/7910385370.jpg	7910385370.jpg	7910385370	yes	200	https://www.flickr.com/photos/treebeard/7910385370/	https://live.staticflickr.com/8442/7910385370_db702cefd7_c.jpg	https://live.staticflickr.com/8442/7910385370_db702cefd7_q.jpg	New flowers of  Elk Clover aka California Spikenard (Aralia californica, Araliaceae)	Treebeard	All Rights Reserved	119	
7603	5747b5e2-0c71-4630-866b-c7f22034b0da	404	https://symbiota.ccber.ucsb.edu/kummel/2026/7910449146.jpg	7910449146.jpg	7910449146	yes	200	https://www.flickr.com/photos/treebeard/7910449146/	https://live.staticflickr.com/8170/7910449146_d5950294c6_b.jpg	https://live.staticflickr.com/8170/7910449146_d5950294c6_q.jpg	Mormon Metalmark (Apodemia mormo) butterfly on Scale Broom (Lepidospartum squamatum, Asteraceae)	Treebeard	All Rights Reserved	133	
7604	8ed0c44f-5a26-448e-9273-606c8d682f9c	404	https://symbiota.ccber.ucsb.edu/kummel/2026/7918132426.jpg	7918132426.jpg	7918132426	yes	200	https://www.flickr.com/photos/treebeard/7918132426/	https://live.staticflickr.com/8453/7918132426_346e4fb8bc_c.jpg	https://live.staticflickr.com/8453/7918132426_346e4fb8bc_q.jpg	Tarantula Hawk (Pepsis mildei, Pompilidae, Hymenoptera) - a male with straight antennae	Treebeard	All Rights Reserved	131	
7605	c1dda034-59d3-4321-b925-119530791c3d	404	https://symbiota.ccber.ucsb.edu/kummel/2026/7918187178.jpg	7918187178.jpg	7918187178	yes	200	https://www.flickr.com/photos/treebeard/7918187178/	https://live.staticflickr.com/8174/7918187178_58d78bacba_c.jpg	https://live.staticflickr.com/8174/7918187178_58d78bacba_q.jpg	Tarantula Hawk (Pepsis mildei, Pompilidae, Hymenoptera) - large female with coiled antennae	Treebeard	All Rights Reserved	123	
7606	68bd7180-f4bd-4aa7-af7a-62b25c95797a	404	https://symbiota.ccber.ucsb.edu/kummel/2026/7926270926.jpg	7926270926.jpg	7926270926	yes	200	https://www.flickr.com/photos/treebeard/7926270926/	https://live.staticflickr.com/8459/7926270926_95ebd1939b_c.jpg	https://live.staticflickr.com/8459/7926270926_95ebd1939b_q.jpg	Wasp-mimic Syrphid Flower Fly (Syrphidae, Diptera) - maybe Spilomyia interrupta and a male California Dogface (Colias eurydice) butterfly sharing a flower of Mexican Sunflower (Tithonia rotundifolia, Asteraceae)	Treebeard	All Rights Reserved	125	
7607	4ebbe80c-9221-4be3-b3dc-eb60981045bc	404	https://symbiota.ccber.ucsb.edu/kummel/2026/7926348036.jpg	7926348036.jpg	7926348036	yes	200	https://www.flickr.com/photos/treebeard/7926348036/	https://live.staticflickr.com/8462/7926348036_cfed12daba_c.jpg	https://live.staticflickr.com/8462/7926348036_cfed12daba_q.jpg	Wasp-mimic Syrphid Flower Fly (Syrphidae, Diptera) - probably Spilomyia interrupta - on Mexican Sunflower (Tithonia rotundifolia, Asteraceae)	Treebeard	All Rights Reserved	125	
7608	941a29fe-129e-4711-8fda-15e327e79164	404	https://symbiota.ccber.ucsb.edu/kummel/2026/7933499672.jpg	7933499672.jpg	7933499672	yes	200	https://www.flickr.com/photos/treebeard/7933499672/	https://live.staticflickr.com/8033/7933499672_c0b7a48cd9_b.jpg	https://live.staticflickr.com/8033/7933499672_c0b7a48cd9_q.jpg	Large yellow Crab Spider (Thomisidae) has made a trap on a flower of Gloriosa Daisy (Rudbeckia hirta, Asteraceae) in the garden	Treebeard	All Rights Reserved	124	
7609	fcd0e2ed-3be4-4c4b-909a-79adcf1803cc	404	https://symbiota.ccber.ucsb.edu/kummel/2026/7933627720.jpg	7933627720.jpg	7933627720	yes	200	https://www.flickr.com/photos/treebeard/7933627720/	https://live.staticflickr.com/8178/7933627720_3facd66c67_c.jpg	https://live.staticflickr.com/8178/7933627720_3facd66c67_q.jpg	Green Lynx Spider (Peucetia viridans, Oxyopidae) with Wild Bee (Anthophila, Hymenoptera) prey	Treebeard	All Rights Reserved	125	
7610	123a2498-1c3c-4b61-b292-b1c07b4f2231	404	https://symbiota.ccber.ucsb.edu/kummel/2026/7933674326.jpg	7933674326.jpg	7933674326	yes	200	https://www.flickr.com/photos/treebeard/7933674326/	https://live.staticflickr.com/8316/7933674326_c481aa050d_c.jpg	https://live.staticflickr.com/8316/7933674326_c481aa050d_q.jpg	Very different Green Lynx Spider (Peucetia viridans, Oxyopidae) with a white and red abdomen - on California Buckwheat (Eriogonum fasciculatum, Polygonaceae)	Treebeard	All Rights Reserved	143	
7611	2e3c48f9-88eb-499f-8a6f-2d0595251a08	404	https://symbiota.ccber.ucsb.edu/kummel/2026/7933764358.jpg	7933764358.jpg	7933764358	yes	200	https://www.flickr.com/photos/treebeard/7933764358/	https://live.staticflickr.com/8169/7933764358_d842c61194_c.jpg	https://live.staticflickr.com/8169/7933764358_d842c61194_q.jpg	Banded Argiope (Argiope trifasciata) garden spider in native California Buckwheat (Eriogonum fasciculatum, Polygonaceae) - with prey	Treebeard	All Rights Reserved	144	
7612	8a2296e6-f0b0-451e-92a5-628ce1fc561c	404	https://symbiota.ccber.ucsb.edu/kummel/2026/7933841118.jpg	7933841118.jpg	7933841118	yes	200	https://www.flickr.com/photos/treebeard/7933841118/	https://live.staticflickr.com/8322/7933841118_fa4a6bd513_c.jpg	https://live.staticflickr.com/8322/7933841118_fa4a6bd513_q.jpg	Silver Argiope (Argiope argenatata) spider with prey - a tiny Fly (Diptera), maybe a Freeloader Fly (Milichiidae)?	Treebeard	All Rights Reserved	130	
7613	308c6eb2-442c-4dc0-9427-cab688628112	404	https://symbiota.ccber.ucsb.edu/kummel/2026/7933969588.jpg	7933969588.jpg	7933969588	yes	200	https://www.flickr.com/photos/treebeard/7933969588/	https://live.staticflickr.com/8175/7933969588_848eef168e_c.jpg	https://live.staticflickr.com/8175/7933969588_848eef168e_q.jpg	Wild Bee (Anthophila, Hymenoptera) - in the grips of a Pacific Ambush Bug (Phymata pacifica, Phymatidae, Hemiptera)	Treebeard	All Rights Reserved	134	
7614	8831ea32-76e6-4231-9d77-15da8474d782	404	https://symbiota.ccber.ucsb.edu/kummel/2026/7934066252.jpg	7934066252.jpg	7934066252	yes	200	https://www.flickr.com/photos/treebeard/7934066252/	https://live.staticflickr.com/8169/7934066252_d65eddc471_b.jpg	https://live.staticflickr.com/8169/7934066252_d65eddc471_q.jpg	Pacific Ambush Bug (Phymata pacifica, Phymatidae, Hemiptera) on Butterfly Weed (Asclepias tuberosa, Asclepiadaceae) in the garden	Treebeard	All Rights Reserved	116	
7615	07c1979a-6464-461f-a887-372527c15e86	404	https://symbiota.ccber.ucsb.edu/kummel/2026/7934243916.jpg	7934243916.jpg	7934243916	yes	200	https://www.flickr.com/photos/treebeard/7934243916/	https://live.staticflickr.com/8436/7934243916_03e9c8b496_c.jpg	https://live.staticflickr.com/8436/7934243916_03e9c8b496_q.jpg	Anise Swallowtail (Papilio zelicaon) butterfly on Mexican Sunflower (Tithonia rotundifolia, Asteraceae)	Treebeard	All Rights Reserved	123	
7616	9af12f50-18ee-4194-b6fd-5dd0790611bc	404	https://symbiota.ccber.ucsb.edu/kummel/2026/7940339586.jpg	7940339586.jpg	7940339586	yes	200	https://www.flickr.com/photos/treebeard/7940339586/	https://live.staticflickr.com/8175/7940339586_71cc12485f_b.jpg	https://live.staticflickr.com/8175/7940339586_71cc12485f_q.jpg	Anise Swallowtail (Papilio zelicaon) butterfly on new flower of Mexican Sunflower (Tithonia rotundifolia, Asteraceae) in the garden	Treebeard	All Rights Reserved	128	
7617	a4bc336c-7f3f-44e7-a42f-7baf83c1513d	404	https://symbiota.ccber.ucsb.edu/kummel/2026/7940377800.jpg	7940377800.jpg	7940377800	yes	200	https://www.flickr.com/photos/treebeard/7940377800/	https://live.staticflickr.com/8299/7940377800_58b3c4a629_c.jpg	https://live.staticflickr.com/8299/7940377800_58b3c4a629_q.jpg	Grass-Skipper (Hesperia, Hesperiidae) butterfly on Zinnia (Asteraceae) flower in the garden	Treebeard	All Rights Reserved	122	
7618	001d0774-fa75-429e-a5fc-b3ef02fd9f62	404	https://symbiota.ccber.ucsb.edu/kummel/2026/7940436318.jpg	7940436318.jpg	7940436318	yes	200	https://www.flickr.com/photos/treebeard/7940436318/	https://live.staticflickr.com/8174/7940436318_5a2f9f682f_c.jpg	https://live.staticflickr.com/8174/7940436318_5a2f9f682f_q.jpg	Crab Spider (Thomisidae) on flower of non-native Milkweed (Asclepiadaceae) - maybe Butterfly Weed (Asclepias tuberosa)	Treebeard	All Rights Reserved	132	
7619	cdcfc1e7-16ab-4193-bfd5-82d7e47bc517	404	https://symbiota.ccber.ucsb.edu/kummel/2026/7940471490.jpg	7940471490.jpg	7940471490	yes	200	https://www.flickr.com/photos/treebeard/7940471490/	https://live.staticflickr.com/8298/7940471490_582291d9ec_c.jpg	https://live.staticflickr.com/8298/7940471490_582291d9ec_q.jpg	Odd-looking Planthopper (Fulgoroidea, Homoptera) - I guess family Issidae, genus Neaethus - on Wild Blackberry (Rubus ursinus, Rosaceae)	Treebeard	All Rights Reserved	144	
7620	e1e60aa5-2023-4d77-9a59-f53639791d23	404	https://symbiota.ccber.ucsb.edu/kummel/2026/7940568300.jpg	7940568300.jpg	7940568300	yes	200	https://www.flickr.com/photos/treebeard/7940568300/	https://live.staticflickr.com/8438/7940568300_35537e2183_c.jpg	https://live.staticflickr.com/8438/7940568300_35537e2183_q.jpg	Adult male Tree Cricket (Oecanthus, Gryllidae, Orthoptera) huddled in dead leaf of Wild Sweet Pea (Lathyrus latifolius, Fabaceae)	Treebeard	All Rights Reserved	142	
7621	02e5023f-fb03-45f4-a19e-acbfba1e6c6d	404	https://symbiota.ccber.ucsb.edu/kummel/2026/7940716360.jpg	7940716360.jpg	7940716360	yes	200	https://www.flickr.com/photos/treebeard/7940716360/	https://live.staticflickr.com/8308/7940716360_1ae5524537_c.jpg	https://live.staticflickr.com/8308/7940716360_1ae5524537_q.jpg	Short-Horned Grasshopper (Acrididae, Orthoptera) on sandstone by the river	Treebeard	All Rights Reserved	120	
7622	52587d87-c5db-4c4f-8856-8336da07def2	404	https://symbiota.ccber.ucsb.edu/kummel/2026/7940768998.jpg	7940768998.jpg	7940768998	yes	200	https://www.flickr.com/photos/treebeard/7940768998/	https://live.staticflickr.com/8177/7940768998_1c28dbb345_c.jpg	https://live.staticflickr.com/8177/7940768998_1c28dbb345_q.jpg	Long-Horned Grasshopper (Ensifera, Orthoptera) on Scale Broom (Lepidospartum squamatum, Asteraceae) - maybe a gray Katydid (Tettigoniidae)?	Treebeard	All Rights Reserved	130	
7623	5f5bca94-c6bc-4ae4-bbc8-ffac40abd097	404	https://symbiota.ccber.ucsb.edu/kummel/2026/7940924722.jpg	7940924722.jpg	7940924722	yes	200	https://www.flickr.com/photos/treebeard/7940924722/	https://live.staticflickr.com/8301/7940924722_d5998d4db8_c.jpg	https://live.staticflickr.com/8301/7940924722_d5998d4db8_q.jpg	Sand Wasp (Steniolia, Bembicini, Apoidea, Hymenoptera) on Mexican Sunflower (Tithonia rotundifolia, Asteraceae)	Treebeard	All Rights Reserved	140	
7624	42fa0f02-9669-4ab4-8490-3806fae8dad4	404	https://symbiota.ccber.ucsb.edu/kummel/2026/7946731822.jpg	7946731822.jpg	7946731822	yes	200	https://www.flickr.com/photos/treebeard/7946731822/	https://live.staticflickr.com/8037/7946731822_3c0352b63c_c.jpg	https://live.staticflickr.com/8037/7946731822_3c0352b63c_q.jpg	"Silver Argiope (Argiope argenatata) spider with its ""stabilimentum"" - the zigzag structures of webbing"	Treebeard	All Rights Reserved	120	
7625	2aaab5dc-fa88-42e4-9774-3c6cfadf14b9	404	https://symbiota.ccber.ucsb.edu/kummel/2026/7946775288.jpg	7946775288.jpg	7946775288	yes	200	https://www.flickr.com/photos/treebeard/7946775288/	https://live.staticflickr.com/8309/7946775288_66ca3bba90_c.jpg	https://live.staticflickr.com/8309/7946775288_66ca3bba90_q.jpg	Tachinid Fly (Tachinidae, Diptera) - probably genus Cylindromyia - on Scale Broom (Lepidospartum squamatum, Asteraceae)	Treebeard	All Rights Reserved	126	
7626	33e619e3-3827-42d8-a1ea-0e3cf90ecf0d	404	https://symbiota.ccber.ucsb.edu/kummel/2026/7946873536.jpg	7946873536.jpg	7946873536	yes	200	https://www.flickr.com/photos/treebeard/7946873536/	https://live.staticflickr.com/8295/7946873536_894d5e2b2c_c.jpg	https://live.staticflickr.com/8295/7946873536_894d5e2b2c_q.jpg	Spiny Tachina Fly (Paradejeania rutiloides, Tachinidae, Diptera) on Scale Broom (Lepidospartum squamatum, Asteraceae)	Treebeard	All Rights Reserved	118	
7627	d9f01da6-cdb8-4422-a0e3-3418ce23f9bf	404	https://symbiota.ccber.ucsb.edu/kummel/2026/7946944794.jpg	7946944794.jpg	7946944794	yes	200	https://www.flickr.com/photos/treebeard/7946944794/	https://live.staticflickr.com/8462/7946944794_5ccd3b0d7e_c.jpg	https://live.staticflickr.com/8462/7946944794_5ccd3b0d7e_q.jpg	Different Sand Wasp (Bembicini, Apoidea, Hymenoptera) on Scale Broom (Lepidospartum squamatum, Asteraceae)	Treebeard	All Rights Reserved	127	
7628	23308a42-38a1-441b-898e-22c587072245	404	https://symbiota.ccber.ucsb.edu/kummel/2026/7947002554.jpg	7947002554.jpg	7947002554	yes	200	https://www.flickr.com/photos/treebeard/7947002554/	https://live.staticflickr.com/8438/7947002554_3a64a1a3dc_b.jpg	https://live.staticflickr.com/8438/7947002554_3a64a1a3dc_q.jpg	Large Wasp (Hymenoptera) on Scale Broom (Lepidospartum squamatum, Asteraceae)	Treebeard	All Rights Reserved	117	
7629	b12f6dc1-5cc4-43e9-949c-df906eb65793	404	https://symbiota.ccber.ucsb.edu/kummel/2026/7947134956.jpg	7947134956.jpg	7947134956	yes	200	https://www.flickr.com/photos/treebeard/7947134956/	https://live.staticflickr.com/8296/7947134956_a7267b8ba2_c.jpg	https://live.staticflickr.com/8296/7947134956_a7267b8ba2_q.jpg	Mormon Metalmark (Apodemia mormo) butterfly on Scale Broom (Lepidospartum squamatum, Asteraceae)	Treebeard	All Rights Reserved	125	
7630	27484bc8-6518-4f85-83d9-2cefda332a78	404	https://symbiota.ccber.ucsb.edu/kummel/2026/7947170326.jpg	7947170326.jpg	7947170326	yes	200	https://www.flickr.com/photos/treebeard/7947170326/	https://live.staticflickr.com/8299/7947170326_c2a6cfdcf0_c.jpg	https://live.staticflickr.com/8299/7947170326_c2a6cfdcf0_q.jpg	Frisky Common Buckeye (Junonia coenia) butterflies on Scale Broom (Lepidospartum squamatum, Asteraceae) - thinking about mating	Treebeard	All Rights Reserved	130	
7631	f42495e2-4f0a-4ddc-a4f2-61e7c734382c	404	https://symbiota.ccber.ucsb.edu/kummel/2026/7947259058.jpg	7947259058.jpg	7947259058	yes	200	https://www.flickr.com/photos/treebeard/7947259058/	https://live.staticflickr.com/8440/7947259058_e16f41aa6f_c.jpg	https://live.staticflickr.com/8440/7947259058_e16f41aa6f_q.jpg	Frisky Common Buckeye (Junonia coenia) butterflies on Scale Broom (Lepidospartum squamatum, Asteraceae) - thinking about mating	Treebeard	All Rights Reserved	134	
7632	e47b8e20-209f-41e6-a43f-9a8325519aa1	404	https://symbiota.ccber.ucsb.edu/kummel/2026/7952501830.jpg	7952501830.jpg	7952501830	yes	200	https://www.flickr.com/photos/treebeard/7952501830/	https://live.staticflickr.com/8310/7952501830_43ef195277_c.jpg	https://live.staticflickr.com/8310/7952501830_43ef195277_q.jpg	"LBM - ""Little Brown Mushroom"" - on the dry side of our garden, with Yerba Buena (Satureja douglasii, Lamiaceae)"	Treebeard	All Rights Reserved	125	
7633	2a226f9a-d2b7-49db-b452-0c64ccfae33b	404	https://symbiota.ccber.ucsb.edu/kummel/2026/7952573070.jpg	7952573070.jpg	7952573070	yes	200	https://www.flickr.com/photos/treebeard/7952573070/	https://live.staticflickr.com/8042/7952573070_532d20e4bd_c.jpg	https://live.staticflickr.com/8042/7952573070_532d20e4bd_q.jpg	California Fuschia (Epilobium canum ssp. angustifolium, Onagraceae)	Treebeard	All Rights Reserved	135	
7634	fd1a03ab-bf83-4a09-a1b4-702a2428884d	404	https://symbiota.ccber.ucsb.edu/kummel/2026/7952648620.jpg	7952648620.jpg	7952648620	yes	200	https://www.flickr.com/photos/treebeard/7952648620/	https://live.staticflickr.com/8317/7952648620_8ca6d77c72_b.jpg	https://live.staticflickr.com/8317/7952648620_8ca6d77c72_q.jpg	Crab Spider (Thomisidae) on Gloriosa Daisy (Rudbeckia hirta, Astaeraceae) in the garden	Treebeard	All Rights Reserved	119	
7635	e61683eb-f79f-4cb2-8b8f-1e7506b54701	404	https://symbiota.ccber.ucsb.edu/kummel/2026/7952723024.jpg	7952723024.jpg	7952723024	yes	200	https://www.flickr.com/photos/treebeard/7952723024/	https://live.staticflickr.com/8180/7952723024_719cd59a28_c.jpg	https://live.staticflickr.com/8180/7952723024_719cd59a28_q.jpg	"Wild Bees (Anthophila aka Apoidae, Hymenoptera) ""doing it"" - making more little bees"	Treebeard	All Rights Reserved	120	
7636	9f066bd1-04a7-4ebe-8f46-b803890aa47e	404	https://symbiota.ccber.ucsb.edu/kummel/2026/7952748416.jpg	7952748416.jpg	7952748416	yes	200	https://www.flickr.com/photos/treebeard/7952748416/	https://live.staticflickr.com/8169/7952748416_6a1f021c0d_c.jpg	https://live.staticflickr.com/8169/7952748416_6a1f021c0d_q.jpg	Potter Wasp (Eumeninae, Vespidea, Hymenoptera) on Spearmint (Menthe spicata, Labiatae)	Treebeard	All Rights Reserved	117	
7637	726062e5-39f8-4cdb-8ead-5d24cf78e35b	404	https://symbiota.ccber.ucsb.edu/kummel/2026/7952828858.jpg	7952828858.jpg	7952828858	yes	200	https://www.flickr.com/photos/treebeard/7952828858/	https://live.staticflickr.com/8322/7952828858_9bab778e40_c.jpg	https://live.staticflickr.com/8322/7952828858_9bab778e40_q.jpg	Yellow Jacket wasps (Vespidae, Hymenoptera) on a dead Carpenter Bee (Xylocopa, Anthophoridae, Hymenoptera)	Treebeard	All Rights Reserved	119	
7638	aa835aa9-47ba-476f-a130-fbf46acc94ab	404	https://symbiota.ccber.ucsb.edu/kummel/2026/7952898390.jpg	7952898390.jpg	7952898390	yes	200	https://www.flickr.com/photos/treebeard/7952898390/	https://live.staticflickr.com/8033/7952898390_5440220b99_c.jpg	https://live.staticflickr.com/8033/7952898390_5440220b99_q.jpg	Bee Fly (Bombyliidae, Diptera) on a pretty Zinnia (Asteraceae) flower in the garden	Treebeard	All Rights Reserved	122	
7639	942dd5ba-f28d-4d5b-bab9-3b3af2b37364	404	https://symbiota.ccber.ucsb.edu/kummel/2026/7952931148.jpg	7952931148.jpg	7952931148	yes	200	https://www.flickr.com/photos/treebeard/7952931148/	https://live.staticflickr.com/8039/7952931148_ecb0404938_b.jpg	https://live.staticflickr.com/8039/7952931148_ecb0404938_q.jpg	Crab Spider (Thomisidae) going at a Bee Fly (Bombyliidae, Diptera) in the garden	Treebeard	All Rights Reserved	131	
7640	116b93ce-a81e-4306-9279-8030243d2f22	404	https://symbiota.ccber.ucsb.edu/kummel/2026/7958771218.jpg	7958771218.jpg	7958771218	yes	200	https://www.flickr.com/photos/treebeard/7958771218/	https://live.staticflickr.com/8438/7958771218_380ddc5d0d_c.jpg	https://live.staticflickr.com/8438/7958771218_380ddc5d0d_q.jpg	Galls of the Spined Turban Gall Wasp (Antron douglasii, Cynipidae, Hymenoptera) on Scrub Oak (Quercus berberidifolia,Fagaceae)	Treebeard	All Rights Reserved	118	
7641	0823aa52-7f45-408c-8bba-7f55ca107f2f	404	https://symbiota.ccber.ucsb.edu/kummel/2026/7958882020.jpg	7958882020.jpg	7958882020	yes	200	https://www.flickr.com/photos/treebeard/7958882020/	https://live.staticflickr.com/8304/7958882020_73118fe11d_c.jpg	https://live.staticflickr.com/8304/7958882020_73118fe11d_q.jpg	New galls of the Crystalline Gall Wasp (Andricus crystallinus, Cynipidae, Hymenoptera) on Scrub Oak (Quercus berberidifolia, Fagaceae)	Treebeard	All Rights Reserved	108	
7642	2eab5f10-df22-41b9-ac37-3116a4dd025e	404	https://symbiota.ccber.ucsb.edu/kummel/2026/7958938528.jpg	7958938528.jpg	7958938528	yes	200	https://www.flickr.com/photos/treebeard/7958938528/	https://live.staticflickr.com/8032/7958938528_d49fe480d9_c.jpg	https://live.staticflickr.com/8032/7958938528_d49fe480d9_q.jpg	Mass galls of the Crystalline Gall Wasp (Andricus crystallinus, Cynipidae, Hymenoptera) on Scrub Oak (Quercus berberidifolia, Fagaceae)	Treebeard	All Rights Reserved	119	
7643	69d235a5-a887-4fe8-b1bc-0eacb1f3f5dc	404	https://symbiota.ccber.ucsb.edu/kummel/2026/7959018438.jpg	7959018438.jpg	7959018438	yes	200	https://www.flickr.com/photos/treebeard/7959018438/	https://live.staticflickr.com/8182/7959018438_7669d1f929_c.jpg	https://live.staticflickr.com/8182/7959018438_7669d1f929_q.jpg	Old galls of Clasping Twig Gall Wasp (Disholcaspis prehensa, Cynipidae, Hymenoptera) on Scrub Oak (Quercus berberidifolia, Fagaceae)	Treebeard	All Rights Reserved	118	
7644	56a594b0-d11e-416c-9b93-4f2f2ac09510	404	https://symbiota.ccber.ucsb.edu/kummel/2026/7959102316.jpg	7959102316.jpg	7959102316	yes	200	https://www.flickr.com/photos/treebeard/7959102316/	https://live.staticflickr.com/8300/7959102316_f518afb8c6_c.jpg	https://live.staticflickr.com/8300/7959102316_f518afb8c6_q.jpg	Interesting ants (Crematogaster, Myrmicinae, Formicidae, Hymenoptera) tending gall of Clasping Twig Gall Wasp (Disholcaspis prehensa, Cynipidae, Hymenoptera) on Scrub Oak (Quercus berberidifolia, Fagaceae)	Treebeard	All Rights Reserved	115	
7645	b5ae3f7f-93a7-42a0-9a3d-8ef5f41a72a7	404	https://symbiota.ccber.ucsb.edu/kummel/2026/7959230254.jpg	7959230254.jpg	7959230254	yes	200	https://www.flickr.com/photos/treebeard/7959230254/	https://live.staticflickr.com/8457/7959230254_e79f7b5353_b.jpg	https://live.staticflickr.com/8457/7959230254_e79f7b5353_q.jpg	Meeting of wasps (Hymenoptera) on gall of Clasping Twig Gall Wasp (Disholcaspis prehensa, Cynipidae, Hymenoptera) on Scrub Oak (Quercus berberidifolia, Fagaceae)	Treebeard	All Rights Reserved	140	
7646	13a3053b-1469-450c-96a5-cc1426a41d76	404	https://symbiota.ccber.ucsb.edu/kummel/2026/7959408176.jpg	7959408176.jpg	7959408176	yes	200	https://www.flickr.com/photos/treebeard/7959408176/	https://live.staticflickr.com/8296/7959408176_064d04e6c7_b.jpg	https://live.staticflickr.com/8296/7959408176_064d04e6c7_q.jpg	"Remarkable ""parasitic wasp"" (Hymenoptera) on galls of Clasping Twig Gall Wasp (Disholcaspis prehensa, Cynipidae, Hymenoptera) on Scrub Oak (Quercus berberidifolia, Fagaceae)"	Treebeard	All Rights Reserved	133	
7647	ffbab10b-6196-4221-921e-1de4fc1198f1	404	https://symbiota.ccber.ucsb.edu/kummel/2026/7959504936.jpg	7959504936.jpg	7959504936	yes	200	https://www.flickr.com/photos/treebeard/7959504936/	https://live.staticflickr.com/8456/7959504936_9f025c69f0_c.jpg	https://live.staticflickr.com/8456/7959504936_9f025c69f0_q.jpg	Fatal Metalmark (Calephelis nemesis californica) butterfly on Sawtooth Goldenbush (Hazardia squarrosa, Asteraceae)	Treebeard	All Rights Reserved	136	
7648	3a75bed0-0a87-4273-94ea-46f7112cd4b5	404	https://symbiota.ccber.ucsb.edu/kummel/2026/7966773936.jpg	7966773936.jpg	7966773936	yes	200	https://www.flickr.com/photos/treebeard/7966773936/	https://live.staticflickr.com/8444/7966773936_c46eaf98c2_c.jpg	https://live.staticflickr.com/8444/7966773936_c46eaf98c2_q.jpg	Mormon Metalmark (Apodemia mormo) butterfly on new flower of Fort Tejon Milk-Aster (Stephanomeria cichoriacea, Asteraceae) - with Honey Bee	Treebeard	All Rights Reserved	112	
7649	0ae0e2a2-125c-427a-abb7-acb298f8c125	404	https://symbiota.ccber.ucsb.edu/kummel/2026/7966882804.jpg	7966882804.jpg	7966882804	yes	200	https://www.flickr.com/photos/treebeard/7966882804/	https://live.staticflickr.com/8307/7966882804_9ec8330b3d_c.jpg	https://live.staticflickr.com/8307/7966882804_9ec8330b3d_q.jpg	Orb-Weaver spider (Araneidae) curled up with a piece of string and a cactus spine	Treebeard	All Rights Reserved	115	
7650	b14fafed-52a1-4ec9-9d7e-24172eca02c3	404	https://symbiota.ccber.ucsb.edu/kummel/2026/7966978956.jpg	7966978956.jpg	7966978956	yes	200	https://www.flickr.com/photos/treebeard/7966978956/	https://live.staticflickr.com/8178/7966978956_4e479556a7_c.jpg	https://live.staticflickr.com/8178/7966978956_4e479556a7_q.jpg	Odd-looking Planthopper (Fulgoroidea, Homoptera) -  I believe family Issidae, genus Neaethus	Treebeard	All Rights Reserved	114	
7651	feb5520a-2c64-4a3b-afc6-6813c65c5e6a	404	https://symbiota.ccber.ucsb.edu/kummel/2026/7967050654.jpg	7967050654.jpg	7967050654	yes	200	https://www.flickr.com/photos/treebeard/7967050654/	https://live.staticflickr.com/8435/7967050654_05cb38b258_b.jpg	https://live.staticflickr.com/8435/7967050654_05cb38b258_q.jpg	Attractive large (not giant) Crane Fly (Tipulidae, Diptera) on Wild Blackberry (Rubus ursinus, Rosaceae)	Treebeard	All Rights Reserved	128	
7652	4fd0bac2-30cc-4791-9fc7-4c21afd82aa8	404	https://symbiota.ccber.ucsb.edu/kummel/2026/7967166262.jpg	7967166262.jpg	7967166262	yes	200	https://www.flickr.com/photos/treebeard/7967166262/	https://live.staticflickr.com/8299/7967166262_459ea250ac_c.jpg	https://live.staticflickr.com/8299/7967166262_459ea250ac_q.jpg	Galled acorn of a Mottled Acorn Gall Wasp (Callirhytis carmelensis, Cynipidae, Hymenoptera) on Coast Live Oak (Quercus agrifolia, Fagaceae) - with an ant	Treebeard	All Rights Reserved	128	
7653	9c700b22-8904-4095-8280-1fb4b7a99fdf	404	https://symbiota.ccber.ucsb.edu/kummel/2026/7967333898.jpg	7967333898.jpg	7967333898	yes	200	https://www.flickr.com/photos/treebeard/7967333898/	https://live.staticflickr.com/8179/7967333898_387633debd_c.jpg	https://live.staticflickr.com/8179/7967333898_387633debd_q.jpg	"Acorn bubble - maybe ""Live Oak Honey"" from Mottled Acorn Gall Wasp (Callirhytis carmelensis, Cynipidae, Hymenoptera) on Coast Live Oak (Quercus agrifolia, Fagaceae)"	Treebeard	All Rights Reserved	122	
7654	5ca1aab0-984c-42f0-8a23-a61fbcb587d9	404	https://symbiota.ccber.ucsb.edu/kummel/2026/7967468668.jpg	7967468668.jpg	7967468668	yes	200	https://www.flickr.com/photos/treebeard/7967468668/	https://live.staticflickr.com/8032/7967468668_6f65a5933a_c.jpg	https://live.staticflickr.com/8032/7967468668_6f65a5933a_q.jpg	Pretty good camouflage - can you spot the critter on California Buckwheat (Eriogonum fasciculatum, Polygonaceae)?	Treebeard	All Rights Reserved	119	
7655	25f16869-cd51-47ae-a8e5-4d93525359db	404	https://symbiota.ccber.ucsb.edu/kummel/2026/7967580522.jpg	7967580522.jpg	7967580522	yes	200	https://www.flickr.com/photos/treebeard/7967580522/	https://live.staticflickr.com/8042/7967580522_be05d45f70_b.jpg	https://live.staticflickr.com/8042/7967580522_be05d45f70_q.jpg	"Pretty good camouflage - ""looper"" caterpillar (Lepidoptera) on California Buckwheat (Eriogonum fasciculatum, Polygonaceae)"	Treebeard	All Rights Reserved	114	
7656	d4877de9-c13c-470a-bd3f-5b79f78cc72c	404	https://symbiota.ccber.ucsb.edu/kummel/2026/7974591858.jpg	7974591858.jpg	7974591858	yes	200	https://www.flickr.com/photos/treebeard/7974591858/	https://live.staticflickr.com/8030/7974591858_ca271cd1ec_b.jpg	https://live.staticflickr.com/8030/7974591858_ca271cd1ec_q.jpg	"Different ""looper"" type caterpillar (Lepidoptera) on California Buckwheat (Eriogonum fasciculatum, Polygonaceae)"	Treebeard	All Rights Reserved	116	
7657	e517f7c4-39be-4110-8cb9-224fd80312df	404	https://symbiota.ccber.ucsb.edu/kummel/2026/7974605840.jpg	7974605840.jpg	7974605840	yes	200	https://www.flickr.com/photos/treebeard/7974605840/	https://live.staticflickr.com/8441/7974605840_a6a8389553_c.jpg	https://live.staticflickr.com/8441/7974605840_a6a8389553_q.jpg	Flowers and fruit of Tomatillo (Physalis ixocarpa, Solanaceae) in the garden	Treebeard	All Rights Reserved	132	
7658	a91a6837-53bc-4283-adae-7aa70656ef7d	404	https://symbiota.ccber.ucsb.edu/kummel/2026/7974654022.jpg	7974654022.jpg	7974654022	yes	200	https://www.flickr.com/photos/treebeard/7974654022/	https://live.staticflickr.com/8449/7974654022_b4a3f7c4b0_c.jpg	https://live.staticflickr.com/8449/7974654022_b4a3f7c4b0_q.jpg	Beautiful fruit of native California Bay (Umbellularia californica, Lauraceae) tree	Treebeard	All Rights Reserved	129	
7659	b23a6df4-6608-4592-afa5-0403c5f82342	404	https://symbiota.ccber.ucsb.edu/kummel/2026/7974711832.jpg	7974711832.jpg	7974711832	yes	200	https://www.flickr.com/photos/treebeard/7974711832/	https://live.staticflickr.com/8301/7974711832_8f0ffd28db_c.jpg	https://live.staticflickr.com/8301/7974711832_8f0ffd28db_q.jpg	"""Oak apple"" gall of the California Gall Wasp (Andricus quercuscalifornicus, Cynipidae, Hymenoptera) on Scrub Oak (Quercus berberidifolia, Fagaceae)"	Treebeard	All Rights Reserved	133	
7660	bbf2e20f-95ae-40af-9a38-73a13d773c83	404	https://symbiota.ccber.ucsb.edu/kummel/2026/7974732335.jpg	7974732335.jpg	7974732335	yes	200	https://www.flickr.com/photos/treebeard/7974732335/	https://live.staticflickr.com/8440/7974732335_82f3c86316_c.jpg	https://live.staticflickr.com/8440/7974732335_82f3c86316_q.jpg	Gall of Beaked Twig Gall Wasp (Disholcaspis plumbella, Cynipidae, Hymenoptera) on Scrub Oak (Quercus berberidifolia, Fagaceae)	Treebeard	All Rights Reserved	123	
7661	7f45aaa5-4766-4654-8ce9-1dff70ba6f97	404	https://symbiota.ccber.ucsb.edu/kummel/2026/7974769030.jpg	7974769030.jpg	7974769030	yes	200	https://www.flickr.com/photos/treebeard/7974769030/	https://live.staticflickr.com/8301/7974769030_8016ea4fa9_c.jpg	https://live.staticflickr.com/8301/7974769030_8016ea4fa9_q.jpg	Small larvae of Green Lacewing (Chrysopidae, Neuroptera) on Wood Mint (Stachys bullata, Labiatae)	Treebeard	All Rights Reserved	134	
7662	3dca3e02-9f8d-4428-b13c-4ff4dca05cd6	404	https://symbiota.ccber.ucsb.edu/kummel/2026/7974833973.jpg	7974833973.jpg	7974833973	yes	200	https://www.flickr.com/photos/treebeard/7974833973/	https://live.staticflickr.com/8312/7974833973_947f33cfd2_c.jpg	https://live.staticflickr.com/8312/7974833973_947f33cfd2_q.jpg	Late-season flowers of native Rough-leaved Aster (Aster radulinus, Asteraceae)	Treebeard	All Rights Reserved	127	
7663	7948b134-5bec-4e74-a611-91f5cd806b31	404	https://symbiota.ccber.ucsb.edu/kummel/2026/7974860579.jpg	7974860579.jpg	7974860579	yes	200	https://www.flickr.com/photos/treebeard/7974860579/	https://live.staticflickr.com/8452/7974860579_9b5704feae_b.jpg	https://live.staticflickr.com/8452/7974860579_9b5704feae_q.jpg	Grass-Skipper (Hesperia, Hesperiidae) butterfly on Fort Tejon Milk-Aster (Stephanomeria cichoriacea, Asteraceae)	Treebeard	All Rights Reserved	129	
7664	042d9f2f-d989-4b35-8dd4-49ac5356b93c	404	https://symbiota.ccber.ucsb.edu/kummel/2026/7978061470.jpg	7978061470.jpg	7978061470	yes	200	https://www.flickr.com/photos/treebeard/7978061470/	https://live.staticflickr.com/8176/7978061470_c2ac811f25_c.jpg	https://live.staticflickr.com/8176/7978061470_c2ac811f25_q.jpg	Flowers of native Scale Broom (Lepidospartum squamatum, Asteraceae) on the dry river wash	Treebeard	All Rights Reserved	132	
7665	9d344eed-e167-4c6f-9d0b-379756b941ce	404	https://symbiota.ccber.ucsb.edu/kummel/2026/7978093426.jpg	7978093426.jpg	7978093426	yes	200	https://www.flickr.com/photos/treebeard/7978093426/	https://live.staticflickr.com/8303/7978093426_6897ae10fc_c.jpg	https://live.staticflickr.com/8303/7978093426_6897ae10fc_q.jpg	New flowers of  native Hairy Golden Aster (Heterotheca sessiliflora ssp. echoides, Asteraceae)	Treebeard	All Rights Reserved	132	
7666	e5c6051f-3055-4783-8e6e-ab20e9f1dff4	404	https://symbiota.ccber.ucsb.edu/kummel/2026/7978133393.jpg	7978133393.jpg	7978133393	yes	200	https://www.flickr.com/photos/treebeard/7978133393/	https://live.staticflickr.com/8444/7978133393_2a509012cb_c.jpg	https://live.staticflickr.com/8444/7978133393_2a509012cb_q.jpg	New flowers of native California Brickellbush (Brickellia californica, Asteraceae)	Treebeard	All Rights Reserved	130	
7667	04edabfb-f4d3-420c-81f5-b9af2fdeaf42	404	https://symbiota.ccber.ucsb.edu/kummel/2026/7978153544.jpg	7978153544.jpg	7978153544	yes	200	https://www.flickr.com/photos/treebeard/7978153544/	https://live.staticflickr.com/8312/7978153544_eb3ba3b13e_b.jpg	https://live.staticflickr.com/8312/7978153544_eb3ba3b13e_q.jpg	Small Lepiota mushrooms under Coast Live Oak (Quercus agrifolia, Fagaceae)	Treebeard	All Rights Reserved	127	
7668	ef8988d8-910c-4e1f-87f0-92564bbbc607	404	https://symbiota.ccber.ucsb.edu/kummel/2026/7978193501.jpg	7978193501.jpg	7978193501	yes	200	https://www.flickr.com/photos/treebeard/7978193501/	https://live.staticflickr.com/8030/7978193501_7fef7c8ec1_c.jpg	https://live.staticflickr.com/8030/7978193501_7fef7c8ec1_q.jpg	Net-winged Planthopper (Fulgoroidea, Homoptera) - family Issidae, genus Neaethus	Treebeard	All Rights Reserved	132	
7669	db3c572b-884a-459a-b80f-89c66e69a04b	404	https://symbiota.ccber.ucsb.edu/kummel/2026/7978213055.jpg	7978213055.jpg	7978213055	yes	200	https://www.flickr.com/photos/treebeard/7978213055/	https://live.staticflickr.com/8035/7978213055_d5824b3fb2_c.jpg	https://live.staticflickr.com/8035/7978213055_d5824b3fb2_q.jpg	Silver Argiope (Argiope argenatata) spider by the river - looks mean!	Treebeard	All Rights Reserved	126	
7670	bca6ee9c-d5a6-4dec-8777-b683dd582885	404	https://symbiota.ccber.ucsb.edu/kummel/2026/7978253456.jpg	7978253456.jpg	7978253456	yes	200	https://www.flickr.com/photos/treebeard/7978253456/	https://live.staticflickr.com/8315/7978253456_9c0748ee2d_c.jpg	https://live.staticflickr.com/8315/7978253456_9c0748ee2d_q.jpg	"Mating pair of ""True Bugs"" (Hemiptera) - maybe family Lygaeidae"	Treebeard	All Rights Reserved	169	
7671	d550a7f4-ad18-4e9d-a8bb-854f60fa8b73	404	https://symbiota.ccber.ucsb.edu/kummel/2026/7978317093.jpg	7978317093.jpg	7978317093	yes	200	https://www.flickr.com/photos/treebeard/7978317093/	https://live.staticflickr.com/8440/7978317093_496aa11ce2_c.jpg	https://live.staticflickr.com/8440/7978317093_496aa11ce2_q.jpg	Pollen-dusted Wasp (Vespidae, Hymenoptera) on Scale Broom (Lepidospartum squamatum, Asteraceae)	Treebeard	All Rights Reserved	164	
7672	a5a2c006-386c-4657-92b6-f393e1e1cfcc	404	https://symbiota.ccber.ucsb.edu/kummel/2026/7981122761.jpg	7981122761.jpg	7981122761	yes	200	https://www.flickr.com/photos/treebeard/7981122761/	https://live.staticflickr.com/8039/7981122761_44419f03f9_c.jpg	https://live.staticflickr.com/8039/7981122761_44419f03f9_q.jpg	Characteristic flower heads of California Goldenrod (Solidago californica, Asteraceae)	Treebeard	All Rights Reserved	162	
7673	df7f373d-debf-442d-940c-06726e4a34d0	404	https://symbiota.ccber.ucsb.edu/kummel/2026/7981142844.jpg	7981142844.jpg	7981142844	yes	200	https://www.flickr.com/photos/treebeard/7981142844/	https://live.staticflickr.com/8319/7981142844_8e64c5baa4_c.jpg	https://live.staticflickr.com/8319/7981142844_8e64c5baa4_q.jpg	Late-summer flowers of native Golden Fleece (Ericameria arborescens, Asteraceae)	Treebeard	All Rights Reserved	129	
7674	2ff0e39d-82d8-466f-a61c-d44115d7bd13	404	https://symbiota.ccber.ucsb.edu/kummel/2026/7981156153.jpg	7981156153.jpg	7981156153	yes	200	https://www.flickr.com/photos/treebeard/7981156153/	https://live.staticflickr.com/8313/7981156153_ae3a20f7cd_b.jpg	https://live.staticflickr.com/8313/7981156153_ae3a20f7cd_q.jpg	Whole plant of native Golden Fleece (Ericameria arborescens, Asteraceae)	Treebeard	All Rights Reserved	132	
7675	14d54a98-0cd6-48d5-8616-e5f0b666b5ab	404	https://symbiota.ccber.ucsb.edu/kummel/2026/7981196900.jpg	7981196900.jpg	7981196900	yes	200	https://www.flickr.com/photos/treebeard/7981196900/	https://live.staticflickr.com/8446/7981196900_b0bb4e6411_c.jpg	https://live.staticflickr.com/8446/7981196900_b0bb4e6411_q.jpg	Late-season native flowers of Fort Tejon Milk-Aster (Stephanomeria cichoriacea, Asteraceae)	Treebeard	All Rights Reserved	125	
7676	50cecc41-752f-498f-a62e-9374d12a2383	404	https://symbiota.ccber.ucsb.edu/kummel/2026/7981216747.jpg	7981216747.jpg	7981216747	yes	200	https://www.flickr.com/photos/treebeard/7981216747/	https://live.staticflickr.com/8307/7981216747_8499803bbc_c.jpg	https://live.staticflickr.com/8307/7981216747_8499803bbc_q.jpg	New flowers of native composite Bush Groundsel (Senecio flaccidus var. douglasii, Asteraceae)	Treebeard	All Rights Reserved	122	
7677	ffe2237c-fe80-493c-9552-34cb7e37ae49	404	https://symbiota.ccber.ucsb.edu/kummel/2026/7981290175.jpg	7981290175.jpg	7981290175	yes	200	https://www.flickr.com/photos/treebeard/7981290175/	https://live.staticflickr.com/8440/7981290175_5a0cf27b8f_b.jpg	https://live.staticflickr.com/8440/7981290175_5a0cf27b8f_q.jpg	Wild Bee (Anthophila, Hymenoptera) on Bush Groundsel (Senecio flaccidus var. douglasii, Asteraceae)	Treebeard	All Rights Reserved	127	
7678	9fd28d62-ca5b-4b32-bcac-2cba9a92bc02	404	https://symbiota.ccber.ucsb.edu/kummel/2026/7981320005.jpg	7981320005.jpg	7981320005	yes	200	https://www.flickr.com/photos/treebeard/7981320005/	https://live.staticflickr.com/8032/7981320005_42280b6884_c.jpg	https://live.staticflickr.com/8032/7981320005_42280b6884_q.jpg	Mormon Metalmark (Apodemia mormo) butterfly on flowers of Bush Groundsel (Senecio flaccidus var. douglasii, Asteraceae)	Treebeard	All Rights Reserved	146	
7679	94f8c49f-63ec-44c2-bfbf-492fb72dd5c4	404	https://symbiota.ccber.ucsb.edu/kummel/2026/7981352261.jpg	7981352261.jpg	7981352261	yes	200	https://www.flickr.com/photos/treebeard/7981352261/	https://live.staticflickr.com/8319/7981352261_4eb0270e05_c.jpg	https://live.staticflickr.com/8319/7981352261_4eb0270e05_q.jpg	Gray Hairstreak (Strymon melinus) butterfly on flowers of California Dodder (Cuscuta californica, Cuscutaceae)	Treebeard	All Rights Reserved	143	
7680	5e6d34d5-59c7-4794-a2a7-703012caa240	404	https://symbiota.ccber.ucsb.edu/kummel/2026/7984437993.jpg	7984437993.jpg	7984437993	yes	200	https://www.flickr.com/photos/treebeard/7984437993/	https://live.staticflickr.com/8447/7984437993_2b86a40b6f_c.jpg	https://live.staticflickr.com/8447/7984437993_2b86a40b6f_q.jpg	Ripening berries of native California Honeysuckle (Lonicera hispidula, Caprifoliaceae)	Treebeard	All Rights Reserved	139	
7681	51811009-9937-4ecf-b9f2-6120308b23a6	404	https://symbiota.ccber.ucsb.edu/kummel/2026/7984486702.jpg	7984486702.jpg	7984486702	yes	200	https://www.flickr.com/photos/treebeard/7984486702/	https://live.staticflickr.com/8299/7984486702_16c6ee0f48_b.jpg	https://live.staticflickr.com/8299/7984486702_16c6ee0f48_q.jpg	Brilliant  female California Dogface (Colias eurydice) butterfly on Mexican Sunflower (Tithonia rotundifolia, Asteraceae)	Treebeard	All Rights Reserved	128	
7682	eda05715-5be4-4b5f-875a-67ceb6c2c4b2	404	https://symbiota.ccber.ucsb.edu/kummel/2026/7986946312.jpg	7986946312.jpg	7986946312	yes	200	https://www.flickr.com/photos/treebeard/7986946312/	https://live.staticflickr.com/8030/7986946312_bdd8182f91_b.jpg	https://live.staticflickr.com/8030/7986946312_bdd8182f91_q.jpg	Brilliant male California Dogface (Colias eurydice) butterfly on Mexican Sunflower (Tithonia rotundifolia, Asteraceae)	Treebeard	All Rights Reserved	117	
7683	9db1d78e-d5d1-4825-a71b-8a4780f298c0	404	https://symbiota.ccber.ucsb.edu/kummel/2026/7986969777.jpg	7986969777.jpg	7986969777	yes	200	https://www.flickr.com/photos/treebeard/7986969777/	https://live.staticflickr.com/8449/7986969777_3b22820e34_b.jpg	https://live.staticflickr.com/8449/7986969777_3b22820e34_q.jpg	Flower cluster of Mule Fat (Baccharis salicifolia, Asteraceae)	Treebeard	All Rights Reserved	116	
7684	f7b2ef70-96dc-4737-8b1a-baf90912c627	404	https://symbiota.ccber.ucsb.edu/kummel/2026/7986996761.jpg	7986996761.jpg	7986996761	yes	200	https://www.flickr.com/photos/treebeard/7986996761/	https://live.staticflickr.com/8314/7986996761_f2e0c4365a_b.jpg	https://live.staticflickr.com/8314/7986996761_f2e0c4365a_q.jpg	New flower of Chaparral Mallow (Malacothamnus fasciculatus, Malvaceae)	Treebeard	All Rights Reserved	139	
7685	8c59ac4b-9d9e-41ba-954d-02a668364925	404	https://symbiota.ccber.ucsb.edu/kummel/2026/7987011197.jpg	7987011197.jpg	7987011197	yes	200	https://www.flickr.com/photos/treebeard/7987011197/	https://live.staticflickr.com/8454/7987011197_bbe55e89f0_c.jpg	https://live.staticflickr.com/8454/7987011197_bbe55e89f0_q.jpg	Perfect mandala of Toloache (Datura wrightii, Solanaceae)	Treebeard	All Rights Reserved	137	
7686	4e69a196-cac2-476a-b5f8-bef6a9800cb5	404	https://symbiota.ccber.ucsb.edu/kummel/2026/7987038943.jpg	7987038943.jpg	7987038943	yes	200	https://www.flickr.com/photos/treebeard/7987038943/	https://live.staticflickr.com/8300/7987038943_efbee13a8b_c.jpg	https://live.staticflickr.com/8300/7987038943_efbee13a8b_q.jpg	"""Datura Beetles"" (Coleoptera) on Toloache (Datura wrightii, Solanaceae) - genus Lema, Chrysomelidae"	Treebeard	All Rights Reserved	137	
7687	ba7eb838-89a5-4de3-868d-d78fd82d06ce	404	https://symbiota.ccber.ucsb.edu/kummel/2026/7987099674.jpg	7987099674.jpg	7987099674	yes	200	https://www.flickr.com/photos/treebeard/7987099674/	https://live.staticflickr.com/8310/7987099674_a797d30f4d_c.jpg	https://live.staticflickr.com/8310/7987099674_a797d30f4d_q.jpg	Maybe the Bagrada Bug (Bagrada hilaris, Pentatomidae, Hemiptera) on Scale Broom (Lepidospartum squamatum, Asteraceae)	Treebeard	All Rights Reserved	117	
7688	70b5a3b7-9ad8-42d5-b82f-d1055dc0c99b	404	https://symbiota.ccber.ucsb.edu/kummel/2026/7987115725.jpg	7987115725.jpg	7987115725	yes	200	https://www.flickr.com/photos/treebeard/7987115725/	https://live.staticflickr.com/8295/7987115725_90d574afa9_c.jpg	https://live.staticflickr.com/8295/7987115725_90d574afa9_q.jpg	Lygaeid Bug (Lygaeidae, Hemiptera) on Scale Broom (Lepidospartum squamatum, Asteraceae)	Treebeard	All Rights Reserved	115	
7689	ba7a1c7c-6a81-41b5-9b08-b224af316c64	404	https://symbiota.ccber.ucsb.edu/kummel/2026/7987152106.jpg	7987152106.jpg	7987152106	yes	200	https://www.flickr.com/photos/treebeard/7987152106/	https://live.staticflickr.com/8306/7987152106_5b0511207f_c.jpg	https://live.staticflickr.com/8306/7987152106_5b0511207f_q.jpg	Western Pygmy Blue (Brephidium exile) butterfly on Scale Broom (Lepidospartum squamatum, Asteraceae)	Treebeard	All Rights Reserved	133	
7690	fff84aed-f8b9-49ed-884a-912300af0d2f	404	https://symbiota.ccber.ucsb.edu/kummel/2026/7989973876.jpg	7989973876.jpg	7989973876	yes	200	https://www.flickr.com/photos/treebeard/7989973876/	https://live.staticflickr.com/8032/7989973876_81a13ba837_c.jpg	https://live.staticflickr.com/8032/7989973876_81a13ba837_q.jpg	The native Coyote Bush (Baccharis pilularis, Asteraceae) doesn't look good this dry year	Treebeard	All Rights Reserved	136	
7691	9efa310e-f53d-4aa8-ba11-d87b8b2699cb	404	https://symbiota.ccber.ucsb.edu/kummel/2026/7990033390.jpg	7990033390.jpg	7990033390	yes	200	https://www.flickr.com/photos/treebeard/7990033390/	https://live.staticflickr.com/8032/7990033390_9828d39010_c.jpg	https://live.staticflickr.com/8032/7990033390_9828d39010_q.jpg	Dry flower buds of  native Coyote Bush (Baccharis pilularis, Asteraceae) - no flowers this year	Treebeard	All Rights Reserved	126	
7692	8d70ea0a-f66d-4bdc-bd8d-21b2c472c711	404	https://symbiota.ccber.ucsb.edu/kummel/2026/7990059216.jpg	7990059216.jpg	7990059216	yes	200	https://www.flickr.com/photos/treebeard/7990059216/	https://live.staticflickr.com/8175/7990059216_b8d58877a6_b.jpg	https://live.staticflickr.com/8175/7990059216_b8d58877a6_q.jpg	Feathery seed plumes of Creek Clematis (Clematis ligusticifolia, Ranunculaceae)	Treebeard	All Rights Reserved	130	
7693	0b66ae2e-bbb0-42d5-b539-d4af9bb3235e	404	https://symbiota.ccber.ucsb.edu/kummel/2026/7990105872.jpg	7990105872.jpg	7990105872	yes	200	https://www.flickr.com/photos/treebeard/7990105872/	https://live.staticflickr.com/8306/7990105872_8aa53ea33d_b.jpg	https://live.staticflickr.com/8306/7990105872_8aa53ea33d_q.jpg	Feathery seed plumes of Mountain Mahogany (Cercocarpus betuloides, Rosaceae)	Treebeard	All Rights Reserved	121	
7694	f9c14486-ab66-431a-8cd1-e46ca28073dc	404	https://symbiota.ccber.ucsb.edu/kummel/2026/7990127119.jpg	7990127119.jpg	7990127119	yes	200	https://www.flickr.com/photos/treebeard/7990127119/	https://live.staticflickr.com/8041/7990127119_a6e4044eb8_c.jpg	https://live.staticflickr.com/8041/7990127119_a6e4044eb8_q.jpg	"""Fall colors"" - Poison Oak (Toxicodendron diversilobum, Anacardiaceae)"	Treebeard	All Rights Reserved	118	
7695	3efb3a3b-f69e-4a4a-8553-6801645a4a95	404	https://symbiota.ccber.ucsb.edu/kummel/2026/7990151689.jpg	7990151689.jpg	7990151689	yes	200	https://www.flickr.com/photos/treebeard/7990151689/	https://live.staticflickr.com/8035/7990151689_47cdb11862_c.jpg	https://live.staticflickr.com/8035/7990151689_47cdb11862_q.jpg	Tiny flowers of native Autumn Willowherb (Epilobium brachycarpum, Onagraceae) - with a diurnal moth	Treebeard	All Rights Reserved	123	
7696	39b81c36-82ce-4809-bcd6-0f8def60a4dd	404	https://symbiota.ccber.ucsb.edu/kummel/2026/7990192081.jpg	7990192081.jpg	7990192081	yes	200	https://www.flickr.com/photos/treebeard/7990192081/	https://live.staticflickr.com/8033/7990192081_7c048c4783_c.jpg	https://live.staticflickr.com/8033/7990192081_7c048c4783_q.jpg	"Tiny ""microlepidoptera"" moth on native flower of Autumn Willowherb (Epilobium brachycarpum, Onagraceae) - maybe family Gelechiidae?"	Treebeard	All Rights Reserved	123	
7697	7be11e9e-af92-4452-92c8-1b347d1610c1	404	https://symbiota.ccber.ucsb.edu/kummel/2026/7990284105.jpg	7990284105.jpg	7990284105	yes	200	https://www.flickr.com/photos/treebeard/7990284105/	https://live.staticflickr.com/8451/7990284105_d018ee9706_c.jpg	https://live.staticflickr.com/8451/7990284105_d018ee9706_q.jpg	Green Lynx Spider (Peucetia viridans, Oxyopidae) on Sawtooth Goldenbush (Hazardia squarrosa, Asteraceae)	Treebeard	All Rights Reserved	123	
7698	a59948fa-47e2-4f5e-be2c-dcb6d57d5510	404	https://symbiota.ccber.ucsb.edu/kummel/2026/7994096829.jpg	7994096829.jpg	7994096829	yes	200	https://www.flickr.com/photos/treebeard/7994096829/	https://live.staticflickr.com/8040/7994096829_7bd1df6959_b.jpg	https://live.staticflickr.com/8040/7994096829_7bd1df6959_q.jpg	New flowers of native California Aster (Lessingia filaginifolia aka Corethrogyne filaginifolia, Asteraceae)	Treebeard	All Rights Reserved	115	
7699	51c335c9-f16a-4c16-805b-fb7af8da06f3	404	https://symbiota.ccber.ucsb.edu/kummel/2026/7994163882.jpg	7994163882.jpg	7994163882	yes	200	https://www.flickr.com/photos/treebeard/7994163882/	https://live.staticflickr.com/8454/7994163882_dd1a68af8c_c.jpg	https://live.staticflickr.com/8454/7994163882_dd1a68af8c_q.jpg	Pupal nest of a Western Tussock Moth (Lymantriidae, Lepidoptera) - with a hole	Treebeard	All Rights Reserved	116	
7700	9125105d-6b98-4703-b353-e3b1d857296e	404	https://symbiota.ccber.ucsb.edu/kummel/2026/7994216611.jpg	7994216611.jpg	7994216611	yes	200	https://www.flickr.com/photos/treebeard/7994216611/	https://live.staticflickr.com/8461/7994216611_8e3a5c9e1c_c.jpg	https://live.staticflickr.com/8461/7994216611_8e3a5c9e1c_q.jpg	Milkweed Aphids (Aphis nerii?, Homoptera) on Butterfly Weed (Asclepias tuberosa, Asclepiadaceae) in the garden	Treebeard	All Rights Reserved	119	
7701	53e5e003-c0d5-4013-a72d-6416a01bb6c8	404	https://symbiota.ccber.ucsb.edu/kummel/2026/7994247749.jpg	7994247749.jpg	7994247749	yes	200	https://www.flickr.com/photos/treebeard/7994247749/	https://live.staticflickr.com/8461/7994247749_b8839e3d1c_b.jpg	https://live.staticflickr.com/8461/7994247749_b8839e3d1c_q.jpg	Funereal Duskywing (Erynnis funeralis) butterfly on Mexican Sunflower (Tithonia rotundifolia, Asteraceae) in the garden	Treebeard	All Rights Reserved	119	
7702	715ea8c3-4a54-48f7-87eb-7acdc3ea7b13	404	https://symbiota.ccber.ucsb.edu/kummel/2026/7994315180.jpg	7994315180.jpg	7994315180	yes	200	https://www.flickr.com/photos/treebeard/7994315180/	https://live.staticflickr.com/8435/7994315180_b48a1a61bb_c.jpg	https://live.staticflickr.com/8435/7994315180_b48a1a61bb_q.jpg	Male staminate flowers of native Coyote Bush (Baccharis pilularis, Asteraceae)	Treebeard	All Rights Reserved	133	
7703	783414e9-9fc0-4f03-b6a9-575c9bdc94bb	404	https://symbiota.ccber.ucsb.edu/kummel/2026/7994361537.jpg	7994361537.jpg	7994361537	yes	200	https://www.flickr.com/photos/treebeard/7994361537/	https://live.staticflickr.com/8307/7994361537_d1fd9a8de7_c.jpg	https://live.staticflickr.com/8307/7994361537_d1fd9a8de7_q.jpg	Female pistillate flowers of Coyote Bush (Baccharis pilularis, Asteraceae) - with an Ambush Bug (Phymata pacifica, Phymatidae, Hemiptera)	Treebeard	All Rights Reserved	131	
7704	4ae95f39-032d-4e43-a1e6-e575ce5359fe	404	https://symbiota.ccber.ucsb.edu/kummel/2026/7994433660.jpg	7994433660.jpg	7994433660	yes	200	https://www.flickr.com/photos/treebeard/7994433660/	https://live.staticflickr.com/8322/7994433660_dee3537c68_b.jpg	https://live.staticflickr.com/8322/7994433660_dee3537c68_q.jpg	Ambush Bug (Phymata pacifica, Phymatidae, Hemiptera) with small Wild Bee (Anthophila, Hymenoptera) on Spearmint (Menthe spicata, Labiatae) in the garden	Treebeard	All Rights Reserved	125	
7705	6e84219a-6ebf-48e8-b9e7-bbc403a4bde6	404	https://symbiota.ccber.ucsb.edu/kummel/2026/7994496894.jpg	7994496894.jpg	7994496894	yes	200	https://www.flickr.com/photos/treebeard/7994496894/	https://live.staticflickr.com/8314/7994496894_95a6246161_c.jpg	https://live.staticflickr.com/8314/7994496894_95a6246161_q.jpg	Ambush Bug (Phymata pacifica, Phymatidae, Hemiptera) waiting on Spearmint (Menthe spicata, Labiata) in the garden	Treebeard	All Rights Reserved	115	
7706	b1acb50c-6dc9-40a6-904b-ae7f415a8e39	404	https://symbiota.ccber.ucsb.edu/kummel/2026/7997893108.jpg	7997893108.jpg	7997893108	yes	200	https://www.flickr.com/photos/treebeard/7997893108/	https://live.staticflickr.com/8316/7997893108_8873c5df04_c.jpg	https://live.staticflickr.com/8316/7997893108_8873c5df04_q.jpg	Crab Spider (Thomisidae) with a Bee Fly (Bombyliidae, Diptera) on Marigold (Tagetes) in the garden	Treebeard	All Rights Reserved	121	
7707	8db4aaec-a360-46ec-902b-491b10ef2d20	404	https://symbiota.ccber.ucsb.edu/kummel/2026/7997940370.jpg	7997940370.jpg	7997940370	yes	200	https://www.flickr.com/photos/treebeard/7997940370/	https://live.staticflickr.com/8457/7997940370_31f8cb7879_c.jpg	https://live.staticflickr.com/8457/7997940370_31f8cb7879_q.jpg	Crab Spider (Thomisidae) on Mexican Giant Hyssop (Agastache mexicana, Lamiaceae) in the garden	Treebeard	All Rights Reserved	119	
7708	34ce3933-8ff6-4f85-b010-0b3279d70901	404	https://symbiota.ccber.ucsb.edu/kummel/2026/7997977691.jpg	7997977691.jpg	7997977691	yes	200	https://www.flickr.com/photos/treebeard/7997977691/	https://live.staticflickr.com/8442/7997977691_42ae50ab83_b.jpg	https://live.staticflickr.com/8442/7997977691_42ae50ab83_q.jpg	Very different Crab Spider (Thomisidae) on the dark cone of Black-Eyed Susan aka Gloriosa Daisy (Rudbeckia hirta) in the garden	Treebeard	All Rights Reserved	137	
7709	cb776b11-cdc6-47a0-8d73-0994da8af160	404	https://symbiota.ccber.ucsb.edu/kummel/2026/7998044205.jpg	7998044205.jpg	7998044205	yes	200	https://www.flickr.com/photos/treebeard/7998044205/	https://live.staticflickr.com/8462/7998044205_e7b86e04fc_b.jpg	https://live.staticflickr.com/8462/7998044205_e7b86e04fc_q.jpg	Odd little Crab Spider (Thomisidae) on the dark cone of Black-Eyed Susan aka Gloriosa Daisy (Rudbeckia hirta) in the garden	Treebeard	All Rights Reserved	135	
7710	53c9989f-6a48-4317-902a-d84658a242ce	404	https://symbiota.ccber.ucsb.edu/kummel/2026/7998101068.jpg	7998101068.jpg	7998101068	yes	200	https://www.flickr.com/photos/treebeard/7998101068/	https://live.staticflickr.com/8302/7998101068_41e534a4c0_b.jpg	https://live.staticflickr.com/8302/7998101068_41e534a4c0_q.jpg	Adult female Tree Cricket (Oecanthus, Gryllidae, Orthoptera) on a leaf in the garden - maybe Oecanthus californicus or kin	Treebeard	All Rights Reserved	132	
7711	e49d8e5f-130c-44e7-9dbd-ee1799300fd7	404	https://symbiota.ccber.ucsb.edu/kummel/2026/7998136493.jpg	7998136493.jpg	7998136493	yes	200	https://www.flickr.com/photos/treebeard/7998136493/	https://live.staticflickr.com/8174/7998136493_7d03a3c8d5_b.jpg	https://live.staticflickr.com/8174/7998136493_7d03a3c8d5_q.jpg	California Angle-winged Katydid (Microcentrum californicum, Tettigoniidae, Orthoptera) on Giant Rye Grass (Leymus condensatus, Poaceae)	Treebeard	All Rights Reserved	116	
7712	99c85fb8-0e52-4694-9ee5-f2197ea248e8	404	https://symbiota.ccber.ucsb.edu/kummel/2026/7998236215.jpg	7998236215.jpg	7998236215	yes	200	https://www.flickr.com/photos/treebeard/7998236215/	https://live.staticflickr.com/8456/7998236215_b510b286d2_c.jpg	https://live.staticflickr.com/8456/7998236215_b510b286d2_q.jpg	Painted Lady (Vanessa cardui) butterfly on a Zinnia flower in the garden	Treebeard	All Rights Reserved	113	
7713	ec9a78f7-cf1b-4dbc-af46-354dfa4fc244	404	https://symbiota.ccber.ucsb.edu/kummel/2026/7998278574.jpg	7998278574.jpg	7998278574	yes	200	https://www.flickr.com/photos/treebeard/7998278574/	https://live.staticflickr.com/8450/7998278574_402bcceec1_b.jpg	https://live.staticflickr.com/8450/7998278574_402bcceec1_q.jpg	Painted Lady (Vanessa cardui) butterfly on Zinnia flowers in the garden	Treebeard	All Rights Reserved	122	
7714	fed2d079-dc14-4b0c-9576-1922630013cc	404	https://symbiota.ccber.ucsb.edu/kummel/2026/8001449390.jpg	8001449390.jpg	8001449390	yes	200	https://www.flickr.com/photos/treebeard/8001449390/	https://live.staticflickr.com/8032/8001449390_813d589155_c.jpg	https://live.staticflickr.com/8032/8001449390_813d589155_q.jpg	Native composite Palmer's Goldenbush (Ericameria palmeri var. pachylepis, Asteraceae) just starting to flower on the dry flood plain by the river	Treebeard	All Rights Reserved	123	
7715	c7a0c034-7342-4a42-a92a-eb1bbff08eaa	404	https://symbiota.ccber.ucsb.edu/kummel/2026/8001510819.jpg	8001510819.jpg	8001510819	yes	200	https://www.flickr.com/photos/treebeard/8001510819/	https://live.staticflickr.com/8452/8001510819_f8786b5df5_b.jpg	https://live.staticflickr.com/8452/8001510819_f8786b5df5_q.jpg	Handsome Short-Horned Grasshopper (Acrididae, Orthoptera) on Southern Goldenrod (Solidago confinis, Asteraceae) - Grayish Sagebrush Grasshopper (Melanoplus cinereus)	Treebeard	All Rights Reserved	148	
7716	91c108ba-ab00-41ef-86bf-7d330d4898fa	404	https://symbiota.ccber.ucsb.edu/kummel/2026/8001539174.jpg	8001539174.jpg	8001539174	yes	200	https://www.flickr.com/photos/treebeard/8001539174/	https://live.staticflickr.com/8459/8001539174_9eb9b6ee80_c.jpg	https://live.staticflickr.com/8459/8001539174_9eb9b6ee80_q.jpg	Blister Beetles (Meloidae, Coleoptera) mating on Hairy Golden Aster (Heterotheca sessiliflora ssp. echoides, Asteraceae)	Treebeard	All Rights Reserved	138	
7717	34034fa5-6e8d-4846-a09a-72499fca7721	404	https://symbiota.ccber.ucsb.edu/kummel/2026/8001611501.jpg	8001611501.jpg	8001611501	yes	200	https://www.flickr.com/photos/treebeard/8001611501/	https://live.staticflickr.com/8303/8001611501_b89651ba70_c.jpg	https://live.staticflickr.com/8303/8001611501_b89651ba70_q.jpg	Wild Bee (Anthophila, Hymenoptera) on Spearmint (Menthe spicata, Lamiaceae) in the garden	Treebeard	All Rights Reserved	145	
7718	64dc6a50-351f-4cb1-b828-e3c662a6ef76	404	https://symbiota.ccber.ucsb.edu/kummel/2026/8001638861.jpg	8001638861.jpg	8001638861	yes	200	https://www.flickr.com/photos/treebeard/8001638861/	https://live.staticflickr.com/8462/8001638861_01f3da77e0_c.jpg	https://live.staticflickr.com/8462/8001638861_01f3da77e0_q.jpg	Bumblebee-size Spiny Tachina Fly (Paradejeania rutiloides, Tachinidae, Diptera) on Scale Broom (Lepidospartum squamatum, Asteraceae)	Treebeard	All Rights Reserved	130	
7719	bca0acd7-7305-41b5-956d-f1cb648ed930	404	https://symbiota.ccber.ucsb.edu/kummel/2026/8001669836.jpg	8001669836.jpg	8001669836	yes	200	https://www.flickr.com/photos/treebeard/8001669836/	https://live.staticflickr.com/8445/8001669836_05c10fc679_c.jpg	https://live.staticflickr.com/8445/8001669836_05c10fc679_q.jpg	Red Rock Skimmer (Paltothemis lineatipes, Libellulidae, Anisoptera, Odonata) dragonfly	Treebeard	All Rights Reserved	121	
7720	630d0c14-e31e-4d5c-9049-ba2225cc655b	404	https://symbiota.ccber.ucsb.edu/kummel/2026/8001721471.jpg	8001721471.jpg	8001721471	yes	200	https://www.flickr.com/photos/treebeard/8001721471/	https://live.staticflickr.com/8447/8001721471_cf59d613e4_c.jpg	https://live.staticflickr.com/8447/8001721471_cf59d613e4_q.jpg	Cardinal Meadowhawk (Sympetrum illotum, Libellulidae, Anisoptera, Odonata) dragonfly	Treebeard	All Rights Reserved	118	
7721	3b806d9c-51f0-4c08-9cb0-ac788d8b0ac0	404	https://symbiota.ccber.ucsb.edu/kummel/2026/8001757869.jpg	8001757869.jpg	8001757869	yes	200	https://www.flickr.com/photos/treebeard/8001757869/	https://live.staticflickr.com/8182/8001757869_ed3321c2c9_c.jpg	https://live.staticflickr.com/8182/8001757869_ed3321c2c9_q.jpg	Common Buckeye (Junonia coenia) butterfly on Scale Broom (Lepidospartum squamatum, Asteraceae)	Treebeard	All Rights Reserved	128	
7722	11848479-2dea-4d16-a5b2-b1f69be6c7ed	404	https://symbiota.ccber.ucsb.edu/kummel/2026/8004751031.jpg	8004751031.jpg	8004751031	yes	200	https://www.flickr.com/photos/treebeard/8004751031/	https://live.staticflickr.com/8178/8004751031_891cb7d236_b.jpg	https://live.staticflickr.com/8178/8004751031_891cb7d236_q.jpg	Maybe an immature Western Side-blotched Lizard (Uta stansburiana elegans) - or maybe another Western Fence Lizard (Sceloporus occidentalis)	Treebeard	All Rights Reserved	120	
7723	6130d06f-a9e8-4a4d-ac5a-a5d848517859	404	https://symbiota.ccber.ucsb.edu/kummel/2026/8004794517.jpg	8004794517.jpg	8004794517	yes	200	https://www.flickr.com/photos/treebeard/8004794517/	https://live.staticflickr.com/8462/8004794517_2ef79fc2dd_b.jpg	https://live.staticflickr.com/8462/8004794517_2ef79fc2dd_q.jpg	Lygaeid Bugs (Lygaeidae, Hemiptera) mating on Ms. Plummer's Baccharis (Baccharis plummerae, Asteraceae)	Treebeard	All Rights Reserved	131	
7724	15ced847-bac2-404f-b2c8-22ca3bff8fc3	404	https://symbiota.ccber.ucsb.edu/kummel/2026/8004811549.jpg	8004811549.jpg	8004811549	yes	200	https://www.flickr.com/photos/treebeard/8004811549/	https://live.staticflickr.com/8029/8004811549_05cab5cf5b_b.jpg	https://live.staticflickr.com/8029/8004811549_05cab5cf5b_q.jpg	Looking down on a Silver Argiope (Argiope argenatata, Araneidae) spider wrapping its prey	Treebeard	All Rights Reserved	128	
7725	cc8d58ff-9cd4-4a0a-8a5a-60010e5a9ef2	404	https://symbiota.ccber.ucsb.edu/kummel/2026/8004865335.jpg	8004865335.jpg	8004865335	yes	200	https://www.flickr.com/photos/treebeard/8004865335/	https://live.staticflickr.com/8301/8004865335_f0d945a58f_b.jpg	https://live.staticflickr.com/8301/8004865335_f0d945a58f_q.jpg	Large white Crab Spider (Thomisidae) on California Buckwheat (Eriogonum fasciculatum, Polygonaceae)	Treebeard	All Rights Reserved	118	
7726	a74ea1b5-c556-4e45-9485-ceadf383e71e	404	https://symbiota.ccber.ucsb.edu/kummel/2026/8004884213.jpg	8004884213.jpg	8004884213	yes	200	https://www.flickr.com/photos/treebeard/8004884213/	https://live.staticflickr.com/8438/8004884213_195be9e99a_c.jpg	https://live.staticflickr.com/8438/8004884213_195be9e99a_q.jpg	Tachinid Fly (Tachinidae, Diptera) on Ms. Plummer's Baccharis (Baccharis plummerae, Asteraceae)	Treebeard	All Rights Reserved	114	
7727	6887c7af-4a7f-43fe-afe0-c89f725f5e4f	404	https://symbiota.ccber.ucsb.edu/kummel/2026/8004938638.jpg	8004938638.jpg	8004938638	yes	200	https://www.flickr.com/photos/treebeard/8004938638/	https://live.staticflickr.com/8439/8004938638_d64e824a00_c.jpg	https://live.staticflickr.com/8439/8004938638_d64e824a00_q.jpg	Feather-legged Fly (Trichopoda, Tachinidae, Diptera) - maybe Trichopoda subdivisa? - on non-native Fennel (Foeniculum vulgare, Apiaceae)	Treebeard	All Rights Reserved	127	
7728	9487af94-571d-40e5-9e94-745aff309635	404	https://symbiota.ccber.ucsb.edu/kummel/2026/8005005925.jpg	8005005925.jpg	8005005925	yes	200	https://www.flickr.com/photos/treebeard/8005005925/	https://live.staticflickr.com/8444/8005005925_ba9db379b8_c.jpg	https://live.staticflickr.com/8444/8005005925_ba9db379b8_q.jpg	Feather-legged Fly (Trichopoda, Tachinidae, Diptera) - maybe Trichopoda subdivisa? - on non-native Fennel (Foeniculum vulgare, Apiaceae)	Treebeard	All Rights Reserved	141	
7729	c7b08f5f-55d8-4db5-b445-ea86aca5256c	404	https://symbiota.ccber.ucsb.edu/kummel/2026/8010631310.jpg	8010631310.jpg	8010631310	yes	200	https://www.flickr.com/photos/treebeard/8010631310/	https://live.staticflickr.com/8322/8010631310_9d1aacc8ee_c.jpg	https://live.staticflickr.com/8322/8010631310_9d1aacc8ee_q.jpg	"Poster for ""Bats on the Central Coast"" by Paul Collins for his lecture last night"	Treebeard	All Rights Reserved	130	
7730	36c597cc-1a71-4468-a7d7-de6c5c193816	404	https://symbiota.ccber.ucsb.edu/kummel/2026/8010685598.jpg	8010685598.jpg	8010685598	yes	200	https://www.flickr.com/photos/treebeard/8010685598/	https://live.staticflickr.com/8178/8010685598_9280cffc38_c.jpg	https://live.staticflickr.com/8178/8010685598_9280cffc38_q.jpg	Remarkable summer flowers of native Vinegar Weed (Trichostema lanceolatum, Lamiaceae)	Treebeard	All Rights Reserved	131	
7731	aa9dfcb7-08de-4245-81c2-15bfb22a7187	404	https://symbiota.ccber.ucsb.edu/kummel/2026/8010709564.jpg	8010709564.jpg	8010709564	yes	200	https://www.flickr.com/photos/treebeard/8010709564/	https://live.staticflickr.com/8034/8010709564_8c624ef209_c.jpg	https://live.staticflickr.com/8034/8010709564_8c624ef209_q.jpg	Ambush Bug (Phymata pacifica, Phymatidae, Hemiptera) tasting a flower of Coyote Bush (Baccharis pilularis, Asteraceae)	Treebeard	All Rights Reserved	120	
7732	3ed1cdb9-b7fb-46b7-aa8c-488b2e8948c2	404	https://symbiota.ccber.ucsb.edu/kummel/2026/8010743170.jpg	8010743170.jpg	8010743170	yes	200	https://www.flickr.com/photos/treebeard/8010743170/	https://live.staticflickr.com/8321/8010743170_2d77d72e32_c.jpg	https://live.staticflickr.com/8321/8010743170_2d77d72e32_q.jpg	Silver Argiope (Argiope argenatata, Araneidae) spider wrapping its wasp prey	Treebeard	All Rights Reserved	119	
7733	154a6eae-4414-4c85-b4f5-7b71d3820587	404	https://symbiota.ccber.ucsb.edu/kummel/2026/8010762746.jpg	8010762746.jpg	8010762746	yes	200	https://www.flickr.com/photos/treebeard/8010762746/	https://live.staticflickr.com/8311/8010762746_ddd26d496e_b.jpg	https://live.staticflickr.com/8311/8010762746_ddd26d496e_q.jpg	Rather small Short-Horned Grasshopper (Acrididae, Orthoptera) on a sandstone rock by the river - Texas Spotted Range Grasshopper (Psoloessa texana)	Treebeard	All Rights Reserved	115	
7734	e36a0f70-c09e-4e86-8f32-c282a2f4071f	404	https://symbiota.ccber.ucsb.edu/kummel/2026/8010803040.jpg	8010803040.jpg	8010803040	yes	200	https://www.flickr.com/photos/treebeard/8010803040/	https://live.staticflickr.com/8439/8010803040_2196cb6545_b.jpg	https://live.staticflickr.com/8439/8010803040_2196cb6545_q.jpg	Blue-legged Short-Horned Grasshopper (Acrididae, Orthoptera) on Sawtooth Goldenbush (Hazardia squarrosa, Asteraceae) - Grayish Sagebrush Grasshopper (Melanoplus cinereus)	Treebeard	All Rights Reserved	132	
7735	40fc164f-b55b-40e7-b71c-feb5c587e79e	404	https://symbiota.ccber.ucsb.edu/kummel/2026/8010824517.jpg	8010824517.jpg	8010824517	yes	200	https://www.flickr.com/photos/treebeard/8010824517/	https://live.staticflickr.com/8446/8010824517_7e24969104_b.jpg	https://live.staticflickr.com/8446/8010824517_7e24969104_q.jpg	Gray Hairstreak (Strymon melinus) butterfly on Scale Broom (Lepidospartum squamatum, Asteraceae)	Treebeard	All Rights Reserved	137	
7736	07ba348e-bedb-4e0b-9603-3ec8fd0b8bc3	404	https://symbiota.ccber.ucsb.edu/kummel/2026/8013665006.jpg	8013665006.jpg	8013665006	yes	200	https://www.flickr.com/photos/treebeard/8013665006/	https://live.staticflickr.com/8314/8013665006_1faea29c28_c.jpg	https://live.staticflickr.com/8314/8013665006_1faea29c28_q.jpg	Ripe nuts on native Snowdrop Bush (Styrax redivivus, Styracaceae)	Treebeard	All Rights Reserved	132	
7737	a477d454-b657-46ca-9233-f614cdbd7a48	404	https://symbiota.ccber.ucsb.edu/kummel/2026/8013690685.jpg	8013690685.jpg	8013690685	yes	200	https://www.flickr.com/photos/treebeard/8013690685/	https://live.staticflickr.com/8306/8013690685_0eb3450f17_c.jpg	https://live.staticflickr.com/8306/8013690685_0eb3450f17_q.jpg	Maybe a different Planthopper (Neaethus, Issidae, Fulgoroidea, Homoptera)	Treebeard	All Rights Reserved	116	
7738	626d1c04-8805-4809-ba4b-fe87cdbcffbb	404	https://symbiota.ccber.ucsb.edu/kummel/2026/8013716399.jpg	8013716399.jpg	8013716399	yes	200	https://www.flickr.com/photos/treebeard/8013716399/	https://live.staticflickr.com/8450/8013716399_bafa4a4c23_b.jpg	https://live.staticflickr.com/8450/8013716399_bafa4a4c23_q.jpg	Nymph of an Assassin Bug (Reduviidae, Hemiptera) with Wild Bee (Anthophila, Hymenoptera) on Coyote Bush on Coyote Bush (Baccharis pilularis, Asteraceae)	Treebeard	All Rights Reserved	119	
7739	7c8490b9-1e5c-4963-a008-d33e6df7f8cc	404	https://symbiota.ccber.ucsb.edu/kummel/2026/8013824542.jpg	8013824542.jpg	8013824542	yes	200	https://www.flickr.com/photos/treebeard/8013824542/	https://live.staticflickr.com/8447/8013824542_cc82aabb78_c.jpg	https://live.staticflickr.com/8447/8013824542_cc82aabb78_q.jpg	Nymph of an Assassin Bug (Reduviidae, Hemiptera) with Wild Bee (Anthophila, Hymenoptera) on Coyote Bush on Coyote Bush (Baccharis pilularis, Asteraceae)	Treebeard	All Rights Reserved	123	
7740	1605b4e6-c6f6-49fb-a1ea-cff4061d5ad4	404	https://symbiota.ccber.ucsb.edu/kummel/2026/8013842963.jpg	8013842963.jpg	8013842963	yes	200	https://www.flickr.com/photos/treebeard/8013842963/	https://live.staticflickr.com/8179/8013842963_4cfe263a66_c.jpg	https://live.staticflickr.com/8179/8013842963_4cfe263a66_q.jpg	Bristly Tachinid Fly (Tachinidae, Diptera) on Coyote Bush (Baccharis pilularis, Asteraceae)	Treebeard	All Rights Reserved	124	
7741	abf131d8-6b2a-4776-8203-3f739a4eb495	404	https://symbiota.ccber.ucsb.edu/kummel/2026/8013881852.jpg	8013881852.jpg	8013881852	yes	200	https://www.flickr.com/photos/treebeard/8013881852/	https://live.staticflickr.com/8306/8013881852_2da11059e0_b.jpg	https://live.staticflickr.com/8306/8013881852_2da11059e0_q.jpg	Really tiny insect eggs on a stem of native Coyote Bush (Baccharis pilularis, Asteraceae)	Treebeard	All Rights Reserved	139	
7742	4de9db08-02e5-4d49-9539-a791b3cdfd9d	404	https://symbiota.ccber.ucsb.edu/kummel/2026/8013937618.jpg	8013937618.jpg	8013937618	yes	200	https://www.flickr.com/photos/treebeard/8013937618/	https://live.staticflickr.com/8321/8013937618_906a7c7bf9_c.jpg	https://live.staticflickr.com/8321/8013937618_906a7c7bf9_q.jpg	Mama Green Lynx Spider (Peucetia viridans, Oxyopidae) guarding her nest on Coyote Bush (Baccharis pilularis, Asteraceae)	Treebeard	All Rights Reserved	136	
7743	c6e2e33a-d970-4917-998d-84128e8e47a0	404	https://symbiota.ccber.ucsb.edu/kummel/2026/8014009216.jpg	8014009216.jpg	8014009216	yes	200	https://www.flickr.com/photos/treebeard/8014009216/	https://live.staticflickr.com/8299/8014009216_78eb13f0ea_b.jpg	https://live.staticflickr.com/8299/8014009216_78eb13f0ea_q.jpg	Variegated Meadowhawk (Sympetrum corruptum, Odonata) dragonfly in the canyon	Treebeard	All Rights Reserved	138	
7744	1576ecff-fdca-4368-9556-d09f37987e21	404	https://symbiota.ccber.ucsb.edu/kummel/2026/8017606299.jpg	8017606299.jpg	8017606299	yes	200	https://www.flickr.com/photos/treebeard/8017606299/	https://live.staticflickr.com/8296/8017606299_a9d6ae7ac2_b.jpg	https://live.staticflickr.com/8296/8017606299_a9d6ae7ac2_q.jpg	Ripe berries of Santa Barbara Honeysuckle (Lonicera subspicata var. subspicata, Caprifoliaceae)	Treebeard	All Rights Reserved	117	
7745	c752eb6f-a3f9-4616-9983-eb5f3028dd29	404	https://symbiota.ccber.ucsb.edu/kummel/2026/8017699249.jpg	8017699249.jpg	8017699249	yes	200	https://www.flickr.com/photos/treebeard/8017699249/	https://live.staticflickr.com/8315/8017699249_457c98ac1d_b.jpg	https://live.staticflickr.com/8315/8017699249_457c98ac1d_q.jpg	Characteristic flower sprays of native California Goldenrod (Solidago californica, Asteraceae)	Treebeard	All Rights Reserved	116	
7746	965ff757-bc7d-4fee-933f-4beefaaeff92	404	https://symbiota.ccber.ucsb.edu/kummel/2026/8017739962.jpg	8017739962.jpg	8017739962	yes	200	https://www.flickr.com/photos/treebeard/8017739962/	https://live.staticflickr.com/8310/8017739962_cf525b6a72_c.jpg	https://live.staticflickr.com/8310/8017739962_cf525b6a72_q.jpg	"Short-Horned Grasshopper (Acrididae, Orthoptera) on Pitcher Sage (Lepechinia calycina, Lamiaceae) - maybe ""Grayish Sagebrush Grasshopper"" (Melanoplus cinereus)?"	Treebeard	All Rights Reserved	120	
7747	8f2de672-85aa-4c8d-b8be-2e9f0cc47a3e	404	https://symbiota.ccber.ucsb.edu/kummel/2026/8017777222.jpg	8017777222.jpg	8017777222	yes	200	https://www.flickr.com/photos/treebeard/8017777222/	https://live.staticflickr.com/8446/8017777222_d9ac4d9825_c.jpg	https://live.staticflickr.com/8446/8017777222_d9ac4d9825_q.jpg	Crab Spider (Thomisidae) in the act of shifting color between white and yellow	Treebeard	All Rights Reserved	138	
7748	4d984f5a-88b7-449c-8a99-693f0602d920	404	https://symbiota.ccber.ucsb.edu/kummel/2026/8017844208.jpg	8017844208.jpg	8017844208	yes	200	https://www.flickr.com/photos/treebeard/8017844208/	https://live.staticflickr.com/8457/8017844208_7c7152c037_b.jpg	https://live.staticflickr.com/8457/8017844208_7c7152c037_q.jpg	Very pale Green Lynx Spider (Peucetia viridans, Oxyopidae) guarding her nest on Sawtooth Goldenbush (Hazardia squarrosa, Asteraceae)	Treebeard	All Rights Reserved	129	
7749	4ede5dfb-728b-477b-b255-34d2c6f1ca62	404	https://symbiota.ccber.ucsb.edu/kummel/2026/8017868447.jpg	8017868447.jpg	8017868447	yes	200	https://www.flickr.com/photos/treebeard/8017868447/	https://live.staticflickr.com/8440/8017868447_cc29843666_b.jpg	https://live.staticflickr.com/8440/8017868447_cc29843666_q.jpg	Yellow Jacket wasp (Vespidae, Hymenoptera) taking apart a California Angle-winged Katydid (Microcentrum californicum, Tettigoniidae, Orthoptera)	Treebeard	All Rights Reserved	125	
7750	89833396-f567-4514-9f27-8585bee76c0e	404	https://symbiota.ccber.ucsb.edu/kummel/2026/8017937174.jpg	8017937174.jpg	8017937174	yes	200	https://www.flickr.com/photos/treebeard/8017937174/	https://live.staticflickr.com/8449/8017937174_52234ebd91_c.jpg	https://live.staticflickr.com/8449/8017937174_52234ebd91_q.jpg	Spider Wasp (Pompilidae, Hymenoptera) on Coyote Bush (Baccharis pilularis, Asteraceae)	Treebeard	All Rights Reserved	117	
7751	b17e961a-e78b-4af9-9d7d-99b9af217226	404	https://symbiota.ccber.ucsb.edu/kummel/2026/8021531533.jpg	8021531533.jpg	8021531533	yes	200	https://www.flickr.com/photos/treebeard/8021531533/	https://live.staticflickr.com/8437/8021531533_f389a142f6_b.jpg	https://live.staticflickr.com/8437/8021531533_f389a142f6_q.jpg	Tiny flower of native Autumn Willowherb (Epilobium brachycarpum, Onagraceae) - with seeds and seedpods	Treebeard	All Rights Reserved	117	
7752	440fad74-b45d-45d2-be86-5a1449cd4749	404	https://symbiota.ccber.ucsb.edu/kummel/2026/8021576242.jpg	8021576242.jpg	8021576242	yes	200	https://www.flickr.com/photos/treebeard/8021576242/	https://live.staticflickr.com/8318/8021576242_a3cee9bc9d_c.jpg	https://live.staticflickr.com/8318/8021576242_a3cee9bc9d_q.jpg	Unknown wasp (Hymenoptera) in the garden - maybe Ichneumon Wasp (Ichneumonidae)?	Treebeard	All Rights Reserved	114	
7753	fb530eba-997d-45ea-95c2-c160d7f371f4	404	https://symbiota.ccber.ucsb.edu/kummel/2026/8021664064.jpg	8021664064.jpg	8021664064	yes	200	https://www.flickr.com/photos/treebeard/8021664064/	https://live.staticflickr.com/8031/8021664064_b495a99c2b_c.jpg	https://live.staticflickr.com/8031/8021664064_b495a99c2b_q.jpg	Mating Bagrada Bugs (Bagrada hilaris, Pentatomidae, Hemiptera) on Coyote Bush (Baccharis pilularis, Asteraceae)	Treebeard	All Rights Reserved	120	
7754	6cae56bf-8cc2-4c1a-9fa2-664db2c2bf2b	404	https://symbiota.ccber.ucsb.edu/kummel/2026/8021691109.jpg	8021691109.jpg	8021691109	yes	200	https://www.flickr.com/photos/treebeard/8021691109/	https://live.staticflickr.com/8446/8021691109_86345c8f1d_b.jpg	https://live.staticflickr.com/8446/8021691109_86345c8f1d_q.jpg	Thalassica Grasshopper (Trimerotropis thalassica, Oedipodinae, Acrididae, Orthoptera) - it has light green wings when it takes off	Treebeard	All Rights Reserved	126	
7755	8cd430f6-eca2-4f70-b8ba-5cebf3f77ec6	404	https://symbiota.ccber.ucsb.edu/kummel/2026/8021743707.jpg	8021743707.jpg	8021743707	yes	200	https://www.flickr.com/photos/treebeard/8021743707/	https://live.staticflickr.com/8300/8021743707_d4a8874f3e_c.jpg	https://live.staticflickr.com/8300/8021743707_d4a8874f3e_q.jpg	Little drama on Bush Groundsel (Senecio flaccidus var. douglasii, Asteraceae) - wild bee meets crab spider!	Treebeard	All Rights Reserved	117	
7756	c2569b82-dbdf-4542-a57b-20f48adfcf21	404	https://symbiota.ccber.ucsb.edu/kummel/2026/8021777282.jpg	8021777282.jpg	8021777282	yes	200	https://www.flickr.com/photos/treebeard/8021777282/	https://live.staticflickr.com/8321/8021777282_9fa1ee6f11_c.jpg	https://live.staticflickr.com/8321/8021777282_9fa1ee6f11_q.jpg	Large yellow Crab Spider (Thomisidae) with a Grass-Skipper (Hesperia, Hesperiidae, Lepidoptera) butterfly on Sawtooth Goldenbush (Hazardia squarrosa, Asteraceae)	Treebeard	All Rights Reserved	120	
7757	9c95ed43-35b2-4d9a-ba0a-1225f9ec52b9	404	https://symbiota.ccber.ucsb.edu/kummel/2026/8021799391.jpg	8021799391.jpg	8021799391	yes	200	https://www.flickr.com/photos/treebeard/8021799391/	https://live.staticflickr.com/8460/8021799391_f033c1ed2b_c.jpg	https://live.staticflickr.com/8460/8021799391_f033c1ed2b_q.jpg	Green Lynx Spider (Peucetia viridans, Oxyopidae) with a Mormon Metalmark (Apodemia mormo) butterfly on Sawtooth Goldenbush (Hazardia squarrosa, Asteraceae)	Treebeard	All Rights Reserved	122	
7758	7e9c14a5-ae09-448b-bfe3-0c0f9be29bb4	404	https://symbiota.ccber.ucsb.edu/kummel/2026/8021868202.jpg	8021868202.jpg	8021868202	yes	200	https://www.flickr.com/photos/treebeard/8021868202/	https://live.staticflickr.com/8170/8021868202_be1c5d1b53_b.jpg	https://live.staticflickr.com/8170/8021868202_be1c5d1b53_q.jpg	Mormon Metalmark (Apodemia mormo) butterfly on Sawtooth Goldenbush (Hazardia squarrosa, Asteraceae)	Treebeard	All Rights Reserved	116	
7759	36880db5-e0b2-4916-8cb4-cc668621fdb7	404	https://symbiota.ccber.ucsb.edu/kummel/2026/8024988493.jpg	8024988493.jpg	8024988493	yes	200	https://www.flickr.com/photos/treebeard/8024988493/	https://live.staticflickr.com/8450/8024988493_64e670d7eb_b.jpg	https://live.staticflickr.com/8450/8024988493_64e670d7eb_q.jpg	Male staminate flowers of native Coyote Bush (Baccharis pilularis, Asteraceae) in the canyon	Treebeard	All Rights Reserved	129	
7760	496fbf14-4d79-4dac-843e-7c5d2d29bed2	404	https://symbiota.ccber.ucsb.edu/kummel/2026/8025066885.jpg	8025066885.jpg	8025066885	yes	200	https://www.flickr.com/photos/treebeard/8025066885/	https://live.staticflickr.com/8314/8025066885_7585e6296a_b.jpg	https://live.staticflickr.com/8314/8025066885_7585e6296a_q.jpg	Female pistillate flowers of native Coyote Bush (Baccharis pilularis, Asteraceae) in the canyon	Treebeard	All Rights Reserved	124	
7761	cc8c6331-8e84-45f8-8feb-5aea49e9f953	404	https://symbiota.ccber.ucsb.edu/kummel/2026/8025102795.jpg	8025102795.jpg	8025102795	yes	200	https://www.flickr.com/photos/treebeard/8025102795/	https://live.staticflickr.com/8174/8025102795_b108e1af08_c.jpg	https://live.staticflickr.com/8174/8025102795_b108e1af08_q.jpg	Maggot of Syrphid Flower Fly (Syrphidae, Diptera) eating Milkweed Aphids (Aphis nerii, Homoptera) on Butterfly Weed (Asclepias tuberosa, Asclepiadaceae)	Treebeard	All Rights Reserved	122	
7762	c43641c8-8705-4cd8-85d3-486b75f94fd5	404	https://symbiota.ccber.ucsb.edu/kummel/2026/8025142232.jpg	8025142232.jpg	8025142232	yes	200	https://www.flickr.com/photos/treebeard/8025142232/	https://live.staticflickr.com/8462/8025142232_eb23a8eda0_b.jpg	https://live.staticflickr.com/8462/8025142232_eb23a8eda0_q.jpg	Bagrada Bugs (Bagrada hilaris, Pentatomidae, Hemiptera) on Black Mustard (Brassica nigra, Brassicaceae)	Treebeard	All Rights Reserved	128	
7763	becf5d17-a6c3-405f-9900-9715b4008286	404	https://symbiota.ccber.ucsb.edu/kummel/2026/8025244326.jpg	8025244326.jpg	8025244326	yes	200	https://www.flickr.com/photos/treebeard/8025244326/	https://live.staticflickr.com/8040/8025244326_8e8760c19c_c.jpg	https://live.staticflickr.com/8040/8025244326_8e8760c19c_q.jpg	California Sister (Adelpha bredowii) butterfly perched on Raspberry (Rubus sp.) leaf in the garden	Treebeard	All Rights Reserved	117	
7764	25d7abf6-90c5-4b8a-a646-5e68a2d8482c	404	https://symbiota.ccber.ucsb.edu/kummel/2026/8025270227.jpg	8025270227.jpg	8025270227	yes	200	https://www.flickr.com/photos/treebeard/8025270227/	https://live.staticflickr.com/8179/8025270227_9c07e25c85_c.jpg	https://live.staticflickr.com/8179/8025270227_9c07e25c85_q.jpg	Crab Spider (Thomisidae) waiting for prey on Coyote Bush (Baccharis pilularis, Asteraceae)	Treebeard	All Rights Reserved	120	
7765	2998426b-b97d-450f-91b4-cf531a9f49af	404	https://symbiota.ccber.ucsb.edu/kummel/2026/8025291172.jpg	8025291172.jpg	8025291172	yes	200	https://www.flickr.com/photos/treebeard/8025291172/	https://live.staticflickr.com/8178/8025291172_d8f5326793_c.jpg	https://live.staticflickr.com/8178/8025291172_d8f5326793_q.jpg	Looking eye-to-eyes with a Syrphid Flower Fly (Spilomyia interrupta, Syrphidae, Diptera)	Treebeard	All Rights Reserved	120	
7766	1de5ec77-5dff-4af4-b841-2f19b5330f2c	404	https://symbiota.ccber.ucsb.edu/kummel/2026/8025321182.jpg	8025321182.jpg	8025321182	yes	200	https://www.flickr.com/photos/treebeard/8025321182/	https://live.staticflickr.com/8322/8025321182_bd7bba95ca_b.jpg	https://live.staticflickr.com/8322/8025321182_bd7bba95ca_q.jpg	Wasp-mimic Syrphid Flower Fly (Spilomyia interrupta, Syrphidae, Diptera) on Coyote Bush (Baccharis pilularis, Asteraceae)	Treebeard	All Rights Reserved	128	
7767	a552e6ca-9e48-4998-b499-08aa9c6aec9a	404	https://symbiota.ccber.ucsb.edu/kummel/2026/8028410139.jpg	8028410139.jpg	8028410139	yes	200	https://www.flickr.com/photos/treebeard/8028410139/	https://live.staticflickr.com/8175/8028410139_8be387f246_c.jpg	https://live.staticflickr.com/8175/8028410139_8be387f246_q.jpg	Ripe seeds and red leaves of Poison Oak (Toxicodendron diversilobum, Anacardiaceae)	Treebeard	All Rights Reserved	122	
7768	d1951bf4-05e0-434d-910f-a6742e9e87af	404	https://symbiota.ccber.ucsb.edu/kummel/2026/8028423357.jpg	8028423357.jpg	8028423357	yes	200	https://www.flickr.com/photos/treebeard/8028423357/	https://live.staticflickr.com/8451/8028423357_1c422771f1_c.jpg	https://live.staticflickr.com/8451/8028423357_1c422771f1_q.jpg	Ripe berries of native Coffeeberry (Rhamnus tomentella, Rhamnaceae)	Treebeard	All Rights Reserved	123	
7769	44d5e85b-9713-4335-a9e1-698137044c60	404	https://symbiota.ccber.ucsb.edu/kummel/2026/8028461559.jpg	8028461559.jpg	8028461559	yes	200	https://www.flickr.com/photos/treebeard/8028461559/	https://live.staticflickr.com/8451/8028461559_e29c57428f_c.jpg	https://live.staticflickr.com/8451/8028461559_e29c57428f_q.jpg	Feathery plumes on seeds of (I think) native Small Wirelettuce (Stephanomeria exigua, Asteraceae)	Treebeard	All Rights Reserved	117	
7770	b1e0747d-367f-46ed-bece-6a4ff7b86763	404	https://symbiota.ccber.ucsb.edu/kummel/2026/8028489650.jpg	8028489650.jpg	8028489650	yes	200	https://www.flickr.com/photos/treebeard/8028489650/	https://live.staticflickr.com/8462/8028489650_cf313c6796_b.jpg	https://live.staticflickr.com/8462/8028489650_cf313c6796_q.jpg	Feathery seed plumes of Mountain Mahogany (Cercocarpus betuloides, Rosaceae)	Treebeard	All Rights Reserved	119	
7771	648ffd59-ff18-44fd-889d-aa6879696c5f	404	https://symbiota.ccber.ucsb.edu/kummel/2026/8028502876.jpg	8028502876.jpg	8028502876	yes	200	https://www.flickr.com/photos/treebeard/8028502876/	https://live.staticflickr.com/8452/8028502876_ffb7dd4b8d_b.jpg	https://live.staticflickr.com/8452/8028502876_ffb7dd4b8d_q.jpg	Galls of the Crystalline Gall Wasp (Andricus crystallinus, Cynipidae, Hymenoptera) on Scrub Oak (Quercus berberidifolia, Fagaceae)	Treebeard	All Rights Reserved	142	
7772	fe96fade-5d3d-41c2-bc0c-8fe2afab80ce	404	https://symbiota.ccber.ucsb.edu/kummel/2026/8028525154.jpg	8028525154.jpg	8028525154	yes	200	https://www.flickr.com/photos/treebeard/8028525154/	https://live.staticflickr.com/8322/8028525154_e0b6eb4650_c.jpg	https://live.staticflickr.com/8322/8028525154_e0b6eb4650_q.jpg	Gall of the Round Gall Wasp (Besbicus conspicuus, Cynipidae, Hymenoptera) on Scrub Oak (Quercus berberidifolia, Fagaceae)	Treebeard	All Rights Reserved	139	
7773	384b47b7-ac72-4c1b-bf5c-bfce78f294ee	404	https://symbiota.ccber.ucsb.edu/kummel/2026/8028548262.jpg	8028548262.jpg	8028548262	yes	200	https://www.flickr.com/photos/treebeard/8028548262/	https://live.staticflickr.com/8318/8028548262_bdbc323c89_c.jpg	https://live.staticflickr.com/8318/8028548262_bdbc323c89_q.jpg	Galled flower of Holly-Leaved Redberry (Rhamnus ilicifolia, Rhamnaceae)	Treebeard	All Rights Reserved	134	
7774	c3fb47bc-944a-49ee-bd98-4d83eb375f90	404	https://symbiota.ccber.ucsb.edu/kummel/2026/8028602959.jpg	8028602959.jpg	8028602959	yes	200	https://www.flickr.com/photos/treebeard/8028602959/	https://live.staticflickr.com/8034/8028602959_6b0d3ac5c6_c.jpg	https://live.staticflickr.com/8034/8028602959_6b0d3ac5c6_q.jpg	Gall of the Baccharis Stem Gall Moth (Gnorimoshema baccharisella, Gelechiidae, Lepidoptera) on Coyote Bush (Baccharis pilularis, Asteraceae)	Treebeard	All Rights Reserved	119	
7775	40a50036-152d-4de6-93ad-f44c79107279	404	https://symbiota.ccber.ucsb.edu/kummel/2026/8031336682.jpg	8031336682.jpg	8031336682	yes	200	https://www.flickr.com/photos/treebeard/8031336682/	https://live.staticflickr.com/8315/8031336682_ea35ab22a4_b.jpg	https://live.staticflickr.com/8315/8031336682_ea35ab22a4_q.jpg	Mating Bagrada Bugs (Bagrada hilaris, Pentatomidae, Hemiptera) on native Scale Broom (Lepidospartum squamatum, Asteraceae)	Treebeard	All Rights Reserved	119	
7776	3f1ffc11-82f2-40c1-b9b2-913df82f6d08	404	https://symbiota.ccber.ucsb.edu/kummel/2026/8031375224.jpg	8031375224.jpg	8031375224	yes	200	https://www.flickr.com/photos/treebeard/8031375224/	https://live.staticflickr.com/8180/8031375224_779b383893_b.jpg	https://live.staticflickr.com/8180/8031375224_779b383893_q.jpg	Damselfly (Zygoptera, Odonata) on Scale Broom (Lepidospartum squamatum, Asteraceae) with prey	Treebeard	All Rights Reserved	119	
7777	2ef9f21f-bc92-4e1d-bde5-38cf29dbe62d	404	https://symbiota.ccber.ucsb.edu/kummel/2026/8031397198.jpg	8031397198.jpg	8031397198	yes	200	https://www.flickr.com/photos/treebeard/8031397198/	https://live.staticflickr.com/8314/8031397198_13e54bbbd8_c.jpg	https://live.staticflickr.com/8314/8031397198_13e54bbbd8_q.jpg	Very large Wild Bee (Anthophila, Hymenoptera) on Coastal Goldenbush (Isocoma menziesii, Asteraceae) - Carpenter Bee (Xylocopa) or Bumble Bee (Bombus)	Treebeard	All Rights Reserved	139	
7778	24cf46e5-2ed3-4784-bdad-e2504b7e3a00	404	https://symbiota.ccber.ucsb.edu/kummel/2026/8031434338.jpg	8031434338.jpg	8031434338	yes	200	https://www.flickr.com/photos/treebeard/8031434338/	https://live.staticflickr.com/8451/8031434338_32e78d5cff_c.jpg	https://live.staticflickr.com/8451/8031434338_32e78d5cff_q.jpg	Pollen-dusted Wild Bee (Anthophila, Hymenoptera) on Coyote Bush (Baccharis pilularis, Asteraceae)	Treebeard	All Rights Reserved	154	
7779	0abccdd4-8dd8-4fea-9138-e0de14f4fcd5	404	https://symbiota.ccber.ucsb.edu/kummel/2026/8031465702.jpg	8031465702.jpg	8031465702	yes	200	https://www.flickr.com/photos/treebeard/8031465702/	https://live.staticflickr.com/8170/8031465702_0488d0f03e_c.jpg	https://live.staticflickr.com/8170/8031465702_0488d0f03e_q.jpg	"Maybe the ""Secondary Screwworm"" (Cochliomyia macellaria, Calliphoridae, Diptera) - not a trash fly, but an interesting native on Coyote Bush (Baccharis pilularis, Asteraceae)"	Treebeard	All Rights Reserved	158	
7780	0362e542-193d-4e2b-8a4e-58be57151b5b	404	https://symbiota.ccber.ucsb.edu/kummel/2026/8031521615.jpg	8031521615.jpg	8031521615	yes	200	https://www.flickr.com/photos/treebeard/8031521615/	https://live.staticflickr.com/8033/8031521615_d530400382_c.jpg	https://live.staticflickr.com/8033/8031521615_d530400382_q.jpg	Maybe a Mexican Cactus Fly (Copestylum mexicanum, Syrphidae, Diptera) on Coyote Bush (Baccharis pilularis, Asteraceae)	Treebeard	All Rights Reserved	263	
7781	63317d90-316f-49f5-8b14-562a5d2d72f3	404	https://symbiota.ccber.ucsb.edu/kummel/2026/8031554231.jpg	8031554231.jpg	8031554231	yes	200	https://www.flickr.com/photos/treebeard/8031554231/	https://live.staticflickr.com/8316/8031554231_cee642e099_c.jpg	https://live.staticflickr.com/8316/8031554231_cee642e099_q.jpg	Grass-Skipper (Hesperia, Hesperiidae,Lepidoptera) butterfly	Treebeard	All Rights Reserved	127	
7782	71952180-2d22-45ed-9052-25df4a78cf14	404	https://symbiota.ccber.ucsb.edu/kummel/2026/8031577494.jpg	8031577494.jpg	8031577494	yes	200	https://www.flickr.com/photos/treebeard/8031577494/	https://live.staticflickr.com/8316/8031577494_4f5786a084_b.jpg	https://live.staticflickr.com/8316/8031577494_4f5786a084_q.jpg	Northern White-Skipper (Heliopetes ericetorum) butterfly on Coastal Goldenbush (Isocoma menziesii, Asteraceae)	Treebeard	All Rights Reserved	123	
7783	6c199932-cf80-48ed-90d1-e42fb778896f	404	https://symbiota.ccber.ucsb.edu/kummel/2026/8034242902.jpg	8034242902.jpg	8034242902	yes	200	https://www.flickr.com/photos/treebeard/8034242902/	https://live.staticflickr.com/8170/8034242902_822e03fbd7_c.jpg	https://live.staticflickr.com/8170/8034242902_822e03fbd7_q.jpg	Nymph of the Bagrada Bug (Bagrada hilaris, Pentatomidae, Hemiptera) on Scale Broom (Lepidospartum squamatum, Asteraceae)	Treebeard	All Rights Reserved	121	
7784	3fdb6728-b4ea-48fb-b84b-b3f3f867311b	404	https://symbiota.ccber.ucsb.edu/kummel/2026/8034264634.jpg	8034264634.jpg	8034264634	yes	200	https://www.flickr.com/photos/treebeard/8034264634/	https://live.staticflickr.com/8175/8034264634_b89ff4da17_c.jpg	https://live.staticflickr.com/8175/8034264634_b89ff4da17_q.jpg	Wild Bee (Anthophila, Hymenoptera) on non-native Aster (genus Aster, Asteraceae) in the garden	Treebeard	All Rights Reserved	139	
7785	b2ffdf7e-1cd8-4970-aa46-be7c1f968f32	404	https://symbiota.ccber.ucsb.edu/kummel/2026/8034301947.jpg	8034301947.jpg	8034301947	yes	200	https://www.flickr.com/photos/treebeard/8034301947/	https://live.staticflickr.com/8320/8034301947_a3febfcd4a_c.jpg	https://live.staticflickr.com/8320/8034301947_a3febfcd4a_q.jpg	Little pollen-dusted Wild Bee (Anthophila, Hymenoptera) on Coyote Bush (Baccharis pilularis, Asteraceae)	Treebeard	All Rights Reserved	125	
7786	29eabe41-ac1d-4a8b-85e4-71248e014968	404	https://symbiota.ccber.ucsb.edu/kummel/2026/8034318601.jpg	8034318601.jpg	8034318601	yes	200	https://www.flickr.com/photos/treebeard/8034318601/	https://live.staticflickr.com/8038/8034318601_81059e1e6f_c.jpg	https://live.staticflickr.com/8038/8034318601_81059e1e6f_q.jpg	Pollen-dusted ant (Formicidae, Hymenoptera) on Coyote Bush (Baccharis pilularis, Asteraceae)	Treebeard	All Rights Reserved	121	
7787	24b1d3c1-6bf1-4b7d-bf18-1e19cb4b5d85	404	https://symbiota.ccber.ucsb.edu/kummel/2026/8034349102.jpg	8034349102.jpg	8034349102	yes	200	https://www.flickr.com/photos/treebeard/8034349102/	https://live.staticflickr.com/8173/8034349102_d70da99110_c.jpg	https://live.staticflickr.com/8173/8034349102_d70da99110_q.jpg	Crab Spider (Thomisidae) has small Moth (Ledpidoptera) on Coyote Bush (Baccharis pilularis, Asteraceae)	Treebeard	All Rights Reserved	117	
7788	3b17e069-9eee-495b-8b00-8452560f55ba	404	https://symbiota.ccber.ucsb.edu/kummel/2026/8034374610.jpg	8034374610.jpg	8034374610	yes	200	https://www.flickr.com/photos/treebeard/8034374610/	https://live.staticflickr.com/8042/8034374610_ca73e69918_c.jpg	https://live.staticflickr.com/8042/8034374610_ca73e69918_q.jpg	Painted Lady (Vanessa cardui) butterfly on non-native English Lavender (Lavandula angustifolia, Lamiaceae) in the garden	Treebeard	All Rights Reserved	120	
7789	8846d8ce-3143-4228-9e22-4efcbc26fe27	404	https://symbiota.ccber.ucsb.edu/kummel/2026/8034402646.jpg	8034402646.jpg	8034402646	yes	200	https://www.flickr.com/photos/treebeard/8034402646/	https://live.staticflickr.com/8452/8034402646_0abf09d8c6_c.jpg	https://live.staticflickr.com/8452/8034402646_0abf09d8c6_q.jpg	Wild Bee (Anthophila, Hymenoptera) - maybe Lasioglossum ovaliceps - on flower of California Fuschia (Epilobium canum ssp. angustifolium, Onagraceae)	Treebeard	All Rights Reserved	114	
7790	b6aefce8-e351-4104-a047-b9b72babf7b8	404	https://symbiota.ccber.ucsb.edu/kummel/2026/8034478762.jpg	8034478762.jpg	8034478762	yes	200	https://www.flickr.com/photos/treebeard/8034478762/	https://live.staticflickr.com/8450/8034478762_f711f81df3_c.jpg	https://live.staticflickr.com/8450/8034478762_f711f81df3_q.jpg	Bumblebee size Spiny Tachina Fly (Paradejeania rutiloides, Tachinidae, Diptera) on Coyote Bush (Baccharis pilularis, Asteraceae)	Treebeard	All Rights Reserved	114	
7791	39dbb521-a889-4868-b790-c6a514b5bf42	404	https://symbiota.ccber.ucsb.edu/kummel/2026/8037456329.jpg	8037456329.jpg	8037456329	yes	200	https://www.flickr.com/photos/treebeard/8037456329/	https://live.staticflickr.com/8314/8037456329_278b064863_b.jpg	https://live.staticflickr.com/8314/8037456329_278b064863_q.jpg	"Sticky ""flowers"" of native Cocklebur (Xanthium strumarium, Asteraceae)"	Treebeard	All Rights Reserved	112	
7792	2fcd9415-8f11-4ef0-bd41-458153d9c113	404	https://symbiota.ccber.ucsb.edu/kummel/2026/8037523656.jpg	8037523656.jpg	8037523656	yes	200	https://www.flickr.com/photos/treebeard/8037523656/	https://live.staticflickr.com/8031/8037523656_8257b09475_c.jpg	https://live.staticflickr.com/8031/8037523656_8257b09475_q.jpg	Palmer's Goldenbush (Ericameria palmeri var. pachylepis, Asteraceae) on the dry wash by the river	Treebeard	All Rights Reserved	119	
7793	80d5dd1f-a183-4d60-829d-d7cf24aeb7cb	404	https://symbiota.ccber.ucsb.edu/kummel/2026/8037541278.jpg	8037541278.jpg	8037541278	yes	200	https://www.flickr.com/photos/treebeard/8037541278/	https://live.staticflickr.com/8319/8037541278_d7d524f2b5_c.jpg	https://live.staticflickr.com/8319/8037541278_d7d524f2b5_q.jpg	Spiky seed pod of Toloache (Datura wrightii, Solanaceae)	Treebeard	All Rights Reserved	114	
7794	450534bb-5fa2-467d-8bcb-9424ac1856c5	404	https://symbiota.ccber.ucsb.edu/kummel/2026/8037557646.jpg	8037557646.jpg	8037557646	yes	200	https://www.flickr.com/photos/treebeard/8037557646/	https://live.staticflickr.com/8032/8037557646_4a696f5cfc_c.jpg	https://live.staticflickr.com/8032/8037557646_4a696f5cfc_q.jpg	Painted Lady (Vanessa cardui) butterfly on Scale Broom (Lepidospartum squamatum, Asteraceae) - with a Honey Bee (Apis mellifera, Hymenoptera) in the air	Treebeard	All Rights Reserved	116	
7795	bb22e50f-48f1-46a0-b839-66267487126c	404	https://symbiota.ccber.ucsb.edu/kummel/2026/8037615754.jpg	8037615754.jpg	8037615754	yes	200	https://www.flickr.com/photos/treebeard/8037615754/	https://live.staticflickr.com/8173/8037615754_95527fdf76_b.jpg	https://live.staticflickr.com/8173/8037615754_95527fdf76_q.jpg	Grass-Skipper (Hesperia, Hesperiidae) butterfly sharing a flower with a little Wild Bee (Anthophila, Hymenoptera)	Treebeard	All Rights Reserved	115	
7796	7e250624-ae46-4692-a2c6-eb66fa1aa1ac	404	https://symbiota.ccber.ucsb.edu/kummel/2026/8037664608.jpg	8037664608.jpg	8037664608	yes	200	https://www.flickr.com/photos/treebeard/8037664608/	https://live.staticflickr.com/8181/8037664608_bedf2f1e44_c.jpg	https://live.staticflickr.com/8181/8037664608_bedf2f1e44_q.jpg	Rather large Short-Horned Grasshopper (Acrididae, Orthoptera) on Tamarisk (Tamarix ramosissima, Tamaricaceae) - Gray Bird Grasshopper (Schistocerca nitens)	Treebeard	All Rights Reserved	116	
7797	0082beeb-984f-48c4-87da-e95a241c7312	404	https://symbiota.ccber.ucsb.edu/kummel/2026/8037716453.jpg	8037716453.jpg	8037716453	yes	200	https://www.flickr.com/photos/treebeard/8037716453/	https://live.staticflickr.com/8315/8037716453_bdbc2ef5be_c.jpg	https://live.staticflickr.com/8315/8037716453_bdbc2ef5be_q.jpg	Spreadwing Dragonfly (Lestidae, Odonata) by the river today - maybe the California Spreadwing (Archilestes californica)	Treebeard	All Rights Reserved	114	
7798	be01edbf-6d43-4d29-b845-1195c116e91a	404	https://symbiota.ccber.ucsb.edu/kummel/2026/8037794301.jpg	8037794301.jpg	8037794301	yes	200	https://www.flickr.com/photos/treebeard/8037794301/	https://live.staticflickr.com/8034/8037794301_7d81f18ee7_c.jpg	https://live.staticflickr.com/8034/8037794301_7d81f18ee7_q.jpg	Horse Fly (Tabanus, Tabanidae, Diptera) - maybe the Western Horse Fly (Tabanus punctifer)?	Treebeard	All Rights Reserved	127	
7799	38a7764a-189f-4ba7-88df-afd5e0417719	404	https://symbiota.ccber.ucsb.edu/kummel/2026/8041406286.jpg	8041406286.jpg	8041406286	yes	200	https://www.flickr.com/photos/treebeard/8041406286/	https://live.staticflickr.com/8169/8041406286_9102341fe8_c.jpg	https://live.staticflickr.com/8169/8041406286_9102341fe8_q.jpg	Seed pods of Weed's Mariposa Lily (Calochortus weedii var. vestus aka C. fimbriata, Liliaceae)	Treebeard	All Rights Reserved	122	
7800	72ddc9dd-3c11-49e4-b113-83b8f6be4c80	404	https://symbiota.ccber.ucsb.edu/kummel/2026/8041422611.jpg	8041422611.jpg	8041422611	yes	200	https://www.flickr.com/photos/treebeard/8041422611/	https://live.staticflickr.com/8458/8041422611_ba5025c82d_c.jpg	https://live.staticflickr.com/8458/8041422611_ba5025c82d_q.jpg	New seeds of Weed's Mariposa Lily (Calochortus weedii var. vestus aka C. fimbriata, Liliaceae)	Treebeard	All Rights Reserved	116	
7801	4b811d44-d919-4c06-b62c-4a86a342d9c0	404	https://symbiota.ccber.ucsb.edu/kummel/2026/8041466876.jpg	8041466876.jpg	8041466876	yes	200	https://www.flickr.com/photos/treebeard/8041466876/	https://live.staticflickr.com/8455/8041466876_e0dd659dce_c.jpg	https://live.staticflickr.com/8455/8041466876_e0dd659dce_q.jpg	Strange insect nest on native Scrub Oak (Quercus berberidifolia, Fagaceae)	Treebeard	All Rights Reserved	120	
7802	92cc20b5-d5bc-48bc-9acb-908af098a15b	404	https://symbiota.ccber.ucsb.edu/kummel/2026/8041524694.jpg	8041524694.jpg	8041524694	yes	200	https://www.flickr.com/photos/treebeard/8041524694/	https://live.staticflickr.com/8309/8041524694_f851485c2a_c.jpg	https://live.staticflickr.com/8309/8041524694_f851485c2a_q.jpg	Large yellow Crab Spider (Thomisidae) on California Aster (Lessingia filaginifolia, Asteraceae)	Treebeard	All Rights Reserved	115	
7803	459af783-8587-4480-b259-38b269795586	404	https://symbiota.ccber.ucsb.edu/kummel/2026/8041572579.jpg	8041572579.jpg	8041572579	yes	200	https://www.flickr.com/photos/treebeard/8041572579/	https://live.staticflickr.com/8038/8041572579_f3577e1a53_c.jpg	https://live.staticflickr.com/8038/8041572579_f3577e1a53_q.jpg	Spotted Cucumber Beetle (Diabrotica undecimpunctata, Chrysomelidae, Coleoptera) on staminate Coyote Bush (Baccharis pilularis, Asteraceae)	Treebeard	All Rights Reserved	113	
7804	c0b90a98-65c7-48e8-8659-73dc7b62c552	404	https://symbiota.ccber.ucsb.edu/kummel/2026/8041615494.jpg	8041615494.jpg	8041615494	yes	200	https://www.flickr.com/photos/treebeard/8041615494/	https://live.staticflickr.com/8042/8041615494_af20769f68_c.jpg	https://live.staticflickr.com/8042/8041615494_af20769f68_q.jpg	Athletic ant (Formicidae, Hymenoptera) on non-native Fennel (Foeniculum vulgare, Apiaceae)	Treebeard	All Rights Reserved	115	
7805	b8475896-2dee-485e-93f6-dafb2a06118b	404	https://symbiota.ccber.ucsb.edu/kummel/2026/8041672291.jpg	8041672291.jpg	8041672291	yes	200	https://www.flickr.com/photos/treebeard/8041672291/	https://live.staticflickr.com/8457/8041672291_0990e6cf5f_c.jpg	https://live.staticflickr.com/8457/8041672291_0990e6cf5f_q.jpg	Short-Horned Grasshopper (Acrididae, Orthoptera) on gall of Baccharis Stem Gall Moth (Gnorimoshema baccharisella, Gelechiidae, Lepidoptera) on Coyote Bush (Baccharis pilularis, Asteraceae) - Oedaleonotus phryneicus	Treebeard	All Rights Reserved	113	
7806	3ec89352-b541-4235-a7df-e18895401c70	404	https://symbiota.ccber.ucsb.edu/kummel/2026/8041776749.jpg	8041776749.jpg	8041776749	yes	200	https://www.flickr.com/photos/treebeard/8041776749/	https://live.staticflickr.com/8174/8041776749_9b1da75934_b.jpg	https://live.staticflickr.com/8174/8041776749_9b1da75934_q.jpg	Assassin Bug (Reduviidae, Hemiptera) on Mugwort (Artemisia douglasiana, Asteraceae)	Treebeard	All Rights Reserved	115	
7807	53e514f7-4472-4236-b9f4-797ae09fa3b7	404	https://symbiota.ccber.ucsb.edu/kummel/2026/8045184428.jpg	8045184428.jpg	8045184428	yes	200	https://www.flickr.com/photos/treebeard/8045184428/	https://live.staticflickr.com/8314/8045184428_4e357dc9df_c.jpg	https://live.staticflickr.com/8314/8045184428_4e357dc9df_q.jpg	Assassin Bug (Reduviidae, Hemiptera) on Mugwort (Artemisia douglasiana, Asteraceae)	Treebeard	All Rights Reserved	118	
7808	d6f1780d-4ec3-48d5-8c27-839361e15522	404	https://symbiota.ccber.ucsb.edu/kummel/2026/8045210410.jpg	8045210410.jpg	8045210410	yes	200	https://www.flickr.com/photos/treebeard/8045210410/	https://live.staticflickr.com/8312/8045210410_e9ecae36ed_b.jpg	https://live.staticflickr.com/8312/8045210410_e9ecae36ed_q.jpg	Native ant (Formicidae, Hymenoptera) on non-native Fennel (Foeniculum vulgare, Apiaceae)	Treebeard	All Rights Reserved	123	
7809	e3d71145-0c2b-44e4-b2f0-7003bc97ac7b	404	https://symbiota.ccber.ucsb.edu/kummel/2026/8045234096.jpg	8045234096.jpg	8045234096	yes	200	https://www.flickr.com/photos/treebeard/8045234096/	https://live.staticflickr.com/8036/8045234096_dec5b1884d_c.jpg	https://live.staticflickr.com/8036/8045234096_dec5b1884d_q.jpg	Short-winged Oedaleonotus phryneicus (Melanoplinae, Acrididae, Orthoptera) grasshopper on California Buckwheat (Eriogonum fasciculatum, Polygonaceae)	Treebeard	All Rights Reserved	124	
7810	9b19d468-8e3a-4d57-9f08-07602fdffeae	404	https://symbiota.ccber.ucsb.edu/kummel/2026/8045290462.jpg	8045290462.jpg	8045290462	yes	200	https://www.flickr.com/photos/treebeard/8045290462/	https://live.staticflickr.com/8042/8045290462_f45f495f8c_c.jpg	https://live.staticflickr.com/8042/8045290462_f45f495f8c_q.jpg	Brilliant male California Dogface (Colias eurydice) butterfly in the air above flower of Mexican Sunflower (Tithonia rotundifolia, Asteraceae)	Treebeard	All Rights Reserved	117	
7811	486c8b42-d279-4c4a-93e7-ff4720531306	404	https://symbiota.ccber.ucsb.edu/kummel/2026/8045328220.jpg	8045328220.jpg	8045328220	yes	200	https://www.flickr.com/photos/treebeard/8045328220/	https://live.staticflickr.com/8171/8045328220_eab85073eb_b.jpg	https://live.staticflickr.com/8171/8045328220_eab85073eb_q.jpg	Brilliant male California Dogface (Colias eurydice) butterfly on Mexican Sunflower (Tithonia rotundifolia) in the garden,	Treebeard	All Rights Reserved	114	
7812	4cc09696-6cc2-4f95-a9b9-dda986aa4ea0	404	https://symbiota.ccber.ucsb.edu/kummel/2026/8045384826.jpg	8045384826.jpg	8045384826	yes	200	https://www.flickr.com/photos/treebeard/8045384826/	https://live.staticflickr.com/8176/8045384826_43ccb5dfbd_c.jpg	https://live.staticflickr.com/8176/8045384826_43ccb5dfbd_q.jpg	Painted Lady (Vanessa cardui) butterfly on Mexican Sunflower (Tithonia rotundifolia, Asteraceae) in the garden	Treebeard	All Rights Reserved	122	
7813	c1cf7d19-fe8a-4efb-b78a-259be29a4776	404	https://symbiota.ccber.ucsb.edu/kummel/2026/8045402270.jpg	8045402270.jpg	8045402270	yes	200	https://www.flickr.com/photos/treebeard/8045402270/	https://live.staticflickr.com/8316/8045402270_3456452fa4_c.jpg	https://live.staticflickr.com/8316/8045402270_3456452fa4_q.jpg	Two-fer of Mormon Metalmark (Apodemia mormo) butterflies on Bush Groundsel (Senecio flaccidus var. douglasii, Asteraceae)	Treebeard	All Rights Reserved	113	
7814	0f874f77-86a9-45ff-bbf7-8572f64cd0d0	404	https://symbiota.ccber.ucsb.edu/kummel/2026/8045447991.jpg	8045447991.jpg	8045447991	yes	200	https://www.flickr.com/photos/treebeard/8045447991/	https://live.staticflickr.com/8460/8045447991_4bfc9c3a8e_c.jpg	https://live.staticflickr.com/8460/8045447991_4bfc9c3a8e_q.jpg	Mormon Metalmark (Apodemia mormo) butterfly on Bush Groundsel (Senecio flaccidus var. douglasii, Asteraceae)	Treebeard	All Rights Reserved	113	
7815	1e64facd-a2f1-4c25-a02f-983516e8f49a	404	https://symbiota.ccber.ucsb.edu/kummel/2026/8048846979.jpg	8048846979.jpg	8048846979	yes	200	https://www.flickr.com/photos/treebeard/8048846979/	https://live.staticflickr.com/8032/8048846979_920659536a_c.jpg	https://live.staticflickr.com/8032/8048846979_920659536a_q.jpg	Large Orb-Weaver Spider (Araneidae) - maybe the Cat-Faced Spider (Araneus gemmoides)	Treebeard	All Rights Reserved	120	
7816	122aec69-d7f9-4d60-aa60-0a731c0ef5a6	404	https://symbiota.ccber.ucsb.edu/kummel/2026/8048893710.jpg	8048893710.jpg	8048893710	yes	200	https://www.flickr.com/photos/treebeard/8048893710/	https://live.staticflickr.com/8175/8048893710_181f75a024_c.jpg	https://live.staticflickr.com/8175/8048893710_181f75a024_q.jpg	Another large Orb-Weaver Spider (Araneidae)	Treebeard	All Rights Reserved	120	
7817	3c421d18-f514-4d24-9fce-2cb803690764	404	https://symbiota.ccber.ucsb.edu/kummel/2026/8048916479.jpg	8048916479.jpg	8048916479	yes	200	https://www.flickr.com/photos/treebeard/8048916479/	https://live.staticflickr.com/8181/8048916479_ee2afb8aaa_c.jpg	https://live.staticflickr.com/8181/8048916479_ee2afb8aaa_q.jpg	Large yellow Crab Spider (Thomisidae) perched on native Coyote Bush (Baccharis pilularis, Asteraceae)	Treebeard	All Rights Reserved	123	
7818	0596b6c8-4004-47d1-9f8a-0db145ac6c65	404	https://symbiota.ccber.ucsb.edu/kummel/2026/8048936722.jpg	8048936722.jpg	8048936722	yes	200	https://www.flickr.com/photos/treebeard/8048936722/	https://live.staticflickr.com/8176/8048936722_6a4d795577_c.jpg	https://live.staticflickr.com/8176/8048936722_6a4d795577_q.jpg	Green Lynx Spider (Peucetia viridans, Oxyopidae) with Wild Bee (Anthophila, Hymenoptera) prey	Treebeard	All Rights Reserved	231	
7819	221b6fc0-5225-4d54-a725-53db00658514	404	https://symbiota.ccber.ucsb.edu/kummel/2026/8048969165.jpg	8048969165.jpg	8048969165	yes	200	https://www.flickr.com/photos/treebeard/8048969165/	https://live.staticflickr.com/8033/8048969165_438b1bf71e_c.jpg	https://live.staticflickr.com/8033/8048969165_438b1bf71e_q.jpg	California Angle-winged Katydid (Microcentrum californicum, Tettigoniidae, Orthoptera) on non-native Smilo Grass (Piptatherum miliaceum, Poaceae)	Treebeard	All Rights Reserved	128	
7820	7a179a58-bc3b-4ec9-96fe-54dfe6174368	404	https://symbiota.ccber.ucsb.edu/kummel/2026/8048997051.jpg	8048997051.jpg	8048997051	yes	200	https://www.flickr.com/photos/treebeard/8048997051/	https://live.staticflickr.com/8172/8048997051_e30f9830f2_b.jpg	https://live.staticflickr.com/8172/8048997051_e30f9830f2_q.jpg	Short-Horned Grasshopper (Acrididae, Orthoptera) sitting like a puppy dog on Chaparral Yucca (Yucca whipplei, Liliaceae) plant family - maybe Grayish Sagebrush Grasshopper (Melanoplus cinereus)	Treebeard	All Rights Reserved	214	
7821	924238de-28ea-4da8-a45e-b233cf06d8dc	404	https://symbiota.ccber.ucsb.edu/kummel/2026/8049037379.jpg	8049037379.jpg	8049037379	yes	200	https://www.flickr.com/photos/treebeard/8049037379/	https://live.staticflickr.com/8318/8049037379_61a2b11b0c_b.jpg	https://live.staticflickr.com/8318/8049037379_61a2b11b0c_q.jpg	Grass-Skipper (Hesperia, Hesperiidae) butterfly on Mexican Sunflower (Tithonia rotundifolia, Asteraceae) in the garden	Treebeard	All Rights Reserved	124	
7822	ad845b22-ab2c-45d1-bff0-f28d8f221b3a	404	https://symbiota.ccber.ucsb.edu/kummel/2026/8049087294.jpg	8049087294.jpg	8049087294	yes	200	https://www.flickr.com/photos/treebeard/8049087294/	https://live.staticflickr.com/8309/8049087294_e8bf880bee_c.jpg	https://live.staticflickr.com/8309/8049087294_e8bf880bee_q.jpg	Brilliant male California Dogface (Colias eurydice) butterfly in the air above Mexican Sunflower (Tithonia rotundifolia, Asteraceae)	Treebeard	All Rights Reserved	152	
7823	834e7bc5-a3f7-49fb-9db8-7a8bd1576fb9	404	https://symbiota.ccber.ucsb.edu/kummel/2026/8051951265.jpg	8051951265.jpg	8051951265	yes	200	https://www.flickr.com/photos/treebeard/8051951265/	https://live.staticflickr.com/8322/8051951265_3233885de3_b.jpg	https://live.staticflickr.com/8322/8051951265_3233885de3_q.jpg	New flowers of California Brickellbush (Brickellia californica, Asteraceae)	Treebeard	All Rights Reserved	154	
7824	7ff94f77-fe76-4393-9829-4b03868ff575	404	https://symbiota.ccber.ucsb.edu/kummel/2026/8051970776.jpg	8051970776.jpg	8051970776	yes	200	https://www.flickr.com/photos/treebeard/8051970776/	https://live.staticflickr.com/8033/8051970776_c7e8079287_c.jpg	https://live.staticflickr.com/8033/8051970776_c7e8079287_q.jpg	Flowers on native Sawtooth Goldenbush (Hazardia squarrosa, Asteraceae)	Treebeard	All Rights Reserved	118	
7825	8f6bd2b0-2ef0-4219-ba48-9c2f014ec6e1	404	https://symbiota.ccber.ucsb.edu/kummel/2026/8051997355.jpg	8051997355.jpg	8051997355	yes	200	https://www.flickr.com/photos/treebeard/8051997355/	https://live.staticflickr.com/8313/8051997355_026663d26d_b.jpg	https://live.staticflickr.com/8313/8051997355_026663d26d_q.jpg	California Buckwheat (Eriogonum fasciculatum, Polygonaceae) - turning brown for autumn	Treebeard	All Rights Reserved	119	
7826	516cd3aa-45ec-4b32-b028-1db9aca4cda4	404	https://symbiota.ccber.ucsb.edu/kummel/2026/8052014317.jpg	8052014317.jpg	8052014317	yes	200	https://www.flickr.com/photos/treebeard/8052014317/	https://live.staticflickr.com/8030/8052014317_16b99a07ae_b.jpg	https://live.staticflickr.com/8030/8052014317_16b99a07ae_q.jpg	Furry little Bee Fly (Bombyliidae, Diptera) on Aster (Asteraceae) flower in the garden	Treebeard	All Rights Reserved	117	
7827	0024863d-bebe-4dd3-b710-cd847e32298a	404	https://symbiota.ccber.ucsb.edu/kummel/2026/8052054622.jpg	8052054622.jpg	8052054622	yes	200	https://www.flickr.com/photos/treebeard/8052054622/	https://live.staticflickr.com/8319/8052054622_9255fd4b1b_c.jpg	https://live.staticflickr.com/8319/8052054622_9255fd4b1b_q.jpg	Some kind of Paper Wasp (Polistes, Vespidae, Hymenoptera) on Scale Broom (Lepidospartum squamatum, Asteraceae)	Treebeard	All Rights Reserved	121	
7828	9caa2218-ffe9-4146-af1e-f225b5ed4bbd	404	https://symbiota.ccber.ucsb.edu/kummel/2026/8052067527.jpg	8052067527.jpg	8052067527	yes	200	https://www.flickr.com/photos/treebeard/8052067527/	https://live.staticflickr.com/8450/8052067527_05953d846d_b.jpg	https://live.staticflickr.com/8450/8052067527_05953d846d_q.jpg	"Near-perfect Painted Lady (Vanessa cardui) butterfly ""puddling"" - taking moisture - on garden path"	Treebeard	All Rights Reserved	123	
7829	df2617bd-078f-4bc1-b052-a32b453b8da0	404	https://symbiota.ccber.ucsb.edu/kummel/2026/8052102379.jpg	8052102379.jpg	8052102379	yes	200	https://www.flickr.com/photos/treebeard/8052102379/	https://live.staticflickr.com/8449/8052102379_c06b67095a_b.jpg	https://live.staticflickr.com/8449/8052102379_c06b67095a_q.jpg	Monarch Butterfly (Danaus plexippus, Lepidoptera) on Mexican Sunflower (Tithonia rotundifolia, Asteraceae) in the garden	Treebeard	All Rights Reserved	119	
7830	3e97e020-e0b0-4a15-94ec-94acf63a8834	404	https://symbiota.ccber.ucsb.edu/kummel/2026/8052168386.jpg	8052168386.jpg	8052168386	yes	200	https://www.flickr.com/photos/treebeard/8052168386/	https://live.staticflickr.com/8035/8052168386_f18373e684_b.jpg	https://live.staticflickr.com/8035/8052168386_f18373e684_q.jpg	Monarch Butterfly (Danaus plexippus, Lepidoptera) in the air approaching Mexican Sunflower (Tithonia rotundifolia, Asteraceae)	Treebeard	All Rights Reserved	132	
7831	3e9c05df-f25b-46fc-bd44-c692c98d8abb	404	https://symbiota.ccber.ucsb.edu/kummel/2026/8055196724.jpg	8055196724.jpg	8055196724	yes	200	https://www.flickr.com/photos/treebeard/8055196724/	https://live.staticflickr.com/8460/8055196724_017fe4c3a8_b.jpg	https://live.staticflickr.com/8460/8055196724_017fe4c3a8_q.jpg	Huge burl on the trunk of a Coast Live Oak (Quercus agrifolia, Fagaceae) tree	Treebeard	All Rights Reserved	124	
7832	504fd520-d102-4676-b379-af5a9ac6a340	404	https://symbiota.ccber.ucsb.edu/kummel/2026/8055243464.jpg	8055243464.jpg	8055243464	yes	200	https://www.flickr.com/photos/treebeard/8055243464/	https://live.staticflickr.com/8451/8055243464_c8b79fe28b_c.jpg	https://live.staticflickr.com/8451/8055243464_c8b79fe28b_q.jpg	"New ""flowers"" of Russian Thistle aka Tumbleweed (Salsola tragus, Chenopodiaceae) by the river"	Treebeard	All Rights Reserved	113	
7833	3df8a1ef-6ad7-4084-8fc8-90a28bab0192	404	https://symbiota.ccber.ucsb.edu/kummel/2026/8055291211.jpg	8055291211.jpg	8055291211	yes	200	https://www.flickr.com/photos/treebeard/8055291211/	https://live.staticflickr.com/8314/8055291211_508da37815_b.jpg	https://live.staticflickr.com/8314/8055291211_508da37815_q.jpg	New flower of native Chaparral Mallow (Malacothamnus fasciculatus, Malvaceae)	Treebeard	All Rights Reserved	117	
7834	f4196266-ce79-4252-9b40-2a41fd540b81	404	https://symbiota.ccber.ucsb.edu/kummel/2026/8055309114.jpg	8055309114.jpg	8055309114	yes	200	https://www.flickr.com/photos/treebeard/8055309114/	https://live.staticflickr.com/8029/8055309114_949efa3745_c.jpg	https://live.staticflickr.com/8029/8055309114_949efa3745_q.jpg	New flower of native California Aster (Lessingia filaginifolia aka Corethrogyne filaginifolia, Asteraceae)	Treebeard	All Rights Reserved	116	
7835	b50c79b8-459f-41ab-89b3-460d379583da	404	https://symbiota.ccber.ucsb.edu/kummel/2026/8055349045.jpg	8055349045.jpg	8055349045	yes	200	https://www.flickr.com/photos/treebeard/8055349045/	https://live.staticflickr.com/8169/8055349045_4fdb946f55_c.jpg	https://live.staticflickr.com/8169/8055349045_4fdb946f55_q.jpg	Common Buckeye (Junonia coenia) butterfly on the ground	Treebeard	All Rights Reserved	118	
7836	bca0abce-7f41-4f15-a4a4-15e4d6f66808	404	https://symbiota.ccber.ucsb.edu/kummel/2026/8055371318.jpg	8055371318.jpg	8055371318	yes	200	https://www.flickr.com/photos/treebeard/8055371318/	https://live.staticflickr.com/8175/8055371318_3938fd9d02_c.jpg	https://live.staticflickr.com/8175/8055371318_3938fd9d02_q.jpg	Papa Mule Deer (Odocoileus hemionus) with his two youngsters	Treebeard	All Rights Reserved	122	
7837	deb51bbd-7a9f-40ca-bb48-deec6c2bccc9	404	https://symbiota.ccber.ucsb.edu/kummel/2026/8055440091.jpg	8055440091.jpg	8055440091	yes	200	https://www.flickr.com/photos/treebeard/8055440091/	https://live.staticflickr.com/8040/8055440091_dc4106ceec_b.jpg	https://live.staticflickr.com/8040/8055440091_dc4106ceec_q.jpg	Mama Mule Deer (Odocoileus hemionus) lying down in the woods	Treebeard	All Rights Reserved	123	
7838	f3892fa7-666d-4659-b0b2-ef0b7bff0b26	404	https://symbiota.ccber.ucsb.edu/kummel/2026/8055480437.jpg	8055480437.jpg	8055480437	yes	200	https://www.flickr.com/photos/treebeard/8055480437/	https://live.staticflickr.com/8449/8055480437_8b20cf2e35_c.jpg	https://live.staticflickr.com/8449/8055480437_8b20cf2e35_q.jpg	Papa Mule Deer (Odocoileus hemionus) in the woods - a forked-horn two-point buck	Treebeard	All Rights Reserved	123	
7839	8eee7e5d-86a0-4b26-9f78-d8103a5600a2	404	https://symbiota.ccber.ucsb.edu/kummel/2026/8057940449.jpg	8057940449.jpg	8057940449	yes	200	https://www.flickr.com/photos/treebeard/8057940449/	https://live.staticflickr.com/8321/8057940449_2eacb36f58_c.jpg	https://live.staticflickr.com/8321/8057940449_2eacb36f58_q.jpg	Telegraph Weed (Heterotheca grandiflora, Asteraceae) - weedy but native	Treebeard	All Rights Reserved	117	
7840	fba66db3-4e3a-47a6-ae3f-7afd06878236	404	https://symbiota.ccber.ucsb.edu/kummel/2026/8057955260.jpg	8057955260.jpg	8057955260	yes	200	https://www.flickr.com/photos/treebeard/8057955260/	https://live.staticflickr.com/8311/8057955260_e12edb5b35_c.jpg	https://live.staticflickr.com/8311/8057955260_e12edb5b35_q.jpg	Flowers of native Mugwort (Artemisia douglasiana, Asteraceae) by the creek	Treebeard	All Rights Reserved	122	
7841	b8eed8ea-455e-4717-99fd-3d4f1d823a43	404	https://symbiota.ccber.ucsb.edu/kummel/2026/8058003838.jpg	8058003838.jpg	8058003838	yes	200	https://www.flickr.com/photos/treebeard/8058003838/	https://live.staticflickr.com/8171/8058003838_a932bf8df1_c.jpg	https://live.staticflickr.com/8171/8058003838_a932bf8df1_q.jpg	"Wild Bee (Anthophila, Hymenoptera) committing ""nectar theft"" on Waverly Sage (Salvia ""Waverly"", Lamiaceae)"	Treebeard	All Rights Reserved	118	
7842	0ad2303d-0c8f-4e3c-8fc5-8eb78d76f7af	404	https://symbiota.ccber.ucsb.edu/kummel/2026/8058023552.jpg	8058023552.jpg	8058023552	yes	200	https://www.flickr.com/photos/treebeard/8058023552/	https://live.staticflickr.com/8172/8058023552_6289cf8054_b.jpg	https://live.staticflickr.com/8172/8058023552_6289cf8054_q.jpg	Yellow Jacket-type wasp (Vespidae, Hymenoptera) in the garden	Treebeard	All Rights Reserved	123	
7843	98d5b9c6-c3ec-4e29-aac9-4e75d3656d23	404	https://symbiota.ccber.ucsb.edu/kummel/2026/8058058199.jpg	8058058199.jpg	8058058199	yes	200	https://www.flickr.com/photos/treebeard/8058058199/	https://live.staticflickr.com/8319/8058058199_b0f18fa74a_c.jpg	https://live.staticflickr.com/8319/8058058199_b0f18fa74a_q.jpg	Remarkable wasp-mimic Syrphid Flower Fly (Syrphidae, Diptera) - I guess Spilomyia interrupta	Treebeard	All Rights Reserved	122	
7844	0beee0de-5c7f-4066-a6dd-911d682d91e8	404	https://symbiota.ccber.ucsb.edu/kummel/2026/8058073878.jpg	8058073878.jpg	8058073878	yes	200	https://www.flickr.com/photos/treebeard/8058073878/	https://live.staticflickr.com/8462/8058073878_4eb2f3b197_c.jpg	https://live.staticflickr.com/8462/8058073878_4eb2f3b197_q.jpg	Bee Fly (Bombyliidae, Diptera) on Coyote Bush (Baccharis pilularis, Asteraceae)	Treebeard	All Rights Reserved	126	
7845	c4255ecf-dee4-495c-8398-9e7b04026731	404	https://symbiota.ccber.ucsb.edu/kummel/2026/8058099238.jpg	8058099238.jpg	8058099238	yes	200	https://www.flickr.com/photos/treebeard/8058099238/	https://live.staticflickr.com/8438/8058099238_838f3d3931_c.jpg	https://live.staticflickr.com/8438/8058099238_838f3d3931_q.jpg	Bee Fly (Bombyliidae, Diptera) on staminate Coyote Bush (Baccharis pilularis, Asteraceae)	Treebeard	All Rights Reserved	124	
7846	7c733889-5430-4ae2-a181-19463744d067	404	https://symbiota.ccber.ucsb.edu/kummel/2026/8058110546.jpg	8058110546.jpg	8058110546	yes	200	https://www.flickr.com/photos/treebeard/8058110546/	https://live.staticflickr.com/8182/8058110546_c54fc97705_c.jpg	https://live.staticflickr.com/8182/8058110546_c54fc97705_q.jpg	Bee Fly (Bombyliidae, Diptera) on Coyote Bush (Baccharis pilularis, Asteraceae)	Treebeard	All Rights Reserved	119	
7847	26c92f6f-9cf5-4d4d-8d2a-ff74339939c7	404	https://symbiota.ccber.ucsb.edu/kummel/2026/8061116316.jpg	8061116316.jpg	8061116316	yes	200	https://www.flickr.com/photos/treebeard/8061116316/	https://live.staticflickr.com/8170/8061116316_35564af3f7_c.jpg	https://live.staticflickr.com/8170/8061116316_35564af3f7_q.jpg	Galls of the Fuzzy Oak Gall Wasp (Disholcaspis washingtonensis, Cynipidae, Hymenoptera) on Scrub Oak (Quercus berberidifolia, Fagaceae)	Treebeard	All Rights Reserved	109	
7848	040ed5f1-3d0d-4a2f-a4c6-76e279fa12f9	404	https://symbiota.ccber.ucsb.edu/kummel/2026/8061156346.jpg	8061156346.jpg	8061156346	yes	200	https://www.flickr.com/photos/treebeard/8061156346/	https://live.staticflickr.com/8451/8061156346_10a22aeb28_c.jpg	https://live.staticflickr.com/8451/8061156346_10a22aeb28_q.jpg	Beautiful gall of a Beaked Twig Gall Wasp (Disholcaspis plumbella, Cynipidae, Hymenoptera) on Scrub Oak (Quercus berberidifolia, Fagaceae)	Treebeard	All Rights Reserved	121	
7849	8322a8c5-91b5-412e-9377-3f77ff6c67df	404	https://symbiota.ccber.ucsb.edu/kummel/2026/8061193104.jpg	8061193104.jpg	8061193104	yes	200	https://www.flickr.com/photos/treebeard/8061193104/	https://live.staticflickr.com/8039/8061193104_247fdc0a72_c.jpg	https://live.staticflickr.com/8039/8061193104_247fdc0a72_q.jpg	New and old flowers on Mule Fat (Baccharis salicifolia, Asteraceae)	Treebeard	All Rights Reserved	119	
7850	f8881004-b8d3-48ad-b122-a968e53840a3	404	https://symbiota.ccber.ucsb.edu/kummel/2026/8061228965.jpg	8061228965.jpg	8061228965	yes	200	https://www.flickr.com/photos/treebeard/8061228965/	https://live.staticflickr.com/8181/8061228965_7ec7184039_c.jpg	https://live.staticflickr.com/8181/8061228965_7ec7184039_q.jpg	Crab Spider (Thomisidae) waiting for insects on failed flowers of Coyote Bush (Baccharis pilularis, Asteraceae)	Treebeard	All Rights Reserved	127	
7851	8bb4341e-250d-4282-9246-93874f7d9319	404	https://symbiota.ccber.ucsb.edu/kummel/2026/8061253369.jpg	8061253369.jpg	8061253369	yes	200	https://www.flickr.com/photos/treebeard/8061253369/	https://live.staticflickr.com/8175/8061253369_56cc2af9b4_c.jpg	https://live.staticflickr.com/8175/8061253369_56cc2af9b4_q.jpg	Mormon Metalmark (Apodemia mormo) butterfly next to a Bagrada Bug (Bagrada hilaris, Pentatomidae, Hemiptera) on Coastal Goldenbush (Isocoma menziesii, Asteraceae)	Treebeard	All Rights Reserved	131	
7852	72634853-e026-4d9a-8432-fe6a8b619804	404	https://symbiota.ccber.ucsb.edu/kummel/2026/8061306063.jpg	8061306063.jpg	8061306063	yes	200	https://www.flickr.com/photos/treebeard/8061306063/	https://live.staticflickr.com/8460/8061306063_d8fe5d65db_c.jpg	https://live.staticflickr.com/8460/8061306063_d8fe5d65db_q.jpg	Female Northern White-Skipper (Heliopetes ericetorum) butterfly on Coastal Goldenbush (Isocoma menziesii, Asteraceae)	Treebeard	All Rights Reserved	121	
7853	2d7e7a45-014e-45bf-934e-500de0842565	404	https://symbiota.ccber.ucsb.edu/kummel/2026/8061342502.jpg	8061342502.jpg	8061342502	yes	200	https://www.flickr.com/photos/treebeard/8061342502/	https://live.staticflickr.com/8311/8061342502_889e176b65_b.jpg	https://live.staticflickr.com/8311/8061342502_889e176b65_q.jpg	Long-horned Beetle (Cerambycidae, Coleoptera) on Coastal Goldenbush (Isocoma menziesii, Asteraceae)	Treebeard	All Rights Reserved	115	
7854	1cdba780-fb1b-4582-97ae-f4c958d66050	404	https://symbiota.ccber.ucsb.edu/kummel/2026/8061362311.jpg	8061362311.jpg	8061362311	yes	200	https://www.flickr.com/photos/treebeard/8061362311/	https://live.staticflickr.com/8459/8061362311_d9c583d045_c.jpg	https://live.staticflickr.com/8459/8061362311_d9c583d045_q.jpg	Remarkable Blow Fly (Calliphoridae, Diptera) on Coyote Bush (Baccharis pilularis, Asteraceae) - maybe genus Lucilia?	Treebeard	All Rights Reserved	120	
7855	609d9076-c65f-49b2-b23f-62c807c51947	404	https://symbiota.ccber.ucsb.edu/kummel/2026/8064992549.jpg	8064992549.jpg	8064992549	yes	200	https://www.flickr.com/photos/treebeard/8064992549/	https://live.staticflickr.com/8322/8064992549_0f2cc3b72a_b.jpg	https://live.staticflickr.com/8322/8064992549_0f2cc3b72a_q.jpg	Twig of Scrub Oak (Quercus berberidifolia, Fagaceae) - with leaf, acorn, and a new gall of Beaked Twig Gall Wasp (Disholcaspis plumbella, Cynipidae, Hymenoptera)	Treebeard	All Rights Reserved	114	
7856	7ea2f77f-01f3-487e-a907-cfa8403dcb6b	404	https://symbiota.ccber.ucsb.edu/kummel/2026/8065026485.jpg	8065026485.jpg	8065026485	yes	200	https://www.flickr.com/photos/treebeard/8065026485/	https://live.staticflickr.com/8461/8065026485_1947591a38_b.jpg	https://live.staticflickr.com/8461/8065026485_1947591a38_q.jpg	New flower buds of Veatch Silk-Tassel (Garrya veatchii, Garryaceae) - on a dying shrub?	Treebeard	All Rights Reserved	133	
7857	a3134e4f-aff0-442b-9ab6-c700eefd8e17	404	https://symbiota.ccber.ucsb.edu/kummel/2026/8065085338.jpg	8065085338.jpg	8065085338	yes	200	https://www.flickr.com/photos/treebeard/8065085338/	https://live.staticflickr.com/8172/8065085338_555b751d55_b.jpg	https://live.staticflickr.com/8172/8065085338_555b751d55_q.jpg	Elegant seed pod of Bush Poppy (Dendromecon rigida, Papaveraceae) - very painterly	Treebeard	All Rights Reserved	129	
7858	da484e77-422d-4ad8-84a9-917d52b7b6c7	404	https://symbiota.ccber.ucsb.edu/kummel/2026/8065103858.jpg	8065103858.jpg	8065103858	yes	200	https://www.flickr.com/photos/treebeard/8065103858/	https://live.staticflickr.com/8175/8065103858_aeae633549_c.jpg	https://live.staticflickr.com/8175/8065103858_aeae633549_q.jpg	Drosophilid Fly (Drosophilidae, Diptera) in the garden	Treebeard	All Rights Reserved	127	
7859	8f6a9c64-aa2d-4cdf-aae8-f3627ec1d3a7	404	https://symbiota.ccber.ucsb.edu/kummel/2026/8065143125.jpg	8065143125.jpg	8065143125	yes	200	https://www.flickr.com/photos/treebeard/8065143125/	https://live.staticflickr.com/8310/8065143125_37b47ddb6c_b.jpg	https://live.staticflickr.com/8310/8065143125_37b47ddb6c_q.jpg	Granite-colored Thalassica grasshopper (Trimerotropis thalassica, Acrididae, Orthoptera) grasshopper on my path today	Treebeard	All Rights Reserved	116	
7860	9dfe3c29-9863-4e75-b614-39cb2af8de2b	404	https://symbiota.ccber.ucsb.edu/kummel/2026/8065216700.jpg	8065216700.jpg	8065216700	yes	200	https://www.flickr.com/photos/treebeard/8065216700/	https://live.staticflickr.com/8452/8065216700_f2ab0ec37d_c.jpg	https://live.staticflickr.com/8452/8065216700_f2ab0ec37d_q.jpg	Large pollen-dusted Carpenter Bee (Xylocopa, Anthophoridae, Hymenoptera) getting up after a fall	Treebeard	All Rights Reserved	122	
7861	340597d9-b491-407c-ab53-33935703f5f2	404	https://symbiota.ccber.ucsb.edu/kummel/2026/8065272152.jpg	8065272152.jpg	8065272152	yes	200	https://www.flickr.com/photos/treebeard/8065272152/	https://live.staticflickr.com/8169/8065272152_8908689a16_c.jpg	https://live.staticflickr.com/8169/8065272152_8908689a16_q.jpg	Green Lynx Spider (Peucetia viridans, Oxyopidae) is red - to match fall-colored Poison Oak (Toxicodendron diversilobum, Anacardiaceae)	Treebeard	All Rights Reserved	116	
7862	9c8ada06-0447-4546-98d6-759cb9d50177	404	https://symbiota.ccber.ucsb.edu/kummel/2026/8065314186.jpg	8065314186.jpg	8065314186	yes	200	https://www.flickr.com/photos/treebeard/8065314186/	https://live.staticflickr.com/8169/8065314186_a6b025baef_c.jpg	https://live.staticflickr.com/8169/8065314186_a6b025baef_q.jpg	Dainty Sulphur (Nathalis iole) butterfly on California Goldenrod (Solidago californica, Asteraceae)	Treebeard	All Rights Reserved	122	
7863	f7334a4e-edf2-4832-aada-d5ba7abf4ea5	404	https://symbiota.ccber.ucsb.edu/kummel/2026/8068942559.jpg	8068942559.jpg	8068942559	yes	200	https://www.flickr.com/photos/treebeard/8068942559/	https://live.staticflickr.com/8036/8068942559_e88bacfe0a_c.jpg	https://live.staticflickr.com/8036/8068942559_e88bacfe0a_q.jpg	Tiny Leafhopper insect (Cicadellidae, Homoptera) on a leaf in the garden	Treebeard	All Rights Reserved	124	
7864	dfaffa6d-8d33-4ff6-b905-6e12934003d3	404	https://symbiota.ccber.ucsb.edu/kummel/2026/8068986206.jpg	8068986206.jpg	8068986206	yes	200	https://www.flickr.com/photos/treebeard/8068986206/	https://live.staticflickr.com/8462/8068986206_892bf42133_c.jpg	https://live.staticflickr.com/8462/8068986206_892bf42133_q.jpg	Oedaleonotus phryneicus grasshopper (Melanoplinae, Acrididae, Orthoptera) on Coffeeberry (Rhamnus tomentella or R. californica, Rhamnaceae)	Treebeard	All Rights Reserved	123	
7865	7b7544c0-1e02-4379-be10-7e51fc44a972	404	https://symbiota.ccber.ucsb.edu/kummel/2026/8069047231.jpg	8069047231.jpg	8069047231	yes	200	https://www.flickr.com/photos/treebeard/8069047231/	https://live.staticflickr.com/8453/8069047231_20b2b1070a_c.jpg	https://live.staticflickr.com/8453/8069047231_20b2b1070a_q.jpg	Assassin Bug (Reduviidae, Hemiptera) on leaf of Coast Live Oak (Quercus agrifolia, Fagaceae)	Treebeard	All Rights Reserved	118	
7866	01ae56b0-f28a-4292-a87b-2719b5aaf6bf	404	https://symbiota.ccber.ucsb.edu/kummel/2026/8069076984.jpg	8069076984.jpg	8069076984	yes	200	https://www.flickr.com/photos/treebeard/8069076984/	https://live.staticflickr.com/8451/8069076984_95a796a8a8_c.jpg	https://live.staticflickr.com/8451/8069076984_95a796a8a8_q.jpg	Green Lynx Spider (Peucetia viridans, Oxyopidae) guarding her egg sack	Treebeard	All Rights Reserved	128	
7867	ad17c43c-74cf-4535-9f1d-8eb740155ae4	404	https://symbiota.ccber.ucsb.edu/kummel/2026/8069100924.jpg	8069100924.jpg	8069100924	yes	200	https://www.flickr.com/photos/treebeard/8069100924/	https://live.staticflickr.com/8039/8069100924_ac03031226_c.jpg	https://live.staticflickr.com/8039/8069100924_ac03031226_q.jpg	Crab Spider (Thomisidae) waiting for prey on leaf of Wild Blackberry (Rubus ursinus, Rosaceae)	Treebeard	All Rights Reserved	118	
7868	3d1ffb48-a4e3-4ca5-b0cf-a354a4626914	404	https://symbiota.ccber.ucsb.edu/kummel/2026/8069115106.jpg	8069115106.jpg	8069115106	yes	200	https://www.flickr.com/photos/treebeard/8069115106/	https://live.staticflickr.com/8459/8069115106_f6df30cd0f_c.jpg	https://live.staticflickr.com/8459/8069115106_f6df30cd0f_q.jpg	Jumping Spider (Phidippus, Salticidae) on Mugwort (Artemisia douglasiana, Asteraceae)	Treebeard	All Rights Reserved	129	
7869	7e9f6961-50d8-413e-8a52-7fb7a15bc094	404	https://symbiota.ccber.ucsb.edu/kummel/2026/8069181564.jpg	8069181564.jpg	8069181564	yes	200	https://www.flickr.com/photos/treebeard/8069181564/	https://live.staticflickr.com/8042/8069181564_17b189e116_b.jpg	https://live.staticflickr.com/8042/8069181564_17b189e116_q.jpg	Carpenter Bee (Xylocopa, Anthophoridae, Hymenoptera) flying into a flower of Evening Primrose (Oenothera elata ssp. hookeri, Onagraceae)	Treebeard	All Rights Reserved	126	
7870	b0afac00-dfe3-4d1a-b77f-979935c6cb8c	404	https://symbiota.ccber.ucsb.edu/kummel/2026/8069211643.jpg	8069211643.jpg	8069211643	yes	200	https://www.flickr.com/photos/treebeard/8069211643/	https://live.staticflickr.com/8170/8069211643_10d876bdfb_c.jpg	https://live.staticflickr.com/8170/8069211643_10d876bdfb_q.jpg	Carpenter Bee (Xylocopa, Anthophoridae, Hymenoptera) flying into a flower of Evening Primrose (Oenothera elata ssp. hookeri, Onagraceae)	Treebeard	All Rights Reserved	130	
7871	10526627-cd42-4c13-9ee3-da3d82c800c1	404	https://symbiota.ccber.ucsb.edu/kummel/2026/8072457106.jpg	8072457106.jpg	8072457106	yes	200	https://www.flickr.com/photos/treebeard/8072457106/	https://live.staticflickr.com/8036/8072457106_b0f5777f10_b.jpg	https://live.staticflickr.com/8036/8072457106_b0f5777f10_q.jpg	The burrow of a California Tarantula (Aphonopelma sp.) spider	Treebeard	All Rights Reserved	114	
7872	846967ba-3e20-4b09-94fd-96a401bb17f1	404	https://symbiota.ccber.ucsb.edu/kummel/2026/8072500152.jpg	8072500152.jpg	8072500152	yes	200	https://www.flickr.com/photos/treebeard/8072500152/	https://live.staticflickr.com/8029/8072500152_4d91e4179b_c.jpg	https://live.staticflickr.com/8029/8072500152_4d91e4179b_q.jpg	Little wasp in the order Hymenoptera on flowers of native California Buckwheat (Eriogonum fasciculatum, Polygonaceae)	Treebeard	All Rights Reserved	118	
7873	0b809d44-d0ac-4ff0-8959-ed6076673303	404	https://symbiota.ccber.ucsb.edu/kummel/2026/8072531616.jpg	8072531616.jpg	8072531616	yes	200	https://www.flickr.com/photos/treebeard/8072531616/	https://live.staticflickr.com/8175/8072531616_8c54322c22_c.jpg	https://live.staticflickr.com/8175/8072531616_8c54322c22_q.jpg	Little net-winged Planthopper (Fulgoroidea, Homoptera) on Wild Blackberry (Rubus ursinus, Rosaceae)	Treebeard	All Rights Reserved	114	
7874	92dfc04a-cee0-401f-a53e-3e92b61c447b	404	https://symbiota.ccber.ucsb.edu/kummel/2026/8072558012.jpg	8072558012.jpg	8072558012	yes	200	https://www.flickr.com/photos/treebeard/8072558012/	https://live.staticflickr.com/8453/8072558012_0015fc881d_b.jpg	https://live.staticflickr.com/8453/8072558012_0015fc881d_q.jpg	Well-camouflaged Short-Horned Grasshopper (Acrididae, Orthoptera) - maybe Caerulean-winged Grasshopper (Trimerotropis pseudofasciata)	Treebeard	All Rights Reserved	132	
7875	abc727fa-7e84-40f1-a321-d1ae764e2aa2	404	https://symbiota.ccber.ucsb.edu/kummel/2026/8072606995.jpg	8072606995.jpg	8072606995	yes	200	https://www.flickr.com/photos/treebeard/8072606995/	https://live.staticflickr.com/8458/8072606995_e1c5d39ac3_b.jpg	https://live.staticflickr.com/8458/8072606995_e1c5d39ac3_q.jpg	Granite-colored Thalassica grasshopper (Trimerotropis thalassica, Acrididae, Orthoptera) grasshopper	Treebeard	All Rights Reserved	137	
7876	a5ed2611-b748-44c0-addd-b88c763d302e	404	https://symbiota.ccber.ucsb.edu/kummel/2026/8072621836.jpg	8072621836.jpg	8072621836	yes	200	https://www.flickr.com/photos/treebeard/8072621836/	https://live.staticflickr.com/8032/8072621836_02e225251b_b.jpg	https://live.staticflickr.com/8032/8072621836_02e225251b_q.jpg	Common Buckeye (Junonia coenia) butterfly on still-flowering Scale Broom (Lepidospartum squamatum, Asteraceae)	Treebeard	All Rights Reserved	120	
7877	2725d913-639e-4d92-b44f-e96e405823cf	404	https://symbiota.ccber.ucsb.edu/kummel/2026/8072667921.jpg	8072667921.jpg	8072667921	yes	200	https://www.flickr.com/photos/treebeard/8072667921/	https://live.staticflickr.com/8172/8072667921_e79dc226bb_c.jpg	https://live.staticflickr.com/8172/8072667921_e79dc226bb_q.jpg	Common Buckeye (Junonia coenia) butterfly on still-flowering Scale Broom (Lepidospartum squamatum, Asteraceae)	Treebeard	All Rights Reserved	117	
7878	78c2daf2-d761-4141-aaae-1e6697cc66d1	404	https://symbiota.ccber.ucsb.edu/kummel/2026/8072678404.jpg	8072678404.jpg	8072678404	yes	200	https://www.flickr.com/photos/treebeard/8072678404/	https://live.staticflickr.com/8319/8072678404_2c3bac7845_b.jpg	https://live.staticflickr.com/8319/8072678404_2c3bac7845_q.jpg	Variegated Meadowlark (Sympetrum corruptum, Libellulidae, Odonata) dragonfly	Treebeard	All Rights Reserved	126	
7879	938822ad-6182-4860-82c2-10302214bdf8	404	https://symbiota.ccber.ucsb.edu/kummel/2026/8075815374.jpg	8075815374.jpg	8075815374	yes	200	https://www.flickr.com/photos/treebeard/8075815374/	https://live.staticflickr.com/8051/8075815374_ed725df14d_c.jpg	https://live.staticflickr.com/8051/8075815374_ed725df14d_q.jpg	Real raindrops falling on native Coffeeberry (Rhamnus californica, Rhamnaceae)	Treebeard	All Rights Reserved	123	
7880	0f6a020a-6465-48b7-b29d-a2d117fc8f94	404	https://symbiota.ccber.ucsb.edu/kummel/2026/8075860777.jpg	8075860777.jpg	8075860777	yes	200	https://www.flickr.com/photos/treebeard/8075860777/	https://live.staticflickr.com/8334/8075860777_4637eb13b0_b.jpg	https://live.staticflickr.com/8334/8075860777_4637eb13b0_q.jpg	First new flowers of native Chaparral Currant (Ribes malvaceum, Grossulariaceae)	Treebeard	All Rights Reserved	126	
7881	e1f6ef18-1161-41f6-ae2f-6c266385b947	404	https://symbiota.ccber.ucsb.edu/kummel/2026/8078968297.jpg	8078968297.jpg	8078968297	yes	200	https://www.flickr.com/photos/treebeard/8078968297/	https://live.staticflickr.com/8476/8078968297_be2e225698_b.jpg	https://live.staticflickr.com/8476/8078968297_be2e225698_q.jpg	Assassin Bug (Reduviidae, Hemiptera) on a leaf of Wild Blackberry (Rubus ursinus, Rosaceae)	Treebeard	All Rights Reserved	133	
7882	e2f6820c-e1cc-48c5-a3af-7c57341c2785	404	https://symbiota.ccber.ucsb.edu/kummel/2026/8078978677.jpg	8078978677.jpg	8078978677	yes	200	https://www.flickr.com/photos/treebeard/8078978677/	https://live.staticflickr.com/8186/8078978677_3997fedbb8_c.jpg	https://live.staticflickr.com/8186/8078978677_3997fedbb8_q.jpg	Assassin Bug (Reduviidae, Hemiptera) on a leaf of Wild Blackberry (Rubus ursinus, Rosaceae) - with raindrops	Treebeard	All Rights Reserved	125	
7883	e072ad0a-01a8-4add-b6e3-078c2e964f7a	404	https://symbiota.ccber.ucsb.edu/kummel/2026/8081229403.jpg	8081229403.jpg	8081229403	yes	200	https://www.flickr.com/photos/treebeard/8081229403/	https://live.staticflickr.com/8336/8081229403_3191119bc0_b.jpg	https://live.staticflickr.com/8336/8081229403_3191119bc0_q.jpg	The same Assassin Bug (Reduviidae, Hemiptera) on the same leaf of Wild Blackberry (Rubus ursinus, Rosaceae) - they don't move much	Treebeard	All Rights Reserved	124	
7884	93fbb330-4bcc-4c02-a721-a499501703d3	404	https://symbiota.ccber.ucsb.edu/kummel/2026/8081272978.jpg	8081272978.jpg	8081272978	yes	200	https://www.flickr.com/photos/treebeard/8081272978/	https://live.staticflickr.com/8328/8081272978_30fb8abf81_b.jpg	https://live.staticflickr.com/8328/8081272978_30fb8abf81_q.jpg	Flowers of Tall Stephanomeria (Stephanomeria virgata ssp. pleurocarpa, Asteraceae)	Treebeard	All Rights Reserved	127	
7885	c4efc8c4-0c68-41e1-a661-d0146804c3fe	404	https://symbiota.ccber.ucsb.edu/kummel/2026/8081312962.jpg	8081312962.jpg	8081312962	yes	200	https://www.flickr.com/photos/treebeard/8081312962/	https://live.staticflickr.com/8467/8081312962_426b1661ba_c.jpg	https://live.staticflickr.com/8467/8081312962_426b1661ba_q.jpg	Mostly failed flowers of Coyote Bush (Baccharis pilularis, Asteraceae)	Treebeard	All Rights Reserved	127	
7906	64f4af18-cd48-470e-9132-b6b984717815	404	https://symbiota.ccber.ucsb.edu/kummel/2026/8088875002.jpg	8088875002.jpg	8088875002	yes	200	https://www.flickr.com/photos/treebeard/8088875002/	https://live.staticflickr.com/8325/8088875002_41944f10c8_b.jpg	https://live.staticflickr.com/8325/8088875002_41944f10c8_q.jpg	Yellow Jacket-type wasp (Vespidae, Hymenoptera) licking honey from  gall of Clasping Twig Gall Wasp (Disholcaspis prehensa, Cynipidae, Hymenoptera) on Scrub Oak (Quercus berberidifolia, Fagaceae)	Treebeard	All Rights Reserved	116	
7907	269bfce3-ef5d-4da3-8184-870ec72c8108	404	https://symbiota.ccber.ucsb.edu/kummel/2026/8091896167.jpg	8091896167.jpg	8091896167	yes	200	https://www.flickr.com/photos/treebeard/8091896167/	https://live.staticflickr.com/8048/8091896167_4c866c2ab9_c.jpg	https://live.staticflickr.com/8048/8091896167_4c866c2ab9_q.jpg	Very large Tarantula Hawk (Pepsis, Pompilidae, Hymenoptera) on flowers of Ms. Plummer's Baccharis (Baccharis plummerae, Asteraceae)	Treebeard	All Rights Reserved	127	
7908	2c05a761-efd8-4fa2-9702-2a4ab4729f2f	404	https://symbiota.ccber.ucsb.edu/kummel/2026/8091959941.jpg	8091959941.jpg	8091959941	yes	200	https://www.flickr.com/photos/treebeard/8091959941/	https://live.staticflickr.com/8046/8091959941_53563c29a2_b.jpg	https://live.staticflickr.com/8046/8091959941_53563c29a2_q.jpg	Very large Tarantula Hawk (Pepsis, Pompilidae, Hymenoptera) on flowers of Ms. Plummer's Baccharis (Baccharis plummerae, Asteraceae)	Treebeard	All Rights Reserved	122	
7909	a3b7c33d-587d-4428-a03f-87df3295eaec	404	https://symbiota.ccber.ucsb.edu/kummel/2026/8095461230.jpg	8095461230.jpg	8095461230	yes	200	https://www.flickr.com/photos/treebeard/8095461230/	https://live.staticflickr.com/8047/8095461230_3ac9fc44a3_c.jpg	https://live.staticflickr.com/8047/8095461230_3ac9fc44a3_q.jpg	Grayish Sagebrush Grasshopper (Melanoplus cinereus ssp. cyanipes, Acrididae, Orthoptera on Coyote Bush (Baccharis pilularis, Asteraceae)	Treebeard	All Rights Reserved	119	
7910	313d2c79-1da4-4fc3-8059-c43845e0189d	404	https://symbiota.ccber.ucsb.edu/kummel/2026/8095508383.jpg	8095508383.jpg	8095508383	yes	200	https://www.flickr.com/photos/treebeard/8095508383/	https://live.staticflickr.com/8473/8095508383_ebaa5cf851_c.jpg	https://live.staticflickr.com/8473/8095508383_ebaa5cf851_q.jpg	Grayish Sagebrush Grasshopper (Melanoplus cinereus ssp. cyanipes, Acrididae, Orthoptera) (?) on Coyote Bush (Baccharis pilularis, Asteraceae)	Treebeard	All Rights Reserved	121	
7911	c3f2fe5e-4775-4fe6-9258-bf01900ef796	404	https://symbiota.ccber.ucsb.edu/kummel/2026/8095564349.jpg	8095564349.jpg	8095564349	yes	200	https://www.flickr.com/photos/treebeard/8095564349/	https://live.staticflickr.com/8473/8095564349_94b5d4d817_b.jpg	https://live.staticflickr.com/8473/8095564349_94b5d4d817_q.jpg	"Labyrinth Spider (Metepeira, Araneidae) of Orb Weaver - it's ""house"" is made from the dead bodies of its prey"	Treebeard	All Rights Reserved	119	
7912	45f6bd65-bed5-4686-8035-41c830dbe301	404	https://symbiota.ccber.ucsb.edu/kummel/2026/8095631262.jpg	8095631262.jpg	8095631262	yes	200	https://www.flickr.com/photos/treebeard/8095631262/	https://live.staticflickr.com/8047/8095631262_ecc32e7519_b.jpg	https://live.staticflickr.com/8047/8095631262_ecc32e7519_q.jpg	Crab Spider (Thomisidae) on flower of Telegraph Weed (Heterotheca grandiflora, Asteraceae)	Treebeard	All Rights Reserved	118	
7913	d8bafd2c-9cdf-4338-afbd-e549ac690ffa	404	https://symbiota.ccber.ucsb.edu/kummel/2026/8095678967.jpg	8095678967.jpg	8095678967	yes	200	https://www.flickr.com/photos/treebeard/8095678967/	https://live.staticflickr.com/8053/8095678967_75c1e4f6e4_c.jpg	https://live.staticflickr.com/8053/8095678967_75c1e4f6e4_q.jpg	Bottle cap-sized Orb-Weaver Spider (Araneidae) - maybe the Cat-Faced Spider (Araneus gemmoides) or kin	Treebeard	All Rights Reserved	130	
7914	d5676b56-546c-4215-8161-68107a923684	404	https://symbiota.ccber.ucsb.edu/kummel/2026/8095703014.jpg	8095703014.jpg	8095703014	yes	200	https://www.flickr.com/photos/treebeard/8095703014/	https://live.staticflickr.com/8336/8095703014_cfaa112ba2_c.jpg	https://live.staticflickr.com/8336/8095703014_cfaa112ba2_q.jpg	Syrphid Flower Fly (Syrphidae, Diptera) getting pollen from Mexican Sunflower (Tithonia rotundifolia, Asteraceae)	Treebeard	All Rights Reserved	126	
7915	1cf7f031-b1ed-41fc-9e49-56b083b1c36f	404	https://symbiota.ccber.ucsb.edu/kummel/2026/8095722464.jpg	8095722464.jpg	8095722464	yes	200	https://www.flickr.com/photos/treebeard/8095722464/	https://live.staticflickr.com/8193/8095722464_921d50876f_b.jpg	https://live.staticflickr.com/8193/8095722464_921d50876f_q.jpg	Just a Fly (Diptera) on Coast Live Oak (Quercus agrifolia, Fagaceae) - maybe a Tachinid Fly (Tachinidae)?	Treebeard	All Rights Reserved	126	
7916	7410fe9f-45ab-4c2e-a2f4-ca3071fb1857	404	https://symbiota.ccber.ucsb.edu/kummel/2026/8095761894.jpg	8095761894.jpg	8095761894	yes	200	https://www.flickr.com/photos/treebeard/8095761894/	https://live.staticflickr.com/8188/8095761894_43c93ef628_b.jpg	https://live.staticflickr.com/8188/8095761894_43c93ef628_q.jpg	Wild Bee (Anthophila, Hymenoptera) working new flower of Chaparral Currant (Ribes malvaceum, Grossulariaceae)	Treebeard	All Rights Reserved	121	
7917	c899c259-7fcd-4a52-a7e8-61e4de804f48	404	https://symbiota.ccber.ucsb.edu/kummel/2026/8098733526.jpg	8098733526.jpg	8098733526	yes	200	https://www.flickr.com/photos/treebeard/8098733526/	https://live.staticflickr.com/8329/8098733526_ea54b6be33_b.jpg	https://live.staticflickr.com/8329/8098733526_ea54b6be33_q.jpg	Fire on the mountain - the view from our porch this morning of the Lookout Fire	Treebeard	All Rights Reserved	120	
7918	8226d682-cdb7-4f6f-9bbd-10cea75d0649	404	https://symbiota.ccber.ucsb.edu/kummel/2026/8104118151.jpg	8104118151.jpg	8104118151	yes	200	https://www.flickr.com/photos/treebeard/8104118151/	https://live.staticflickr.com/8324/8104118151_6dab420750_c.jpg	https://live.staticflickr.com/8324/8104118151_6dab420750_q.jpg	Big-leaved Mistletoe (Phoradendron macrophyllum, Viscaceae) on Western Sycamore (Platanus racemosa, Platanaceae)	Treebeard	All Rights Reserved	117	
7919	33f295dc-be4c-478a-bcf3-961c1355f63e	404	https://symbiota.ccber.ucsb.edu/kummel/2026/8104143899.jpg	8104143899.jpg	8104143899	yes	200	https://www.flickr.com/photos/treebeard/8104143899/	https://live.staticflickr.com/8052/8104143899_86a8939b20_b.jpg	https://live.staticflickr.com/8052/8104143899_86a8939b20_q.jpg	Standing dead Western Sycamore (Platanus racemosa, Platanaceae) trees along the Santa Ynez River	Treebeard	All Rights Reserved	125	
7920	9a3a69a5-37e3-4883-a1a8-6797a0b6b34c	404	https://symbiota.ccber.ucsb.edu/kummel/2026/8104185061.jpg	8104185061.jpg	8104185061	yes	200	https://www.flickr.com/photos/treebeard/8104185061/	https://live.staticflickr.com/8185/8104185061_63040c6a74_b.jpg	https://live.staticflickr.com/8185/8104185061_63040c6a74_q.jpg	Galled leaves of Fremont Cottonwood (Populus fremontii, Salicaceae) - Poplar Petiole Gall Aphids (Pemphigus populitransversus, Aphididae, Homoptera)	Treebeard	All Rights Reserved	125	
7921	d0fb7837-b0db-4886-ae21-882ad7c11d66	404	https://symbiota.ccber.ucsb.edu/kummel/2026/8104198037.jpg	8104198037.jpg	8104198037	yes	200	https://www.flickr.com/photos/treebeard/8104198037/	https://live.staticflickr.com/8189/8104198037_9dc09e26a9_b.jpg	https://live.staticflickr.com/8189/8104198037_9dc09e26a9_q.jpg	Bush Katydid (Scudderia, Tettigoniidae, Orthoptera) trapped in our sliding door	Treebeard	All Rights Reserved	123	
7922	7d5b77aa-9f5f-4f37-bbe3-cb6078bd57cd	404	https://symbiota.ccber.ucsb.edu/kummel/2026/8104242299.jpg	8104242299.jpg	8104242299	yes	200	https://www.flickr.com/photos/treebeard/8104242299/	https://live.staticflickr.com/8183/8104242299_77b3c41469_c.jpg	https://live.staticflickr.com/8183/8104242299_77b3c41469_q.jpg	Large black Bumble Bee (Bombus, Anthophila, Hymenoptera) on Coastal Goldenbush (Isocoma menziesii, Asteraceae)	Treebeard	All Rights Reserved	124	
7923	393af424-31a8-4e1e-8611-bdae6dbba39d	404	https://symbiota.ccber.ucsb.edu/kummel/2026/8104273973.jpg	8104273973.jpg	8104273973	yes	200	https://www.flickr.com/photos/treebeard/8104273973/	https://live.staticflickr.com/8047/8104273973_01fa033580_b.jpg	https://live.staticflickr.com/8047/8104273973_01fa033580_q.jpg	Mormon Metalmark (Apodemia mormo) butterfly on Coastal Goldenbush (Isocoma menziesii, Asteraceae)	Treebeard	All Rights Reserved	118	
7924	6c8d6b3d-7346-434a-9872-3fa3a13b485a	404	https://symbiota.ccber.ucsb.edu/kummel/2026/8104295797.jpg	8104295797.jpg	8104295797	yes	200	https://www.flickr.com/photos/treebeard/8104295797/	https://live.staticflickr.com/8464/8104295797_f043b16f1a_c.jpg	https://live.staticflickr.com/8464/8104295797_f043b16f1a_q.jpg	Tiny female Western Pygmy Blue (Brephidium exile) butterfly on Coastal Goldenbush (Isocoma menziesii, Asteraceae)	Treebeard	All Rights Reserved	114	
7925	d52fb279-6ded-4e77-afac-8d6a7b76e3ef	404	https://symbiota.ccber.ucsb.edu/kummel/2026/8104315835.jpg	8104315835.jpg	8104315835	yes	200	https://www.flickr.com/photos/treebeard/8104315835/	https://live.staticflickr.com/8328/8104315835_06263f54b4_c.jpg	https://live.staticflickr.com/8328/8104315835_06263f54b4_q.jpg	Another tiny Western Pygmy Blue (Brephidium exile) butterfly on Coastal Goldenbush (Isocoma menziesii, Asteraceae)	Treebeard	All Rights Reserved	124	
7926	d262b896-b167-424b-80c1-f2c2390367e2	404	https://symbiota.ccber.ucsb.edu/kummel/2026/8106825042.jpg	8106825042.jpg	8106825042	yes	200	https://www.flickr.com/photos/treebeard/8106825042/	https://live.staticflickr.com/8184/8106825042_a4716ea4cd_b.jpg	https://live.staticflickr.com/8184/8106825042_a4716ea4cd_q.jpg	Whole shrub of native Scale Broom (Lepidospartum squamatum, Asteraceae)	Treebeard	All Rights Reserved	123	
7927	aac7ceab-a082-41f2-9b7b-3aa4f7529a3a	404	https://symbiota.ccber.ucsb.edu/kummel/2026/8106843497.jpg	8106843497.jpg	8106843497	yes	200	https://www.flickr.com/photos/treebeard/8106843497/	https://live.staticflickr.com/8185/8106843497_4304dcaae5_c.jpg	https://live.staticflickr.com/8185/8106843497_4304dcaae5_q.jpg	Whole shrub of a native Palmer's Goldenbush (Ericameria palmeri var. pachylepis, Asteraceae)	Treebeard	All Rights Reserved	125	
7928	b2e09e71-3ada-4e76-8fd3-56159a0296cb	404	https://symbiota.ccber.ucsb.edu/kummel/2026/8106887740.jpg	8106887740.jpg	8106887740	yes	200	https://www.flickr.com/photos/treebeard/8106887740/	https://live.staticflickr.com/8046/8106887740_d77e6141c7_b.jpg	https://live.staticflickr.com/8046/8106887740_d77e6141c7_q.jpg	New buds on native Sugar Bush (Rhus ovata, Anacardiaceae) - they will last for months	Treebeard	All Rights Reserved	123	
7929	3e8e77a7-b7f6-4f0c-a3fb-fda0c930ff7b	404	https://symbiota.ccber.ucsb.edu/kummel/2026/8106939408.jpg	8106939408.jpg	8106939408	yes	200	https://www.flickr.com/photos/treebeard/8106939408/	https://live.staticflickr.com/8043/8106939408_9ca9a48c43_c.jpg	https://live.staticflickr.com/8043/8106939408_9ca9a48c43_q.jpg	"New ""flowers"" of native Western Ragweed (Ambrosia psilostachya, Asteraceae)"	Treebeard	All Rights Reserved	119	
7930	ec6637f0-d1b3-47d0-b7db-65ba39d7bafe	404	https://symbiota.ccber.ucsb.edu/kummel/2026/8106984082.jpg	8106984082.jpg	8106984082	yes	200	https://www.flickr.com/photos/treebeard/8106984082/	https://live.staticflickr.com/8053/8106984082_c8f760cd86_b.jpg	https://live.staticflickr.com/8053/8106984082_c8f760cd86_q.jpg	Late-season pistillate flowers of native Mule Fat (Baccharis salicifolia, Asteraceae)	Treebeard	All Rights Reserved	118	
7931	6fd81d23-f950-4f86-9847-95d198f7ebf8	404	https://symbiota.ccber.ucsb.edu/kummel/2026/8107010579.jpg	8107010579.jpg	8107010579	yes	200	https://www.flickr.com/photos/treebeard/8107010579/	https://live.staticflickr.com/8476/8107010579_16a5cc3c2b_b.jpg	https://live.staticflickr.com/8476/8107010579_16a5cc3c2b_q.jpg	Flowers and seed heads of native California Brickellbush (Brickellia californica, Asteraceae)	Treebeard	All Rights Reserved	120	
7932	172c587e-36fb-4fda-b2a4-c7b85908e7a2	404	https://symbiota.ccber.ucsb.edu/kummel/2026/8107032676.jpg	8107032676.jpg	8107032676	yes	200	https://www.flickr.com/photos/treebeard/8107032676/	https://live.staticflickr.com/8332/8107032676_bd3c753dbc_b.jpg	https://live.staticflickr.com/8332/8107032676_bd3c753dbc_q.jpg	Old and new flowers of Chaparral Mallow (Malacothamnus fasciculatus, Malvaceae)	Treebeard	All Rights Reserved	133	
7933	adc15306-55ba-4f08-88c2-1817c2365e04	404	https://symbiota.ccber.ucsb.edu/kummel/2026/8107056618.jpg	8107056618.jpg	8107056618	yes	200	https://www.flickr.com/photos/treebeard/8107056618/	https://live.staticflickr.com/8183/8107056618_a9e3f2e573_c.jpg	https://live.staticflickr.com/8183/8107056618_a9e3f2e573_q.jpg	New flowers of Chaparral Honeysuckle (Lonicera subspicata var. denudata, Caprifoliaceae)	Treebeard	All Rights Reserved	133	
7934	125dc998-0bbf-4ae4-8c46-6fbb3108f50a	404	https://symbiota.ccber.ucsb.edu/kummel/2026/8110787099.jpg	8110787099.jpg	8110787099	yes	200	https://www.flickr.com/photos/treebeard/8110787099/	https://live.staticflickr.com/8192/8110787099_e6b2e0ccd2_c.jpg	https://live.staticflickr.com/8192/8110787099_e6b2e0ccd2_q.jpg	Unknown insect gall on leaf of native Greenbark Ceanothus (Ceanothus spinosus, Rhamnaceae)	Treebeard	All Rights Reserved	119	
7935	3b8093f1-ae06-40bb-bcab-5e0c01f7e973	404	https://symbiota.ccber.ucsb.edu/kummel/2026/8110844807.jpg	8110844807.jpg	8110844807	yes	200	https://www.flickr.com/photos/treebeard/8110844807/	https://live.staticflickr.com/8055/8110844807_3d249547ac_c.jpg	https://live.staticflickr.com/8055/8110844807_3d249547ac_q.jpg	Gall of a Yellow Wig Gall Wasp (Andricus fullawayi, Cynipidae, Hymenoptera) on Scrub Oak (Quercus berberidifolia, Fagaceae)	Treebeard	All Rights Reserved	114	
7936	ca9b03f3-217e-49d6-a0b2-184606932f2a	404	https://symbiota.ccber.ucsb.edu/kummel/2026/8110889881.jpg	8110889881.jpg	8110889881	yes	200	https://www.flickr.com/photos/treebeard/8110889881/	https://live.staticflickr.com/8193/8110889881_3322b5a817_b.jpg	https://live.staticflickr.com/8193/8110889881_3322b5a817_q.jpg	"""Lumpy galls"" (my name) on stems of Goldencup Oak aka Canyon Live Oak (Quercus chrysolepis, Fagaceae)"	Treebeard	All Rights Reserved	115	
7937	ac900d69-ec80-474f-930e-6553815ef70e	404	https://symbiota.ccber.ucsb.edu/kummel/2026/8110970078.jpg	8110970078.jpg	8110970078	yes	200	https://www.flickr.com/photos/treebeard/8110970078/	https://live.staticflickr.com/8326/8110970078_35ff5472b1_b.jpg	https://live.staticflickr.com/8326/8110970078_35ff5472b1_q.jpg	"""Lumpy gall"" (my name) on stem of Goldencup Oak aka Canyon Live Oak (Quercus chrysolepis, Fagaceae)"	Treebeard	All Rights Reserved	119	
7938	c33ba1f5-35c1-4c42-9d44-9b37c3586262	404	https://symbiota.ccber.ucsb.edu/kummel/2026/8110997308.jpg	8110997308.jpg	8110997308	yes	200	https://www.flickr.com/photos/treebeard/8110997308/	https://live.staticflickr.com/8049/8110997308_e17536b596_c.jpg	https://live.staticflickr.com/8049/8110997308_e17536b596_q.jpg	New seedlings in the woods - no doubt weeds, probably annual grasses and Italian Thistle (Carduus pycnocephalus, Asteraceae)	Treebeard	All Rights Reserved	120	
7939	ca0db947-87f0-4abd-940f-021182a8c19a	404	https://symbiota.ccber.ucsb.edu/kummel/2026/8111047253.jpg	8111047253.jpg	8111047253	yes	200	https://www.flickr.com/photos/treebeard/8111047253/	https://live.staticflickr.com/8047/8111047253_fdac281b10_c.jpg	https://live.staticflickr.com/8047/8111047253_fdac281b10_q.jpg	Tephritid Fruit Fly (Tephritidae, Diptera) on Coyote Bush (Baccharis pilularis, Asteraceae)	Treebeard	All Rights Reserved	113	
7940	48c2dfe9-66de-4a74-95bb-efdfcc97957a	404	https://symbiota.ccber.ucsb.edu/kummel/2026/8111082854.jpg	8111082854.jpg	8111082854	yes	200	https://www.flickr.com/photos/treebeard/8111082854/	https://live.staticflickr.com/8189/8111082854_17efe0d78d_c.jpg	https://live.staticflickr.com/8189/8111082854_17efe0d78d_q.jpg	Rather large fly (Diptera) on Coyote Bush (Baccharis pilularis, Asteraceae) - maybe a Flesh Fly (Sarcophagidae)?	Treebeard	All Rights Reserved	122	
7941	a072b6cd-66f5-4a5b-8710-7b0f02e19dbc	404	https://symbiota.ccber.ucsb.edu/kummel/2026/8111145016.jpg	8111145016.jpg	8111145016	yes	200	https://www.flickr.com/photos/treebeard/8111145016/	https://live.staticflickr.com/8469/8111145016_2b6b58e4e3_b.jpg	https://live.staticflickr.com/8469/8111145016_2b6b58e4e3_q.jpg	Drops of mist on Wild Sweet Pea (Lathyrus latifolius, Fabaceae), with a filagree of spider webs	Treebeard	All Rights Reserved	118	
7942	9fb0c216-65e5-4962-8326-0af04cdd5e0a	404	https://symbiota.ccber.ucsb.edu/kummel/2026/8114464857.jpg	8114464857.jpg	8114464857	yes	200	https://www.flickr.com/photos/treebeard/8114464857/	https://live.staticflickr.com/8053/8114464857_6b0863ba6e_c.jpg	https://live.staticflickr.com/8053/8114464857_6b0863ba6e_q.jpg	New flower buds of Veatch Silk-Tassel (Garrya veatchii, Garryaceae)	Treebeard	All Rights Reserved	117	
7943	32acfa37-431e-429d-94aa-2a7e05a5c174	404	https://symbiota.ccber.ucsb.edu/kummel/2026/8114518000.jpg	8114518000.jpg	8114518000	yes	200	https://www.flickr.com/photos/treebeard/8114518000/	https://live.staticflickr.com/8325/8114518000_ffbc469838_c.jpg	https://live.staticflickr.com/8325/8114518000_ffbc469838_q.jpg	"New flower buds of Basket Bush aka ""Squaw Bush"" (Rhus trilobata, Anacardiaceae)"	Treebeard	All Rights Reserved	120	
7944	7646cfd4-8d59-4501-8f4d-6cb710108b8f	404	https://symbiota.ccber.ucsb.edu/kummel/2026/8114526223.jpg	8114526223.jpg	8114526223	yes	200	https://www.flickr.com/photos/treebeard/8114526223/	https://live.staticflickr.com/8185/8114526223_4fa677b54b_b.jpg	https://live.staticflickr.com/8185/8114526223_4fa677b54b_q.jpg	New red-colored flower buds on Sugar Bush (Rhus ovata, Anacardiaceae)	Treebeard	All Rights Reserved	122	
7945	d1cdb4de-ab31-4a87-99f9-81b581d871d1	404	https://symbiota.ccber.ucsb.edu/kummel/2026/8114548831.jpg	8114548831.jpg	8114548831	yes	200	https://www.flickr.com/photos/treebeard/8114548831/	https://live.staticflickr.com/8186/8114548831_1477a36a06_b.jpg	https://live.staticflickr.com/8186/8114548831_1477a36a06_q.jpg	Uncommon native plants - Hemp Dogbane (Apocynum cannabinum, Apocynaceae) and a Sedge (Carex, Cyperaceae) - maybe Santa Barbara Sedge (Carex barbarae)	Treebeard	All Rights Reserved	120	
7946	39a1dad0-bc66-4d73-81f9-b0cd130cbf87	404	https://symbiota.ccber.ucsb.edu/kummel/2026/8114648722.jpg	8114648722.jpg	8114648722	yes	200	https://www.flickr.com/photos/treebeard/8114648722/	https://live.staticflickr.com/8052/8114648722_58a9c886eb_c.jpg	https://live.staticflickr.com/8052/8114648722_58a9c886eb_q.jpg	Western Fence Lizard (Sceloporus occidentalis) in columnar cactus (Cereus, Cactaceae) in the garden	Treebeard	All Rights Reserved	138	
7947	d22b155e-593a-4072-b585-798e6e947375	404	https://symbiota.ccber.ucsb.edu/kummel/2026/8114747160.jpg	8114747160.jpg	8114747160	yes	200	https://www.flickr.com/photos/treebeard/8114747160/	https://live.staticflickr.com/8049/8114747160_e217219708_b.jpg	https://live.staticflickr.com/8049/8114747160_e217219708_q.jpg	New glandular flowers of native Chaparral Currant (Ribes malvaceum, Grossulariaceae)	Treebeard	All Rights Reserved	127	
7948	a3cbd80e-484a-42f9-bee3-016057090f75	404	https://symbiota.ccber.ucsb.edu/kummel/2026/8114764676.jpg	8114764676.jpg	8114764676	yes	200	https://www.flickr.com/photos/treebeard/8114764676/	https://live.staticflickr.com/8047/8114764676_422643fcb7_b.jpg	https://live.staticflickr.com/8047/8114764676_422643fcb7_q.jpg	Autumn leaves of native Bigleaf Maple (Acer macrophyllum, Aceraceae)	Treebeard	All Rights Reserved	115	
7949	a0a2b3c4-ce06-48bf-9c91-c8db8ea9a918	404	https://symbiota.ccber.ucsb.edu/kummel/2026/8114775713.jpg	8114775713.jpg	8114775713	yes	200	https://www.flickr.com/photos/treebeard/8114775713/	https://live.staticflickr.com/8334/8114775713_37571b2b53_c.jpg	https://live.staticflickr.com/8334/8114775713_37571b2b53_q.jpg	Autumn leaves of native Bigleaf Maple (Acer macrophyllum, Aceraceae)	Treebeard	All Rights Reserved	120	
7950	4d3ef664-03a0-4de8-aca8-c58760880af0	404	https://symbiota.ccber.ucsb.edu/kummel/2026/8117557145.jpg	8117557145.jpg	8117557145	yes	200	https://www.flickr.com/photos/treebeard/8117557145/	https://live.staticflickr.com/8325/8117557145_491a99c8b1_c.jpg	https://live.staticflickr.com/8325/8117557145_491a99c8b1_q.jpg	Oedaleonotus phryneicus (Melanoplinae, Acrididae, Orthoptera) grasshopper munching a leaf of Coyote Bush (Baccharis pilularis, Asteraceae)	Treebeard	All Rights Reserved	130	
7951	f1eaa720-78c1-4b48-8b57-41ff90fdb2b8	404	https://symbiota.ccber.ucsb.edu/kummel/2026/8117604361.jpg	8117604361.jpg	8117604361	yes	200	https://www.flickr.com/photos/treebeard/8117604361/	https://live.staticflickr.com/8336/8117604361_5acf8843d4_b.jpg	https://live.staticflickr.com/8336/8117604361_5acf8843d4_q.jpg	Oedaleonotus phryneicus (Melanoplinae, Acrididae, Orthoptera) grasshopper on Coyote Bush (Baccharis pilularis, Asteraceae)	Treebeard	All Rights Reserved	129	
7952	d723ae98-4ee2-4736-90ab-4a04c082fdf6	404	https://symbiota.ccber.ucsb.edu/kummel/2026/8117653282.jpg	8117653282.jpg	8117653282	yes	200	https://www.flickr.com/photos/treebeard/8117653282/	https://live.staticflickr.com/8188/8117653282_fca2d4eee0_b.jpg	https://live.staticflickr.com/8188/8117653282_fca2d4eee0_q.jpg	Another mature Bush Katydid (Scudderia, Tettigoniidae, Orthoptera) on Telegraph Weed (Heterotheca grandiflora, Asteraceae)	Treebeard	All Rights Reserved	128	
7953	b90f5d0b-e43f-47fa-b40f-d042df06a777	404	https://symbiota.ccber.ucsb.edu/kummel/2026/8117686027.jpg	8117686027.jpg	8117686027	yes	200	https://www.flickr.com/photos/treebeard/8117686027/	https://live.staticflickr.com/8329/8117686027_9ef003bb24_b.jpg	https://live.staticflickr.com/8329/8117686027_9ef003bb24_q.jpg	"Near-perfect Painted Lady (Vanessa cardui) butterfly in the garden on ""Waverly Sage"" (Salvia ""Waverly"", Lamiaceae)"	Treebeard	All Rights Reserved	117	
7954	a5697899-6d80-4951-b57d-0af7ae4cea6d	404	https://symbiota.ccber.ucsb.edu/kummel/2026/8117756550.jpg	8117756550.jpg	8117756550	yes	200	https://www.flickr.com/photos/treebeard/8117756550/	https://live.staticflickr.com/8186/8117756550_45e8518e27_c.jpg	https://live.staticflickr.com/8186/8117756550_45e8518e27_q.jpg	Bee Fly (Bombyliidae, Diptera) on Coyote Bush (Baccharis pilularis, Asteraceae)	Treebeard	All Rights Reserved	118	
7955	6f64e065-bca4-49bb-a464-388f50af244f	404	https://symbiota.ccber.ucsb.edu/kummel/2026/8117784873.jpg	8117784873.jpg	8117784873	yes	200	https://www.flickr.com/photos/treebeard/8117784873/	https://live.staticflickr.com/8043/8117784873_33954330ab_c.jpg	https://live.staticflickr.com/8043/8117784873_33954330ab_q.jpg	Spiny Tachina Fly (Paradejeania rutiloides), Tachinidae, Diptera) perched on Canyon Sunflower (Venegasia carpesioides, Asteraceae)	Treebeard	All Rights Reserved	124	
7956	cfb6e9db-a0c6-458f-904c-556d6a3d0846	404	https://symbiota.ccber.ucsb.edu/kummel/2026/8117814245.jpg	8117814245.jpg	8117814245	yes	200	https://www.flickr.com/photos/treebeard/8117814245/	https://live.staticflickr.com/8476/8117814245_7ff7676918_b.jpg	https://live.staticflickr.com/8476/8117814245_7ff7676918_q.jpg	Spiny Tachina Fly (Paradejeania rutiloides, Tachinidae, Diptera) perched on Bitter Gooseberry (Ribes amarum, Grossulariaceae)	Treebeard	All Rights Reserved	126	
7957	989b41e2-c097-49e3-bf2e-9c0626fab9b3	404	https://symbiota.ccber.ucsb.edu/kummel/2026/8120570895.jpg	8120570895.jpg	8120570895	yes	200	https://www.flickr.com/photos/treebeard/8120570895/	https://live.staticflickr.com/8045/8120570895_38294189d5_b.jpg	https://live.staticflickr.com/8045/8120570895_38294189d5_q.jpg	Large bristly Spiny Tachina Fly (Paradejeania rutiloides, Tachinidae, Diptera) on Wild Blackberry (Rubus ursinus, Rosaceae)	Treebeard	All Rights Reserved	129	
7958	16e8749b-13d6-4666-9ebd-a0ea24fecb18	404	https://symbiota.ccber.ucsb.edu/kummel/2026/8120593999.jpg	8120593999.jpg	8120593999	yes	200	https://www.flickr.com/photos/treebeard/8120593999/	https://live.staticflickr.com/8050/8120593999_982c42dddb_c.jpg	https://live.staticflickr.com/8050/8120593999_982c42dddb_q.jpg	Syrphid Flower Fly (Syrphidae, Diptera) on a leaf of Coast Live Oak (Quercus agrifolia, Fagaceae)	Treebeard	All Rights Reserved	124	
7959	df12db4e-752a-4098-9bf4-bd1eab67ae36	404	https://symbiota.ccber.ucsb.edu/kummel/2026/8120626349.jpg	8120626349.jpg	8120626349	yes	200	https://www.flickr.com/photos/treebeard/8120626349/	https://live.staticflickr.com/8190/8120626349_32eac2eaca_c.jpg	https://live.staticflickr.com/8190/8120626349_32eac2eaca_q.jpg	Fly (Diptera) on leaf of Coast Live Oak (Quercus agrifolia, Fagaceae) - maybe a Tachinid Fly (Tachinidae) - interesting rolled leaf	Treebeard	All Rights Reserved	134	
7960	88c22b23-bfd4-4c01-a4e2-265fb784836c	404	https://symbiota.ccber.ucsb.edu/kummel/2026/8120716475.jpg	8120716475.jpg	8120716475	yes	200	https://www.flickr.com/photos/treebeard/8120716475/	https://live.staticflickr.com/8192/8120716475_eff2f9c466_c.jpg	https://live.staticflickr.com/8192/8120716475_eff2f9c466_q.jpg	Rolled oak leaf of Coast Live Oak (Quercus agrifolia, Fagaceae) - maybe a gall?	Treebeard	All Rights Reserved	123	
7961	942be00a-6f17-43a2-87fb-4932a6fab394	404	https://symbiota.ccber.ucsb.edu/kummel/2026/8120824412.jpg	8120824412.jpg	8120824412	yes	200	https://www.flickr.com/photos/treebeard/8120824412/	https://live.staticflickr.com/8463/8120824412_d31a9deaa9_c.jpg	https://live.staticflickr.com/8463/8120824412_d31a9deaa9_q.jpg	"Painted Lady (Vanessa cardui) butterfly committing ""nectar theft"" on Fuchsia (Onagraceae) in the garden"	Treebeard	All Rights Reserved	118	
7962	96ac0635-f28f-43f7-a464-7dd3e5375bea	404	https://symbiota.ccber.ucsb.edu/kummel/2026/8120833241.jpg	8120833241.jpg	8120833241	yes	200	https://www.flickr.com/photos/treebeard/8120833241/	https://live.staticflickr.com/8051/8120833241_91da3a6b4a_c.jpg	https://live.staticflickr.com/8051/8120833241_91da3a6b4a_q.jpg	Shaggy Mane (Coprinus comatus, Coprinaceae) mushroom in the garden	Treebeard	All Rights Reserved	130	
7963	1748446c-7090-4ee0-89c6-5132eab350e2	404	https://symbiota.ccber.ucsb.edu/kummel/2026/8120899584.jpg	8120899584.jpg	8120899584	yes	200	https://www.flickr.com/photos/treebeard/8120899584/	https://live.staticflickr.com/8336/8120899584_af8704e1dc_b.jpg	https://live.staticflickr.com/8336/8120899584_af8704e1dc_q.jpg	Variegated Meadowlark (Sympetrum corruptum, Libellulidae, Odonata) dragonfly on California Buckwheat (Eriogonum fasciculatum, Polygonaceae)	Treebeard	All Rights Reserved	123	
7964	c288d212-21b6-474f-a347-0c6e7033ec41	404	https://symbiota.ccber.ucsb.edu/kummel/2026/8120927568.jpg	8120927568.jpg	8120927568	yes	200	https://www.flickr.com/photos/treebeard/8120927568/	https://live.staticflickr.com/8188/8120927568_794a7f58fe_b.jpg	https://live.staticflickr.com/8188/8120927568_794a7f58fe_q.jpg	Variegated Meadowlark (Sympetrum corruptum, Libellulidae, Odonata) dragonfly on California Buckwheat (Eriogonum fasciculatum, Polygonaceae)	Treebeard	All Rights Reserved	138	
7965	b5c1a0ad-63f1-49e2-a5e1-e6dfcb33011a	404	https://symbiota.ccber.ucsb.edu/kummel/2026/8123423144.jpg	8123423144.jpg	8123423144	yes	200	https://www.flickr.com/photos/treebeard/8123423144/	https://live.staticflickr.com/8329/8123423144_6df705d1d2_b.jpg	https://live.staticflickr.com/8329/8123423144_6df705d1d2_q.jpg	Variegated Meadowlark (Sympetrum corruptum, Libellulidae, Odonata) dragonfly dead twig of native California Buckwheat (Eriogonum fasciculatum, Polygonaceae)	Treebeard	All Rights Reserved	133	
7966	1cf19f73-b39d-4e5e-9cbe-f6a9d9139a0b	404	https://symbiota.ccber.ucsb.edu/kummel/2026/8123426045.jpg	8123426045.jpg	8123426045	yes	200	https://www.flickr.com/photos/treebeard/8123426045/	https://live.staticflickr.com/8470/8123426045_f1efa159f9_b.jpg	https://live.staticflickr.com/8470/8123426045_f1efa159f9_q.jpg	"""Rolled oak leaf"" of native Coast Live Oak (Quercus agrifolia, Fagaceae) - there's a critter in there, is this a gall?"	Treebeard	All Rights Reserved	126	
7967	d8435f70-8245-4abb-9706-b872835d76f0	404	https://symbiota.ccber.ucsb.edu/kummel/2026/8123511465.jpg	8123511465.jpg	8123511465	yes	200	https://www.flickr.com/photos/treebeard/8123511465/	https://live.staticflickr.com/8050/8123511465_f4135ebdb2_b.jpg	https://live.staticflickr.com/8050/8123511465_f4135ebdb2_q.jpg	Whitefly pupae on leaf of Coast Live Oak (Quercus agrifolia, Fagaceae) - maybe Stanford’s Whitefly (Tetraleurodes stanfordi, Aleyrodidae, Homoptera)	Treebeard	All Rights Reserved	123	
7968	0b50e397-7320-494a-bf11-f8839f4a04ca	404	https://symbiota.ccber.ucsb.edu/kummel/2026/8123563322.jpg	8123563322.jpg	8123563322	yes	200	https://www.flickr.com/photos/treebeard/8123563322/	https://live.staticflickr.com/8474/8123563322_0136e273f6_c.jpg	https://live.staticflickr.com/8474/8123563322_0136e273f6_q.jpg	Western Paper Wasp (Mischocyttarus flavitarsis, Vespidae, Hymenoptera) trying to warm up	Treebeard	All Rights Reserved	115	
7969	351a36b1-aea3-488d-a791-07fbd1787f77	404	https://symbiota.ccber.ucsb.edu/kummel/2026/8123651384.jpg	8123651384.jpg	8123651384	yes	200	https://www.flickr.com/photos/treebeard/8123651384/	https://live.staticflickr.com/8328/8123651384_c0f690b8e5_b.jpg	https://live.staticflickr.com/8328/8123651384_c0f690b8e5_q.jpg	Remains of the Shaggy Mane (Coprinus comatus, Coprinaceae) mushroom in the garden	Treebeard	All Rights Reserved	113	
7970	175e7255-ceba-4244-9505-309eeec6bb22	404	https://symbiota.ccber.ucsb.edu/kummel/2026/8123670600.jpg	8123670600.jpg	8123670600	yes	200	https://www.flickr.com/photos/treebeard/8123670600/	https://live.staticflickr.com/8046/8123670600_f865428fcd_b.jpg	https://live.staticflickr.com/8046/8123670600_f865428fcd_q.jpg	New seeds of Coyote Bush (Baccharis pilularis, Asteraceae) leaving home	Treebeard	All Rights Reserved	120	
7971	7c562827-f3f6-4006-91d9-5380b166384d	404	https://symbiota.ccber.ucsb.edu/kummel/2026/8123698898.jpg	8123698898.jpg	8123698898	yes	200	https://www.flickr.com/photos/treebeard/8123698898/	https://live.staticflickr.com/8056/8123698898_b0ba06a025_c.jpg	https://live.staticflickr.com/8056/8123698898_b0ba06a025_q.jpg	Gall of Ceanothus Stem Gall Moth (Periploca ceanothiella, Lepidoptera) on Greenbark Ceanothus (Ceanothus spinosus, Rhamnaceae) - with flowers!	Treebeard	All Rights Reserved	120	
7972	91a4d6d0-82da-42d1-82da-29099b9b5fd8	404	https://symbiota.ccber.ucsb.edu/kummel/2026/8123734404.jpg	8123734404.jpg	8123734404	yes	200	https://www.flickr.com/photos/treebeard/8123734404/	https://live.staticflickr.com/8184/8123734404_d261089ce9_b.jpg	https://live.staticflickr.com/8184/8123734404_d261089ce9_q.jpg	Fruit and nuts of California Bay (Umbellularia californica, Lauraceae) trees - edible and delicious!	Treebeard	All Rights Reserved	118	
7973	43be899c-c5b6-42c8-95c9-f6a4e3016809	404	https://symbiota.ccber.ucsb.edu/kummel/2026/8126378273.jpg	8126378273.jpg	8126378273	yes	200	https://www.flickr.com/photos/treebeard/8126378273/	https://live.staticflickr.com/8464/8126378273_804642b502_b.jpg	https://live.staticflickr.com/8464/8126378273_804642b502_q.jpg	Failed acorns on native Tanbark Oak (Lithocarpus densiflorus, Fagaceae)	Treebeard	All Rights Reserved	116	
7974	19d2d375-0683-4f85-9e0a-396a8ed83f1c	404	https://symbiota.ccber.ucsb.edu/kummel/2026/8126418945.jpg	8126418945.jpg	8126418945	yes	200	https://www.flickr.com/photos/treebeard/8126418945/	https://live.staticflickr.com/8335/8126418945_9cbe9ea4da_c.jpg	https://live.staticflickr.com/8335/8126418945_9cbe9ea4da_q.jpg	"Different Scrub Oak - Quercus wislizenii var. frutescens, Fagaceae - with a ""roll gall"""	Treebeard	All Rights Reserved	114	
7975	0b77832c-5ba3-41a3-850f-0f18295aa18f	404	https://symbiota.ccber.ucsb.edu/kummel/2026/8126475846.jpg	8126475846.jpg	8126475846	yes	200	https://www.flickr.com/photos/treebeard/8126475846/	https://live.staticflickr.com/8047/8126475846_913e528b9e_b.jpg	https://live.staticflickr.com/8047/8126475846_913e528b9e_q.jpg	Odd galled leaf of Goldencup Oak aka Canyon Live Oak (Quercus chrysolepis, Fagaceae)	Treebeard	All Rights Reserved	123	
7976	3ee53add-dd22-4be2-b39f-74ffc6e18e2c	404	https://symbiota.ccber.ucsb.edu/kummel/2026/8126489685.jpg	8126489685.jpg	8126489685	yes	200	https://www.flickr.com/photos/treebeard/8126489685/	https://live.staticflickr.com/8193/8126489685_b691de0c13_b.jpg	https://live.staticflickr.com/8193/8126489685_b691de0c13_q.jpg	Colonial plants surrounding now-dead flower stalk of native Chaparral Yucca (Yucca whipplei ssp. percusa, Liliaceae)	Treebeard	All Rights Reserved	136	
7977	266d726a-087f-49e6-9ed6-96fc002aab3e	404	https://symbiota.ccber.ucsb.edu/kummel/2026/8126536579.jpg	8126536579.jpg	8126536579	yes	200	https://www.flickr.com/photos/treebeard/8126536579/	https://live.staticflickr.com/8046/8126536579_9aae92e219_c.jpg	https://live.staticflickr.com/8046/8126536579_9aae92e219_q.jpg	Wild Bee (Anthophila, Hymenoptera) on pollen-bearing flower head of Coyote Bush (Baccharis pilularis, Asteraceae)	Treebeard	All Rights Reserved	135	
7978	cf720e68-2e53-4d16-9f9c-194af2ff3bce	404	https://symbiota.ccber.ucsb.edu/kummel/2026/8126537522.jpg	8126537522.jpg	8126537522	yes	200	https://www.flickr.com/photos/treebeard/8126537522/	https://live.staticflickr.com/8186/8126537522_49a6b5406b_c.jpg	https://live.staticflickr.com/8186/8126537522_49a6b5406b_q.jpg	Carpenter Bee or Bumble Bee (Hymenoptera) on flower of Fort Tejon Milk-Aster (Stephanomeria cichoriacea, Asteraceae)	Treebeard	All Rights Reserved	131	
7979	27d504b2-36bc-4f15-b18a-b0bb701cc9ec	404	https://symbiota.ccber.ucsb.edu/kummel/2026/8126593586.jpg	8126593586.jpg	8126593586	yes	200	https://www.flickr.com/photos/treebeard/8126593586/	https://live.staticflickr.com/8183/8126593586_94bd2a3a19_c.jpg	https://live.staticflickr.com/8183/8126593586_94bd2a3a19_q.jpg	"Tiny ""looper"" caterpillar on Coyote Bush (Baccharis pilularis, Asteraceae) - maybe an Emerald moth (Synchlora, Geometridae, Lepidoptera)"	Treebeard	All Rights Reserved	120	
7980	0fe4a7c0-a02f-41b0-b034-e9aa51cf877f	404	https://symbiota.ccber.ucsb.edu/kummel/2026/8126645352.jpg	8126645352.jpg	8126645352	yes	200	https://www.flickr.com/photos/treebeard/8126645352/	https://live.staticflickr.com/8050/8126645352_849e760457_c.jpg	https://live.staticflickr.com/8050/8126645352_849e760457_q.jpg	Bush Katydid (Scudderia, Tettigoniidae, Orthoptera) on Bush Groundsel (Senecio flaccidus var. douglasii, Asteraceae)	Treebeard	All Rights Reserved	125	
7981	5a61fcd3-1aca-4562-9970-1c8f1525dc53	404	https://symbiota.ccber.ucsb.edu/kummel/2026/8129465396.jpg	8129465396.jpg	8129465396	yes	200	https://www.flickr.com/photos/treebeard/8129465396/	https://live.staticflickr.com/8467/8129465396_6da3412206_c.jpg	https://live.staticflickr.com/8467/8129465396_6da3412206_q.jpg	Bush Katydid (Scudderia, Tettigoniidae, Orthoptera) on Bush Groundsel (Senecio flaccidus var. douglasii, Asteraceae)	Treebeard	All Rights Reserved	116	
7982	fee9888c-80d8-48cf-9e6b-b3af757d5ce2	404	https://symbiota.ccber.ucsb.edu/kummel/2026/8129496375.jpg	8129496375.jpg	8129496375	yes	200	https://www.flickr.com/photos/treebeard/8129496375/	https://live.staticflickr.com/8474/8129496375_f7b653cee3_b.jpg	https://live.staticflickr.com/8474/8129496375_f7b653cee3_q.jpg	Perfect male Tree Cricket (Oecanthus, Gryllidae, Orthoptera) in a spent flower head of Bird's Beak (Cordylanthus rigidus, Scrophulariaceae)	Treebeard	All Rights Reserved	136	
7983	57704781-794f-4dc9-a350-d34ac7810122	404	https://symbiota.ccber.ucsb.edu/kummel/2026/8129615144.jpg	8129615144.jpg	8129615144	yes	200	https://www.flickr.com/photos/treebeard/8129615144/	https://live.staticflickr.com/8043/8129615144_a4f180b612_c.jpg	https://live.staticflickr.com/8043/8129615144_a4f180b612_q.jpg	Large bottle cap-sized Orb-Weaver Spider (Araneidae) - with some of its web	Treebeard	All Rights Reserved	134	
7984	09af30d8-584b-4a09-8c83-4430985314d6	404	https://symbiota.ccber.ucsb.edu/kummel/2026/8133089704.jpg	8133089704.jpg	8133089704	yes	200	https://www.flickr.com/photos/treebeard/8133089704/	https://live.staticflickr.com/8189/8133089704_356b014039_b.jpg	https://live.staticflickr.com/8189/8133089704_356b014039_q.jpg	Astounding wall of non-native White Sweet Clover (Melilotus albus, Fabaceae) along the Santa Ynez River.	Treebeard	All Rights Reserved	141	
7985	eb539ab9-a889-4012-a26b-90307374073e	404	https://symbiota.ccber.ucsb.edu/kummel/2026/8133138748.jpg	8133138748.jpg	8133138748	yes	200	https://www.flickr.com/photos/treebeard/8133138748/	https://live.staticflickr.com/8190/8133138748_ce34993eba_c.jpg	https://live.staticflickr.com/8190/8133138748_ce34993eba_q.jpg	Gall of the Rosette Bud Gall Midge (Rhopalomyia ericameriae, Cecidomyiidae, Diptera) on Palmer's Goldenbush (Ericameria palmeri var. pachylepis, Asteraceae)	Treebeard	All Rights Reserved	123	
7986	1ca66c69-14cd-4929-803e-5a00a101c18f	404	https://symbiota.ccber.ucsb.edu/kummel/2026/8133197393.jpg	8133197393.jpg	8133197393	yes	200	https://www.flickr.com/photos/treebeard/8133197393/	https://live.staticflickr.com/8329/8133197393_8ae9e7045c_c.jpg	https://live.staticflickr.com/8329/8133197393_8ae9e7045c_q.jpg	Painted Lady (Vanessa cardui) butterfly on Scale Broom (Lepidospartum squamatum, Asteraceae)	Treebeard	All Rights Reserved	127	
7987	afaec12e-0bc6-4b0b-ab70-f28a728acfc0	404	https://symbiota.ccber.ucsb.edu/kummel/2026/8133266560.jpg	8133266560.jpg	8133266560	yes	200	https://www.flickr.com/photos/treebeard/8133266560/	https://live.staticflickr.com/8051/8133266560_81a717c0a5_c.jpg	https://live.staticflickr.com/8051/8133266560_81a717c0a5_q.jpg	"Small fly (Diptera) on Scale Broom (Lepidospartum squamatum, Asteraceae) - maybe a ""Root-Maggot Fly"" (Anthomyiidae)?"	Treebeard	All Rights Reserved	129	
7988	c83e0775-720c-4b96-b684-0ca555f7b5b1	404	https://symbiota.ccber.ucsb.edu/kummel/2026/8133332392.jpg	8133332392.jpg	8133332392	yes	200	https://www.flickr.com/photos/treebeard/8133332392/	https://live.staticflickr.com/8188/8133332392_d7b6f96e84_b.jpg	https://live.staticflickr.com/8188/8133332392_d7b6f96e84_q.jpg	Not a Thalassica, but a Pallid-winged Grasshopper (Trimerotropis pallidipennis, Acrididae, Orthoptera)	Treebeard	All Rights Reserved	130	
7989	e6057267-2725-4ee0-ae27-d8d3c1c85ec4	404	https://symbiota.ccber.ucsb.edu/kummel/2026/8133368444.jpg	8133368444.jpg	8133368444	yes	200	https://www.flickr.com/photos/treebeard/8133368444/	https://live.staticflickr.com/8055/8133368444_b0bb30a7ae_b.jpg	https://live.staticflickr.com/8055/8133368444_b0bb30a7ae_q.jpg	Texas Spotted Range Grasshopper (Psoloessa texana, Gomphocerinae, Acrididae, Orthoptera)	Treebeard	All Rights Reserved	128	
7990	fd024d2b-fc5b-4703-9f5b-421c96161e2c	404	https://symbiota.ccber.ucsb.edu/kummel/2026/8133424175.jpg	8133424175.jpg	8133424175	yes	200	https://www.flickr.com/photos/treebeard/8133424175/	https://live.staticflickr.com/8183/8133424175_57a4494648_b.jpg	https://live.staticflickr.com/8183/8133424175_57a4494648_q.jpg	Very beautiful Short-Horned Grasshopper (Acrididae, Orthoptera) - male Pallid-winged Grasshopper (Trimerotropis pallidipennis)	Treebeard	All Rights Reserved	121	
7991	d8a1cdca-9fea-4728-96b8-0efe76e8d195	404	https://symbiota.ccber.ucsb.edu/kummel/2026/8136795215.jpg	8136795215.jpg	8136795215	yes	200	https://www.flickr.com/photos/treebeard/8136795215/	https://live.staticflickr.com/8049/8136795215_4408365f88_c.jpg	https://live.staticflickr.com/8049/8136795215_4408365f88_q.jpg	Seedpods of garden milkweed releasing seeds - maybe Butterfly Weed (Asclepias tuberosa, Asclepiadaceae)	Treebeard	All Rights Reserved	119	
7992	07756a56-340b-4711-9a35-d0c08589f846	404	https://symbiota.ccber.ucsb.edu/kummel/2026/8136856772.jpg	8136856772.jpg	8136856772	yes	200	https://www.flickr.com/photos/treebeard/8136856772/	https://live.staticflickr.com/8189/8136856772_bc28140c28_b.jpg	https://live.staticflickr.com/8189/8136856772_bc28140c28_q.jpg	Gall of the Willow Rosette Gall Midge (Rabdophaga salicisbrassicoides, Cecidomyiidae, Diptera) on stem of Arroyo Willow (Salix lasiolepis, Salicaceae)	Treebeard	All Rights Reserved	154	
7993	b2821df9-e556-47ff-9cb2-3d32acc33b20	404	https://symbiota.ccber.ucsb.edu/kummel/2026/8136865779.jpg	8136865779.jpg	8136865779	yes	200	https://www.flickr.com/photos/treebeard/8136865779/	https://live.staticflickr.com/8193/8136865779_b379044d25_c.jpg	https://live.staticflickr.com/8193/8136865779_b379044d25_q.jpg	Different bud gall on Goldencup Oak (Quercus chrysolepis, Fagaceae)	Treebeard	All Rights Reserved	121	
7994	740ff229-da4a-4e62-a76d-247f560d580d	404	https://symbiota.ccber.ucsb.edu/kummel/2026/8136906165.jpg	8136906165.jpg	8136906165	yes	200	https://www.flickr.com/photos/treebeard/8136906165/	https://live.staticflickr.com/8331/8136906165_ac27e1b8a8_c.jpg	https://live.staticflickr.com/8331/8136906165_ac27e1b8a8_q.jpg	Net-winged Planthopper (Issidae, Fulgoroidea, Homoptera) on a leaf of Coast Live Oak (Quercus agrifolia, Fagaceae) - maybe genus Neaethus	Treebeard	All Rights Reserved	128	
7995	cb2fb7be-a221-4327-8542-cbeb47ed8768	404	https://symbiota.ccber.ucsb.edu/kummel/2026/8136989682.jpg	8136989682.jpg	8136989682	yes	200	https://www.flickr.com/photos/treebeard/8136989682/	https://live.staticflickr.com/8047/8136989682_1a208ea45e_c.jpg	https://live.staticflickr.com/8047/8136989682_1a208ea45e_q.jpg	Different little Planthopper (Fulgoroidea, Homoptera) on a leaf of Wild Blackberry (Rubus ursinus, Rosaceae)	Treebeard	All Rights Reserved	133	
7996	737c3d19-93a9-43bf-b5cf-503302232ba6	404	https://symbiota.ccber.ucsb.edu/kummel/2026/8137029568.jpg	8137029568.jpg	8137029568	yes	200	https://www.flickr.com/photos/treebeard/8137029568/	https://live.staticflickr.com/8188/8137029568_605f2971a8_c.jpg	https://live.staticflickr.com/8188/8137029568_605f2971a8_q.jpg	Different little Planthopper (Fulgoroidea, Homoptera) on Wild Blackberry (Rubus ursinus, Rosaceae)	Treebeard	All Rights Reserved	134	
7997	488bf890-0d79-48eb-9b1e-9e010e068e88	404	https://symbiota.ccber.ucsb.edu/kummel/2026/8137065759.jpg	8137065759.jpg	8137065759	yes	200	https://www.flickr.com/photos/treebeard/8137065759/	https://live.staticflickr.com/8473/8137065759_a71215db26_b.jpg	https://live.staticflickr.com/8473/8137065759_a71215db26_q.jpg	Green Lynx Spider (Peucetia viridans, Oxyopidae) in Coyote Bush (Baccharis pilularis, Asteraceae)	Treebeard	All Rights Reserved	117	
7998	0a093d7e-a3ee-415b-aaf8-0535339bbd98	404	https://symbiota.ccber.ucsb.edu/kummel/2026/8137128612.jpg	8137128612.jpg	8137128612	yes	200	https://www.flickr.com/photos/treebeard/8137128612/	https://live.staticflickr.com/8465/8137128612_c5e4dc5095_c.jpg	https://live.staticflickr.com/8465/8137128612_c5e4dc5095_q.jpg	Tiny spiderlings of a Green Lynx Spider (Peucetia viridans, Oxyopidae)	Treebeard	All Rights Reserved	115	
7999	f138b155-6b18-4ff9-91dc-56843345306f	404	https://symbiota.ccber.ucsb.edu/kummel/2026/8140190873.jpg	8140190873.jpg	8140190873	yes	200	https://www.flickr.com/photos/treebeard/8140190873/	https://live.staticflickr.com/8336/8140190873_2bcb70b0a1_c.jpg	https://live.staticflickr.com/8336/8140190873_2bcb70b0a1_q.jpg	Grape-sized gall of Beaked Twig Gall Wasp (Disholcaspis plumbella, Cynipidae, Hymenoptera) on Scrub Oak (Quercus berberidifolia, Fagaceae)	Treebeard	All Rights Reserved	132	
8000	f78935ae-e534-4da1-9dba-4561e6377de6	404	https://symbiota.ccber.ucsb.edu/kummel/2026/8140210319.jpg	8140210319.jpg	8140210319	yes	200	https://www.flickr.com/photos/treebeard/8140210319/	https://live.staticflickr.com/8473/8140210319_9ce7916a64_b.jpg	https://live.staticflickr.com/8473/8140210319_9ce7916a64_q.jpg	New flowers of native California Aster (Lessingia filaginifolia, Asteraceae)	Treebeard	All Rights Reserved	123	
8001	b1e23765-06ec-4071-999c-73c8c270a87b	404	https://symbiota.ccber.ucsb.edu/kummel/2026/8140328232.jpg	8140328232.jpg	8140328232	yes	200	https://www.flickr.com/photos/treebeard/8140328232/	https://live.staticflickr.com/8465/8140328232_3647aeb8e8_c.jpg	https://live.staticflickr.com/8465/8140328232_3647aeb8e8_q.jpg	New flower of native Small Wirelettuce (Stephanomeria exigua, Asteraceae)	Treebeard	All Rights Reserved	128	
8002	6bce79b6-3bbe-4bcb-83e4-40552591f3f0	404	https://symbiota.ccber.ucsb.edu/kummel/2026/8140345052.jpg	8140345052.jpg	8140345052	yes	200	https://www.flickr.com/photos/treebeard/8140345052/	https://live.staticflickr.com/8470/8140345052_1623c0ccc9_b.jpg	https://live.staticflickr.com/8470/8140345052_1623c0ccc9_q.jpg	New flowers of Tall Stephanomeria (Stephanomeria virgata ssp. pleurocarpa, Asteraceae)	Treebeard	All Rights Reserved	127	
8003	b729727a-7cfc-4146-a64d-8159ea8de724	404	https://symbiota.ccber.ucsb.edu/kummel/2026/8140377624.jpg	8140377624.jpg	8140377624	yes	200	https://www.flickr.com/photos/treebeard/8140377624/	https://live.staticflickr.com/8052/8140377624_a24499cae8_c.jpg	https://live.staticflickr.com/8052/8140377624_a24499cae8_q.jpg	Honey Bee (Apis mellifera, Hymenoptera) in flower of Fort Tejon Milk-Aster (Stephanomeria cichoriacea, Asteraceae)	Treebeard	All Rights Reserved	119	
8004	a57d662e-0a36-4f1f-acf0-6adcee7334d5	404	https://symbiota.ccber.ucsb.edu/kummel/2026/8140402638.jpg	8140402638.jpg	8140402638	yes	200	https://www.flickr.com/photos/treebeard/8140402638/	https://live.staticflickr.com/8334/8140402638_b3a9ddd92e_b.jpg	https://live.staticflickr.com/8334/8140402638_b3a9ddd92e_q.jpg	Native composite Bush Groundsel (Senecio flaccidus var. douglasii, Asteraceae) - still flowering	Treebeard	All Rights Reserved	117	
8005	273cecac-4953-4511-be2d-e5926f3afece	404	https://symbiota.ccber.ucsb.edu/kummel/2026/8140416187.jpg	8140416187.jpg	8140416187	yes	200	https://www.flickr.com/photos/treebeard/8140416187/	https://live.staticflickr.com/8052/8140416187_c5c4c40b1f_c.jpg	https://live.staticflickr.com/8052/8140416187_c5c4c40b1f_q.jpg	Mormon Metalmark (Apodemia mormo) butterfly on Bush Groundsel (Senecio flaccidus var. douglasii, Asteraceae)	Treebeard	All Rights Reserved	122	
8006	3c7e45f6-b5c2-48b7-a35d-ed8d99d505cd	404	https://symbiota.ccber.ucsb.edu/kummel/2026/8140444255.jpg	8140444255.jpg	8140444255	yes	200	https://www.flickr.com/photos/treebeard/8140444255/	https://live.staticflickr.com/8047/8140444255_c5b018cea0_c.jpg	https://live.staticflickr.com/8047/8140444255_c5b018cea0_q.jpg	Orange Sulphur (Colias eurytheme) butterfly with the sun behind	Treebeard	All Rights Reserved	129	
8007	92b7acdb-2eb7-40ce-ae09-12f6d14c5214	404	https://symbiota.ccber.ucsb.edu/kummel/2026/8143200829.jpg	8143200829.jpg	8143200829	yes	200	https://www.flickr.com/photos/treebeard/8143200829/	https://live.staticflickr.com/8049/8143200829_beec19ca8c_b.jpg	https://live.staticflickr.com/8049/8143200829_beec19ca8c_q.jpg	Gall of a Ruptured Twig Gall Wasp (Callirhytis perdens, Cynipidae, Hymenoptera) on a stem of Coast Live Oak (Quercus agrifolia, Fagaceae)	Treebeard	All Rights Reserved	127	
8008	8f21a17e-14ac-4561-a1aa-2e4b98c4a944	404	https://symbiota.ccber.ucsb.edu/kummel/2026/8143235567.jpg	8143235567.jpg	8143235567	yes	200	https://www.flickr.com/photos/treebeard/8143235567/	https://live.staticflickr.com/8326/8143235567_cd5559a832_c.jpg	https://live.staticflickr.com/8326/8143235567_cd5559a832_q.jpg	Walnut-sized summer gall of the Live Oak Apple Gall Wasp (Callirhytis quercuspomiformis, Cynipidae, Hymenoptera) on Coast Live Oak (Quercus agrifolia, Fagaceae)	Treebeard	All Rights Reserved	134	
8009	60c83eda-4a06-4d5a-8493-ba555ced9866	404	https://symbiota.ccber.ucsb.edu/kummel/2026/8143318113.jpg	8143318113.jpg	8143318113	yes	200	https://www.flickr.com/photos/treebeard/8143318113/	https://live.staticflickr.com/8323/8143318113_596b8cc607_c.jpg	https://live.staticflickr.com/8323/8143318113_596b8cc607_q.jpg	Late-season growths of the Manzanita Leaf Fungus (Exobasidium vacinii) on Bigberry Manzanita (Arctostaphylos glauca, Ericaceae)	Treebeard	All Rights Reserved	133	
8010	9acfe8ed-3b46-4840-90fe-c2d962c9ad5c	404	https://symbiota.ccber.ucsb.edu/kummel/2026/8143372529.jpg	8143372529.jpg	8143372529	yes	200	https://www.flickr.com/photos/treebeard/8143372529/	https://live.staticflickr.com/8334/8143372529_37ef5b5f51_c.jpg	https://live.staticflickr.com/8334/8143372529_37ef5b5f51_q.jpg	Ripe nuts of native Snowdrop Bush (Styrax redivivus, Styracaceae)	Treebeard	All Rights Reserved	120	
8011	901effc5-4941-43c1-b9c0-6b129d3bf6cc	404	https://symbiota.ccber.ucsb.edu/kummel/2026/8143408181.jpg	8143408181.jpg	8143408181	yes	200	https://www.flickr.com/photos/treebeard/8143408181/	https://live.staticflickr.com/8467/8143408181_4a70cf5361_b.jpg	https://live.staticflickr.com/8467/8143408181_4a70cf5361_q.jpg	Ripening berries of native Toyon (Heteromeles arbutifolia, Rosaceae)	Treebeard	All Rights Reserved	124	
8012	736a08b3-7e65-4e1e-b44a-3ba0e5eb77d3	404	https://symbiota.ccber.ucsb.edu/kummel/2026/8143425763.jpg	8143425763.jpg	8143425763	yes	200	https://www.flickr.com/photos/treebeard/8143425763/	https://live.staticflickr.com/8327/8143425763_aa5a6b03cf_b.jpg	https://live.staticflickr.com/8327/8143425763_aa5a6b03cf_q.jpg	New weed - maybe Lanceleaf Nightshade (Solanum lanceolatum, Solanaceae) on Gibraltar Road	Treebeard	All Rights Reserved	129	
8013	33d38bd0-d2e1-4ae7-92eb-12f2a2b62f5e	404	https://symbiota.ccber.ucsb.edu/kummel/2026/8143526805.jpg	8143526805.jpg	8143526805	yes	200	https://www.flickr.com/photos/treebeard/8143526805/	https://live.staticflickr.com/8474/8143526805_88e3d041ed_c.jpg	https://live.staticflickr.com/8474/8143526805_88e3d041ed_q.jpg	Orb-Weaver Spider (Araneidae) clutching a shrouded Western Paper Wasp (Mischocyttarus flavitarsis, Vespidae, Hymenoptera) wasp	Treebeard	All Rights Reserved	118	
8014	92eb36f8-efab-4eba-a683-273a1bce82d9	404	https://symbiota.ccber.ucsb.edu/kummel/2026/8143543836.jpg	8143543836.jpg	8143543836	yes	200	https://www.flickr.com/photos/treebeard/8143543836/	https://live.staticflickr.com/8463/8143543836_ef17dc9025_c.jpg	https://live.staticflickr.com/8463/8143543836_ef17dc9025_q.jpg	New weed - maybe Lanceleaf Nightshade (Solanum lanceolatum, Solanaceae) on Gibraltar Road	Treebeard	All Rights Reserved	134	
8015	2bbffd1d-8f20-4263-9546-bf1237250ea6	404	https://symbiota.ccber.ucsb.edu/kummel/2026/8146458975.jpg	8146458975.jpg	8146458975	yes	200	https://www.flickr.com/photos/treebeard/8146458975/	https://live.staticflickr.com/8471/8146458975_a2d8e25e12_b.jpg	https://live.staticflickr.com/8471/8146458975_a2d8e25e12_q.jpg	Almost-full Halloween moon rising through the native Coulter Pines (Pinus coulteri) at home	Treebeard	All Rights Reserved	120	
8016	69ccaa2f-24f9-42fc-a6b0-12a0bd12eb0f	404	https://symbiota.ccber.ucsb.edu/kummel/2026/8146522744.jpg	8146522744.jpg	8146522744	yes	200	https://www.flickr.com/photos/treebeard/8146522744/	https://live.staticflickr.com/8472/8146522744_ee6f36b50d_c.jpg	https://live.staticflickr.com/8472/8146522744_ee6f36b50d_q.jpg	"Tiny gall of a ""Pumpkin Gall Wasp"" (Dryocosmus minusculus, Cynipidae, Hymenoptera)"	Treebeard	All Rights Reserved	122	
8017	cc08ee57-6bc6-43d2-8b21-21a055522d22	404	https://symbiota.ccber.ucsb.edu/kummel/2026/8146578322.jpg	8146578322.jpg	8146578322	yes	200	https://www.flickr.com/photos/treebeard/8146578322/	https://live.staticflickr.com/8048/8146578322_d7f4a9d23e_c.jpg	https://live.staticflickr.com/8048/8146578322_d7f4a9d23e_q.jpg	Spiderlings of a Green Lynx Spider (Peucetia viridans, Oxyopidae) on Coyote Bush (Baccharis pilularis, Asteraceae)	Treebeard	All Rights Reserved	120	
8018	cca9810c-a7d0-444b-993b-00448c29566d	404	https://symbiota.ccber.ucsb.edu/kummel/2026/8146599066.jpg	8146599066.jpg	8146599066	yes	200	https://www.flickr.com/photos/treebeard/8146599066/	https://live.staticflickr.com/8184/8146599066_6e83806d88_c.jpg	https://live.staticflickr.com/8184/8146599066_6e83806d88_q.jpg	"Honey Bee (Apis mellifera, Hymenoptera) committing ""nectar theft"" on native Wood Mint (Stachys bullata, Labiatae) in the garden"	Treebeard	All Rights Reserved	115	
8019	e8976387-c573-42e0-8006-50a39bebe745	404	https://symbiota.ccber.ucsb.edu/kummel/2026/8149086173.jpg	8149086173.jpg	8149086173	yes	200	https://www.flickr.com/photos/treebeard/8149086173/	https://live.staticflickr.com/8471/8149086173_e9c727d4ea_b.jpg	https://live.staticflickr.com/8471/8149086173_e9c727d4ea_q.jpg	Pretty little Syrphid Flower Fly (Syrphidae, Diptera) on Wild Blackberry (Rubus ursinus, Rosaceae)	Treebeard	All Rights Reserved	121	
8020	c0bd4569-cf6a-45cc-9d3e-07d9a2756377	404	https://symbiota.ccber.ucsb.edu/kummel/2026/8149106659.jpg	8149106659.jpg	8149106659	yes	200	https://www.flickr.com/photos/treebeard/8149106659/	https://live.staticflickr.com/8469/8149106659_26846a4648_b.jpg	https://live.staticflickr.com/8469/8149106659_26846a4648_q.jpg	Syrphid Flower Fly (Syrphidae, Diptera) on staminate flowers of Coyote Bush (Baccharis pilularis, Asteraceae)	Treebeard	All Rights Reserved	116	
8021	74b7b3a0-7490-46e7-a7fb-2d3e61a53f0f	404	https://symbiota.ccber.ucsb.edu/kummel/2026/8149126549.jpg	8149126549.jpg	8149126549	yes	200	https://www.flickr.com/photos/treebeard/8149126549/	https://live.staticflickr.com/8464/8149126549_6a81e92b5e_b.jpg	https://live.staticflickr.com/8464/8149126549_6a81e92b5e_q.jpg	Tachinid Fly (Tachinidae, Diptera) on staminate flowers of Coyote Bush (Baccharis pilularis, Asteraceae)	Treebeard	All Rights Reserved	126	
8022	1ea4ad57-50b0-4949-baab-a3e56d032e8f	404	https://symbiota.ccber.ucsb.edu/kummel/2026/8149152943.jpg	8149152943.jpg	8149152943	yes	200	https://www.flickr.com/photos/treebeard/8149152943/	https://live.staticflickr.com/8472/8149152943_79db9f051d_b.jpg	https://live.staticflickr.com/8472/8149152943_79db9f051d_q.jpg	"Bristly fly (Diptera) on staminate Coyote Bush (Baccharis pilularis, Asteraceae) - strange orange ""palps"" on its proboscis"	Treebeard	All Rights Reserved	134	
8023	f2ce836b-d370-43ac-b5a0-2d85dd6bfaba	404	https://symbiota.ccber.ucsb.edu/kummel/2026/8149246314.jpg	8149246314.jpg	8149246314	yes	200	https://www.flickr.com/photos/treebeard/8149246314/	https://live.staticflickr.com/8055/8149246314_167573db90_c.jpg	https://live.staticflickr.com/8055/8149246314_167573db90_q.jpg	Bristly fly (Diptera) on staminate Coyote Bush (Baccharis pilularis, Asteraceae) - maybe a Tachinid Fly (Tachinidae)	Treebeard	All Rights Reserved	116	
8024	64e3faab-09cc-47fb-bcc2-72218424252c	404	https://symbiota.ccber.ucsb.edu/kummel/2026/8149260834.jpg	8149260834.jpg	8149260834	yes	200	https://www.flickr.com/photos/treebeard/8149260834/	https://live.staticflickr.com/8187/8149260834_8dc0f6854f_c.jpg	https://live.staticflickr.com/8187/8149260834_8dc0f6854f_q.jpg	"Maybe the ""Secondary Screwworm"" (Cochliomyia macellaria, Calliphoridae, Diptera) - not a trash fly, but an interesting native on staminate Coyote Bush (Baccharis pilularis, Asteraceae)"	Treebeard	All Rights Reserved	117	
8025	6af5ab59-42c1-4207-a93d-9bfecf01dbde	404	https://symbiota.ccber.ucsb.edu/kummel/2026/8149272217.jpg	8149272217.jpg	8149272217	yes	200	https://www.flickr.com/photos/treebeard/8149272217/	https://live.staticflickr.com/8055/8149272217_b489199102_b.jpg	https://live.staticflickr.com/8055/8149272217_b489199102_q.jpg	Big-headed Syrphid Flower Fly (Syrphidae, Diptera) on staminate Coyote Bush (Baccharis pilularis, Asteraceae)	Treebeard	All Rights Reserved	127	
8026	c8552893-5bb1-48d9-a1c4-e9fda617cfb1	404	https://symbiota.ccber.ucsb.edu/kummel/2026/8149284598.jpg	8149284598.jpg	8149284598	yes	200	https://www.flickr.com/photos/treebeard/8149284598/	https://live.staticflickr.com/8471/8149284598_c4e0dc92b6_b.jpg	https://live.staticflickr.com/8471/8149284598_c4e0dc92b6_q.jpg	Big-headed Syrphid Flower Fly (Syrphidae, Diptera) touching its proboscis to a staminate flower of Coyote Bush (Baccharis pilularis, Asteraceae)	Treebeard	All Rights Reserved	124	
8027	650449ec-91ba-47d1-ba0f-8e4274ba7485	404	https://symbiota.ccber.ucsb.edu/kummel/2026/8152252246.jpg	8152252246.jpg	8152252246	yes	200	https://www.flickr.com/photos/treebeard/8152252246/	https://live.staticflickr.com/8339/8152252246_1940cf4bc6_b.jpg	https://live.staticflickr.com/8339/8152252246_1940cf4bc6_q.jpg	Syrphid Flower Fly (Syrphidae, Diptera) visiting a non-native Aster (Aster, Asteraceae) flower in the garden	Treebeard	All Rights Reserved	126	
8028	31268cf4-50d2-4602-80fd-be18674f08c2	404	https://symbiota.ccber.ucsb.edu/kummel/2026/8152285828.jpg	8152285828.jpg	8152285828	yes	200	https://www.flickr.com/photos/treebeard/8152285828/	https://live.staticflickr.com/8486/8152285828_283eaa4214_c.jpg	https://live.staticflickr.com/8486/8152285828_283eaa4214_q.jpg	Another interesting Fly (Diptera) on Coast Live Oak (Quercus agrifolia, Fagaceae)	Treebeard	All Rights Reserved	118	
8029	831dad33-62fd-4b94-8857-9d9956c84c23	404	https://symbiota.ccber.ucsb.edu/kummel/2026/8152302266.jpg	8152302266.jpg	8152302266	yes	200	https://www.flickr.com/photos/treebeard/8152302266/	https://live.staticflickr.com/8489/8152302266_7d2f2cac15_c.jpg	https://live.staticflickr.com/8489/8152302266_7d2f2cac15_q.jpg	Another bristly Fly (Diptera) on Coast Live Oak (Quercus agrifolia, Fagaceae) - maybe a Tachinid Fly (Tachinidae)	Treebeard	All Rights Reserved	127	
8030	91377035-f0df-4ae3-a384-bfea9928061a	404	https://symbiota.ccber.ucsb.edu/kummel/2026/8152347689.jpg	8152347689.jpg	8152347689	yes	200	https://www.flickr.com/photos/treebeard/8152347689/	https://live.staticflickr.com/7273/8152347689_35755ea650_b.jpg	https://live.staticflickr.com/7273/8152347689_35755ea650_q.jpg	This is bad grass - non-native Smilo Grass (Piptatherum miliaceum, Poaceae), invasive in our mountains	Treebeard	All Rights Reserved	118	
8031	0dfbc2c2-a233-468c-86c2-d54f3039eec9	404	https://symbiota.ccber.ucsb.edu/kummel/2026/8152474630.jpg	8152474630.jpg	8152474630	yes	200	https://www.flickr.com/photos/treebeard/8152474630/	https://live.staticflickr.com/8061/8152474630_5fa55239a7_b.jpg	https://live.staticflickr.com/8061/8152474630_5fa55239a7_q.jpg	Another new weed in our mountains - Skeleton Weed (Chondrilla juncea, Asteraceae)	Treebeard	All Rights Reserved	133	
8032	c3e6f02c-9909-4d1e-a49c-fbfa825d0c37	404	https://symbiota.ccber.ucsb.edu/kummel/2026/8152547731.jpg	8152547731.jpg	8152547731	yes	200	https://www.flickr.com/photos/treebeard/8152547731/	https://live.staticflickr.com/8201/8152547731_8b6cd7cbfa_c.jpg	https://live.staticflickr.com/8201/8152547731_8b6cd7cbfa_q.jpg	Another new weed in our mountains - Skeleton Weed (Chondrilla juncea, Asteraceae)	Treebeard	All Rights Reserved	130	
8033	28a47622-a698-4360-afcc-493b3491849c	404	https://symbiota.ccber.ucsb.edu/kummel/2026/8152573671.jpg	8152573671.jpg	8152573671	yes	200	https://www.flickr.com/photos/treebeard/8152573671/	https://live.staticflickr.com/8069/8152573671_29e307ef42_c.jpg	https://live.staticflickr.com/8069/8152573671_29e307ef42_q.jpg	Bagrada Bug (Bagrada hilaris, Pentatomidae, Hemiptera) on Wild Blackberry (Rubus ursinus, Rosaceae) - on the edge of our garden	Treebeard	All Rights Reserved	131	
8034	bd03c2ec-fca1-43c8-a440-d1b322159b3b	404	https://symbiota.ccber.ucsb.edu/kummel/2026/8155937399.jpg	8155937399.jpg	8155937399	yes	200	https://www.flickr.com/photos/treebeard/8155937399/	https://live.staticflickr.com/8062/8155937399_5bb908ab10_b.jpg	https://live.staticflickr.com/8062/8155937399_5bb908ab10_q.jpg	Tiny cocoon of a Ribbed Casemaker Moth (Bucculatrix, Buccularicidae, Lepidoptera) on a Coast Live Oak (Quercus agrifolia, Fagaceae) leaf - Live Oak Ribbed Casemaker (Bucculatrix albertiella) moth	Treebeard	All Rights Reserved	134	
8035	07f5b5cf-7086-41b8-8a21-01c098b7e50a	404	https://symbiota.ccber.ucsb.edu/kummel/2026/8156032476.jpg	8156032476.jpg	8156032476	yes	200	https://www.flickr.com/photos/treebeard/8156032476/	https://live.staticflickr.com/8197/8156032476_98c7545de5_c.jpg	https://live.staticflickr.com/8197/8156032476_98c7545de5_q.jpg	Tiny bullet-headed Leafhopper (Cicadellidae, Homoptera) on Wild Blackberry (Rubus ursinus, Rosaceae)	Treebeard	All Rights Reserved	119	
8036	7fb0017c-1f4d-42fa-a0ac-ddcc0b855cbf	404	https://symbiota.ccber.ucsb.edu/kummel/2026/8156180150.jpg	8156180150.jpg	8156180150	yes	200	https://www.flickr.com/photos/treebeard/8156180150/	https://live.staticflickr.com/7128/8156180150_59312f0d09_c.jpg	https://live.staticflickr.com/7128/8156180150_59312f0d09_q.jpg	Orb-Weaver Spider (Araneidae) had a good morning hunting	Treebeard	All Rights Reserved	118	
8037	a5d50ddf-9b2e-4c48-abda-48bfc6bb0b21	404	https://symbiota.ccber.ucsb.edu/kummel/2026/8156216384.jpg	8156216384.jpg	8156216384	yes	200	https://www.flickr.com/photos/treebeard/8156216384/	https://live.staticflickr.com/8199/8156216384_edb1c2aa6e_b.jpg	https://live.staticflickr.com/8199/8156216384_edb1c2aa6e_q.jpg	Web of a Labyrinth Spider (Metepeira, Araneidae) strung between branches of Bitter Gooseberry (Ribes amarum, Grossulariaceae)	Treebeard	All Rights Reserved	130	
8038	717b84e8-739f-42e6-80ad-1d8983f67ee7	404	https://symbiota.ccber.ucsb.edu/kummel/2026/8156247537.jpg	8156247537.jpg	8156247537	yes	200	https://www.flickr.com/photos/treebeard/8156247537/	https://live.staticflickr.com/7132/8156247537_cc1ba4083b_b.jpg	https://live.staticflickr.com/7132/8156247537_cc1ba4083b_q.jpg	CD-size web of a tiny Orb-Weaver Spider (Araneidae) in Bitter Gooseberry (Ribes amarum, Grossulariaceae) shrub	Treebeard	All Rights Reserved	126	
8039	7ee63285-f083-4ed1-8352-919809e5f8ec	404	https://symbiota.ccber.ucsb.edu/kummel/2026/8156275107.jpg	8156275107.jpg	8156275107	yes	200	https://www.flickr.com/photos/treebeard/8156275107/	https://live.staticflickr.com/7121/8156275107_cf89384872_b.jpg	https://live.staticflickr.com/7121/8156275107_cf89384872_q.jpg	Pallid-winged Grasshopper (Trimerotropis pallidipennis, Oedipodinae, Acrididae, Orthoptera) on our chip seal road	Treebeard	All Rights Reserved	132	
8040	4b1da4c9-131f-4ba7-a5bf-879edebde05a	404	https://symbiota.ccber.ucsb.edu/kummel/2026/8156407850.jpg	8156407850.jpg	8156407850	yes	200	https://www.flickr.com/photos/treebeard/8156407850/	https://live.staticflickr.com/8348/8156407850_54d98ca942_c.jpg	https://live.staticflickr.com/8348/8156407850_54d98ca942_q.jpg	Grayish Sagebrush Grasshopper (Melanoplus cinereus ssp. cyanipes, Melanoplinae, Acrididae, Orthoptera) Coyote Bush (Baccharis pilularis, Asteraceae)	Treebeard	All Rights Reserved	136	
8041	2af4e9e8-d227-4adf-bcd6-bfe45fa7c28d	404	https://symbiota.ccber.ucsb.edu/kummel/2026/8156425717.jpg	8156425717.jpg	8156425717	yes	200	https://www.flickr.com/photos/treebeard/8156425717/	https://live.staticflickr.com/7279/8156425717_0ac41f3c00_c.jpg	https://live.staticflickr.com/7279/8156425717_0ac41f3c00_q.jpg	Grayish Sagebrush Grasshopper (Melanoplus cinereus ssp. cyanipes, Melanoplinae, Acrididae, Orthoptera) munching a staminate flower of Coyote Bush (Baccharis pilularis, Asteraceae)	Treebeard	All Rights Reserved	118	
8042	9581c036-1125-4b04-ac68-81476f313bfb	404	https://symbiota.ccber.ucsb.edu/kummel/2026/8159750631.jpg	8159750631.jpg	8159750631	yes	200	https://www.flickr.com/photos/treebeard/8159750631/	https://live.staticflickr.com/7117/8159750631_29503f46f6_b.jpg	https://live.staticflickr.com/7117/8159750631_29503f46f6_q.jpg	Different view of a Common Buckeye (Junonia coenia) butterfly on Coyote Bush (Baccharis pilularis, Asteraceae)	Treebeard	All Rights Reserved	132	
8043	e612d789-d30e-4529-909b-1eb8056d36b4	404	https://symbiota.ccber.ucsb.edu/kummel/2026/8159781867.jpg	8159781867.jpg	8159781867	yes	200	https://www.flickr.com/photos/treebeard/8159781867/	https://live.staticflickr.com/7137/8159781867_644eb606c8_c.jpg	https://live.staticflickr.com/7137/8159781867_644eb606c8_q.jpg	Ambush Bug (Phymatidae, Hemiptera) - probably the Pacific Ambush Bug (Phymata pacifica) - on Coyote Bush (Baccharis pilularis, Asteraceae)	Treebeard	All Rights Reserved	128	
8044	308645fc-4b40-4a21-9032-d738dd27dd7a	404	https://symbiota.ccber.ucsb.edu/kummel/2026/8159842200.jpg	8159842200.jpg	8159842200	yes	200	https://www.flickr.com/photos/treebeard/8159842200/	https://live.staticflickr.com/7116/8159842200_29a4c5e96f_c.jpg	https://live.staticflickr.com/7116/8159842200_29a4c5e96f_q.jpg	"""Secondary Screwworm"" (Cochliomyia macellaria, Calliphoridae, Diptera) - not a trash fly, but an interesting native on staminate Coyote Bush (Baccharis pilularis, Asteraceae)"	Treebeard	All Rights Reserved	127	
8045	e0aa337b-0c29-401c-9808-9064f1d0b409	404	https://symbiota.ccber.ucsb.edu/kummel/2026/8159883444.jpg	8159883444.jpg	8159883444	yes	200	https://www.flickr.com/photos/treebeard/8159883444/	https://live.staticflickr.com/8339/8159883444_549c2df45f_c.jpg	https://live.staticflickr.com/8339/8159883444_549c2df45f_q.jpg	Rather threadbare Gray Hairstreak (Strymon melinus) butterfly on Coyote Bush (Baccharis pilularis, Asteraceae)	Treebeard	All Rights Reserved	133	
8046	074711a8-e316-4d0d-91d1-a3d04f0a343e	404	https://symbiota.ccber.ucsb.edu/kummel/2026/8162915482.jpg	8162915482.jpg	8162915482	yes	200	https://www.flickr.com/photos/treebeard/8162915482/	https://live.staticflickr.com/7106/8162915482_2a91cd34de_b.jpg	https://live.staticflickr.com/7106/8162915482_2a91cd34de_q.jpg	Looking at the Channel Islands - Santa Cruz Island left, and Santa Rosa Island right - with pines in front	Treebeard	All Rights Reserved	118	
8047	eeb6d686-8e8c-4844-a031-891b6f9384fb	404	https://symbiota.ccber.ucsb.edu/kummel/2026/8162962527.jpg	8162962527.jpg	8162962527	yes	200	https://www.flickr.com/photos/treebeard/8162962527/	https://live.staticflickr.com/7265/8162962527_52a1b32c7d_b.jpg	https://live.staticflickr.com/7265/8162962527_52a1b32c7d_q.jpg	Ginger (maybe Zingiber officinale) in the Zingiberaceae plant family, in the garden	Treebeard	All Rights Reserved	134	
8048	96cd1984-5aa6-4bd8-979f-183ad3e09261	404	https://symbiota.ccber.ucsb.edu/kummel/2026/8163005297.jpg	8163005297.jpg	8163005297	yes	200	https://www.flickr.com/photos/treebeard/8163005297/	https://live.staticflickr.com/7107/8163005297_4970e5336f_b.jpg	https://live.staticflickr.com/7107/8163005297_4970e5336f_q.jpg	Fall colors of native Snowdrop Bush (Styrax redivivus, Styracaceae)	Treebeard	All Rights Reserved	130	
8049	00b8c240-877a-4691-a2cf-0aa44e3dda8c	404	https://symbiota.ccber.ucsb.edu/kummel/2026/8163032327.jpg	8163032327.jpg	8163032327	yes	200	https://www.flickr.com/photos/treebeard/8163032327/	https://live.staticflickr.com/7128/8163032327_8377818b5c_c.jpg	https://live.staticflickr.com/7128/8163032327_8377818b5c_q.jpg	Grayish Sagebrush Grasshopper (Melanoplus cinereus ssp. cyanipes, Melanoplinae, Acrididae, Orthoptera) on California Buckwheat (Eriogonum fasciculatum, Polygonaceae)	Treebeard	All Rights Reserved	123	
8050	48a15817-2b10-4b14-b843-a890c8b87664	404	https://symbiota.ccber.ucsb.edu/kummel/2026/8163068375.jpg	8163068375.jpg	8163068375	yes	200	https://www.flickr.com/photos/treebeard/8163068375/	https://live.staticflickr.com/7259/8163068375_66afc77a80_b.jpg	https://live.staticflickr.com/7259/8163068375_66afc77a80_q.jpg	CD-size web of a tiny Orb-Weaver Spider (Araneidae) under the eave of our roof	Treebeard	All Rights Reserved	126	
8051	e0e18f1e-e42a-4735-855c-a7c2156b2d96	404	https://symbiota.ccber.ucsb.edu/kummel/2026/8163111392.jpg	8163111392.jpg	8163111392	yes	200	https://www.flickr.com/photos/treebeard/8163111392/	https://live.staticflickr.com/7136/8163111392_111d7dfc73_c.jpg	https://live.staticflickr.com/7136/8163111392_111d7dfc73_q.jpg	"""Cat-Faced Spider"" (Araneus gemmoides, Araneidae) - a large bottle cap-sized Orb-Weaver Spider"	Treebeard	All Rights Reserved	121	
8052	9e96420a-c603-4f69-9565-18a007a358e8	404	https://symbiota.ccber.ucsb.edu/kummel/2026/8165505979.jpg	8165505979.jpg	8165505979	yes	200	https://www.flickr.com/photos/treebeard/8165505979/	https://live.staticflickr.com/7269/8165505979_c0b1437327_c.jpg	https://live.staticflickr.com/7269/8165505979_c0b1437327_q.jpg	Late-season flowers of Longstem Buckwheat (Eriogonum elongatum, Polygonaceae) - still flowering!	Treebeard	All Rights Reserved	120	
8053	f314cec1-fad9-4b30-ba95-860574c0fc02	404	https://symbiota.ccber.ucsb.edu/kummel/2026/8165524642.jpg	8165524642.jpg	8165524642	yes	200	https://www.flickr.com/photos/treebeard/8165524642/	https://live.staticflickr.com/8338/8165524642_42a0e3d559_b.jpg	https://live.staticflickr.com/8338/8165524642_42a0e3d559_q.jpg	New flower clusters of native Chaparral Currant (Ribes malvaceum, Grossulariaceae) - our first flower of the new rain year	Treebeard	All Rights Reserved	113	
8054	dbe943b5-4397-4018-82f2-0c3818a9ac9e	404	https://symbiota.ccber.ucsb.edu/kummel/2026/8165542261.jpg	8165542261.jpg	8165542261	yes	200	https://www.flickr.com/photos/treebeard/8165542261/	https://live.staticflickr.com/8483/8165542261_2f7bcf5f8d_b.jpg	https://live.staticflickr.com/8483/8165542261_2f7bcf5f8d_q.jpg	Droopy seed heads of Ocean Spray aka Creambush (Holodiscus discolor, Rosaceae)	Treebeard	All Rights Reserved	116	
8055	2ee8bb37-78cb-4ed8-b229-10fd30a37563	404	https://symbiota.ccber.ucsb.edu/kummel/2026/8165670533.jpg	8165670533.jpg	8165670533	yes	200	https://www.flickr.com/photos/treebeard/8165670533/	https://live.staticflickr.com/7273/8165670533_e8cee0d21e_b.jpg	https://live.staticflickr.com/7273/8165670533_e8cee0d21e_q.jpg	Fallen leaves of native Bigleaf Maple (Acer macrophyllum, Aceraceae)	Treebeard	All Rights Reserved	127	
8056	2ac6c1df-1435-4c61-89c3-f49b2168cdfb	404	https://symbiota.ccber.ucsb.edu/kummel/2026/8165678472.jpg	8165678472.jpg	8165678472	yes	200	https://www.flickr.com/photos/treebeard/8165678472/	https://live.staticflickr.com/8198/8165678472_aae6299891_b.jpg	https://live.staticflickr.com/8198/8165678472_aae6299891_q.jpg	My trail today - California Bay (Umbellularia californica, Lauraceae), Coastal Wood Fern (Dryopteris arguta), and fallen leaves of Bigleaf Maple (Acer macrophyllum, Aceraceae)	Treebeard	All Rights Reserved	122	
8057	016eaef3-e349-4cce-80ce-ee7303db2e04	404	https://symbiota.ccber.ucsb.edu/kummel/2026/8165733114.jpg	8165733114.jpg	8165733114	yes	200	https://www.flickr.com/photos/treebeard/8165733114/	https://live.staticflickr.com/8349/8165733114_597577d678_b.jpg	https://live.staticflickr.com/8349/8165733114_597577d678_q.jpg	Five-Finger Fern (Adiantum aleuticum, Polypodiaceae) and fallen leaf of Bigleaf Maple (Acer macrophyllum, Aceraceae) - similar shape	Treebeard	All Rights Reserved	121	
8058	2230ca1b-231d-45a9-9e7f-f1f29bb8bc0a	404	https://symbiota.ccber.ucsb.edu/kummel/2026/8170808057.jpg	8170808057.jpg	8170808057	yes	200	https://www.flickr.com/photos/treebeard/8170808057/	https://live.staticflickr.com/8062/8170808057_01c8af3240_b.jpg	https://live.staticflickr.com/8062/8170808057_01c8af3240_q.jpg	Papery calyces of native Pitcher Sage (Lepechinia calycina, Lamiaceae)	Treebeard	All Rights Reserved	124	
8059	b88bd7dc-0799-421d-854b-57c91ed27053	404	https://symbiota.ccber.ucsb.edu/kummel/2026/8170823477.jpg	8170823477.jpg	8170823477	yes	200	https://www.flickr.com/photos/treebeard/8170823477/	https://live.staticflickr.com/8205/8170823477_cb141cb6d5_b.jpg	https://live.staticflickr.com/8205/8170823477_cb141cb6d5_q.jpg	Last leaves on deciduous native Blue Elderberry (Sambucus mexicana, Caprifoliaceae)	Treebeard	All Rights Reserved	120	
8060	b6142d33-0dbb-44be-9a5d-09d84a79811b	404	https://symbiota.ccber.ucsb.edu/kummel/2026/8170870075.jpg	8170870075.jpg	8170870075	yes	200	https://www.flickr.com/photos/treebeard/8170870075/	https://live.staticflickr.com/8489/8170870075_37fe142a56_b.jpg	https://live.staticflickr.com/8489/8170870075_37fe142a56_q.jpg	Giant Rye Grass (Leymus condensatus, Poaceae) - NOT flowering in the canyon	Treebeard	All Rights Reserved	116	
8061	f85b3482-e46f-4e70-aa53-a08bed75bff1	404	https://symbiota.ccber.ucsb.edu/kummel/2026/8170876046.jpg	8170876046.jpg	8170876046	yes	200	https://www.flickr.com/photos/treebeard/8170876046/	https://live.staticflickr.com/8350/8170876046_25ab3100b7_b.jpg	https://live.staticflickr.com/8350/8170876046_25ab3100b7_q.jpg	Ripening fruit of native California Bay (Umbellularia californica, Lauraceae)	Treebeard	All Rights Reserved	124	
8062	e7d08634-d0c3-440a-9f00-7701575f566c	404	https://symbiota.ccber.ucsb.edu/kummel/2026/8170910523.jpg	8170910523.jpg	8170910523	yes	200	https://www.flickr.com/photos/treebeard/8170910523/	https://live.staticflickr.com/8489/8170910523_11e5c9099c_b.jpg	https://live.staticflickr.com/8489/8170910523_11e5c9099c_q.jpg	Well-named native Thin Grass (Agrostis pallens, Poaceae)	Treebeard	All Rights Reserved	144	
8063	e76f7ec4-9530-4ae2-a8a1-edfcca7c2e4c	404	https://symbiota.ccber.ucsb.edu/kummel/2026/8170953116.jpg	8170953116.jpg	8170953116	yes	200	https://www.flickr.com/photos/treebeard/8170953116/	https://live.staticflickr.com/8347/8170953116_a5f41b32c9_c.jpg	https://live.staticflickr.com/8347/8170953116_a5f41b32c9_q.jpg	Bad grass - non-native Smilo Grass (Piptatherum miliaceum, Poaceae)	Treebeard	All Rights Reserved	140	
8064	3152d5ba-559b-4e3b-a114-c98dbc4eb5cf	404	https://symbiota.ccber.ucsb.edu/kummel/2026/8170989626.jpg	8170989626.jpg	8170989626	yes	200	https://www.flickr.com/photos/treebeard/8170989626/	https://live.staticflickr.com/8208/8170989626_d435a3e5c1_c.jpg	https://live.staticflickr.com/8208/8170989626_d435a3e5c1_q.jpg	Old gall of Gouty Stem Gall Wasps (Callirhtis quercussuttoni, Cynipidae, Hymenoptera) from Coast Live Oak (Quercus agrifolia, Fagaceae)	Treebeard	All Rights Reserved	137	
8065	6d24767c-f3c8-48b3-99db-4d88eb3255be	404	https://symbiota.ccber.ucsb.edu/kummel/2026/8171036455.jpg	8171036455.jpg	8171036455	yes	200	https://www.flickr.com/photos/treebeard/8171036455/	https://live.staticflickr.com/8343/8171036455_ded7971d82_c.jpg	https://live.staticflickr.com/8343/8171036455_ded7971d82_q.jpg	Tiny gall of a Gall Wasp (Cynipidae, Hymenoptera) on a leaf of Coast Live Oak (Quercus agrifolia, Fagaceae) - maybe Callirhtis quercussuttoni?	Treebeard	All Rights Reserved	124	
8066	d126f174-cf3b-48bc-bf69-8a046e3199db	404	https://symbiota.ccber.ucsb.edu/kummel/2026/8173676763.jpg	8173676763.jpg	8173676763	yes	200	https://www.flickr.com/photos/treebeard/8173676763/	https://live.staticflickr.com/8065/8173676763_91a76fa118_b.jpg	https://live.staticflickr.com/8065/8173676763_91a76fa118_q.jpg	"Fallen leaves of native Bigleaf Maple (Acer macrophyllum, Aceraceae) on our ""trail"" to the waterfall today"	Treebeard	All Rights Reserved	166	
8067	81d72672-1884-42b0-a219-50f78b9d76d4	404	https://symbiota.ccber.ucsb.edu/kummel/2026/8173732968.jpg	8173732968.jpg	8173732968	yes	200	https://www.flickr.com/photos/treebeard/8173732968/	https://live.staticflickr.com/8205/8173732968_db0eb4d7d0_b.jpg	https://live.staticflickr.com/8205/8173732968_db0eb4d7d0_q.jpg	A grove of California Bay (Umbellularia californica, Lauraceae) trees	Treebeard	All Rights Reserved	133	
8068	4f6a2671-564a-4320-98bc-3fd108e87464	404	https://symbiota.ccber.ucsb.edu/kummel/2026/8173769552.jpg	8173769552.jpg	8173769552	yes	200	https://www.flickr.com/photos/treebeard/8173769552/	https://live.staticflickr.com/8345/8173769552_de69a9d023_b.jpg	https://live.staticflickr.com/8345/8173769552_de69a9d023_q.jpg	White Alder (Alnus rhombifolia, Betulaceae) reaching for the sun	Treebeard	All Rights Reserved	117	
8069	c5c179e4-ea58-456d-8a2e-463a68fa5fed	404	https://symbiota.ccber.ucsb.edu/kummel/2026/8173786500.jpg	8173786500.jpg	8173786500	yes	200	https://www.flickr.com/photos/treebeard/8173786500/	https://live.staticflickr.com/8064/8173786500_529c2025d5_c.jpg	https://live.staticflickr.com/8064/8173786500_529c2025d5_q.jpg	Hikers admiring locally uncommon Five-Finger Fern (Adiantum aleuticum, Polypodiaceae) in Tequepis Canyon	Treebeard	All Rights Reserved	117	
8070	77bd24e9-5f9a-4945-b347-9c4e54266be7	404	https://symbiota.ccber.ucsb.edu/kummel/2026/8173814136.jpg	8173814136.jpg	8173814136	yes	200	https://www.flickr.com/photos/treebeard/8173814136/	https://live.staticflickr.com/8069/8173814136_a7095e3e76_b.jpg	https://live.staticflickr.com/8069/8173814136_a7095e3e76_q.jpg	A rave of ladybugs - Convergent Lady Beetles (Hippodamia convergens, Coccinellidae, Coleoptera)	Treebeard	All Rights Reserved	120	
8071	ff0153e6-8593-485e-a80b-38e285eb6617	404	https://symbiota.ccber.ucsb.edu/kummel/2026/8177126691.jpg	8177126691.jpg	8177126691	yes	200	https://www.flickr.com/photos/treebeard/8177126691/	https://live.staticflickr.com/8482/8177126691_531fec1221_b.jpg	https://live.staticflickr.com/8482/8177126691_531fec1221_q.jpg	New flowers of native California Fuschia (Epilobium canum ssp. angustifolium, Onagraceae)	Treebeard	All Rights Reserved	119	
8072	75f45241-fcb8-4d4e-b850-fc4d16d2e62a	404	https://symbiota.ccber.ucsb.edu/kummel/2026/8177135070.jpg	8177135070.jpg	8177135070	yes	200	https://www.flickr.com/photos/treebeard/8177135070/	https://live.staticflickr.com/8067/8177135070_b356b58275_c.jpg	https://live.staticflickr.com/8067/8177135070_b356b58275_q.jpg	Dandelion-like seeds of native Coyote Bush (Baccharis pilularis, Asteraceae) leaving home	Treebeard	All Rights Reserved	117	
8073	fa8a798e-4c2b-46b4-b0b3-b0bbc248e784	404	https://symbiota.ccber.ucsb.edu/kummel/2026/8177181136.jpg	8177181136.jpg	8177181136	yes	200	https://www.flickr.com/photos/treebeard/8177181136/	https://live.staticflickr.com/8067/8177181136_f6c005bd5c_c.jpg	https://live.staticflickr.com/8067/8177181136_f6c005bd5c_q.jpg	I guess a Flesh Fly (Sarcophagidae, Diptera) on Coast Live Oak (Quercus agrifolia, Fagaceae)	Treebeard	All Rights Reserved	126	
8074	4c89fa07-77f3-4234-a33f-a6ec554540dc	404	https://symbiota.ccber.ucsb.edu/kummel/2026/8177237962.jpg	8177237962.jpg	8177237962	yes	200	https://www.flickr.com/photos/treebeard/8177237962/	https://live.staticflickr.com/8206/8177237962_030f1f9be6_c.jpg	https://live.staticflickr.com/8206/8177237962_030f1f9be6_q.jpg	Different fly (Diptera) trying to warm up on Coast Live Oak (Quercus agrifolia, Fagaceae)	Treebeard	All Rights Reserved	121	
8075	05cf11ab-e130-402e-b4c8-3bc91ad7c7a5	404	https://symbiota.ccber.ucsb.edu/kummel/2026/8177256632.jpg	8177256632.jpg	8177256632	yes	200	https://www.flickr.com/photos/treebeard/8177256632/	https://live.staticflickr.com/8066/8177256632_4abe59741b_b.jpg	https://live.staticflickr.com/8066/8177256632_4abe59741b_q.jpg	Another fly (Diptera) with orange antennae perched on Mugwort (Artemisia douglasiana, Asteraceae)	Treebeard	All Rights Reserved	141	
8076	8f8138b2-103a-4e33-b86b-b729fc6bdf63	404	https://symbiota.ccber.ucsb.edu/kummel/2026/8177277522.jpg	8177277522.jpg	8177277522	yes	200	https://www.flickr.com/photos/treebeard/8177277522/	https://live.staticflickr.com/8487/8177277522_d78c416a1e_c.jpg	https://live.staticflickr.com/8487/8177277522_d78c416a1e_q.jpg	Interesting gray fly (Diptera) on Coast Live Oak (Quercus agrifolia, Fagaceae)	Treebeard	All Rights Reserved	128	
8077	146f61a9-f083-44b3-877b-425fa8277c74	404	https://symbiota.ccber.ucsb.edu/kummel/2026/8177327170.jpg	8177327170.jpg	8177327170	yes	200	https://www.flickr.com/photos/treebeard/8177327170/	https://live.staticflickr.com/8064/8177327170_0b28197612_c.jpg	https://live.staticflickr.com/8064/8177327170_0b28197612_q.jpg	Western Paper Wasp (Mischocyttarus flavitarsis, Vespidae, Hymenoptera on Coyote Bush (Baccharis pilularis, Asteraceae)	Treebeard	All Rights Reserved	132	
8078	01805042-3922-48d0-97a3-531d631ed755	404	https://symbiota.ccber.ucsb.edu/kummel/2026/8177352456.jpg	8177352456.jpg	8177352456	yes	200	https://www.flickr.com/photos/treebeard/8177352456/	https://live.staticflickr.com/8485/8177352456_0459fe42a1_c.jpg	https://live.staticflickr.com/8485/8177352456_0459fe42a1_q.jpg	Painted Lady (Vanessa cardui) butterfly trying to warm up on oak leaves by the creek.	Treebeard	All Rights Reserved	121	
8079	a2299e49-50cd-407c-8fa7-147a2d51d82c	404	https://symbiota.ccber.ucsb.edu/kummel/2026/8180736854.jpg	8180736854.jpg	8180736854	yes	200	https://www.flickr.com/photos/treebeard/8180736854/	https://live.staticflickr.com/8346/8180736854_1faacbd9f5_b.jpg	https://live.staticflickr.com/8346/8180736854_1faacbd9f5_q.jpg	Dry river bed of the Santa Ynez Valley River - with cottonwood and sycamore trees	Treebeard	All Rights Reserved	128	
8080	f039291e-0581-426d-813a-9fb333ab104e	404	https://symbiota.ccber.ucsb.edu/kummel/2026/8180804574.jpg	8180804574.jpg	8180804574	yes	200	https://www.flickr.com/photos/treebeard/8180804574/	https://live.staticflickr.com/8200/8180804574_3b10ce0285_b.jpg	https://live.staticflickr.com/8200/8180804574_3b10ce0285_q.jpg	New and old flowers of Chaparral Mallow (Malacothamnus fasciculatus, Malvaceae) by the river	Treebeard	All Rights Reserved	126	
8081	e4e9b42d-6969-476b-9977-c3f1786cc4e5	404	https://symbiota.ccber.ucsb.edu/kummel/2026/8180835978.jpg	8180835978.jpg	8180835978	yes	200	https://www.flickr.com/photos/treebeard/8180835978/	https://live.staticflickr.com/8062/8180835978_b548caf554_c.jpg	https://live.staticflickr.com/8062/8180835978_b548caf554_q.jpg	Bristly fly (Diptera) on Canyon Sunflower (Venegasia carpesioides, Asteraceae) - maybe a Tachinid Fly (Tachinidae)	Treebeard	All Rights Reserved	129	
8082	d7229125-7a76-4600-bc92-b165dd8a1374	404	https://symbiota.ccber.ucsb.edu/kummel/2026/8180868076.jpg	8180868076.jpg	8180868076	yes	200	https://www.flickr.com/photos/treebeard/8180868076/	https://live.staticflickr.com/8069/8180868076_286afaeccf_c.jpg	https://live.staticflickr.com/8069/8180868076_286afaeccf_q.jpg	Different bristly fly (Diptera) on Wild Blackberry (Rubus ursinus, Rosaceae) - maybe another Tachinid Fly (Tachinidae)	Treebeard	All Rights Reserved	125	
8083	81c7833f-c562-4009-a935-f5ce7653da41	404	https://symbiota.ccber.ucsb.edu/kummel/2026/8180886537.jpg	8180886537.jpg	8180886537	yes	200	https://www.flickr.com/photos/treebeard/8180886537/	https://live.staticflickr.com/8197/8180886537_98eea6e64e_c.jpg	https://live.staticflickr.com/8197/8180886537_98eea6e64e_q.jpg	Golden Dung Fly (Scathophaga stercoraria, Scathophagidae, Diptera) on	Treebeard	All Rights Reserved	153	
8084	fa5820d5-9dc4-4852-9bf4-dbbe0d7f3c99	404	https://symbiota.ccber.ucsb.edu/kummel/2026/8180889170.jpg	8180889170.jpg	8180889170	yes	200	https://www.flickr.com/photos/treebeard/8180889170/	https://live.staticflickr.com/8480/8180889170_37ce52c55c_b.jpg	https://live.staticflickr.com/8480/8180889170_37ce52c55c_q.jpg	Bristly fly (Diptera) with amazing head - maybe a Tachinid Fly (Tachinidae)	Treebeard	All Rights Reserved	120	
8085	7793ec66-0d0e-4b1c-b589-61e9bc1b7622	404	https://symbiota.ccber.ucsb.edu/kummel/2026/8180953291.jpg	8180953291.jpg	8180953291	yes	200	https://www.flickr.com/photos/treebeard/8180953291/	https://live.staticflickr.com/8346/8180953291_e24fba6a47_c.jpg	https://live.staticflickr.com/8346/8180953291_e24fba6a47_q.jpg	Late-season Mormon Metalmark (Apodemia mormo) butterfly on Coastal Goldenbush (Isocoma menziesii, Asteraceae)	Treebeard	All Rights Reserved	129	
8086	a905d941-adf2-4838-a966-aeb0f77ad26c	404	https://symbiota.ccber.ucsb.edu/kummel/2026/8181007678.jpg	8181007678.jpg	8181007678	yes	200	https://www.flickr.com/photos/treebeard/8181007678/	https://live.staticflickr.com/8345/8181007678_4a3016bd22_c.jpg	https://live.staticflickr.com/8345/8181007678_4a3016bd22_q.jpg	Tiny female Western Pygmy Blue (Brephidium exile) butterfly on Russian Thistle (Salsola tragus, Chenopodiaceae)	Treebeard	All Rights Reserved	129	
8087	2fa245bb-81af-45c0-875d-8a4a5a1b67ca	404	https://symbiota.ccber.ucsb.edu/kummel/2026/8183817477.jpg	8183817477.jpg	8183817477	yes	200	https://www.flickr.com/photos/treebeard/8183817477/	https://live.staticflickr.com/8346/8183817477_e86e4994e7_c.jpg	https://live.staticflickr.com/8346/8183817477_e86e4994e7_q.jpg	Bristly fly (Diptera) on Coyote Bush (Baccharis pilularis, Asteraceae)	Treebeard	All Rights Reserved	136	
8088	7ec5548b-7524-4c62-a38e-2a4b171fc525	404	https://symbiota.ccber.ucsb.edu/kummel/2026/8183832008.jpg	8183832008.jpg	8183832008	yes	200	https://www.flickr.com/photos/treebeard/8183832008/	https://live.staticflickr.com/8207/8183832008_02db106b53_c.jpg	https://live.staticflickr.com/8207/8183832008_02db106b53_q.jpg	Tiny Crab Spider (Thomisidae) on Coyote Bush (Baccharis pilularis, Asteraceae)	Treebeard	All Rights Reserved	131	
8089	5d69a6cd-69ec-4e9d-9205-81c88494796f	404	https://symbiota.ccber.ucsb.edu/kummel/2026/8183856365.jpg	8183856365.jpg	8183856365	yes	200	https://www.flickr.com/photos/treebeard/8183856365/	https://live.staticflickr.com/8344/8183856365_cc60ae2d44_c.jpg	https://live.staticflickr.com/8344/8183856365_cc60ae2d44_q.jpg	Handsome little Syrphid Flower Fly (Syrphidae, Diptera) on Coyote Bush (Baccharis pilularis, Asteraceae)	Treebeard	All Rights Reserved	115	
8090	7f67c482-754a-4a32-b36d-0e31c161f25b	404	https://symbiota.ccber.ucsb.edu/kummel/2026/8183876575.jpg	8183876575.jpg	8183876575	yes	200	https://www.flickr.com/photos/treebeard/8183876575/	https://live.staticflickr.com/8485/8183876575_396f897a20_c.jpg	https://live.staticflickr.com/8485/8183876575_396f897a20_q.jpg	Furry bee-mimic Syrphid Flower Fly (Syrphidae, Diptera) on Coyote Bush (Baccharis pilularis, Asteraceae) - maybe a Drone Fly (Eristalis tenax)	Treebeard	All Rights Reserved	122	
8091	25d451c3-5d7a-43f9-afcb-0c5beacea969	404	https://symbiota.ccber.ucsb.edu/kummel/2026/8183957274.jpg	8183957274.jpg	8183957274	yes	200	https://www.flickr.com/photos/treebeard/8183957274/	https://live.staticflickr.com/8059/8183957274_5f4dd59669_c.jpg	https://live.staticflickr.com/8059/8183957274_5f4dd59669_q.jpg	Different furry bee-mimic Syrphid Flower Fly (Syrphidae, Diptera) on Coyote Bush (Baccharis pilularis, Asteraceae) - maybe genus Eristalis	Treebeard	All Rights Reserved	124	
8092	4d945a23-9d56-4004-9d3c-c1d60dfa3fed	404	https://symbiota.ccber.ucsb.edu/kummel/2026/8183970351.jpg	8183970351.jpg	8183970351	yes	200	https://www.flickr.com/photos/treebeard/8183970351/	https://live.staticflickr.com/8350/8183970351_7e80ce2bc0_c.jpg	https://live.staticflickr.com/8350/8183970351_7e80ce2bc0_q.jpg	Maybe a common Blow Fly (Lucilia, Calliphoridae, Diptera) on Coyote Bush (Baccharis pilularis, Asteraceae) in the woods	Treebeard	All Rights Reserved	128	
8093	24054539-cb90-4950-9610-c4729e8f4b3b	404	https://symbiota.ccber.ucsb.edu/kummel/2026/8183999205.jpg	8183999205.jpg	8183999205	yes	200	https://www.flickr.com/photos/treebeard/8183999205/	https://live.staticflickr.com/8490/8183999205_1639899f25_c.jpg	https://live.staticflickr.com/8490/8183999205_1639899f25_q.jpg	"""Secondary Screwworm"" (Cochliomyia macellaria, Calliphoridae, Diptera) - not a trash fly, but an interesting native on Coyote Bush (Baccharis pilularis, Asteraceae)"	Treebeard	All Rights Reserved	132	
8094	62ae32c9-46ce-4fcc-859e-c31d21a8a474	404	https://symbiota.ccber.ucsb.edu/kummel/2026/8184030251.jpg	8184030251.jpg	8184030251	yes	200	https://www.flickr.com/photos/treebeard/8184030251/	https://live.staticflickr.com/8341/8184030251_4cb77b9315_c.jpg	https://live.staticflickr.com/8341/8184030251_4cb77b9315_q.jpg	Painted Lady (Vanessa cardui) butterfly on native Coyote Bush (Baccharis pilularis, Asteraceae)	Treebeard	All Rights Reserved	124	
8095	3a9f1cdd-3536-4503-aa64-380fdda0d03f	404	https://symbiota.ccber.ucsb.edu/kummel/2026/8186302415.jpg	8186302415.jpg	8186302415	yes	200	https://www.flickr.com/photos/treebeard/8186302415/	https://live.staticflickr.com/8210/8186302415_9bdea35c84_b.jpg	https://live.staticflickr.com/8210/8186302415_9bdea35c84_q.jpg	Yellow Jacket-type wasp (Vespidae, Hymenoptera) on Coast Live Oak (Quercus agrifolia, Fagaceae)	Treebeard	All Rights Reserved	129	
8096	d2687c3d-4950-4451-b2a5-e7b8e3f0a2a9	404	https://symbiota.ccber.ucsb.edu/kummel/2026/8186341007.jpg	8186341007.jpg	8186341007	yes	200	https://www.flickr.com/photos/treebeard/8186341007/	https://live.staticflickr.com/8479/8186341007_3950a89555_b.jpg	https://live.staticflickr.com/8479/8186341007_3950a89555_q.jpg	"""Stink Bug"" (Pentatomidae, Hemiptera) inside a seed pod of Weed's Mariposa Lily (Calochortus weedii var. vestus aka C. fimbriata, Liliaceae)"	Treebeard	All Rights Reserved	126	
8097	d6792f0e-9bdc-439e-ad65-ad7337326983	404	https://symbiota.ccber.ucsb.edu/kummel/2026/8188724077.jpg	8188724077.jpg	8188724077	yes	200	https://www.flickr.com/photos/treebeard/8188724077/	https://live.staticflickr.com/8487/8188724077_dba5887865_c.jpg	https://live.staticflickr.com/8487/8188724077_dba5887865_q.jpg	"Looking inside a ""rolled oak leaf"" on native Coast Live Oak (Quercus agrifolia, Fagaceae) - not a gall"	Treebeard	All Rights Reserved	117	
8098	22054f08-bf7f-4aad-a056-83a9a504543e	404	https://symbiota.ccber.ucsb.edu/kummel/2026/8188883063.jpg	8188883063.jpg	8188883063	yes	200	https://www.flickr.com/photos/treebeard/8188883063/	https://live.staticflickr.com/8070/8188883063_fd9aec498d_c.jpg	https://live.staticflickr.com/8070/8188883063_fd9aec498d_q.jpg	New flowers and seed heads of native composite Telegraph Weed (Heterotheca grandiflora, Asteraceae)	Treebeard	All Rights Reserved	117	
8099	9d42c231-309f-42fe-8253-954fef422167	404	https://symbiota.ccber.ucsb.edu/kummel/2026/8188941823.jpg	8188941823.jpg	8188941823	yes	200	https://www.flickr.com/photos/treebeard/8188941823/	https://live.staticflickr.com/8484/8188941823_b3028085d0_c.jpg	https://live.staticflickr.com/8484/8188941823_b3028085d0_q.jpg	Furry bee-mimic Syrphid Flower Fly (Syrphidae, Diptera) on Coyote Bush (Baccharis pilularis, Asteraceae) - maybe genus Eristalis	Treebeard	All Rights Reserved	123	
8100	f0db4c44-e912-40cf-89b6-990bf7506ca4	404	https://symbiota.ccber.ucsb.edu/kummel/2026/8188979435.jpg	8188979435.jpg	8188979435	yes	200	https://www.flickr.com/photos/treebeard/8188979435/	https://live.staticflickr.com/8477/8188979435_2c19351f50_c.jpg	https://live.staticflickr.com/8477/8188979435_2c19351f50_q.jpg	Amazing eyes of tiny Tephritid Fruit Fly (Tephritidae, Diptera) - maybe Trupanea vicina - on Coyote Bush (Baccharis pilularis, Asteraceae)	Treebeard	All Rights Reserved	118	
8101	c261ffa4-af87-4cc2-86a6-5ca3d8ef75a2	404	https://symbiota.ccber.ucsb.edu/kummel/2026/8189835266.jpg	8189835266.jpg	8189835266	yes	200	https://www.flickr.com/photos/treebeard/8189835266/	https://live.staticflickr.com/8207/8189835266_0c6c48eab3_c.jpg	https://live.staticflickr.com/8207/8189835266_0c6c48eab3_q.jpg	Gall of Split Twig Gall Wasps (Dryocosmus asymmetricus, Cynipidae, Hymenoptera) on Canyon Live Oak (Quercus chrysolepis, Fagaceae)	Treebeard	All Rights Reserved	115	
8102	a554beae-2c44-4025-aa3a-46ce984b5129	404	https://symbiota.ccber.ucsb.edu/kummel/2026/8189918732.jpg	8189918732.jpg	8189918732	yes	200	https://www.flickr.com/photos/treebeard/8189918732/	https://live.staticflickr.com/8058/8189918732_32148de05c_b.jpg	https://live.staticflickr.com/8058/8189918732_32148de05c_q.jpg	Ripening fruit of native California Bay (Umbellularia californica, Lauraceae) tree	Treebeard	All Rights Reserved	126	
8103	0b5e858d-4d59-4778-827c-9ff7d3b51b3f	404	https://symbiota.ccber.ucsb.edu/kummel/2026/8189942080.jpg	8189942080.jpg	8189942080	yes	200	https://www.flickr.com/photos/treebeard/8189942080/	https://live.staticflickr.com/8482/8189942080_22b14d056e_b.jpg	https://live.staticflickr.com/8482/8189942080_22b14d056e_q.jpg	Fremont Cottonwood (Populus fremontii, Salicaceae) and Western Sycamore (Platanus racemosa, Platanaceae) starting to show fall colors	Treebeard	All Rights Reserved	132	
8104	c8845ab4-f51a-4cfa-bc5b-b87a77d82443	404	https://symbiota.ccber.ucsb.edu/kummel/2026/8189994340.jpg	8189994340.jpg	8189994340	yes	200	https://www.flickr.com/photos/treebeard/8189994340/	https://live.staticflickr.com/8198/8189994340_1b7725ff0e_c.jpg	https://live.staticflickr.com/8198/8189994340_1b7725ff0e_q.jpg	Male (pollen-bearing) and female (seed-bearing) flowers of Coyote Bush (Baccharis pilularis, Asteraceae)	Treebeard	All Rights Reserved	123	
8105	3e3bcfe5-1f63-462b-9b72-6818e6d3ab7b	404	https://symbiota.ccber.ucsb.edu/kummel/2026/8192162118.jpg	8192162118.jpg	8192162118	yes	200	https://www.flickr.com/photos/treebeard/8192162118/	https://live.staticflickr.com/8205/8192162118_d8f687edbd_b.jpg	https://live.staticflickr.com/8205/8192162118_d8f687edbd_q.jpg	Looking past a stand of Coulter Pines (Pinus coulteri, Pinaceae) towards San Miguel Island - the westernmost of the Channel Islands	Treebeard	All Rights Reserved	134	
8106	a83b5c96-51ee-4906-88e7-73ad7944568a	404	https://symbiota.ccber.ucsb.edu/kummel/2026/8192276294.jpg	8192276294.jpg	8192276294	yes	200	https://www.flickr.com/photos/treebeard/8192276294/	https://live.staticflickr.com/8061/8192276294_8b91fa9aa1_c.jpg	https://live.staticflickr.com/8061/8192276294_8b91fa9aa1_q.jpg	Almost-ripe berries in a beautiful Madrone (Arbutus menziesii, Ericaceae) tree	Treebeard	All Rights Reserved	134	
8107	f9131c32-8b43-49f2-84fc-6e80b72e856c	404	https://symbiota.ccber.ucsb.edu/kummel/2026/8227417507.jpg	8227417507.jpg	8227417507	yes	200	https://www.flickr.com/photos/treebeard/8227417507/	https://live.staticflickr.com/8203/8227417507_9e78bd3971_b.jpg	https://live.staticflickr.com/8203/8227417507_9e78bd3971_q.jpg	Yellow Fairy Cups or Lemon Discos (Bisporella citrina or kin, Helotiaceae) fungi	Treebeard	All Rights Reserved	125	
8108	3ff4929e-3e92-4180-b367-d032821819bc	404	https://symbiota.ccber.ucsb.edu/kummel/2026/8227460199.jpg	8227460199.jpg	8227460199	yes	200	https://www.flickr.com/photos/treebeard/8227460199/	https://live.staticflickr.com/8063/8227460199_984043a8fb_b.jpg	https://live.staticflickr.com/8063/8227460199_984043a8fb_q.jpg	"Bird's Nest Fungi (Nidulariales) with tiny ""eggs"" or peridioles"	Treebeard	All Rights Reserved	119	
8109	a93cc89f-3168-419e-9b53-f692cc8aa093	404	https://symbiota.ccber.ucsb.edu/kummel/2026/8227602283.jpg	8227602283.jpg	8227602283	yes	200	https://www.flickr.com/photos/treebeard/8227602283/	https://live.staticflickr.com/8057/8227602283_5976456568_b.jpg	https://live.staticflickr.com/8057/8227602283_5976456568_q.jpg	Coral Mushroom (Ramaria, Clavariaceae) in the Oregon woods	Treebeard	All Rights Reserved	126	
8110	ee50cb26-f20a-445e-ae6f-f8a7927a12a1	404	https://symbiota.ccber.ucsb.edu/kummel/2026/8227654203.jpg	8227654203.jpg	8227654203	yes	200	https://www.flickr.com/photos/treebeard/8227654203/	https://live.staticflickr.com/8350/8227654203_9335604573_b.jpg	https://live.staticflickr.com/8350/8227654203_9335604573_q.jpg	Coral Mushrooms (Ramaria, Clavariaceae) in the Oregon woods	Treebeard	All Rights Reserved	122	
8111	af1c8260-84d5-4953-a3f5-1752988e1d5b	404	https://symbiota.ccber.ucsb.edu/kummel/2026/8227686919.jpg	8227686919.jpg	8227686919	yes	200	https://www.flickr.com/photos/treebeard/8227686919/	https://live.staticflickr.com/8202/8227686919_00f5235b7f_c.jpg	https://live.staticflickr.com/8202/8227686919_00f5235b7f_q.jpg	Coral Mushrooms (Ramaria, Clavariaceae) in the Oregon woods	Treebeard	All Rights Reserved	132	
8112	22b04c3d-36e7-45c5-90c9-105c15e4251f	404	https://symbiota.ccber.ucsb.edu/kummel/2026/8228355942.jpg	8228355942.jpg	8228355942	yes	200	https://www.flickr.com/photos/treebeard/8228355942/	https://live.staticflickr.com/8208/8228355942_f652e48267_c.jpg	https://live.staticflickr.com/8208/8228355942_f652e48267_q.jpg	Candlesnuff Fungi (Xylaria hypoxylon or kin) growing on rotting wood in the Oregon woods	Treebeard	All Rights Reserved	127	
8113	723d2fad-aee6-4a2a-b90c-182b07d4cf55	404	https://symbiota.ccber.ucsb.edu/kummel/2026/8228596698.jpg	8228596698.jpg	8228596698	yes	200	https://www.flickr.com/photos/treebeard/8228596698/	https://live.staticflickr.com/8344/8228596698_c549bea871_c.jpg	https://live.staticflickr.com/8344/8228596698_c549bea871_q.jpg	Different little Bird's Nest Fungi (Nidulariales) - maybe Nidula candida	Treebeard	All Rights Reserved	133	
8114	5b1a3ac9-0978-4f6b-8ebf-4ec8bd23b248	404	https://symbiota.ccber.ucsb.edu/kummel/2026/8228646648.jpg	8228646648.jpg	8228646648	yes	200	https://www.flickr.com/photos/treebeard/8228646648/	https://live.staticflickr.com/8200/8228646648_2cfdcfdf41_c.jpg	https://live.staticflickr.com/8200/8228646648_2cfdcfdf41_q.jpg	Strange rubbery Toothed Jelly Fungi (Pseudohydnum gelatinosum, Tremellales)	Treebeard	All Rights Reserved	119	
8115	b17acc1e-2375-4d6d-ba65-813f18716803	404	https://symbiota.ccber.ucsb.edu/kummel/2026/8230191157.jpg	8230191157.jpg	8230191157	yes	200	https://www.flickr.com/photos/treebeard/8230191157/	https://live.staticflickr.com/8349/8230191157_9dbe511fab_b.jpg	https://live.staticflickr.com/8349/8230191157_9dbe511fab_q.jpg	Different Russula mushroom - maybe Russula bicolor?	Treebeard	All Rights Reserved	125	
8116	75130eff-1b4d-4ca3-b633-bdf3dcce4a25	404	https://symbiota.ccber.ucsb.edu/kummel/2026/8230247807.jpg	8230247807.jpg	8230247807	yes	200	https://www.flickr.com/photos/treebeard/8230247807/	https://live.staticflickr.com/8067/8230247807_582d15a4f8_c.jpg	https://live.staticflickr.com/8067/8230247807_582d15a4f8_q.jpg	"Handsome ""Bolete"" (family Boletaceae) mushroom in the Oregon woods"	Treebeard	All Rights Reserved	125	
8117	201bb18c-e0d1-49bd-a391-f869e485f3e2	404	https://symbiota.ccber.ucsb.edu/kummel/2026/8230328761.jpg	8230328761.jpg	8230328761	yes	200	https://www.flickr.com/photos/treebeard/8230328761/	https://live.staticflickr.com/8343/8230328761_d6e4c8f246_b.jpg	https://live.staticflickr.com/8343/8230328761_d6e4c8f246_q.jpg	Amethyst Laccaria (Laccaria amethystina) mushrooms in the Oregon woods	Treebeard	All Rights Reserved	113	
8118	4b2b2f14-812f-4008-bbb3-67304d36481e	404	https://symbiota.ccber.ucsb.edu/kummel/2026/8231209270.jpg	8231209270.jpg	8231209270	yes	200	https://www.flickr.com/photos/treebeard/8231209270/	https://live.staticflickr.com/8061/8231209270_4a25c5fcd6_c.jpg	https://live.staticflickr.com/8061/8231209270_4a25c5fcd6_q.jpg	Russula mushroom in the Oregon woods - maybe the Shrimp Mushroom (Russula xerampelina)?	Treebeard	All Rights Reserved	122	
8119	d81d5b9f-16d0-486f-85f1-70547d9264f8	404	https://symbiota.ccber.ucsb.edu/kummel/2026/8231355466.jpg	8231355466.jpg	8231355466	yes	200	https://www.flickr.com/photos/treebeard/8231355466/	https://live.staticflickr.com/8340/8231355466_00aea5b9ef_c.jpg	https://live.staticflickr.com/8340/8231355466_00aea5b9ef_q.jpg	"Maybe the ""Lackluster Laccaria"" (Laccaria laccata) mushrooms"	Treebeard	All Rights Reserved	119	
8120	801556b6-8b90-49b6-b38b-c85cd6e7e6c2	404	https://symbiota.ccber.ucsb.edu/kummel/2026/8231421298.jpg	8231421298.jpg	8231421298	yes	200	https://www.flickr.com/photos/treebeard/8231421298/	https://live.staticflickr.com/8202/8231421298_abd53c4121_c.jpg	https://live.staticflickr.com/8202/8231421298_abd53c4121_q.jpg	Violet Cortinarius (Cortinarius violaceus) mushroom in the Oregon woods	Treebeard	All Rights Reserved	113	
8121	0658f13d-f12a-4c38-a4c5-cad43fd84581	404	https://symbiota.ccber.ucsb.edu/kummel/2026/8231446134.jpg	8231446134.jpg	8231446134	yes	200	https://www.flickr.com/photos/treebeard/8231446134/	https://live.staticflickr.com/8486/8231446134_1a011af793_c.jpg	https://live.staticflickr.com/8486/8231446134_1a011af793_q.jpg	Surprisingly beautiful Witch's Hat (Hygrocybe conica aka Hygrophorus conicus) mushrooms in the Oregon woods	Treebeard	All Rights Reserved	123	
8122	b03fd4d3-26cb-4248-9fe0-6a4bf614256a	404	https://symbiota.ccber.ucsb.edu/kummel/2026/8231484916.jpg	8231484916.jpg	8231484916	yes	200	https://www.flickr.com/photos/treebeard/8231484916/	https://live.staticflickr.com/8480/8231484916_0d30a7eb27_b.jpg	https://live.staticflickr.com/8480/8231484916_0d30a7eb27_q.jpg	"""Questionable Stropharia"" (Stropharia ambigua) mushrooms in the Oregon woods"	Treebeard	All Rights Reserved	130	
8123	0d625a2e-ab8f-41fa-992c-3ae2a6157eff	404	https://symbiota.ccber.ucsb.edu/kummel/2026/8232621317.jpg	8232621317.jpg	8232621317	yes	200	https://www.flickr.com/photos/treebeard/8232621317/	https://live.staticflickr.com/8068/8232621317_57c1a5ba55_b.jpg	https://live.staticflickr.com/8068/8232621317_57c1a5ba55_q.jpg	Neat little Puffball mushrooms - probably the Common Puffball (Lycoperdon perlatum) or kin	Treebeard	All Rights Reserved	128	
8124	1a1e5cdb-0930-4b0b-ac59-65b3865ec40d	404	https://symbiota.ccber.ucsb.edu/kummel/2026/8232700585.jpg	8232700585.jpg	8232700585	yes	200	https://www.flickr.com/photos/treebeard/8232700585/	https://live.staticflickr.com/8209/8232700585_c0b39fa42c_c.jpg	https://live.staticflickr.com/8209/8232700585_c0b39fa42c_q.jpg	Vase-shaped Scaly Canterelle (Gomphus floccosus or kin) mushroom - not edible?	Treebeard	All Rights Reserved	134	
8125	3daec5f8-b6fc-4c34-ad7b-2444d6b6d290	404	https://symbiota.ccber.ucsb.edu/kummel/2026/8232740619.jpg	8232740619.jpg	8232740619	yes	200	https://www.flickr.com/photos/treebeard/8232740619/	https://live.staticflickr.com/8482/8232740619_e56f9c1667_c.jpg	https://live.staticflickr.com/8482/8232740619_e56f9c1667_q.jpg	Truncate Club Coral (Clavariadelphus truncatus) mushroom - like a Chanterelle without gills	Treebeard	All Rights Reserved	143	
8126	bd5b794a-4dc3-4e1b-be58-3391df708c3c	404	https://symbiota.ccber.ucsb.edu/kummel/2026/8232874587.jpg	8232874587.jpg	8232874587	yes	200	https://www.flickr.com/photos/treebeard/8232874587/	https://live.staticflickr.com/8197/8232874587_71c701710a_c.jpg	https://live.staticflickr.com/8197/8232874587_71c701710a_q.jpg	Shaggy-Stalked Parasol (Lepiota clypeolaria or kin) mushrooms in the Oregon woods	Treebeard	All Rights Reserved	134	
8127	b2a9a129-0649-4984-9d19-2c89fe4fdb3f	404	https://symbiota.ccber.ucsb.edu/kummel/2026/8232885149.jpg	8232885149.jpg	8232885149	yes	200	https://www.flickr.com/photos/treebeard/8232885149/	https://live.staticflickr.com/8478/8232885149_3c9d58c279_c.jpg	https://live.staticflickr.com/8478/8232885149_3c9d58c279_q.jpg	Amanita sect. Vaginatae mushrooms - maybe the Grisette (Amanita vaginata)?	Treebeard	All Rights Reserved	130	
8128	891c59b7-1360-4260-8791-f507dbf47844	404	https://symbiota.ccber.ucsb.edu/kummel/2026/8233844252.jpg	8233844252.jpg	8233844252	yes	200	https://www.flickr.com/photos/treebeard/8233844252/	https://live.staticflickr.com/8059/8233844252_c8808f994c_c.jpg	https://live.staticflickr.com/8059/8233844252_c8808f994c_q.jpg	White Chanterelle (Cantherellus subalbidus) mushroom - edible and delicious	Treebeard	All Rights Reserved	125	
8129	73bce801-2e43-4db5-afc2-0b22f1f3d521	404	https://symbiota.ccber.ucsb.edu/kummel/2026/8233879552.jpg	8233879552.jpg	8233879552	yes	200	https://www.flickr.com/photos/treebeard/8233879552/	https://live.staticflickr.com/8204/8233879552_f4d308583e_b.jpg	https://live.staticflickr.com/8204/8233879552_f4d308583e_q.jpg	Corn Silk Inocybe (Inocybe sororia or kin) mushrooms in the Oregon woods	Treebeard	All Rights Reserved	121	
8130	5eb80497-4164-40af-b235-3221f4fe3202	404	https://symbiota.ccber.ucsb.edu/kummel/2026/8234009616.jpg	8234009616.jpg	8234009616	yes	200	https://www.flickr.com/photos/treebeard/8234009616/	https://live.staticflickr.com/8059/8234009616_aa5fbc225e_b.jpg	https://live.staticflickr.com/8059/8234009616_aa5fbc225e_q.jpg	Coccora (Amanita calyptrata) mushroom in the Oregon woods	Treebeard	All Rights Reserved	120	
8131	35e0e358-a49d-426e-9fc8-1d434f4f3aaf	404	https://symbiota.ccber.ucsb.edu/kummel/2026/8235580793.jpg	8235580793.jpg	8235580793	yes	200	https://www.flickr.com/photos/treebeard/8235580793/	https://live.staticflickr.com/8477/8235580793_5898acdf4c_c.jpg	https://live.staticflickr.com/8477/8235580793_5898acdf4c_q.jpg	Amanita sect. Vaginatae mushroom - maybe the Grisette (Amanita vaginata)?	Treebeard	All Rights Reserved	131	
8132	aff443f4-f0fe-42d0-959b-8e474375947f	404	https://symbiota.ccber.ucsb.edu/kummel/2026/8235643597.jpg	8235643597.jpg	8235643597	yes	200	https://www.flickr.com/photos/treebeard/8235643597/	https://live.staticflickr.com/8343/8235643597_9c8fbc7f87_b.jpg	https://live.staticflickr.com/8343/8235643597_9c8fbc7f87_q.jpg	Not puffball fungi, but Slime Molds (Myxomycetes or Myxogastria), maybe the species Lycogala epidendrum	Treebeard	All Rights Reserved	131	
8133	46c172c1-780c-47b9-b420-31ff39a1af86	404	https://symbiota.ccber.ucsb.edu/kummel/2026/8235726849.jpg	8235726849.jpg	8235726849	yes	200	https://www.flickr.com/photos/treebeard/8235726849/	https://live.staticflickr.com/8209/8235726849_90ddb633b1_b.jpg	https://live.staticflickr.com/8209/8235726849_90ddb633b1_q.jpg	Bolete-type mushrooms (Boletaceae) - maybe the Western Painted Suillus (Suillus lakei)?	Treebeard	All Rights Reserved	127	
8134	f4ea606e-dabb-4793-b7bc-401caa10f479	404	https://symbiota.ccber.ucsb.edu/kummel/2026/8235921903.jpg	8235921903.jpg	8235921903	yes	200	https://www.flickr.com/photos/treebeard/8235921903/	https://live.staticflickr.com/8064/8235921903_3d4989cfa6_b.jpg	https://live.staticflickr.com/8064/8235921903_3d4989cfa6_q.jpg	Looks like a Russula mushroom - maybe Russula albidula? - but also looks like Tricholoma pardinum	Treebeard	All Rights Reserved	122	
8135	d233428c-f44d-419e-9c35-5dd473dddc05	404	https://symbiota.ccber.ucsb.edu/kummel/2026/8236753474.jpg	8236753474.jpg	8236753474	yes	200	https://www.flickr.com/photos/treebeard/8236753474/	https://live.staticflickr.com/8485/8236753474_f0f3ea2195_b.jpg	https://live.staticflickr.com/8485/8236753474_f0f3ea2195_q.jpg	"Some kind of Polypore (Polyporaceae) ""bracket fungus"" growing on fallen Douglas Fir (Pseudotsuga menziesii) tree"	Treebeard	All Rights Reserved	120	
8136	d42303d1-d368-40f1-b072-c606ed8acae3	404	https://symbiota.ccber.ucsb.edu/kummel/2026/8236913802.jpg	8236913802.jpg	8236913802	yes	200	https://www.flickr.com/photos/treebeard/8236913802/	https://live.staticflickr.com/8477/8236913802_73708dea02_b.jpg	https://live.staticflickr.com/8477/8236913802_73708dea02_q.jpg	Maybe the Tiger Tricholoma (Tricholoma pardinum) or kin mushroom in the Oregon woods	Treebeard	All Rights Reserved	121	
8137	1003e092-c6da-4be0-b289-fe63f591777b	404	https://symbiota.ccber.ucsb.edu/kummel/2026/8237016858.jpg	8237016858.jpg	8237016858	yes	200	https://www.flickr.com/photos/treebeard/8237016858/	https://live.staticflickr.com/8490/8237016858_ef3108bd23_b.jpg	https://live.staticflickr.com/8490/8237016858_ef3108bd23_q.jpg	Honey Mushrooms (Armillariella mellea) on the stump of a Coast Live Oak (Quercus agrifolia, Fagaceae) tree	Treebeard	All Rights Reserved	119	
8138	72dba5b6-942a-4157-a6bb-1b4fbaf61819	404	https://symbiota.ccber.ucsb.edu/kummel/2026/8238947095.jpg	8238947095.jpg	8238947095	yes	200	https://www.flickr.com/photos/treebeard/8238947095/	https://live.staticflickr.com/8348/8238947095_815fbbbe59_b.jpg	https://live.staticflickr.com/8348/8238947095_815fbbbe59_q.jpg	Oregon mushroom woods - Bigleaf Maple, Douglas Fir, Western Hemlock, and lots more	Treebeard	All Rights Reserved	128	
8139	57a9c984-a6dc-4467-be36-ac142c67f716	404	https://symbiota.ccber.ucsb.edu/kummel/2026/8239012511.jpg	8239012511.jpg	8239012511	yes	200	https://www.flickr.com/photos/treebeard/8239012511/	https://live.staticflickr.com/8339/8239012511_899db0205d_b.jpg	https://live.staticflickr.com/8339/8239012511_899db0205d_q.jpg	"""Resurrection ferns"" - maybe Polypodium vulgare (Polypodiaceae) in the Oregon woods"	Treebeard	All Rights Reserved	126	
8140	fadf49f9-7584-4903-a800-79dc7422299c	404	https://symbiota.ccber.ucsb.edu/kummel/2026/8239099037.jpg	8239099037.jpg	8239099037	yes	200	https://www.flickr.com/photos/treebeard/8239099037/	https://live.staticflickr.com/8068/8239099037_cebf7d223b_b.jpg	https://live.staticflickr.com/8068/8239099037_cebf7d223b_q.jpg	British Soldier Lichens (Cladonia cristatella or kin) and Mosses in the Oregon woods	Treebeard	All Rights Reserved	124	
8141	2cc36b1b-4d87-4d86-93dc-6080261bdf84	404	https://symbiota.ccber.ucsb.edu/kummel/2026/8239135607.jpg	8239135607.jpg	8239135607	yes	200	https://www.flickr.com/photos/treebeard/8239135607/	https://live.staticflickr.com/8063/8239135607_4f88ec7c85_b.jpg	https://live.staticflickr.com/8063/8239135607_4f88ec7c85_q.jpg	Apothecia of Membranous Felt Lichen aka Membranous Dog-lichen (Peltigera membranacea)	Treebeard	All Rights Reserved	116	
8142	13bc0627-a0c0-4f0e-b277-f1ef045f05d8	404	https://symbiota.ccber.ucsb.edu/kummel/2026/8239512143.jpg	8239512143.jpg	8239512143	yes	200	https://www.flickr.com/photos/treebeard/8239512143/	https://live.staticflickr.com/8063/8239512143_f0ed17effb_c.jpg	https://live.staticflickr.com/8063/8239512143_f0ed17effb_q.jpg	Beautiful and unusual native terrestrial Land Snail (Gastropoda), maybe genus Helminthoglypta - taking a dump	Treebeard	All Rights Reserved	109	
8143	d0616103-91f5-43a0-9549-850ee24e121b	404	https://symbiota.ccber.ucsb.edu/kummel/2026/8240145650.jpg	8240145650.jpg	8240145650	yes	200	https://www.flickr.com/photos/treebeard/8240145650/	https://live.staticflickr.com/8342/8240145650_74dd767d43_b.jpg	https://live.staticflickr.com/8342/8240145650_74dd767d43_q.jpg	Leathery Grape Fern (Botrychium multifidum, Opioglossaceae) in the Oregon woods	Treebeard	All Rights Reserved	122	
8144	8ec67e5b-2f75-468f-b111-cd1c64386f1b	404	https://symbiota.ccber.ucsb.edu/kummel/2026/8240458576.jpg	8240458576.jpg	8240458576	yes	200	https://www.flickr.com/photos/treebeard/8240458576/	https://live.staticflickr.com/8479/8240458576_d94fe8d0d0_b.jpg	https://live.staticflickr.com/8479/8240458576_d94fe8d0d0_q.jpg	"""Ping Pong Galls"" of the Speckled Gall Wasp (Besbicus mirabilis, Cynipidae, Hymenoptera) on a fallen leaf of Oregon White Oak (Quercus garryana, Fagaceae)"	Treebeard	All Rights Reserved	123	
8145	46569986-73a3-444f-a85a-afc9ab7b6806	404	https://symbiota.ccber.ucsb.edu/kummel/2026/8240496166.jpg	8240496166.jpg	8240496166	yes	200	https://www.flickr.com/photos/treebeard/8240496166/	https://live.staticflickr.com/8203/8240496166_552590a0d2_b.jpg	https://live.staticflickr.com/8203/8240496166_552590a0d2_q.jpg	Oregon version of a Pacific Banana Slug (Ariolimax columbianus, Gastropoda, Mollusca)	Treebeard	All Rights Reserved	121	
8146	85d9a160-3328-48ce-b76e-16dc0d0e9f2c	404	https://symbiota.ccber.ucsb.edu/kummel/2026/8242355229.jpg	8242355229.jpg	8242355229	yes	200	https://www.flickr.com/photos/treebeard/8242355229/	https://live.staticflickr.com/8482/8242355229_88c74d27ba_b.jpg	https://live.staticflickr.com/8482/8242355229_88c74d27ba_q.jpg	Mystery mushroom on a tree trunk - sure is pretty!	Treebeard	All Rights Reserved	117	
8147	6ad01777-af55-4dd4-b49a-6a14e4108558	404	https://symbiota.ccber.ucsb.edu/kummel/2026/8242438579.jpg	8242438579.jpg	8242438579	yes	200	https://www.flickr.com/photos/treebeard/8242438579/	https://live.staticflickr.com/8061/8242438579_16d041ed6d_c.jpg	https://live.staticflickr.com/8061/8242438579_16d041ed6d_q.jpg	Odd colony of Slime Molds (Myxomycetes or Myxogastria) growing on an oak leaf	Treebeard	All Rights Reserved	126	
8148	59f0d306-882c-4260-9d14-6800ce20f968	404	https://symbiota.ccber.ucsb.edu/kummel/2026/8243252524.jpg	8243252524.jpg	8243252524	yes	200	https://www.flickr.com/photos/treebeard/8243252524/	https://live.staticflickr.com/8064/8243252524_30c1f712f8_b.jpg	https://live.staticflickr.com/8064/8243252524_30c1f712f8_q.jpg	Oregon Lung Lobaria aka Lettuce Lichen (Lobaria oregana) lichen	Treebeard	All Rights Reserved	116	
8149	7f5ce3c1-352c-4eec-9640-5ec292134bc1	404	https://symbiota.ccber.ucsb.edu/kummel/2026/8243357726.jpg	8243357726.jpg	8243357726	yes	200	https://www.flickr.com/photos/treebeard/8243357726/	https://live.staticflickr.com/8345/8243357726_4898da245d_c.jpg	https://live.staticflickr.com/8345/8243357726_4898da245d_q.jpg	Handsome and edible Shaggy Mane (Coprinus comatus) mushrooms on our driveway	Treebeard	All Rights Reserved	118	
8150	687b1099-4a2b-4e92-905a-9fe4a9feb9d8	404	https://symbiota.ccber.ucsb.edu/kummel/2026/8243384770.jpg	8243384770.jpg	8243384770	yes	200	https://www.flickr.com/photos/treebeard/8243384770/	https://live.staticflickr.com/8337/8243384770_2c166580de_c.jpg	https://live.staticflickr.com/8337/8243384770_2c166580de_q.jpg	Pale yellow mushrooms growing on a fallen tree - Sulfur Tuft aka Clustered Woodlover (Naematoloma fasciculare) or kin mushrooms?	Treebeard	All Rights Reserved	115	
8151	14d9ed11-3d35-47a3-a0a3-c08f64bf75c2	404	https://symbiota.ccber.ucsb.edu/kummel/2026/8245203043.jpg	8245203043.jpg	8245203043	yes	200	https://www.flickr.com/photos/treebeard/8245203043/	https://live.staticflickr.com/8483/8245203043_d03a7cbb13_c.jpg	https://live.staticflickr.com/8483/8245203043_d03a7cbb13_q.jpg	Colony of Slime Molds (Myxomycetes or Myxogastria) on an oak leaf - maybe Diderma effusum	Treebeard	All Rights Reserved	118	
8152	715d45e4-0e7f-4d5a-82d3-b492f94780fa	404	https://symbiota.ccber.ucsb.edu/kummel/2026/8245235077.jpg	8245235077.jpg	8245235077	yes	200	https://www.flickr.com/photos/treebeard/8245235077/	https://live.staticflickr.com/8201/8245235077_a43fa51f46_b.jpg	https://live.staticflickr.com/8201/8245235077_a43fa51f46_q.jpg	Plasmodia of Slime Molds (Myxomycetes or Myxogastria) becoming gray fruiting bodies - maybe Diderma effusum	Treebeard	All Rights Reserved	115	
8153	bf634fef-7592-4ca2-bc47-c2b009cf66ec	404	https://symbiota.ccber.ucsb.edu/kummel/2026/8245284999.jpg	8245284999.jpg	8245284999	yes	200	https://www.flickr.com/photos/treebeard/8245284999/	https://live.staticflickr.com/8202/8245284999_0a196439fa_b.jpg	https://live.staticflickr.com/8202/8245284999_0a196439fa_q.jpg	Crown of white plasmodia of Slime Molds (Myxomycetes or Myxogastria) on a fallen leaf - maybe Diderma effusum	Treebeard	All Rights Reserved	122	
8154	dca5a2bb-256b-4dbc-a5e4-a72ac402a30d	404	https://symbiota.ccber.ucsb.edu/kummel/2026/8245395939.jpg	8245395939.jpg	8245395939	yes	200	https://www.flickr.com/photos/treebeard/8245395939/	https://live.staticflickr.com/8203/8245395939_af58bcae6f_b.jpg	https://live.staticflickr.com/8203/8245395939_af58bcae6f_q.jpg	Beautiful cluster of plasmodia of Slime Molds (Myxomycetes or Myxogastria) - maybe Physarella oblongata	Treebeard	All Rights Reserved	119	
8155	6dd8738f-b4f9-4b20-970e-975c49127282	404	https://symbiota.ccber.ucsb.edu/kummel/2026/8246231478.jpg	8246231478.jpg	8246231478	yes	200	https://www.flickr.com/photos/treebeard/8246231478/	https://live.staticflickr.com/8483/8246231478_24580d2ded_c.jpg	https://live.staticflickr.com/8483/8246231478_24580d2ded_q.jpg	Beautiful spiral shell of a native terrestrial Land Snail (Gastropoda)	Treebeard	All Rights Reserved	127	
8156	b07d6e04-f007-46a9-b531-1d2fa7839cf8	404	https://symbiota.ccber.ucsb.edu/kummel/2026/8246390668.jpg	8246390668.jpg	8246390668	yes	200	https://www.flickr.com/photos/treebeard/8246390668/	https://live.staticflickr.com/8063/8246390668_24cfd0fe2d_c.jpg	https://live.staticflickr.com/8063/8246390668_24cfd0fe2d_q.jpg	Fallen leaf covered with white plasmodia of Slime Molds (Myxomycetes or Myxogastria) - maybe Diderma effusum	Treebeard	All Rights Reserved	118	
8157	ac73487b-58b4-4224-9547-046047582194	404	https://symbiota.ccber.ucsb.edu/kummel/2026/8246414146.jpg	8246414146.jpg	8246414146	yes	200	https://www.flickr.com/photos/treebeard/8246414146/	https://live.staticflickr.com/8061/8246414146_212a51554a_b.jpg	https://live.staticflickr.com/8061/8246414146_212a51554a_q.jpg	Beautiful cluster of plasmodia of Slime Molds (Myxomycetes or Myxogastria) - maybe Physarella oblongata	Treebeard	All Rights Reserved	120	
8158	2922b20e-bc8b-43f8-9c4b-0a1464e84920	404	https://symbiota.ccber.ucsb.edu/kummel/2026/8246481348.jpg	8246481348.jpg	8246481348	yes	200	https://www.flickr.com/photos/treebeard/8246481348/	https://live.staticflickr.com/8061/8246481348_710db13abe_c.jpg	https://live.staticflickr.com/8061/8246481348_710db13abe_q.jpg	Large hand-sized Pacific Banana Slug (Ariolimax columbianus - or is it Ariolimax californicus?)	Treebeard	All Rights Reserved	123	
8159	dc56b310-785b-4d28-a7fb-573933734a02	404	https://symbiota.ccber.ucsb.edu/kummel/2026/8247753051.jpg	8247753051.jpg	8247753051	yes	200	https://www.flickr.com/photos/treebeard/8247753051/	https://live.staticflickr.com/8488/8247753051_fd8f5119ff_c.jpg	https://live.staticflickr.com/8488/8247753051_fd8f5119ff_q.jpg	Mushrooms in the garden - Rufous Candy Cap (Lactarius rufulus)	Treebeard	All Rights Reserved	123	
8160	d5c6a7fa-2159-43a1-85b4-d39df9cdd37f	404	https://symbiota.ccber.ucsb.edu/kummel/2026/8247770193.jpg	8247770193.jpg	8247770193	yes	200	https://www.flickr.com/photos/treebeard/8247770193/	https://live.staticflickr.com/8337/8247770193_9f08157fdb_b.jpg	https://live.staticflickr.com/8337/8247770193_9f08157fdb_q.jpg	Heart-shaped Lentinellus ursinus mushroom in the Tricholomataceae on a fallen branch of Coast Live Oak (Quercus agrifolia, Fagaceae)	Treebeard	All Rights Reserved	116	
8161	5c0a0310-eea5-429e-b35b-ff8be16bc146	404	https://symbiota.ccber.ucsb.edu/kummel/2026/8247808917.jpg	8247808917.jpg	8247808917	yes	200	https://www.flickr.com/photos/treebeard/8247808917/	https://live.staticflickr.com/8063/8247808917_bd2fc5c255_b.jpg	https://live.staticflickr.com/8063/8247808917_bd2fc5c255_q.jpg	Oak-Loving Collybia (Collybia dryophila) mushrooms under Coast Live Oak (Quercus agrifolia, Fagaceae)	Treebeard	All Rights Reserved	125	
8162	c0afb0a5-a086-4bd2-b0ec-ff7da06872bd	404	https://symbiota.ccber.ucsb.edu/kummel/2026/8247854987.jpg	8247854987.jpg	8247854987	yes	200	https://www.flickr.com/photos/treebeard/8247854987/	https://live.staticflickr.com/8350/8247854987_c49daa1c72_c.jpg	https://live.staticflickr.com/8350/8247854987_c49daa1c72_q.jpg	Candlesnuff Fungus (Xylaria hypoxylon or kin) - with raindrops	Treebeard	All Rights Reserved	119	
8163	050e1faf-693f-46c2-9408-d1b07b708324	404	https://symbiota.ccber.ucsb.edu/kummel/2026/8247875403.jpg	8247875403.jpg	8247875403	yes	200	https://www.flickr.com/photos/treebeard/8247875403/	https://live.staticflickr.com/8484/8247875403_2da35684b4_b.jpg	https://live.staticflickr.com/8484/8247875403_2da35684b4_q.jpg	Rather small Pacific Banana Slug (Ariolimax columbianus - or Ariolimax californicus?) crawling over an oak leaf	Treebeard	All Rights Reserved	118	
8164	312bb24d-69ce-48ed-ba82-af330e588ac5	404	https://symbiota.ccber.ucsb.edu/kummel/2026/8247912811.jpg	8247912811.jpg	8247912811	yes	200	https://www.flickr.com/photos/treebeard/8247912811/	https://live.staticflickr.com/8339/8247912811_f0b25f5d05_c.jpg	https://live.staticflickr.com/8339/8247912811_f0b25f5d05_q.jpg	The yellow Slime Molds (Myxomycetes or Myxogastria) I photographed yesterday - a day later	Treebeard	All Rights Reserved	120	
8165	a6705bc8-9b38-45a2-b506-2e60be623d3f	404	https://symbiota.ccber.ucsb.edu/kummel/2026/8247957611.jpg	8247957611.jpg	8247957611	yes	200	https://www.flickr.com/photos/treebeard/8247957611/	https://live.staticflickr.com/8478/8247957611_50e197efcb_b.jpg	https://live.staticflickr.com/8478/8247957611_50e197efcb_q.jpg	Beautiful plasmodia of Slime Molds (Myxomycetes or Myxogastria) - maybe Physarella oblongata	Treebeard	All Rights Reserved	119	
8166	1bb10b9e-6a09-4c18-a254-08d58e9f180a	404	https://symbiota.ccber.ucsb.edu/kummel/2026/8249047608.jpg	8249047608.jpg	8249047608	yes	200	https://www.flickr.com/photos/treebeard/8249047608/	https://live.staticflickr.com/8200/8249047608_2a08585bf9_c.jpg	https://live.staticflickr.com/8200/8249047608_2a08585bf9_q.jpg	Honey Mushrooms (Armillariella mellea) have become a mass of maggots of Drosophilid Flies (Drosophilidae, Diptera)	Treebeard	All Rights Reserved	115	
8167	56c8e757-eded-429a-8965-e8c097061d3c	404	https://symbiota.ccber.ucsb.edu/kummel/2026/8250438383.jpg	8250438383.jpg	8250438383	yes	200	https://www.flickr.com/photos/treebeard/8250438383/	https://live.staticflickr.com/8059/8250438383_135266456c_b.jpg	https://live.staticflickr.com/8059/8250438383_135266456c_q.jpg	Large, satisfying Cortinarius mushroom in the woods today - maybe Cortinarius regalis?	Treebeard	All Rights Reserved	133	
8168	b3608c2e-1050-4357-b6cd-e30c2dcb6eb2	404	https://symbiota.ccber.ucsb.edu/kummel/2026/8250491129.jpg	8250491129.jpg	8250491129	yes	200	https://www.flickr.com/photos/treebeard/8250491129/	https://live.staticflickr.com/8207/8250491129_52f442e794_b.jpg	https://live.staticflickr.com/8207/8250491129_52f442e794_q.jpg	Agaricus mushrooms with grass-like Roundfruit Sedge (Carex globosa, Cyperaceae) - maybe Agaricus hondensis, yech!	Treebeard	All Rights Reserved	116	
8169	cce2a53a-8962-4911-adaf-c135a4812cb4	404	https://symbiota.ccber.ucsb.edu/kummel/2026/8250552931.jpg	8250552931.jpg	8250552931	yes	200	https://www.flickr.com/photos/treebeard/8250552931/	https://live.staticflickr.com/8199/8250552931_4f20d8b0ee_b.jpg	https://live.staticflickr.com/8199/8250552931_4f20d8b0ee_q.jpg	Mycena acicula mushrooms on oak wood - only a millimeter or two across	Treebeard	All Rights Reserved	125	
8170	3f0ee524-815d-4ab9-b669-009f7612f315	404	https://symbiota.ccber.ucsb.edu/kummel/2026/8250633345.jpg	8250633345.jpg	8250633345	yes	200	https://www.flickr.com/photos/treebeard/8250633345/	https://live.staticflickr.com/8199/8250633345_08dcb8cbb0_c.jpg	https://live.staticflickr.com/8199/8250633345_08dcb8cbb0_q.jpg	Ripening fruiting bodies of a Stemonitis slime mold (Myxomycetes or Myxogastria) on a fallen Coast Live Oak (Quercus agrifolia, Fagaceae) tree	Treebeard	All Rights Reserved	123	
8171	1593054e-3b60-4594-a249-e6a771a04b27	404	https://symbiota.ccber.ucsb.edu/kummel/2026/8250650539.jpg	8250650539.jpg	8250650539	yes	200	https://www.flickr.com/photos/treebeard/8250650539/	https://live.staticflickr.com/8338/8250650539_ae6e0eccc5_b.jpg	https://live.staticflickr.com/8338/8250650539_ae6e0eccc5_q.jpg	Neat sporangia of a genus Physarum slime mold, and maybe a Stemonitis plasmodium in the upper right?	Treebeard	All Rights Reserved	126	
8172	06196db5-a6b5-4b68-9443-96b00ccc58af	404	https://symbiota.ccber.ucsb.edu/kummel/2026/8251653088.jpg	8251653088.jpg	8251653088	yes	200	https://www.flickr.com/photos/treebeard/8251653088/	https://live.staticflickr.com/8207/8251653088_818593af1d_c.jpg	https://live.staticflickr.com/8207/8251653088_818593af1d_q.jpg	Lycogala epidendrum slime molds on a fallen Coast Live Oak (Quercus agrifolia, Fagaceae)	Treebeard	All Rights Reserved	123	
8173	949f3ff3-12ef-4473-8855-e79583f4bbcb	404	https://symbiota.ccber.ucsb.edu/kummel/2026/8251672572.jpg	8251672572.jpg	8251672572	yes	200	https://www.flickr.com/photos/treebeard/8251672572/	https://live.staticflickr.com/8485/8251672572_b679433863_b.jpg	https://live.staticflickr.com/8485/8251672572_b679433863_q.jpg	Odd fruiting bodies of a Stemonitis slime mold (Myxomycetes or Myxogastria) on a fallen Coast Live Oak (Quercus agrifolia, Fagaceae) tree	Treebeard	All Rights Reserved	124	
8174	91ebc4d2-c86f-4610-a377-4fb67b6efb35	404	https://symbiota.ccber.ucsb.edu/kummel/2026/8251761646.jpg	8251761646.jpg	8251761646	yes	200	https://www.flickr.com/photos/treebeard/8251761646/	https://live.staticflickr.com/8486/8251761646_1f9142bf33_b.jpg	https://live.staticflickr.com/8486/8251761646_1f9142bf33_q.jpg	Tiny sporangia of a Physarum slime mold (Myxomycetes or Myxogastria) on a fallen Coast Live Oak (Quercus agrifolia, Fagaceae)	Treebeard	All Rights Reserved	115	
8175	3d85c6d5-76d1-4a6c-86b6-6efb44fc1681	404	https://symbiota.ccber.ucsb.edu/kummel/2026/8253004093.jpg	8253004093.jpg	8253004093	yes	200	https://www.flickr.com/photos/treebeard/8253004093/	https://live.staticflickr.com/8355/8253004093_201cced620_c.jpg	https://live.staticflickr.com/8355/8253004093_201cced620_q.jpg	Some kind of white Hygrophorus mushroom in the woods, growing on dead wood	Treebeard	All Rights Reserved	122	
8176	a6d63c9f-e497-4a0d-8a47-579e8592556e	404	https://symbiota.ccber.ucsb.edu/kummel/2026/8254036744.jpg	8254036744.jpg	8254036744	yes	200	https://www.flickr.com/photos/treebeard/8254036744/	https://live.staticflickr.com/8218/8254036744_0dbcdd52e9_b.jpg	https://live.staticflickr.com/8218/8254036744_0dbcdd52e9_q.jpg	Psathyrella longipesor kin mushrooms in the dark-spored Coprinaceae family	Treebeard	All Rights Reserved	114	
8177	f369e96e-3139-4a6f-9bfd-e261cde93e9d	404	https://symbiota.ccber.ucsb.edu/kummel/2026/8254102968.jpg	8254102968.jpg	8254102968	yes	200	https://www.flickr.com/photos/treebeard/8254102968/	https://live.staticflickr.com/8340/8254102968_ca33c0136f_c.jpg	https://live.staticflickr.com/8340/8254102968_ca33c0136f_q.jpg	Some kind of Psathyrella mushrooms in the dark-spored Coprinaceae family	Treebeard	All Rights Reserved	126	
8178	46ef0ebe-c1b5-431f-a9c8-548caebb51bb	404	https://symbiota.ccber.ucsb.edu/kummel/2026/8254134502.jpg	8254134502.jpg	8254134502	yes	200	https://www.flickr.com/photos/treebeard/8254134502/	https://live.staticflickr.com/8498/8254134502_9aba429318_c.jpg	https://live.staticflickr.com/8498/8254134502_9aba429318_q.jpg	Tiny lime-encrusted sporangia Physarum slime molds (Myxomycetes or Myxogastria) on native California Brome (Bromus carinatus, Poaceae) grass	Treebeard	All Rights Reserved	116	
8179	36545fd1-fc26-4c7e-964a-1df14a4ef463	404	https://symbiota.ccber.ucsb.edu/kummel/2026/8254185426.jpg	8254185426.jpg	8254185426	yes	200	https://www.flickr.com/photos/treebeard/8254185426/	https://live.staticflickr.com/8069/8254185426_75e54a81bd_c.jpg	https://live.staticflickr.com/8069/8254185426_75e54a81bd_q.jpg	Electric white growth of a fungus growing over a leaf of Coast Live Oak (Quercus agrifolia, Fagaceae)	Treebeard	All Rights Reserved	120	
8180	df07248b-8284-446a-96ca-ffd6d29fa28c	404	https://symbiota.ccber.ucsb.edu/kummel/2026/8254214516.jpg	8254214516.jpg	8254214516	yes	200	https://www.flickr.com/photos/treebeard/8254214516/	https://live.staticflickr.com/8203/8254214516_4c8631c082_c.jpg	https://live.staticflickr.com/8203/8254214516_4c8631c082_q.jpg	"Micro-world of tiny Fairy Hair (Macrotyphula juncea) ""mushrooms"" growing from oak leaves"	Treebeard	All Rights Reserved	117	
8181	6e454f51-d1cd-46c1-b522-dc2039f7c90a	404	https://symbiota.ccber.ucsb.edu/kummel/2026/8255611689.jpg	8255611689.jpg	8255611689	yes	200	https://www.flickr.com/photos/treebeard/8255611689/	https://live.staticflickr.com/8212/8255611689_fd74225c26_b.jpg	https://live.staticflickr.com/8212/8255611689_fd74225c26_q.jpg	Tiny mushroom in the woods on Coast Live Oak (Quercus agrifolia) leaf	Treebeard	All Rights Reserved	126	
8182	bdcbfb8e-3ace-423c-940c-0f60460abccc	404	https://symbiota.ccber.ucsb.edu/kummel/2026/8255629787.jpg	8255629787.jpg	8255629787	yes	200	https://www.flickr.com/photos/treebeard/8255629787/	https://live.staticflickr.com/8210/8255629787_55bed0eabe_b.jpg	https://live.staticflickr.com/8210/8255629787_55bed0eabe_q.jpg	Slime Mold (Myxomycetes or Myxogastria) sporangia on fallen leaves of Coast Live Oak (Quercus agrifolia)	Treebeard	All Rights Reserved	119	
8183	a09f985d-cc4f-4ee5-9f18-a6a1699742c4	404	https://symbiota.ccber.ucsb.edu/kummel/2026/8255704309.jpg	8255704309.jpg	8255704309	yes	200	https://www.flickr.com/photos/treebeard/8255704309/	https://live.staticflickr.com/8362/8255704309_32010fed0b_b.jpg	https://live.staticflickr.com/8362/8255704309_32010fed0b_q.jpg	Ripe sorangia of Slime Molds (Myxomycetes or Myxogastria) growing on wood of Coast Live Oak (Quercus agrifolia) tree	Treebeard	All Rights Reserved	125	
8184	91be1ec8-4aa2-4b23-8444-698e3d472ce5	404	https://symbiota.ccber.ucsb.edu/kummel/2026/8255768625.jpg	8255768625.jpg	8255768625	yes	200	https://www.flickr.com/photos/treebeard/8255768625/	https://live.staticflickr.com/8362/8255768625_091264d979_b.jpg	https://live.staticflickr.com/8362/8255768625_091264d979_q.jpg	Still-streaming plasmodia of a Slime Mold (Myxomycetes or Myxogastria) on dead wood of Coast Live Oak (Quercus agrifolia, Fagaceae)	Treebeard	All Rights Reserved	118	
8185	a0a64134-fce7-4d2b-8392-561466967e51	404	https://symbiota.ccber.ucsb.edu/kummel/2026/8255894699.jpg	8255894699.jpg	8255894699	yes	200	https://www.flickr.com/photos/treebeard/8255894699/	https://live.staticflickr.com/8502/8255894699_77077f89ba_b.jpg	https://live.staticflickr.com/8502/8255894699_77077f89ba_q.jpg	Plasmodia and fruiting bodies of a Slime Mold (Myxomycetes or Myxogastria) on dead Coast Live Oak (Quercus agrifolia) - I believe Ceratiomyxa fruticulosa	Treebeard	All Rights Reserved	131	
8186	7a05f89e-1fcb-4728-bb4e-5a2a43da2b44	404	https://symbiota.ccber.ucsb.edu/kummel/2026/8256739776.jpg	8256739776.jpg	8256739776	yes	200	https://www.flickr.com/photos/treebeard/8256739776/	https://live.staticflickr.com/8076/8256739776_10820d8ea5_c.jpg	https://live.staticflickr.com/8076/8256739776_10820d8ea5_q.jpg	Sporangia of Slime Molds (Myxomycetes or Myxogastria) growing on dead wood - genus Stemonitis	Treebeard	All Rights Reserved	127	
8187	47e31730-1315-4238-8254-7c368fe75695	404	https://symbiota.ccber.ucsb.edu/kummel/2026/8256876762.jpg	8256876762.jpg	8256876762	yes	200	https://www.flickr.com/photos/treebeard/8256876762/	https://live.staticflickr.com/8082/8256876762_49e2e1aaae_b.jpg	https://live.staticflickr.com/8082/8256876762_49e2e1aaae_q.jpg	Ripe sporangia of Slime Molds (Myxomycetes or Myxogastria) on dead Coast Live Oak (Quercus agrifolia)	Treebeard	All Rights Reserved	129	
8188	992ea693-0297-4758-b0b6-48d6e2a0b32e	404	https://symbiota.ccber.ucsb.edu/kummel/2026/8256905604.jpg	8256905604.jpg	8256905604	yes	200	https://www.flickr.com/photos/treebeard/8256905604/	https://live.staticflickr.com/8082/8256905604_e8d7b9647d_c.jpg	https://live.staticflickr.com/8082/8256905604_e8d7b9647d_q.jpg	Fruiting bodies of a Slime Mold (Myxomycetes or Myxogastria) on dead Coast Live Oak (Quercus agrifolia) - I believe Ceratiomyxa fruticulosa	Treebeard	All Rights Reserved	129	
8189	de71df7b-9022-431c-a733-036fe79038a0	404	https://symbiota.ccber.ucsb.edu/kummel/2026/8258748895.jpg	8258748895.jpg	8258748895	yes	200	https://www.flickr.com/photos/treebeard/8258748895/	https://live.staticflickr.com/8489/8258748895_e306615382_c.jpg	https://live.staticflickr.com/8489/8258748895_e306615382_q.jpg	More sporangia of Slime Molds (Myxomycetes or Myxogastria) on Coast Live Oak (Quercus agrifolia, Fagaceae) - different or the same?	Treebeard	All Rights Reserved	128	
8190	ffc7807d-8ffc-4815-a557-f396bff32b98	404	https://symbiota.ccber.ucsb.edu/kummel/2026/8259783000.jpg	8259783000.jpg	8259783000	yes	200	https://www.flickr.com/photos/treebeard/8259783000/	https://live.staticflickr.com/8075/8259783000_31a5f0c88c_c.jpg	https://live.staticflickr.com/8075/8259783000_31a5f0c88c_q.jpg	More still-streaming plasmodia of Slime Molds (Myxomycetes or Myxogastria) on Coast Live Oak (Quercus agrifolia, Fagaceae)	Treebeard	All Rights Reserved	137	
8191	2e7b8e90-99ce-405f-8392-510f94f5b807	404	https://symbiota.ccber.ucsb.edu/kummel/2026/8259866286.jpg	8259866286.jpg	8259866286	yes	200	https://www.flickr.com/photos/treebeard/8259866286/	https://live.staticflickr.com/8485/8259866286_e340be72c0_b.jpg	https://live.staticflickr.com/8485/8259866286_e340be72c0_q.jpg	Agaricus mushrooms in the woods - maybe the yellow-staining Woodland Agaricus (Agaricus silvicola) or kin?	Treebeard	All Rights Reserved	121	
8192	25cc5622-72b8-464f-bba5-98edd4229071	404	https://symbiota.ccber.ucsb.edu/kummel/2026/8259921194.jpg	8259921194.jpg	8259921194	yes	200	https://www.flickr.com/photos/treebeard/8259921194/	https://live.staticflickr.com/8219/8259921194_d077ee1975_b.jpg	https://live.staticflickr.com/8219/8259921194_d077ee1975_q.jpg	Potato-like Dark Puffball (Lycoperdon foetidum) mushroom	Treebeard	All Rights Reserved	119	
8193	d8217b9b-b4af-4823-8d3c-ecfb043c420d	404	https://symbiota.ccber.ucsb.edu/kummel/2026/8259973426.jpg	8259973426.jpg	8259973426	yes	200	https://www.flickr.com/photos/treebeard/8259973426/	https://live.staticflickr.com/8199/8259973426_d5e2291964_b.jpg	https://live.staticflickr.com/8199/8259973426_d5e2291964_q.jpg	Ripe berries of locally uncommon native Wild Huckleberry (Vaccinium ovatum, Ericaceae)	Treebeard	All Rights Reserved	127	
8194	46fddee7-e9ba-4707-a125-58f301cb677f	404	https://symbiota.ccber.ucsb.edu/kummel/2026/8260034330.jpg	8260034330.jpg	8260034330	yes	200	https://www.flickr.com/photos/treebeard/8260034330/	https://live.staticflickr.com/8059/8260034330_c93ffafe10_b.jpg	https://live.staticflickr.com/8059/8260034330_c93ffafe10_q.jpg	Ripe berries of beautiful native Madrone (Arbutus menziesii, Ericaceae) tree	Treebeard	All Rights Reserved	126	
8195	7ad0745c-d9fc-4066-9843-823e7c26d025	404	https://symbiota.ccber.ucsb.edu/kummel/2026/8260068314.jpg	8260068314.jpg	8260068314	yes	200	https://www.flickr.com/photos/treebeard/8260068314/	https://live.staticflickr.com/8502/8260068314_871c76aeaf_b.jpg	https://live.staticflickr.com/8502/8260068314_871c76aeaf_q.jpg	"Remarkable ""Many-Plume  Moth"" (Alucitidae, Lepidoptera) - probably Alucita montana"	Treebeard	All Rights Reserved	124	
8196	1082b87c-c1ab-45cb-a500-c93b557322aa	404	https://symbiota.ccber.ucsb.edu/kummel/2026/8260148602.jpg	8260148602.jpg	8260148602	yes	200	https://www.flickr.com/photos/treebeard/8260148602/	https://live.staticflickr.com/8480/8260148602_d5c06d49bd_c.jpg	https://live.staticflickr.com/8480/8260148602_d5c06d49bd_q.jpg	Tiny fly (Diptera) - Fungus Gnat (Mycetophilidae)? - near Yellow Fairy Cups (Bisporella citrina or kin) mushrooms	Treebeard	All Rights Reserved	116	
8197	23b63836-1efe-4a24-b3db-a8feb4d81605	404	https://symbiota.ccber.ucsb.edu/kummel/2026/8262149667.jpg	8262149667.jpg	8262149667	yes	200	https://www.flickr.com/photos/treebeard/8262149667/	https://live.staticflickr.com/8060/8262149667_a6c24869ff_b.jpg	https://live.staticflickr.com/8060/8262149667_a6c24869ff_q.jpg	Dark Puffball (Lycoperdon foetidum) mushrooms in the woods	Treebeard	All Rights Reserved	129	
8198	b9a2d663-6950-4c93-9437-5285de706e8b	404	https://symbiota.ccber.ucsb.edu/kummel/2026/8262192393.jpg	8262192393.jpg	8262192393	yes	200	https://www.flickr.com/photos/treebeard/8262192393/	https://live.staticflickr.com/8198/8262192393_49d359c98a_b.jpg	https://live.staticflickr.com/8198/8262192393_49d359c98a_q.jpg	Ripe berries of native Toyon (Heteromeles arbutifolia, Rosaceae)	Treebeard	All Rights Reserved	128	
8199	42aba4b7-b9a2-4a11-9e21-071e04bfd410	404	https://symbiota.ccber.ucsb.edu/kummel/2026/8262241373.jpg	8262241373.jpg	8262241373	yes	200	https://www.flickr.com/photos/treebeard/8262241373/	https://live.staticflickr.com/8496/8262241373_38e2c16d31_c.jpg	https://live.staticflickr.com/8496/8262241373_38e2c16d31_q.jpg	Really tiny Thrips (maybe Aeolothrips, Aeolothripidae, Thysanoptera) on a blushing new flower of Bigberry Manzanita (Arctostaphylos glauca, Ericaceae)	Treebeard	All Rights Reserved	123	
8200	a8aa7bf2-d60a-4fcf-9fcd-99b1834e0859	404	https://symbiota.ccber.ucsb.edu/kummel/2026/8263095938.jpg	8263095938.jpg	8263095938	yes	200	https://www.flickr.com/photos/treebeard/8263095938/	https://live.staticflickr.com/8359/8263095938_96b9e25780_c.jpg	https://live.staticflickr.com/8359/8263095938_96b9e25780_q.jpg	WTF - probably the shell of a Gall-like Scale Insect (Kermesidae, Coccoidea, Homoptera), with parasite holes?	Treebeard	All Rights Reserved	121	
8201	5d7110cd-cbbf-4067-a9a2-6adf2ca70c22	404	https://symbiota.ccber.ucsb.edu/kummel/2026/8263136166.jpg	8263136166.jpg	8263136166	yes	200	https://www.flickr.com/photos/treebeard/8263136166/	https://live.staticflickr.com/8211/8263136166_ccb19b8ffa_c.jpg	https://live.staticflickr.com/8211/8263136166_ccb19b8ffa_q.jpg	"""Little Brown Mushrooms"" on well-rotted wood of Coast Live Oak (Quercus agrifolia)- maybe Galerina?"	Treebeard	All Rights Reserved	131	
8202	22c26853-cb78-4d6e-b37a-58cbb95fa5f4	404	https://symbiota.ccber.ucsb.edu/kummel/2026/8263193566.jpg	8263193566.jpg	8263193566	yes	200	https://www.flickr.com/photos/treebeard/8263193566/	https://live.staticflickr.com/8080/8263193566_10b63efdd8_b.jpg	https://live.staticflickr.com/8080/8263193566_10b63efdd8_q.jpg	Rodent nibbles on this potato-like Dark Puffball (Lycoperdon foetidum) mushroom	Treebeard	All Rights Reserved	129	
8203	1dc61697-95de-4bb5-8fc6-273b16607046	404	https://symbiota.ccber.ucsb.edu/kummel/2026/8263275522.jpg	8263275522.jpg	8263275522	yes	200	https://www.flickr.com/photos/treebeard/8263275522/	https://live.staticflickr.com/8063/8263275522_cfb35b6d01_b.jpg	https://live.staticflickr.com/8063/8263275522_cfb35b6d01_q.jpg	New flowers of Chaparral Currant (Ribes malvaceum, Grossulariaceae)	Treebeard	All Rights Reserved	127	
8204	8894e675-aefe-4ecd-b9e3-f53b7c1402a5	404	https://symbiota.ccber.ucsb.edu/kummel/2026/8263356742.jpg	8263356742.jpg	8263356742	yes	200	https://www.flickr.com/photos/treebeard/8263356742/	https://live.staticflickr.com/8060/8263356742_919ef7c859_b.jpg	https://live.staticflickr.com/8060/8263356742_919ef7c859_q.jpg	Blushing new flowers of Bigberry Manzanita (Arctostaphylos glauca, Ericaceae) - with thrips	Treebeard	All Rights Reserved	136	
8205	2a7a377c-7e9b-4e6c-989d-99492de29805	404	https://symbiota.ccber.ucsb.edu/kummel/2026/8264997743.jpg	8264997743.jpg	8264997743	yes	200	https://www.flickr.com/photos/treebeard/8264997743/	https://live.staticflickr.com/8340/8264997743_a43916a044_b.jpg	https://live.staticflickr.com/8340/8264997743_a43916a044_q.jpg	Agaricus mushrooms in the woods - maybe edible, maybe not!	Treebeard	All Rights Reserved	120	
8206	cc6b2890-335a-405d-83fa-d2d438f81050	404	https://symbiota.ccber.ucsb.edu/kummel/2026/8265060903.jpg	8265060903.jpg	8265060903	yes	200	https://www.flickr.com/photos/treebeard/8265060903/	https://live.staticflickr.com/8501/8265060903_5e326ecfe2_b.jpg	https://live.staticflickr.com/8501/8265060903_5e326ecfe2_q.jpg	I guess these are odd Sessile Earthstar (Geastrum saccatum or kin) mushrooms	Treebeard	All Rights Reserved	121	
8207	e56f1574-ab23-4b54-98aa-1a099456f178	404	https://symbiota.ccber.ucsb.edu/kummel/2026/8265127943.jpg	8265127943.jpg	8265127943	yes	200	https://www.flickr.com/photos/treebeard/8265127943/	https://live.staticflickr.com/8481/8265127943_9063fa0085_b.jpg	https://live.staticflickr.com/8481/8265127943_9063fa0085_q.jpg	New flowers of Bigberry Manzanita (Arctostaphylos glauca, Ericaceae) - with thrips	Treebeard	All Rights Reserved	128	
8208	4e853fc0-b13e-47a8-b4cf-47670184e0e0	404	https://symbiota.ccber.ucsb.edu/kummel/2026/8265153519.jpg	8265153519.jpg	8265153519	yes	200	https://www.flickr.com/photos/treebeard/8265153519/	https://live.staticflickr.com/8068/8265153519_59bdb1ff41_b.jpg	https://live.staticflickr.com/8068/8265153519_59bdb1ff41_q.jpg	Wild Bee (Anthophila aka Apoidae, Hymenoptera) working new flowers of Bigberry Manzanita (Arctostaphylos glauca, Ericaceae) - with Thrips (Thysanoptera)	Treebeard	All Rights Reserved	140	
8209	f4871b34-93e1-4603-9045-ca814f7dc6c0	404	https://symbiota.ccber.ucsb.edu/kummel/2026/8265261035.jpg	8265261035.jpg	8265261035	yes	200	https://www.flickr.com/photos/treebeard/8265261035/	https://live.staticflickr.com/8344/8265261035_0868ee762f_c.jpg	https://live.staticflickr.com/8344/8265261035_0868ee762f_q.jpg	New flower catkins of native Veatch Silk-Tassel (Garrya veatchii, Garryaceae)	Treebeard	All Rights Reserved	126	
8210	b12a11d0-5c3a-43e4-b38e-762e11c8a515	404	https://symbiota.ccber.ucsb.edu/kummel/2026/8266035746.jpg	8266035746.jpg	8266035746	yes	200	https://www.flickr.com/photos/treebeard/8266035746/	https://live.staticflickr.com/8069/8266035746_aa472e32b6_c.jpg	https://live.staticflickr.com/8069/8266035746_aa472e32b6_q.jpg	Very tiny Mycena acicula (or kin) mushroom growing from a wood chip	Treebeard	All Rights Reserved	115	
8211	fb2e7ad6-a1be-4556-8fc7-08113b809a5c	404	https://symbiota.ccber.ucsb.edu/kummel/2026/8266101698.jpg	8266101698.jpg	8266101698	yes	200	https://www.flickr.com/photos/treebeard/8266101698/	https://live.staticflickr.com/8482/8266101698_3c7044f374_b.jpg	https://live.staticflickr.com/8482/8266101698_3c7044f374_q.jpg	Hygrophanous caps of dark-spored Psathyrella mushrooms - maybe Clustered Psathyella (Psathyrella hydrophila)?	Treebeard	All Rights Reserved	123	
8212	71287ebc-e597-435a-9e0a-1a213aa25506	404	https://symbiota.ccber.ucsb.edu/kummel/2026/8266281104.jpg	8266281104.jpg	8266281104	yes	200	https://www.flickr.com/photos/treebeard/8266281104/	https://live.staticflickr.com/8063/8266281104_c1cbb1b468_b.jpg	https://live.staticflickr.com/8063/8266281104_c1cbb1b468_q.jpg	New flowers of native Veatch Silk-Tassel (Garrya veatchii, Garryaceae) starting to open	Treebeard	All Rights Reserved	121	
8213	77171945-27a7-413c-91e4-882504086493	404	https://symbiota.ccber.ucsb.edu/kummel/2026/8270413697.jpg	8270413697.jpg	8270413697	yes	200	https://www.flickr.com/photos/treebeard/8270413697/	https://live.staticflickr.com/8341/8270413697_e9f371324f_b.jpg	https://live.staticflickr.com/8341/8270413697_e9f371324f_q.jpg	Slime molds (Myxomycetes or Myxogastria) on fallen oak leaves - maybe Badhamia utricularis?	Treebeard	All Rights Reserved	118	
8214	21ecd543-b30a-4fa9-a401-a52f4c2ce2bf	404	https://symbiota.ccber.ucsb.edu/kummel/2026/8270511498.jpg	8270511498.jpg	8270511498	yes	200	https://www.flickr.com/photos/treebeard/8270511498/	https://live.staticflickr.com/8081/8270511498_2344ef49ed_b.jpg	https://live.staticflickr.com/8081/8270511498_2344ef49ed_q.jpg	Lichens growing on a twig of Canyon Live Oak (Quercus chrysolepis, Fagaceae)	Treebeard	All Rights Reserved	119	
8215	914978f0-ed7e-4a4c-9752-4a00a4f9a563	404	https://symbiota.ccber.ucsb.edu/kummel/2026/8271371268.jpg	8271371268.jpg	8271371268	yes	200	https://www.flickr.com/photos/treebeard/8271371268/	https://live.staticflickr.com/8062/8271371268_f641bed491_c.jpg	https://live.staticflickr.com/8062/8271371268_f641bed491_q.jpg	Edible and delicious Blewit (Clitocybe nuda) mushrooms - but beware look-alikes!	Treebeard	All Rights Reserved	123	
8216	d020d024-53b5-499e-99d3-86de1356ecef	404	https://symbiota.ccber.ucsb.edu/kummel/2026/8271417968.jpg	8271417968.jpg	8271417968	yes	200	https://www.flickr.com/photos/treebeard/8271417968/	https://live.staticflickr.com/8352/8271417968_3e930b0dd0_c.jpg	https://live.staticflickr.com/8352/8271417968_3e930b0dd0_q.jpg	Dark-spored Inky Cap (genus Coprinus) mushroom	Treebeard	All Rights Reserved	129	
8217	210299fb-632e-471a-a118-ecfbd1803682	404	https://symbiota.ccber.ucsb.edu/kummel/2026/8271544260.jpg	8271544260.jpg	8271544260	yes	200	https://www.flickr.com/photos/treebeard/8271544260/	https://live.staticflickr.com/8219/8271544260_e0f02b3b54_b.jpg	https://live.staticflickr.com/8219/8271544260_e0f02b3b54_q.jpg	Lycogala epidendrum slime molds (Myxomycetes or Myxogastria) on oak leaves	Treebeard	All Rights Reserved	128	
8218	41005c2c-0358-4a53-8ea4-097c44e7959d	404	https://symbiota.ccber.ucsb.edu/kummel/2026/8271585156.jpg	8271585156.jpg	8271585156	yes	200	https://www.flickr.com/photos/treebeard/8271585156/	https://live.staticflickr.com/8490/8271585156_8c7a569458_b.jpg	https://live.staticflickr.com/8490/8271585156_8c7a569458_q.jpg	Lycogala epidendrum slime molds (Myxomycetes or Myxogastria) on oak leaves	Treebeard	All Rights Reserved	128	
8219	f1a93030-d2d5-485f-acb4-cfe9e29677e1	404	https://symbiota.ccber.ucsb.edu/kummel/2026/8271606992.jpg	8271606992.jpg	8271606992	yes	200	https://www.flickr.com/photos/treebeard/8271606992/	https://live.staticflickr.com/8204/8271606992_4c6e78280f_b.jpg	https://live.staticflickr.com/8204/8271606992_4c6e78280f_q.jpg	Cellular mass of Slime Molds (Myxomycetes or Myxogastria) living up to their name - maybe genus Stemonitis	Treebeard	All Rights Reserved	131	
8220	9c1c0e2f-7684-4929-a2ef-060890308805	404	https://symbiota.ccber.ucsb.edu/kummel/2026/8271676592.jpg	8271676592.jpg	8271676592	yes	200	https://www.flickr.com/photos/treebeard/8271676592/	https://live.staticflickr.com/8493/8271676592_9bbbd94a55_b.jpg	https://live.staticflickr.com/8493/8271676592_9bbbd94a55_q.jpg	Bubbly mass of Slime Molds (Myxomycetes or Myxogastria) on dead wood - maybe genus Stemonitis	Treebeard	All Rights Reserved	122	
8221	3b012aa1-a132-405a-a49a-be443671b4c5	404	https://symbiota.ccber.ucsb.edu/kummel/2026/8272878947.jpg	8272878947.jpg	8272878947	yes	200	https://www.flickr.com/photos/treebeard/8272878947/	https://live.staticflickr.com/8072/8272878947_939d25feac_b.jpg	https://live.staticflickr.com/8072/8272878947_939d25feac_q.jpg	Beautiful cluster of Psathyrella longipes (or kin) mushrooms in the dark-spored Coprinaceae family	Treebeard	All Rights Reserved	131	
8222	5c22e627-a4b9-4e6d-bf0f-d52b598f470f	404	https://symbiota.ccber.ucsb.edu/kummel/2026/8272910815.jpg	8272910815.jpg	8272910815	yes	200	https://www.flickr.com/photos/treebeard/8272910815/	https://live.staticflickr.com/8082/8272910815_98b48ea208_c.jpg	https://live.staticflickr.com/8082/8272910815_98b48ea208_q.jpg	Lepiota mushrooms look like the Shaggy-Stalked Parasol (Lepiota clypeolaria)	Treebeard	All Rights Reserved	119	
8223	6defb677-44e9-4adc-8479-36f7ed69b8b0	404	https://symbiota.ccber.ucsb.edu/kummel/2026/8273048531.jpg	8273048531.jpg	8273048531	yes	200	https://www.flickr.com/photos/treebeard/8273048531/	https://live.staticflickr.com/8345/8273048531_a260a49079_c.jpg	https://live.staticflickr.com/8345/8273048531_a260a49079_q.jpg	Sporangia of Slime Molds (Stemonitis, Myxomycetes or Myxogastria)	Treebeard	All Rights Reserved	129	
8224	91879c9f-8378-4411-9931-8a8ce38af9d8	404	https://symbiota.ccber.ucsb.edu/kummel/2026/8273078337.jpg	8273078337.jpg	8273078337	yes	200	https://www.flickr.com/photos/treebeard/8273078337/	https://live.staticflickr.com/8358/8273078337_0f936ef74f_b.jpg	https://live.staticflickr.com/8358/8273078337_0f936ef74f_q.jpg	Streaming plasmodium of a Slime Mold (Myxomycetes or Myxogastria) on dead wood	Treebeard	All Rights Reserved	130	
8225	7d88dd58-4ea8-45cc-beb0-a4d1dc37e529	404	https://symbiota.ccber.ucsb.edu/kummel/2026/8273109615.jpg	8273109615.jpg	8273109615	yes	200	https://www.flickr.com/photos/treebeard/8273109615/	https://live.staticflickr.com/8057/8273109615_f405f69df0_b.jpg	https://live.staticflickr.com/8057/8273109615_f405f69df0_q.jpg	Plasmodium streaming into new sporangia of a Slime Mold (Myxomycetes or Myxogastria) on dead wood	Treebeard	All Rights Reserved	122	
8226	62b6e110-c3ff-46ce-818f-363b0d6a9143	404	https://symbiota.ccber.ucsb.edu/kummel/2026/8273934626.jpg	8273934626.jpg	8273934626	yes	200	https://www.flickr.com/photos/treebeard/8273934626/	https://live.staticflickr.com/8221/8273934626_7805d53450_b.jpg	https://live.staticflickr.com/8221/8273934626_7805d53450_q.jpg	Beautiful cluster of Oak-Loving Collybia (Collybia dryophila) mushrooms	Treebeard	All Rights Reserved	116	
8227	008bbee3-8fde-42d1-9f72-cd067df8ece3	404	https://symbiota.ccber.ucsb.edu/kummel/2026/8274015878.jpg	8274015878.jpg	8274015878	yes	200	https://www.flickr.com/photos/treebeard/8274015878/	https://live.staticflickr.com/8079/8274015878_3c59d2d05e_b.jpg	https://live.staticflickr.com/8079/8274015878_3c59d2d05e_q.jpg	Liverwort (Marchantiophyta) plant in the canyon - maybe the California Liverwort (Asterella californica), with gemmae	Treebeard	All Rights Reserved	128	
8228	8661c718-0c03-44e2-8ec8-5b302b3fb8c9	404	https://symbiota.ccber.ucsb.edu/kummel/2026/8274045310.jpg	8274045310.jpg	8274045310	yes	200	https://www.flickr.com/photos/treebeard/8274045310/	https://live.staticflickr.com/8072/8274045310_c68b52f1ed_c.jpg	https://live.staticflickr.com/8072/8274045310_c68b52f1ed_q.jpg	Ripe sporangia of Slime Molds (Stemonitis, Myxomycetes or Myxogastria)	Treebeard	All Rights Reserved	131	
8229	91ba1bb2-2461-4dec-b20d-f4c947442d41	404	https://symbiota.ccber.ucsb.edu/kummel/2026/8275532771.jpg	8275532771.jpg	8275532771	yes	200	https://www.flickr.com/photos/treebeard/8275532771/	https://live.staticflickr.com/8073/8275532771_8982a9af23_c.jpg	https://live.staticflickr.com/8073/8275532771_8982a9af23_q.jpg	Pretty yellow Bolbitius vitellinus mushrooms along our driveway - here today and gone tomorrow	Treebeard	All Rights Reserved	128	
8230	6bf802fa-7a81-49b7-b728-eeb7d6c9fafb	404	https://symbiota.ccber.ucsb.edu/kummel/2026/8275674613.jpg	8275674613.jpg	8275674613	yes	200	https://www.flickr.com/photos/treebeard/8275674613/	https://live.staticflickr.com/8213/8275674613_404e12a840_b.jpg	https://live.staticflickr.com/8213/8275674613_404e12a840_q.jpg	Pyxie Cup Lichens (genus Cladonia) growing on sandstone	Treebeard	All Rights Reserved	124	
8231	5163ded2-113f-4261-b341-a487ee885b62	404	https://symbiota.ccber.ucsb.edu/kummel/2026/8275732837.jpg	8275732837.jpg	8275732837	yes	200	https://www.flickr.com/photos/treebeard/8275732837/	https://live.staticflickr.com/8201/8275732837_00acbf166e_b.jpg	https://live.staticflickr.com/8201/8275732837_00acbf166e_q.jpg	Liverwort (Marchantiophyta) plants - maybe the California Liverwort (Asterella californica) - showing sporophytes	Treebeard	All Rights Reserved	127	
8232	68cc64b2-4fbc-414e-9b05-2186872032f3	404	https://symbiota.ccber.ucsb.edu/kummel/2026/8275800189.jpg	8275800189.jpg	8275800189	yes	200	https://www.flickr.com/photos/treebeard/8275800189/	https://live.staticflickr.com/8489/8275800189_6497996758_b.jpg	https://live.staticflickr.com/8489/8275800189_6497996758_q.jpg	Native terrestrial Land Snail (Gastropoda) in the woods - maybe genus Helminthoglypta?	Treebeard	All Rights Reserved	123	
8233	06aefd04-2ad7-4abd-8f24-90cae01e8706	404	https://symbiota.ccber.ucsb.edu/kummel/2026/8276579720.jpg	8276579720.jpg	8276579720	yes	200	https://www.flickr.com/photos/treebeard/8276579720/	https://live.staticflickr.com/8499/8276579720_9f16ccb45b_b.jpg	https://live.staticflickr.com/8499/8276579720_9f16ccb45b_q.jpg	Streaming plasmodium of a diferent Slime Mold (Myxomycetes or Myxogastria) on dead wood	Treebeard	All Rights Reserved	126	
8234	74b55212-efa7-4ca5-9b75-aad34adc276f	404	https://symbiota.ccber.ucsb.edu/kummel/2026/8276671238.jpg	8276671238.jpg	8276671238	yes	200	https://www.flickr.com/photos/treebeard/8276671238/	https://live.staticflickr.com/8204/8276671238_d9d5ab7f1b_b.jpg	https://live.staticflickr.com/8204/8276671238_d9d5ab7f1b_q.jpg	"""Little Brown Mushrooms"" - LBMs - probably Tubaria furfuracea"	Treebeard	All Rights Reserved	121	
8235	98987851-d3bf-4c60-a584-3c4b8e954b61	404	https://symbiota.ccber.ucsb.edu/kummel/2026/8276695320.jpg	8276695320.jpg	8276695320	yes	200	https://www.flickr.com/photos/treebeard/8276695320/	https://live.staticflickr.com/8350/8276695320_c975726174_b.jpg	https://live.staticflickr.com/8350/8276695320_c975726174_q.jpg	Earthstar (Astraeus hygrometricus) fungus under Coast Live Oak (Quercus agrifolia)	Treebeard	All Rights Reserved	122	
8236	bdaccba8-75e0-49dd-a839-bc906b381c03	404	https://symbiota.ccber.ucsb.edu/kummel/2026/8276821326.jpg	8276821326.jpg	8276821326	yes	200	https://www.flickr.com/photos/treebeard/8276821326/	https://live.staticflickr.com/8501/8276821326_91a060c25f_b.jpg	https://live.staticflickr.com/8501/8276821326_91a060c25f_q.jpg	Large hand-sized Pacific Banana Slug (Ariolimax columbianus or Ariolimax californicus) prowling through the woods	Treebeard	All Rights Reserved	118	
8237	13c0587f-94fd-4ab1-9d37-5f31f04e1193	404	https://symbiota.ccber.ucsb.edu/kummel/2026/8278733965.jpg	8278733965.jpg	8278733965	yes	200	https://www.flickr.com/photos/treebeard/8278733965/	https://live.staticflickr.com/8357/8278733965_de990d066c_b.jpg	https://live.staticflickr.com/8357/8278733965_de990d066c_q.jpg	A different Cladonia lichen growing on sandstone	Treebeard	All Rights Reserved	124	
8238	27f4f468-060f-46e8-9f9c-b1c34e5bf1b5	404	https://symbiota.ccber.ucsb.edu/kummel/2026/8278825289.jpg	8278825289.jpg	8278825289	yes	200	https://www.flickr.com/photos/treebeard/8278825289/	https://live.staticflickr.com/8075/8278825289_8546337c2c_c.jpg	https://live.staticflickr.com/8075/8278825289_8546337c2c_q.jpg	Dark-spored Inky Cap (Coprinus) mushroom - Woolly Inky Cap (Coprinus lagopus or kin)	Treebeard	All Rights Reserved	127	
8239	4543f72b-5848-425e-bf74-fae5e40e58e5	404	https://symbiota.ccber.ucsb.edu/kummel/2026/8278896911.jpg	8278896911.jpg	8278896911	yes	200	https://www.flickr.com/photos/treebeard/8278896911/	https://live.staticflickr.com/8362/8278896911_2be3b58c80_b.jpg	https://live.staticflickr.com/8362/8278896911_2be3b58c80_q.jpg	White gills, but I believe they are pink-spored Pluteus petasatus mushrooms	Treebeard	All Rights Reserved	128	
8240	c1476784-a2ed-4839-a32f-72bedee8a186	404	https://symbiota.ccber.ucsb.edu/kummel/2026/8278926643.jpg	8278926643.jpg	8278926643	yes	200	https://www.flickr.com/photos/treebeard/8278926643/	https://live.staticflickr.com/8339/8278926643_73bf045e71_b.jpg	https://live.staticflickr.com/8339/8278926643_73bf045e71_q.jpg	Pink-spored Pluteus petasatus mushrooms on dead oak wood in the woods	Treebeard	All Rights Reserved	127	
8241	97763d37-4c4c-41b4-b676-3ecf16e35531	404	https://symbiota.ccber.ucsb.edu/kummel/2026/8279549604.jpg	8279549604.jpg	8279549604	yes	200	https://www.flickr.com/photos/treebeard/8279549604/	https://live.staticflickr.com/8076/8279549604_886df870de_b.jpg	https://live.staticflickr.com/8076/8279549604_886df870de_q.jpg	"""Gelatinous blob"" of Witch's Butter (Tremella mesenterica), a Jelly Fungus (Tremelliales)"	Treebeard	All Rights Reserved	131	
8242	675acbc5-044c-441f-96ed-c807f4de1f8d	404	https://symbiota.ccber.ucsb.edu/kummel/2026/8279602352.jpg	8279602352.jpg	8279602352	yes	200	https://www.flickr.com/photos/treebeard/8279602352/	https://live.staticflickr.com/8488/8279602352_016c3c3c4f_b.jpg	https://live.staticflickr.com/8488/8279602352_016c3c3c4f_q.jpg	Mystery reddish-staining Agaricus mushroom in the woods	Treebeard	All Rights Reserved	127	
8243	f69dbe7d-b0ae-419b-865c-57fe00ab86e5	404	https://symbiota.ccber.ucsb.edu/kummel/2026/8279729926.jpg	8279729926.jpg	8279729926	yes	200	https://www.flickr.com/photos/treebeard/8279729926/	https://live.staticflickr.com/8062/8279729926_b60b556244_b.jpg	https://live.staticflickr.com/8062/8279729926_b60b556244_q.jpg	Mystery mushroom growing on rotted wood	Treebeard	All Rights Reserved	125	
8244	2edf2294-03b5-40e2-bfd7-e7ec3ee4ca8e	404	https://symbiota.ccber.ucsb.edu/kummel/2026/8279861992.jpg	8279861992.jpg	8279861992	yes	200	https://www.flickr.com/photos/treebeard/8279861992/	https://live.staticflickr.com/8348/8279861992_7b55d5e36b_b.jpg	https://live.staticflickr.com/8348/8279861992_7b55d5e36b_q.jpg	Pyxie Cup (Cladonia) lichens covered with powdery soredia reproductive structures	Treebeard	All Rights Reserved	122	
8245	9311adc9-5585-47a5-9275-99d7264afdd4	404	https://symbiota.ccber.ucsb.edu/kummel/2026/8281990929.jpg	8281990929.jpg	8281990929	yes	200	https://www.flickr.com/photos/treebeard/8281990929/	https://live.staticflickr.com/8479/8281990929_f74cefc023_b.jpg	https://live.staticflickr.com/8479/8281990929_f74cefc023_q.jpg	Troop of tiny white-spored Mycena mushrooms on fallen leaves of Coast Live Oak (Quercus agrifolia, Fagaceae)	Treebeard	All Rights Reserved	139	
8246	0fd8da88-e198-49c0-aeb1-5fcd03ffdac7	404	https://symbiota.ccber.ucsb.edu/kummel/2026/8282136969.jpg	8282136969.jpg	8282136969	yes	200	https://www.flickr.com/photos/treebeard/8282136969/	https://live.staticflickr.com/8213/8282136969_4c61842c5f_b.jpg	https://live.staticflickr.com/8213/8282136969_4c61842c5f_q.jpg	Slime Mold (Myxomycetes or Myxogastria) plasmodia becoming sporangia on fallen leaves and twigs of Coast Live Oak (Quercus agrifolia, Fagaceae)	Treebeard	All Rights Reserved	127	
8247	ff1c7f20-6c54-41ca-a802-e2f195bdab71	404	https://symbiota.ccber.ucsb.edu/kummel/2026/8282168559.jpg	8282168559.jpg	8282168559	yes	200	https://www.flickr.com/photos/treebeard/8282168559/	https://live.staticflickr.com/8350/8282168559_b48c930a7c_b.jpg	https://live.staticflickr.com/8350/8282168559_b48c930a7c_q.jpg	Badhamia utricularis Slime Mold (Myxomycetes or Myxogastria) forming sporangia	Treebeard	All Rights Reserved	129	
8248	241e2a70-f406-48c7-a6f4-9e3215ddcb22	404	https://symbiota.ccber.ucsb.edu/kummel/2026/8282231763.jpg	8282231763.jpg	8282231763	yes	200	https://www.flickr.com/photos/treebeard/8282231763/	https://live.staticflickr.com/8356/8282231763_ec0c57f9af_b.jpg	https://live.staticflickr.com/8356/8282231763_ec0c57f9af_q.jpg	New seedlings of native Fiesta Flower (Pholistoma auritum, Hydrophyllaceae)	Treebeard	All Rights Reserved	125	
8249	6d65dc1b-322b-4c75-8e44-eace21e97c36	404	https://symbiota.ccber.ucsb.edu/kummel/2026/8282263945.jpg	8282263945.jpg	8282263945	yes	200	https://www.flickr.com/photos/treebeard/8282263945/	https://live.staticflickr.com/8063/8282263945_17d834b09c_b.jpg	https://live.staticflickr.com/8063/8282263945_17d834b09c_q.jpg	New leaves on native Deerweed (Lotus scoparius, Fabaceae), with raindrops	Treebeard	All Rights Reserved	128	
8250	4d84621c-e099-435f-beea-8efa27f468a7	404	https://symbiota.ccber.ucsb.edu/kummel/2026/8283068038.jpg	8283068038.jpg	8283068038	yes	200	https://www.flickr.com/photos/treebeard/8283068038/	https://live.staticflickr.com/8221/8283068038_ef9d2dbfa5_b.jpg	https://live.staticflickr.com/8221/8283068038_ef9d2dbfa5_q.jpg	Different white-spored Mycena mushroom growing from dead wood of Coast Live Oak (Quercus agrifolia, Fagaceae)	Treebeard	All Rights Reserved	124	
8251	57cdce05-9dbb-4ca5-ac08-43e55ade6825	404	https://symbiota.ccber.ucsb.edu/kummel/2026/8283140256.jpg	8283140256.jpg	8283140256	yes	200	https://www.flickr.com/photos/treebeard/8283140256/	https://live.staticflickr.com/8204/8283140256_6b8e1a7ee0_b.jpg	https://live.staticflickr.com/8204/8283140256_6b8e1a7ee0_q.jpg	These Lichens are abundant on tree branches like this fallen twig of Coast Live Oak (Quercus agrifolia, Fagaceae)	Treebeard	All Rights Reserved	129	
8252	afeae437-300b-4820-9915-d6977363ce3f	404	https://symbiota.ccber.ucsb.edu/kummel/2026/8283345178.jpg	8283345178.jpg	8283345178	yes	200	https://www.flickr.com/photos/treebeard/8283345178/	https://live.staticflickr.com/8204/8283345178_78a9255d4b_b.jpg	https://live.staticflickr.com/8204/8283345178_78a9255d4b_q.jpg	Raindrops skewered by sporophytes of a native Moss (Bryophyta)	Treebeard	All Rights Reserved	125	
8253	9bccb49c-37dd-4793-b194-c2477b488eb3	404	https://symbiota.ccber.ucsb.edu/kummel/2026/8285203387.jpg	8285203387.jpg	8285203387	yes	200	https://www.flickr.com/photos/treebeard/8285203387/	https://live.staticflickr.com/8059/8285203387_4eeb36f3ca_b.jpg	https://live.staticflickr.com/8059/8285203387_4eeb36f3ca_q.jpg	Felt-Ringed Agaricus (Agaricus hondensis) mushroom - looks delicious, but tastes like phenol	Treebeard	All Rights Reserved	129	
8254	95147235-9241-4624-864b-e18d1af1ddb0	404	https://symbiota.ccber.ucsb.edu/kummel/2026/8285243383.jpg	8285243383.jpg	8285243383	yes	200	https://www.flickr.com/photos/treebeard/8285243383/	https://live.staticflickr.com/8359/8285243383_cf69f0fde8_c.jpg	https://live.staticflickr.com/8359/8285243383_cf69f0fde8_q.jpg	"Lepiota mushrooms with the ragged cap of Shaggy-Stalked Parasol (Lepiota clypeolaria or kin) mushroom, maybe form ""nabiscodisca"""	Treebeard	All Rights Reserved	126	
8255	b0b93859-617b-431d-a9ea-1759b33945c9	404	https://symbiota.ccber.ucsb.edu/kummel/2026/8285274965.jpg	8285274965.jpg	8285274965	yes	200	https://www.flickr.com/photos/treebeard/8285274965/	https://live.staticflickr.com/8484/8285274965_4439978911_b.jpg	https://live.staticflickr.com/8484/8285274965_4439978911_q.jpg	Liverwort (Marchantiophyta) plants - maybe the California Liverwort (Asterella californica) - showing gemmae	Treebeard	All Rights Reserved	135	
8256	7b731d03-c605-4301-95ec-b8f41adef846	404	https://symbiota.ccber.ucsb.edu/kummel/2026/8285340907.jpg	8285340907.jpg	8285340907	yes	200	https://www.flickr.com/photos/treebeard/8285340907/	https://live.staticflickr.com/8198/8285340907_623f995610_b.jpg	https://live.staticflickr.com/8198/8285340907_623f995610_q.jpg	"""Poison Pie"" (Hebeloma crustuliniforme or kin) mushrooms in the woods"	Treebeard	All Rights Reserved	122	
8257	cf78a88a-0c3f-44d8-8dea-c3f28fb8878e	404	https://symbiota.ccber.ucsb.edu/kummel/2026/8285441543.jpg	8285441543.jpg	8285441543	yes	200	https://www.flickr.com/photos/treebeard/8285441543/	https://live.staticflickr.com/8499/8285441543_1817a37c86_c.jpg	https://live.staticflickr.com/8499/8285441543_1817a37c86_q.jpg	Small mushroom on a moss bank, with lichen behind it - maybe Galerina?	Treebeard	All Rights Reserved	124	
8258	57da9ae7-f08a-4d05-9700-82595023bbb3	404	https://symbiota.ccber.ucsb.edu/kummel/2026/8286227534.jpg	8286227534.jpg	8286227534	yes	200	https://www.flickr.com/photos/treebeard/8286227534/	https://live.staticflickr.com/8338/8286227534_24a5cda57d_b.jpg	https://live.staticflickr.com/8338/8286227534_24a5cda57d_q.jpg	Red-staining Agaricus mushrooms in the woods	Treebeard	All Rights Reserved	120	
8259	e5497b16-2804-4e9f-b8d5-ff14ce11d0de	404	https://symbiota.ccber.ucsb.edu/kummel/2026/8286440164.jpg	8286440164.jpg	8286440164	yes	200	https://www.flickr.com/photos/treebeard/8286440164/	https://live.staticflickr.com/8351/8286440164_ffb6a96995_b.jpg	https://live.staticflickr.com/8351/8286440164_ffb6a96995_q.jpg	Bolete mushrooms - maybe Boletus chrysenteron or Boletus subtomentosus	Treebeard	All Rights Reserved	125	
8260	b2d62658-afb7-4eae-aa3d-e501c65c91c9	404	https://symbiota.ccber.ucsb.edu/kummel/2026/8286563252.jpg	8286563252.jpg	8286563252	yes	200	https://www.flickr.com/photos/treebeard/8286563252/	https://live.staticflickr.com/8361/8286563252_24fab19940_b.jpg	https://live.staticflickr.com/8361/8286563252_24fab19940_q.jpg	Raindrops on a new leaf of Canyon Lupine (Lupinus latifolius, Fabaceae)	Treebeard	All Rights Reserved	125	
8261	33b7e246-cafe-4a91-8fe8-4faf38589ddf	404	https://symbiota.ccber.ucsb.edu/kummel/2026/8288956927.jpg	8288956927.jpg	8288956927	yes	200	https://www.flickr.com/photos/treebeard/8288956927/	https://live.staticflickr.com/8221/8288956927_3a5e0d51b8_b.jpg	https://live.staticflickr.com/8221/8288956927_3a5e0d51b8_q.jpg	"The ""mast"" - the accumulation of fallen flowers and fruit - under a flowering shrub of Bigberry Manzanita (Arctostaphylos glauca, Ericaceae)"	Treebeard	All Rights Reserved	130	
8262	d8ee5952-f436-46a7-9746-f29f43c860a6	404	https://symbiota.ccber.ucsb.edu/kummel/2026/8289014775.jpg	8289014775.jpg	8289014775	yes	200	https://www.flickr.com/photos/treebeard/8289014775/	https://live.staticflickr.com/8218/8289014775_8ed301928f_b.jpg	https://live.staticflickr.com/8218/8289014775_8ed301928f_q.jpg	Unusually rosy flowers of Bigberry Manzanita (Arctostaphylos glauca, Ericaceae) - the stuff of cultivars	Treebeard	All Rights Reserved	119	
8263	195b5d98-b067-4b35-8632-84ac4ec8d2f0	404	https://symbiota.ccber.ucsb.edu/kummel/2026/8289068535.jpg	8289068535.jpg	8289068535	yes	200	https://www.flickr.com/photos/treebeard/8289068535/	https://live.staticflickr.com/8353/8289068535_b4768493b9_b.jpg	https://live.staticflickr.com/8353/8289068535_b4768493b9_q.jpg	"""Infundibular"" (funnel-shaped) mushrooms in the woods - maybe genus Clitocybe"	Treebeard	All Rights Reserved	139	
8264	2cc257bd-dbc6-4bda-afc6-6eba034302e6	404	https://symbiota.ccber.ucsb.edu/kummel/2026/8289090597.jpg	8289090597.jpg	8289090597	yes	200	https://www.flickr.com/photos/treebeard/8289090597/	https://live.staticflickr.com/8211/8289090597_98749d2ddc_b.jpg	https://live.staticflickr.com/8211/8289090597_98749d2ddc_q.jpg	Potato-like Dark Puffball (Lycoperdon foetidum) mushrooms	Treebeard	All Rights Reserved	126	
8265	c05a616f-f9bb-4177-9a51-7261a3167f4d	404	https://symbiota.ccber.ucsb.edu/kummel/2026/8289164731.jpg	8289164731.jpg	8289164731	yes	200	https://www.flickr.com/photos/treebeard/8289164731/	https://live.staticflickr.com/8223/8289164731_d1394d9291_b.jpg	https://live.staticflickr.com/8223/8289164731_d1394d9291_q.jpg	Little coral mushroom is the Meadow Coral (Clavulinopsis corniculata) or kin - only an inch across	Treebeard	All Rights Reserved	125	
8266	d138a079-4875-42c7-8ce4-b951edfe2859	404	https://symbiota.ccber.ucsb.edu/kummel/2026/8289235737.jpg	8289235737.jpg	8289235737	yes	200	https://www.flickr.com/photos/treebeard/8289235737/	https://live.staticflickr.com/8502/8289235737_1184c2b6b2_b.jpg	https://live.staticflickr.com/8502/8289235737_1184c2b6b2_q.jpg	Little coral mushroom is the Meadow Coral (Clavulinopsis corniculata) or kin - only an inch across	Treebeard	All Rights Reserved	124	
8267	eb2e98a9-e74f-4784-b8d8-daab7fa5ec76	404	https://symbiota.ccber.ucsb.edu/kummel/2026/8290094624.jpg	8290094624.jpg	8290094624	yes	200	https://www.flickr.com/photos/treebeard/8290094624/	https://live.staticflickr.com/8354/8290094624_d043cbf764_b.jpg	https://live.staticflickr.com/8354/8290094624_d043cbf764_q.jpg	"First new ""flowers"" of Woolly Indian Paintbrush (Castilleja foliolosa, Scrophulariaceae)"	Treebeard	All Rights Reserved	121	
8268	5d8d55a4-10e9-4aa5-94e9-058bde9e5d0d	404	https://symbiota.ccber.ucsb.edu/kummel/2026/8290167848.jpg	8290167848.jpg	8290167848	yes	200	https://www.flickr.com/photos/treebeard/8290167848/	https://live.staticflickr.com/8354/8290167848_a1f8e597c4_b.jpg	https://live.staticflickr.com/8354/8290167848_a1f8e597c4_q.jpg	Yellow-colored ripe fruiting bodies of Dark Puffball (Lycoperdon foetidum) mushrooms	Treebeard	All Rights Reserved	123	
8269	400e2615-20b8-488b-93aa-78f0f926a8a4	404	https://symbiota.ccber.ucsb.edu/kummel/2026/8292022487.jpg	8292022487.jpg	8292022487	yes	200	https://www.flickr.com/photos/treebeard/8292022487/	https://live.staticflickr.com/8212/8292022487_e95687e751_b.jpg	https://live.staticflickr.com/8212/8292022487_e95687e751_q.jpg	Maybe a pink-spored Nolanea stricta mushroom in the woods	Treebeard	All Rights Reserved	113	
8270	36d32550-7b34-4ba6-8a17-24d2818746ee	404	https://symbiota.ccber.ucsb.edu/kummel/2026/8292122757.jpg	8292122757.jpg	8292122757	yes	200	https://www.flickr.com/photos/treebeard/8292122757/	https://live.staticflickr.com/8072/8292122757_2ea1201004_b.jpg	https://live.staticflickr.com/8072/8292122757_2ea1201004_q.jpg	Mystery mushroom in the garden, with Coast Live Oak (Quercus agrifolia) nearby -  looks like a Tricholoma, but isn't	Treebeard	All Rights Reserved	112	
8271	4611dd45-3227-4ea0-a9b8-2eff7fcba160	404	https://symbiota.ccber.ucsb.edu/kummel/2026/8293114098.jpg	8293114098.jpg	8293114098	yes	200	https://www.flickr.com/photos/treebeard/8293114098/	https://live.staticflickr.com/8221/8293114098_05ace58411_b.jpg	https://live.staticflickr.com/8221/8293114098_05ace58411_q.jpg	"""Wood Chipper Mushrooms"" (my name) growing on wood chips - maybe some kind of Agrocybe?"	Treebeard	All Rights Reserved	128	
8272	681ff0f0-df10-4b32-b47b-6cf7b747bfb7	404	https://symbiota.ccber.ucsb.edu/kummel/2026/8293232094.jpg	8293232094.jpg	8293232094	yes	200	https://www.flickr.com/photos/treebeard/8293232094/	https://live.staticflickr.com/8364/8293232094_4cb5ffafdd_b.jpg	https://live.staticflickr.com/8364/8293232094_4cb5ffafdd_q.jpg	Mystery mushroom in the woods - maybe a Tricholoma?	Treebeard	All Rights Reserved	126	
8273	fc48f495-d0a3-4385-9b48-2bf5555b2520	404	https://symbiota.ccber.ucsb.edu/kummel/2026/8294736397.jpg	8294736397.jpg	8294736397	yes	200	https://www.flickr.com/photos/treebeard/8294736397/	https://live.staticflickr.com/8211/8294736397_b27400da3f_b.jpg	https://live.staticflickr.com/8211/8294736397_b27400da3f_q.jpg	Little puffball (Lycoperdon) mushrooms in the woods	Treebeard	All Rights Reserved	116	
8274	f0a7f905-6edb-4985-ab4d-ad10d2e1cbad	404	https://symbiota.ccber.ucsb.edu/kummel/2026/8294863053.jpg	8294863053.jpg	8294863053	yes	200	https://www.flickr.com/photos/treebeard/8294863053/	https://live.staticflickr.com/8361/8294863053_f318b60568_b.jpg	https://live.staticflickr.com/8361/8294863053_f318b60568_q.jpg	"Large ""Earth-mover mushroom"" (Cortinarius) - pushing up a ""mushrump"" under Coast Live Oak (Quercus agrifolia)"	Treebeard	All Rights Reserved	115	
8275	ae6a5767-ed0a-42ac-8a7c-2ea48a50e49f	404	https://symbiota.ccber.ucsb.edu/kummel/2026/8294898507.jpg	8294898507.jpg	8294898507	yes	200	https://www.flickr.com/photos/treebeard/8294898507/	https://live.staticflickr.com/8500/8294898507_901a5d7339_c.jpg	https://live.staticflickr.com/8500/8294898507_901a5d7339_q.jpg	"Large ""earth-mover"" Cortinarius mushroom under Coast Live Oak (Quercus agrifolia) - subgenus Bulbopodium"	Treebeard	All Rights Reserved	120	
8276	01c084ee-207c-42ec-9d40-0e0a7e510cda	404	https://symbiota.ccber.ucsb.edu/kummel/2026/8294937307.jpg	8294937307.jpg	8294937307	yes	200	https://www.flickr.com/photos/treebeard/8294937307/	https://live.staticflickr.com/8500/8294937307_6e57aaa555_c.jpg	https://live.staticflickr.com/8500/8294937307_6e57aaa555_q.jpg	New flowers on staminate catkins of Veatch Silk-Tassel (Garrya veatchii, Garryaceae)	Treebeard	All Rights Reserved	122	
8277	7e0f9412-12bb-4a19-8795-f7f977d133c1	404	https://symbiota.ccber.ucsb.edu/kummel/2026/8295724386.jpg	8295724386.jpg	8295724386	yes	200	https://www.flickr.com/photos/treebeard/8295724386/	https://live.staticflickr.com/8354/8295724386_48632fd877_c.jpg	https://live.staticflickr.com/8354/8295724386_48632fd877_q.jpg	Strange Earthstar (Astraeus) mushroom showing the inner spore sack	Treebeard	All Rights Reserved	125	
8278	14289e9e-49d1-49e0-9814-995448a29a5c	404	https://symbiota.ccber.ucsb.edu/kummel/2026/8295873380.jpg	8295873380.jpg	8295873380	yes	200	https://www.flickr.com/photos/treebeard/8295873380/	https://live.staticflickr.com/8501/8295873380_a549fb62b2_b.jpg	https://live.staticflickr.com/8501/8295873380_a549fb62b2_q.jpg	Odd puffball (Lycoperdon) with outer skin the peels away - maybe the Peeling Puffball (Lycoperdon marginatum)?	Treebeard	All Rights Reserved	135	
8279	8d5ffacd-cf7d-452d-915c-2d44f497e7e3	404	https://symbiota.ccber.ucsb.edu/kummel/2026/8296001860.jpg	8296001860.jpg	8296001860	yes	200	https://www.flickr.com/photos/treebeard/8296001860/	https://live.staticflickr.com/8356/8296001860_77335713e4_c.jpg	https://live.staticflickr.com/8356/8296001860_77335713e4_q.jpg	Mature galls on leaves of Goldencup Oak aka Canyon Live Oak (Quercus chrysolepis, Fagaceae)	Treebeard	All Rights Reserved	136	
8280	515e679c-6120-4168-a715-af1daa94f312	404	https://symbiota.ccber.ucsb.edu/kummel/2026/8296024732.jpg	8296024732.jpg	8296024732	yes	200	https://www.flickr.com/photos/treebeard/8296024732/	https://live.staticflickr.com/8362/8296024732_74e1c79dcd_c.jpg	https://live.staticflickr.com/8362/8296024732_74e1c79dcd_q.jpg	Tiny gall on leaf of Scrub Oak (Quercus berberidifolia, Fagaceae), with exit hole	Treebeard	All Rights Reserved	134	
8281	a8e56d96-4993-4ef3-a6da-428b9a736b71	404	https://symbiota.ccber.ucsb.edu/kummel/2026/8297605843.jpg	8297605843.jpg	8297605843	yes	200	https://www.flickr.com/photos/treebeard/8297605843/	https://live.staticflickr.com/8501/8297605843_686caa48c6_b.jpg	https://live.staticflickr.com/8501/8297605843_686caa48c6_q.jpg	"Lumpy ""non-detachable"" gall of the Irregular Spindle Gall Wasp (Andricus chrysolepidicola, Cynipidae, Hymenoptera)"	Treebeard	All Rights Reserved	116	
8282	e0144e11-09e1-4bad-a2b8-0a812c8ea2b3	404	https://symbiota.ccber.ucsb.edu/kummel/2026/8297637147.jpg	8297637147.jpg	8297637147	yes	200	https://www.flickr.com/photos/treebeard/8297637147/	https://live.staticflickr.com/8352/8297637147_12be464562_b.jpg	https://live.staticflickr.com/8352/8297637147_12be464562_q.jpg	"""Crust Mushroom"" in the Stereaceae mushroom family"	Treebeard	All Rights Reserved	114	
8283	2872532b-5690-49c7-9458-213dadf7b253	404	https://symbiota.ccber.ucsb.edu/kummel/2026/8297829929.jpg	8297829929.jpg	8297829929	yes	200	https://www.flickr.com/photos/treebeard/8297829929/	https://live.staticflickr.com/8491/8297829929_e15ea1b372_c.jpg	https://live.staticflickr.com/8491/8297829929_e15ea1b372_q.jpg	Staminate catkins of Veatch Silk-Tassel (Garrya veatchii, Garryaceae) - hanging like a Christmas tree ornament	Treebeard	All Rights Reserved	118	
8284	65ea232a-2e84-4cec-ba7b-462b07c7b954	404	https://symbiota.ccber.ucsb.edu/kummel/2026/8297871931.jpg	8297871931.jpg	8297871931	yes	200	https://www.flickr.com/photos/treebeard/8297871931/	https://live.staticflickr.com/8214/8297871931_90c277ee2c_b.jpg	https://live.staticflickr.com/8214/8297871931_90c277ee2c_q.jpg	Holly-like leaves of Holly-Leaved Redberry (Rhamnus ilicifolia, Rhamnaceae)	Treebeard	All Rights Reserved	120	
8285	82c2ad93-4976-4456-ad1e-5546130b0923	404	https://symbiota.ccber.ucsb.edu/kummel/2026/8297920281.jpg	8297920281.jpg	8297920281	yes	200	https://www.flickr.com/photos/treebeard/8297920281/	https://live.staticflickr.com/8213/8297920281_bed8d2aaf9_b.jpg	https://live.staticflickr.com/8213/8297920281_bed8d2aaf9_q.jpg	Brilliant ripe berries of native Christmas Berry aka Toyon (Heteromeles arbutifolia, Rosaceae)	Treebeard	All Rights Reserved	117	
8286	f0f2b65c-4ab2-4eb8-8b0d-fdf47937c70f	404	https://symbiota.ccber.ucsb.edu/kummel/2026/8298752796.jpg	8298752796.jpg	8298752796	yes	200	https://www.flickr.com/photos/treebeard/8298752796/	https://live.staticflickr.com/8357/8298752796_13bd2ea6ac_c.jpg	https://live.staticflickr.com/8357/8298752796_13bd2ea6ac_q.jpg	Small Lepiota mushroom growing from debris of Coast Live Oak (Quercus agrifolia, Fagaceae)	Treebeard	All Rights Reserved	114	
8287	01059ad1-abe6-422c-a543-9f9844de0715	404	https://symbiota.ccber.ucsb.edu/kummel/2026/8298797400.jpg	8298797400.jpg	8298797400	yes	200	https://www.flickr.com/photos/treebeard/8298797400/	https://live.staticflickr.com/8502/8298797400_fbf111d5c3_b.jpg	https://live.staticflickr.com/8502/8298797400_fbf111d5c3_q.jpg	Lepiota mushrooms - maybe the Shaggy-Stalked Parasol (Lepiota clypeolaria or kin), maybe not	Treebeard	All Rights Reserved	112	
8288	b73baf83-c5fa-4125-89e8-ab6187f9913a	404	https://symbiota.ccber.ucsb.edu/kummel/2026/8301554943.jpg	8301554943.jpg	8301554943	yes	200	https://www.flickr.com/photos/treebeard/8301554943/	https://live.staticflickr.com/8075/8301554943_e83898d14e_b.jpg	https://live.staticflickr.com/8075/8301554943_e83898d14e_q.jpg	New cluster of Sulfur Tuft aka Clustered Woodlover (Naematoloma fasciculare) mushrooms	Treebeard	All Rights Reserved	112	
8289	cfa96f65-2a18-403a-9efc-ca79b1c1e620	404	https://symbiota.ccber.ucsb.edu/kummel/2026/8301591901.jpg	8301591901.jpg	8301591901	yes	200	https://www.flickr.com/photos/treebeard/8301591901/	https://live.staticflickr.com/8351/8301591901_cdb49f5c9a_b.jpg	https://live.staticflickr.com/8351/8301591901_cdb49f5c9a_q.jpg	Pretty little mushrooms on bark of Coast Live Oak (Quercus agrifolia) tree	Treebeard	All Rights Reserved	110	
8290	83e13b3c-bf66-413e-811a-37aebe4fd74f	404	https://symbiota.ccber.ucsb.edu/kummel/2026/8301747515.jpg	8301747515.jpg	8301747515	yes	200	https://www.flickr.com/photos/treebeard/8301747515/	https://live.staticflickr.com/8077/8301747515_8bdbf76810_b.jpg	https://live.staticflickr.com/8077/8301747515_8bdbf76810_q.jpg	New roots of native Wild Blackberry (Rubus ursinus, Rosaceae) - growing in the air!	Treebeard	All Rights Reserved	114	
8291	67d14dcd-4cb8-4f99-a373-fe07642778c6	404	https://symbiota.ccber.ucsb.edu/kummel/2026/8302510388.jpg	8302510388.jpg	8302510388	yes	200	https://www.flickr.com/photos/treebeard/8302510388/	https://live.staticflickr.com/8079/8302510388_d632812a3e_c.jpg	https://live.staticflickr.com/8079/8302510388_d632812a3e_q.jpg	Strange antler-like fruiting bodies of Candlesnuff Fungus (Xylaria hypoxylon or kin) - with raindrops	Treebeard	All Rights Reserved	116	
8292	232894cc-e965-42c7-bfa1-38e2fae4316a	404	https://symbiota.ccber.ucsb.edu/kummel/2026/8302533812.jpg	8302533812.jpg	8302533812	yes	200	https://www.flickr.com/photos/treebeard/8302533812/	https://live.staticflickr.com/8494/8302533812_b57e1785eb_c.jpg	https://live.staticflickr.com/8494/8302533812_b57e1785eb_q.jpg	Frosted Marasmius (Marasmius plicatulus or kin) mushrooms growing under Coast Live Oak (Quercus agrifolia) and Wild Blackberry (Rubus ursinus)	Treebeard	All Rights Reserved	122	
8293	b0ffa106-3e17-4c44-9939-1a2970a85d03	404	https://symbiota.ccber.ucsb.edu/kummel/2026/8302700868.jpg	8302700868.jpg	8302700868	yes	200	https://www.flickr.com/photos/treebeard/8302700868/	https://live.staticflickr.com/8500/8302700868_b2f59c1682_b.jpg	https://live.staticflickr.com/8500/8302700868_b2f59c1682_q.jpg	Ripe sporangia of a Slime Mold (Myxomycetes or Myxogastria) on fallen Coast Live Oak (Quercus agrifolia) tree - with raindrops	Treebeard	All Rights Reserved	113	
8294	8018cd95-03bb-4c9d-be1d-19b39105ddfe	404	https://symbiota.ccber.ucsb.edu/kummel/2026/8302744430.jpg	8302744430.jpg	8302744430	yes	200	https://www.flickr.com/photos/treebeard/8302744430/	https://live.staticflickr.com/8504/8302744430_d1324527b2_b.jpg	https://live.staticflickr.com/8504/8302744430_d1324527b2_q.jpg	Streaming plasmodium of a Slime Mold (Myxomycetes or Myxogastria) on dead Coast Live Oak (Quercus agrifolia)	Treebeard	All Rights Reserved	111	
8295	a65bcaf3-9359-40fa-bacc-111f5b05ffea	404	https://symbiota.ccber.ucsb.edu/kummel/2026/8302867444.jpg	8302867444.jpg	8302867444	yes	200	https://www.flickr.com/photos/treebeard/8302867444/	https://live.staticflickr.com/8497/8302867444_8de39bfbfb_b.jpg	https://live.staticflickr.com/8497/8302867444_8de39bfbfb_q.jpg	Raindrops on new leaves of Canyon Lupine (Lupinus latifolius, Fabaceae)	Treebeard	All Rights Reserved	111	
8296	16f9638c-bf9e-4681-a0af-a9a36281335b	404	https://symbiota.ccber.ucsb.edu/kummel/2026/8304770945.jpg	8304770945.jpg	8304770945	yes	200	https://www.flickr.com/photos/treebeard/8304770945/	https://live.staticflickr.com/8364/8304770945_f1f0a91c8f_b.jpg	https://live.staticflickr.com/8364/8304770945_f1f0a91c8f_q.jpg	"""Bleeding mycelium"" of some fungus on bark of Coast Live Oak (Quercus agrifolia)"	Treebeard	All Rights Reserved	122	
8297	6bd10e61-f680-49cd-b575-8e1b29371e5c	404	https://symbiota.ccber.ucsb.edu/kummel/2026/8304885441.jpg	8304885441.jpg	8304885441	yes	200	https://www.flickr.com/photos/treebeard/8304885441/	https://live.staticflickr.com/8355/8304885441_59561903b3_c.jpg	https://live.staticflickr.com/8355/8304885441_59561903b3_q.jpg	Tiny shell-like caps of Marasmiellus candidus growing on a dead stem of Giant Rye Grass (Leymus condensatus, Poaceae)	Treebeard	All Rights Reserved	113	
8298	5f8bbc77-7289-4961-abf7-a9ca9739ce9a	404	https://symbiota.ccber.ucsb.edu/kummel/2026/8304974027.jpg	8304974027.jpg	8304974027	yes	200	https://www.flickr.com/photos/treebeard/8304974027/	https://live.staticflickr.com/8499/8304974027_b7bbd454c1_b.jpg	https://live.staticflickr.com/8499/8304974027_b7bbd454c1_q.jpg	Pacific Banana Slug (Ariolimax columbianus - or is it Ariolimax californicus?) prowling through the woods	Treebeard	All Rights Reserved	113	
8299	7d3c0dc2-f96c-46e7-a2b5-05e07943c96c	404	https://symbiota.ccber.ucsb.edu/kummel/2026/8305843564.jpg	8305843564.jpg	8305843564	yes	200	https://www.flickr.com/photos/treebeard/8305843564/	https://live.staticflickr.com/8071/8305843564_0d4a60acf6_b.jpg	https://live.staticflickr.com/8071/8305843564_0d4a60acf6_q.jpg	Young and old Pear-shaped Puffballs (Lycoperdon pyriforme) in the woods	Treebeard	All Rights Reserved	111	
8300	f16fc974-ea7b-42eb-9e72-485eb78b880e	404	https://symbiota.ccber.ucsb.edu/kummel/2026/8305899242.jpg	8305899242.jpg	8305899242	yes	200	https://www.flickr.com/photos/treebeard/8305899242/	https://live.staticflickr.com/8082/8305899242_f0d11479b3_b.jpg	https://live.staticflickr.com/8082/8305899242_f0d11479b3_q.jpg	"Micro-world of tiny Fairy Hair (Macrotyphula juncea) ""mushrooms"" growing on Coast Live Oak (Quercus agrifolia) leaves"	Treebeard	All Rights Reserved	113	
8301	64adb95c-7b79-4d4f-aafa-99e44bee1be1	404	https://symbiota.ccber.ucsb.edu/kummel/2026/8305957182.jpg	8305957182.jpg	8305957182	yes	200	https://www.flickr.com/photos/treebeard/8305957182/	https://live.staticflickr.com/8213/8305957182_de16cdcbf8_b.jpg	https://live.staticflickr.com/8213/8305957182_de16cdcbf8_q.jpg	"Oak-Loving Bolete (Boletus dryophilus) mushrooms, taken over by the ""Bolete Eater"" (Hypomyces chrysospermus) fungus"	Treebeard	All Rights Reserved	115	
8302	754a9a59-c34b-4962-825b-83940d0b2037	404	https://symbiota.ccber.ucsb.edu/kummel/2026/8306042066.jpg	8306042066.jpg	8306042066	yes	200	https://www.flickr.com/photos/treebeard/8306042066/	https://live.staticflickr.com/8082/8306042066_15266e3f23_b.jpg	https://live.staticflickr.com/8082/8306042066_15266e3f23_q.jpg	Raindrops on a grass blade	Treebeard	All Rights Reserved	134	
8303	f01554b4-4825-4e9b-a28e-707b25d94616	404	https://symbiota.ccber.ucsb.edu/kummel/2026/8306080302.jpg	8306080302.jpg	8306080302	yes	200	https://www.flickr.com/photos/treebeard/8306080302/	https://live.staticflickr.com/8084/8306080302_221aa6420d_b.jpg	https://live.staticflickr.com/8084/8306080302_221aa6420d_q.jpg	Galls of Beaked Twig Gall Wasp (Disholcaspis plumbella, Cynipidae, Hymenoptera) on Scrub Oak (Quercus berberidifolia, Fagaceae) - like Christmas ornaments	Treebeard	All Rights Reserved	126	
8304	903671a1-176d-4ef6-94f9-da20fe8b66f2	404	https://symbiota.ccber.ucsb.edu/kummel/2026/8308380497.jpg	8308380497.jpg	8308380497	yes	200	https://www.flickr.com/photos/treebeard/8308380497/	https://live.staticflickr.com/8498/8308380497_3ab52d81fe_c.jpg	https://live.staticflickr.com/8498/8308380497_3ab52d81fe_q.jpg	Oyster Mushrooms (Pleurotis ostreatus) or other pleurotid fungi on broken trunk of Coast Live Oak (Quercus agrifolia, Fagaceae)	Treebeard	All Rights Reserved	118	
8305	d49e0043-0caa-4fcd-aba1-f4bb2f956239	404	https://symbiota.ccber.ucsb.edu/kummel/2026/8309376562.jpg	8309376562.jpg	8309376562	yes	200	https://www.flickr.com/photos/treebeard/8309376562/	https://live.staticflickr.com/8352/8309376562_e67d793e7c_b.jpg	https://live.staticflickr.com/8352/8309376562_e67d793e7c_q.jpg	Bright little sporangia of Slime Molds (Myxomycetes or Myxogastria) on fallen leaves and twigs of Coast Live Oak (Quercus agrifolia, Fagaceae)	Treebeard	All Rights Reserved	124	
8306	c2db5edd-0494-4576-bc15-1b29ff299d7f	404	https://symbiota.ccber.ucsb.edu/kummel/2026/8309504130.jpg	8309504130.jpg	8309504130	yes	200	https://www.flickr.com/photos/treebeard/8309504130/	https://live.staticflickr.com/8496/8309504130_1f32bb6e5a_b.jpg	https://live.staticflickr.com/8496/8309504130_1f32bb6e5a_q.jpg	Big Laughing Mushroom (Gymnopilus spectabilis) growing from the base of a dying tree of non-native Knobcone Pine (Pinus attenuata)	Treebeard	All Rights Reserved	119	
8307	7f29c703-c644-45a1-b39a-bea5da91d01a	404	https://symbiota.ccber.ucsb.edu/kummel/2026/8311917591.jpg	8311917591.jpg	8311917591	yes	200	https://www.flickr.com/photos/treebeard/8311917591/	https://live.staticflickr.com/8073/8311917591_951f283d0f_b.jpg	https://live.staticflickr.com/8073/8311917591_951f283d0f_q.jpg	Odd but pretty Slime Molds (Myxomycetes or Myxogastria) on fallen twigs of Coast Live Oak (Quercus agrifolia, Fagaceae)	Treebeard	All Rights Reserved	117	
8308	fa949f5f-1ab9-4c95-af99-149342faa433	404	https://symbiota.ccber.ucsb.edu/kummel/2026/8312067115.jpg	8312067115.jpg	8312067115	yes	200	https://www.flickr.com/photos/treebeard/8312067115/	https://live.staticflickr.com/8504/8312067115_92189e724c_b.jpg	https://live.staticflickr.com/8504/8312067115_92189e724c_q.jpg	Large cluster of Big Laughing Mushrooms (Gymnopilus spectabilisor kin) growing from Knobcone Pine (Pinus attenuata, Pinaceae)	Treebeard	All Rights Reserved	132	
8309	9646da26-64e3-48ad-8527-52dd4970a997	404	https://symbiota.ccber.ucsb.edu/kummel/2026/8312152305.jpg	8312152305.jpg	8312152305	yes	200	https://www.flickr.com/photos/treebeard/8312152305/	https://live.staticflickr.com/8359/8312152305_9ca34e9633_b.jpg	https://live.staticflickr.com/8359/8312152305_9ca34e9633_q.jpg	Granulated Slippery Jack (Suillus granulatus) mushroom growing under Knobcone Pine (Pinus attenuata, Pinaceae)	Treebeard	All Rights Reserved	129	
8310	f2064d7e-70e5-4d01-a225-52ba139fe173	404	https://symbiota.ccber.ucsb.edu/kummel/2026/8312995372.jpg	8312995372.jpg	8312995372	yes	200	https://www.flickr.com/photos/treebeard/8312995372/	https://live.staticflickr.com/8359/8312995372_7656b901d1_c.jpg	https://live.staticflickr.com/8359/8312995372_7656b901d1_q.jpg	Streaming plasmodium of a Slime Mold (Myxomycetes or Myxogastria) on a fallen leaf of Coast Live Oak (Quercus agrifolia, Fagaceae)	Treebeard	All Rights Reserved	138	
8311	e2d0d39e-b78d-4920-abfb-9cdc1d414976	404	https://symbiota.ccber.ucsb.edu/kummel/2026/8313043082.jpg	8313043082.jpg	8313043082	yes	200	https://www.flickr.com/photos/treebeard/8313043082/	https://live.staticflickr.com/8218/8313043082_e944231492_b.jpg	https://live.staticflickr.com/8218/8313043082_e944231492_q.jpg	Pleurotid fungus on a broken tree of Coast Live Oak (Quercus agrifolia, Fagaceae) -  the serrated gills suggest genus Lentinus	Treebeard	All Rights Reserved	144	
8312	9d52c3bc-5f02-49a9-aa5e-153a9b4192a1	404	https://symbiota.ccber.ucsb.edu/kummel/2026/8313140228.jpg	8313140228.jpg	8313140228	yes	200	https://www.flickr.com/photos/treebeard/8313140228/	https://live.staticflickr.com/8082/8313140228_cd5747b43f_b.jpg	https://live.staticflickr.com/8082/8313140228_cd5747b43f_q.jpg	"Maybe the Woodland Agaricus (Agaricus silvicola) - has ""double veil"" ring with patches on the underside"	Treebeard	All Rights Reserved	143	
8313	e21893a6-18d5-406b-8604-9c2e53eea55c	404	https://symbiota.ccber.ucsb.edu/kummel/2026/8313273764.jpg	8313273764.jpg	8313273764	yes	200	https://www.flickr.com/photos/treebeard/8313273764/	https://live.staticflickr.com/8079/8313273764_4b8ac01b25_b.jpg	https://live.staticflickr.com/8079/8313273764_4b8ac01b25_q.jpg	Earthstar (Astraeus) mushroom - like a beast climbing over the oak leaves	Treebeard	All Rights Reserved	114	
8314	a08f7894-7fe6-4633-9dd4-a1a9608e979c	404	https://symbiota.ccber.ucsb.edu/kummel/2026/8315572271.jpg	8315572271.jpg	8315572271	yes	200	https://www.flickr.com/photos/treebeard/8315572271/	https://live.staticflickr.com/8361/8315572271_f800c6e6bf_c.jpg	https://live.staticflickr.com/8361/8315572271_f800c6e6bf_q.jpg	Frosted Marasmius (Marasmius plicatulus or kin) mushrooms growing under Coast Live Oak (Quercus agrifolia, Fagaceae)	Treebeard	All Rights Reserved	141	
8315	ead8ab67-1434-4640-8461-18495e33677e	404	https://symbiota.ccber.ucsb.edu/kummel/2026/8315673355.jpg	8315673355.jpg	8315673355	yes	200	https://www.flickr.com/photos/treebeard/8315673355/	https://live.staticflickr.com/8501/8315673355_b54f7282da_c.jpg	https://live.staticflickr.com/8501/8315673355_b54f7282da_q.jpg	"Strange and beautiful little ""mystery mushroom"" in the woods - with a perfect little ring on the stem"	Treebeard	All Rights Reserved	138	
8316	fb9d10b8-5d19-48a1-a11c-df2ae2072fa5	404	https://symbiota.ccber.ucsb.edu/kummel/2026/8315767509.jpg	8315767509.jpg	8315767509	yes	200	https://www.flickr.com/photos/treebeard/8315767509/	https://live.staticflickr.com/8500/8315767509_18c8c93c8d_c.jpg	https://live.staticflickr.com/8500/8315767509_18c8c93c8d_q.jpg	"Strange and beautiful little ""mystery mushroom"" in the woods - with a perfect little ring on the stem"	Treebeard	All Rights Reserved	128	
8317	7524d363-b748-4b2e-a0aa-c4b7e8fb8523	404	https://symbiota.ccber.ucsb.edu/kummel/2026/8315969237.jpg	8315969237.jpg	8315969237	yes	200	https://www.flickr.com/photos/treebeard/8315969237/	https://live.staticflickr.com/8503/8315969237_304eb602df_b.jpg	https://live.staticflickr.com/8503/8315969237_304eb602df_q.jpg	"Maybe a Fungus Gnat (Mycetophilidae, Diptera) on Fairy Hair (Macrotyphula juncea) ""mushroom"""	Treebeard	All Rights Reserved	128	
8318	f6a6d0b1-f405-4c3a-ab91-855eb948179e	404	https://symbiota.ccber.ucsb.edu/kummel/2026/8316648738.jpg	8316648738.jpg	8316648738	yes	200	https://www.flickr.com/photos/treebeard/8316648738/	https://live.staticflickr.com/8360/8316648738_5ff46dc3fc_b.jpg	https://live.staticflickr.com/8360/8316648738_5ff46dc3fc_q.jpg	Handsome Sulfur Tuft aka Clustered Woodlover (Naematoloma fasciculare) mushrooms growing from the base of a Coast Live Oak (Quercus agrifolia,Fagaceae)	Treebeard	All Rights Reserved	127	
8319	c7b85b97-8e0f-47cf-9b6d-5d9ff9cb6ff7	404	https://symbiota.ccber.ucsb.edu/kummel/2026/8316710542.jpg	8316710542.jpg	8316710542	yes	200	https://www.flickr.com/photos/treebeard/8316710542/	https://live.staticflickr.com/8498/8316710542_05ac69df94_b.jpg	https://live.staticflickr.com/8498/8316710542_05ac69df94_q.jpg	Little coral mushroom is the Meadow Coral (Clavulinopsis corniculata) or kin - only an inch across	Treebeard	All Rights Reserved	128	
8320	63bdb30e-29de-4495-88c8-ee52a8c267be	404	https://symbiota.ccber.ucsb.edu/kummel/2026/8316888512.jpg	8316888512.jpg	8316888512	yes	200	https://www.flickr.com/photos/treebeard/8316888512/	https://live.staticflickr.com/8355/8316888512_9d25beef95_b.jpg	https://live.staticflickr.com/8355/8316888512_9d25beef95_q.jpg	These little Mycena mushrooms have lavender colors - maybe the Lilac Mycena (Mycena pura)	Treebeard	All Rights Reserved	157	
8321	83ad8d17-308e-4f6f-9e01-36a4592626d6	404	https://symbiota.ccber.ucsb.edu/kummel/2026/8316952642.jpg	8316952642.jpg	8316952642	yes	200	https://www.flickr.com/photos/treebeard/8316952642/	https://live.staticflickr.com/8083/8316952642_a281ea72af_b.jpg	https://live.staticflickr.com/8083/8316952642_a281ea72af_q.jpg	"Rather small ""Satan's Bolete"" (Boletus satanas) mushrooms in the woods - don't eat them!"	Treebeard	All Rights Reserved	160	
8322	f14f65d0-8c41-4c70-8b62-d895a85a7076	404	https://symbiota.ccber.ucsb.edu/kummel/2026/8319532215.jpg	8319532215.jpg	8319532215	yes	200	https://www.flickr.com/photos/treebeard/8319532215/	https://live.staticflickr.com/8352/8319532215_3405106c3c_b.jpg	https://live.staticflickr.com/8352/8319532215_3405106c3c_q.jpg	Yellow-Staining Agaricus (Agaricus xanthodermus) mushrooms - look beautiful and edible, but taste terrible!	Treebeard	All Rights Reserved	162	
8323	e82f56d8-5cde-42ff-a66f-8852474eadfa	404	https://symbiota.ccber.ucsb.edu/kummel/2026/8319677553.jpg	8319677553.jpg	8319677553	yes	200	https://www.flickr.com/photos/treebeard/8319677553/	https://live.staticflickr.com/8504/8319677553_fba16461ea_b.jpg	https://live.staticflickr.com/8504/8319677553_fba16461ea_q.jpg	"More ""mystery mushrooms"" in the woods growing on a well-rotted oak log"	Treebeard	All Rights Reserved	127	
8324	7d4a1c3a-cbf5-43a0-8c05-7a0e0c403eb3	404	https://symbiota.ccber.ucsb.edu/kummel/2026/8319779723.jpg	8319779723.jpg	8319779723	yes	200	https://www.flickr.com/photos/treebeard/8319779723/	https://live.staticflickr.com/8218/8319779723_5989da0fab_c.jpg	https://live.staticflickr.com/8218/8319779723_5989da0fab_q.jpg	Assassin Bug (Reduviidae, Hemiptera) - maybe the Spiny Assassin Bug (Sinea spinipes)	Treebeard	All Rights Reserved	126	
8325	322da59d-ab9c-473f-a28d-90bc56896fa8	404	https://symbiota.ccber.ucsb.edu/kummel/2026/8320490248.jpg	8320490248.jpg	8320490248	yes	200	https://www.flickr.com/photos/treebeard/8320490248/	https://live.staticflickr.com/8357/8320490248_d1fc7e416f_c.jpg	https://live.staticflickr.com/8357/8320490248_d1fc7e416f_q.jpg	"Probably the ""Boring Brown Bolete"" (Boletus subtomentosus) with brown cap and large pores"	Treebeard	All Rights Reserved	133	
8326	0832f50f-367d-4497-9340-3313bad5446c	404	https://symbiota.ccber.ucsb.edu/kummel/2026/8320652540.jpg	8320652540.jpg	8320652540	yes	200	https://www.flickr.com/photos/treebeard/8320652540/	https://live.staticflickr.com/8219/8320652540_d198420d9f_b.jpg	https://live.staticflickr.com/8219/8320652540_d198420d9f_q.jpg	Tiny shell-like mushrooms on a bank of moss - maybe Marasmiellus candidus?	Treebeard	All Rights Reserved	178	
8327	2ed09ee5-c99a-4dff-a3aa-d001d8c6c12c	404	https://symbiota.ccber.ucsb.edu/kummel/2026/8320692570.jpg	8320692570.jpg	8320692570	yes	200	https://www.flickr.com/photos/treebeard/8320692570/	https://live.staticflickr.com/8492/8320692570_aa4d017ef9_b.jpg	https://live.staticflickr.com/8492/8320692570_aa4d017ef9_q.jpg	"Beautiful mushroom in the woods - maybe ""Plums and Custard"" (Tricholomopsis rutilans)?"	Treebeard	All Rights Reserved	150	
8328	afb877c2-4a43-42a3-aad5-33a5a7706f58	404	https://symbiota.ccber.ucsb.edu/kummel/2026/8320801832.jpg	8320801832.jpg	8320801832	yes	200	https://www.flickr.com/photos/treebeard/8320801832/	https://live.staticflickr.com/8358/8320801832_589eacd7d1_c.jpg	https://live.staticflickr.com/8358/8320801832_589eacd7d1_q.jpg	"Large ""earth-mover mushroom"" - genus Cortinarius under Coast Live Oak (Quercus agrifolia, Fagaceae)"	Treebeard	All Rights Reserved	176	
8329	cc4a7a48-4f47-40cb-b255-73695a635795	404	https://symbiota.ccber.ucsb.edu/kummel/2026/8320923046.jpg	8320923046.jpg	8320923046	yes	200	https://www.flickr.com/photos/treebeard/8320923046/	https://live.staticflickr.com/8215/8320923046_0d6bc54158_c.jpg	https://live.staticflickr.com/8215/8320923046_0d6bc54158_q.jpg	Assassin Bug (Reduviidae, Hemiptera) - maybe the Spiny Assassin Bug (Sinea spinipes)	Treebeard	All Rights Reserved	162	
8330	630e1443-e456-4843-8add-717be22b0632	404	https://symbiota.ccber.ucsb.edu/kummel/2026/8323221701.jpg	8323221701.jpg	8323221701	yes	200	https://www.flickr.com/photos/treebeard/8323221701/	https://live.staticflickr.com/8213/8323221701_02d61cc7d7_b.jpg	https://live.staticflickr.com/8213/8323221701_02d61cc7d7_q.jpg	Looking under the cap of a Blewit (Clitocybe nuda) mushroom in the woods	Treebeard	All Rights Reserved	142	
8331	8332bdf7-67f4-45c2-a7bb-7c4274d4afc3	404	https://symbiota.ccber.ucsb.edu/kummel/2026/8323294455.jpg	8323294455.jpg	8323294455	yes	200	https://www.flickr.com/photos/treebeard/8323294455/	https://live.staticflickr.com/8360/8323294455_fca0ca6615_c.jpg	https://live.staticflickr.com/8360/8323294455_fca0ca6615_q.jpg	Fremont's Star Lily aka Chaparral Death Camas (Zigadenus fremontii var. inezianus, Liliaceae) - with raindrops	Treebeard	All Rights Reserved	156	
8332	cce395e7-00fb-43f6-b6ff-e56a6e074871	404	https://symbiota.ccber.ucsb.edu/kummel/2026/8323319335.jpg	8323319335.jpg	8323319335	yes	200	https://www.flickr.com/photos/treebeard/8323319335/	https://live.staticflickr.com/8363/8323319335_a62213f5fc_b.jpg	https://live.staticflickr.com/8363/8323319335_a62213f5fc_q.jpg	Flower buds of native Sugar Bush (Rhus ovata, Anacardiaceae) - with raindrops	Treebeard	All Rights Reserved	125	
8333	215f9064-e3ed-4845-ae89-2bd55ab60c4b	404	https://symbiota.ccber.ucsb.edu/kummel/2026/8324200996.jpg	8324200996.jpg	8324200996	yes	200	https://www.flickr.com/photos/treebeard/8324200996/	https://live.staticflickr.com/8356/8324200996_a4f2b3b136_b.jpg	https://live.staticflickr.com/8356/8324200996_a4f2b3b136_q.jpg	New cluster of Sulfur Tuft aka Clustered Woodlover (Naematoloma fasciculare) mushrooms	Treebeard	All Rights Reserved	125	
8334	964123ae-b09c-4c5c-9506-3f07201ab925	404	https://symbiota.ccber.ucsb.edu/kummel/2026/8324228438.jpg	8324228438.jpg	8324228438	yes	200	https://www.flickr.com/photos/treebeard/8324228438/	https://live.staticflickr.com/8504/8324228438_6f13e25fac_b.jpg	https://live.staticflickr.com/8504/8324228438_6f13e25fac_q.jpg	Rufous Candy Cap (Lactarius rufulus) mushrooms in our garden	Treebeard	All Rights Reserved	125	
8335	e55be365-d96b-4ef3-b89a-18e462137a0e	404	https://symbiota.ccber.ucsb.edu/kummel/2026/8324310108.jpg	8324310108.jpg	8324310108	yes	200	https://www.flickr.com/photos/treebeard/8324310108/	https://live.staticflickr.com/8502/8324310108_180fda4b55_b.jpg	https://live.staticflickr.com/8502/8324310108_180fda4b55_q.jpg	Blewit (Clitocybe nuda) mushrooms in the woods!	Treebeard	All Rights Reserved	135	
8336	67f2340e-fe1c-48d6-8dd8-723e49fd2f19	404	https://symbiota.ccber.ucsb.edu/kummel/2026/8324417304.jpg	8324417304.jpg	8324417304	yes	200	https://www.flickr.com/photos/treebeard/8324417304/	https://live.staticflickr.com/8353/8324417304_1448dc6448_c.jpg	https://live.staticflickr.com/8353/8324417304_1448dc6448_q.jpg	Flower clusters of Chaparral Currant (Ribes malvaceum, Grossulariaceae)	Treebeard	All Rights Reserved	136	
8337	1ee0a944-3826-4fd6-bbc4-9f91dcb4fceb	404	https://symbiota.ccber.ucsb.edu/kummel/2026/8324433338.jpg	8324433338.jpg	8324433338	yes	200	https://www.flickr.com/photos/treebeard/8324433338/	https://live.staticflickr.com/8224/8324433338_c6b92b3464_c.jpg	https://live.staticflickr.com/8224/8324433338_c6b92b3464_q.jpg	Flower clusters of Chaparral Currant (Ribes malvaceum, Grossulariaceae) - in the rain	Treebeard	All Rights Reserved	125	
8338	b840a41a-58e7-4c05-9945-0f05e791c3a9	404	https://symbiota.ccber.ucsb.edu/kummel/2026/8327503313.jpg	8327503313.jpg	8327503313	yes	200	https://www.flickr.com/photos/treebeard/8327503313/	https://live.staticflickr.com/8221/8327503313_6695687a9a_b.jpg	https://live.staticflickr.com/8221/8327503313_6695687a9a_q.jpg	"White-gilled ""Tricholoma-like"" mushrooms - but some rusty-spored Cortinarius species"	Treebeard	All Rights Reserved	117	
8339	a5c33266-c7e9-4434-9194-58e0d7ffe030	404	https://symbiota.ccber.ucsb.edu/kummel/2026/8327644257.jpg	8327644257.jpg	8327644257	yes	200	https://www.flickr.com/photos/treebeard/8327644257/	https://live.staticflickr.com/8501/8327644257_c5133fff30_b.jpg	https://live.staticflickr.com/8501/8327644257_c5133fff30_q.jpg	Fresh pile of Pacific Banana Slug (Ariolimax columbianus - or is it Ariolimax californicus?) poo in the woods	Treebeard	All Rights Reserved	314	
8340	6cc00387-3cf0-44c8-8938-deb8e80396ea	404	https://symbiota.ccber.ucsb.edu/kummel/2026/8328479866.jpg	8328479866.jpg	8328479866	yes	200	https://www.flickr.com/photos/treebeard/8328479866/	https://live.staticflickr.com/8351/8328479866_848b431f96_c.jpg	https://live.staticflickr.com/8351/8328479866_848b431f96_q.jpg	Maybe the Pear-shaped Puffball (Lycoperdon pyriforme) - but on lignin-rich humus instead of wood	Treebeard	All Rights Reserved	145	
8341	dc87399c-8f6b-44d9-9e65-428b5dac90f1	404	https://symbiota.ccber.ucsb.edu/kummel/2026/8328666888.jpg	8328666888.jpg	8328666888	yes	200	https://www.flickr.com/photos/treebeard/8328666888/	https://live.staticflickr.com/8358/8328666888_41fdfd2d44_b.jpg	https://live.staticflickr.com/8358/8328666888_41fdfd2d44_q.jpg	New leaves of Giant Rye Grass (Leymus condensatus, Poaceae)	Treebeard	All Rights Reserved	129	
8342	46f84420-d773-4e2d-be90-4d8eaab577e0	404	https://symbiota.ccber.ucsb.edu/kummel/2026/8328898188.jpg	8328898188.jpg	8328898188	yes	200	https://www.flickr.com/photos/treebeard/8328898188/	https://live.staticflickr.com/8494/8328898188_a961beb7d4_b.jpg	https://live.staticflickr.com/8494/8328898188_a961beb7d4_q.jpg	Another gnarly Assassin Bug (Reduviidae, Hemiptera) - maybe the Spiny Assassin Bug (Sinea spinipes)	Treebeard	All Rights Reserved	141	
8343	ea967eba-39dd-4289-9eee-67d608f1629b	404	https://symbiota.ccber.ucsb.edu/kummel/2026/8328957722.jpg	8328957722.jpg	8328957722	yes	200	https://www.flickr.com/photos/treebeard/8328957722/	https://live.staticflickr.com/8076/8328957722_1489301b62_b.jpg	https://live.staticflickr.com/8076/8328957722_1489301b62_q.jpg	Sliced button of a new Coccora (Amanita calyptrata) mushroom in the woods	Treebeard	All Rights Reserved	137	
8344	3877df01-1dea-409c-a747-841d888ba2f4	404	https://symbiota.ccber.ucsb.edu/kummel/2026/8329040484.jpg	8329040484.jpg	8329040484	yes	200	https://www.flickr.com/photos/treebeard/8329040484/	https://live.staticflickr.com/8362/8329040484_ec79b8d523_c.jpg	https://live.staticflickr.com/8362/8329040484_ec79b8d523_q.jpg	New button of a Coccora (Amanita calyptrata, Amanitaceae) mushroom in the woods today	Treebeard	All Rights Reserved	121	
8345	cfd26872-c0a6-421e-b6a4-09be57a8c630	404	https://symbiota.ccber.ucsb.edu/kummel/2026/8329087946.jpg	8329087946.jpg	8329087946	yes	200	https://www.flickr.com/photos/treebeard/8329087946/	https://live.staticflickr.com/8072/8329087946_e0217c86c4_c.jpg	https://live.staticflickr.com/8072/8329087946_e0217c86c4_q.jpg	New button of a Coccora (Amanita calyptrata, Amanitaceae) mushroom in the woods today	Treebeard	All Rights Reserved	135	
8346	571569ba-c989-4464-8694-fb2c2a6e61ee	404	https://symbiota.ccber.ucsb.edu/kummel/2026/8330986113.jpg	8330986113.jpg	8330986113	yes	200	https://www.flickr.com/photos/treebeard/8330986113/	https://live.staticflickr.com/8495/8330986113_e4e511e521_b.jpg	https://live.staticflickr.com/8495/8330986113_e4e511e521_q.jpg	"Odd ""flowers"" of Oak Mistletoe (Phoradendron villosum, Viscaceae) growing as a parasite on Scrub Oak (Quercus berberidifolia, Fagaceae)"	Treebeard	All Rights Reserved	135	
8347	a5190eed-6313-4e2b-bc84-1ad932aa339d	404	https://symbiota.ccber.ucsb.edu/kummel/2026/8331969108.jpg	8331969108.jpg	8331969108	yes	200	https://www.flickr.com/photos/treebeard/8331969108/	https://live.staticflickr.com/8496/8331969108_bb19edd7d9_b.jpg	https://live.staticflickr.com/8496/8331969108_bb19edd7d9_q.jpg	Gold Eye Lichen (Teloschistes chrysophthalmus or kin) growing on a living branch of Chamise (Adenostoma fasciculatum, Rosaceae)	Treebeard	All Rights Reserved	144	
8348	b3f408a5-42b3-42c5-bebe-1e266fcab227	404	https://symbiota.ccber.ucsb.edu/kummel/2026/8332100886.jpg	8332100886.jpg	8332100886	yes	200	https://www.flickr.com/photos/treebeard/8332100886/	https://live.staticflickr.com/8501/8332100886_1b7fb8b80f_c.jpg	https://live.staticflickr.com/8501/8332100886_1b7fb8b80f_q.jpg	New mushroom-like stems of California Peony (Paeonia californica, Paeoniaceae)	Treebeard	All Rights Reserved	138	
8349	98d03bad-21f3-451c-a513-45a7a8dbfe34	404	https://symbiota.ccber.ucsb.edu/kummel/2026/8332124138.jpg	8332124138.jpg	8332124138	yes	200	https://www.flickr.com/photos/treebeard/8332124138/	https://live.staticflickr.com/8353/8332124138_42261870a8_b.jpg	https://live.staticflickr.com/8353/8332124138_42261870a8_q.jpg	New leaves of native perennial California Peony (Paeonia californica, Paeoniaceae)	Treebeard	All Rights Reserved	116	
9169	3e11da4c-ac50-4405-859f-8e5c49e446cd	404	https://symbiota.ccber.ucsb.edu/kummel/2026/8771269547.jpg	8771269547.jpg	8771269547	yes	200	https://www.flickr.com/photos/treebeard/8771269547/	https://live.staticflickr.com/3819/8771269547_58290fde6d_b.jpg	https://live.staticflickr.com/3819/8771269547_58290fde6d_q.jpg	Nymph of California Angle-winged Katydid (Microcentrum californicum, Ensifera, Orthoptera) looking into flower of Bush Monkey Flower (Mimulus aurantiacus var. pubescens, Scrophulariaceae or Phrymaceae)	Treebeard	All Rights Reserved	136	
9170	b21fffda-bf1a-4ad0-85a2-3126fce806f9	404	https://symbiota.ccber.ucsb.edu/kummel/2026/8772098863.jpg	8772098863.jpg	8772098863	yes	200	https://www.flickr.com/photos/treebeard/8772098863/	https://live.staticflickr.com/5464/8772098863_36c4795452_c.jpg	https://live.staticflickr.com/5464/8772098863_36c4795452_q.jpg	Carpenter Bee (Xylocopa, Anthophoridae, Hymenoptera) with mites (Acari), on California Honeysuckle (Lonicera hispidula, Caprifoliaceae)	Treebeard	All Rights Reserved	123	
9171	88982a61-f04b-465a-8c16-6c983f90d183	404	https://symbiota.ccber.ucsb.edu/kummel/2026/8772554225.jpg	8772554225.jpg	8772554225	yes	200	https://www.flickr.com/photos/treebeard/8772554225/	https://live.staticflickr.com/5334/8772554225_d6748eaae5_b.jpg	https://live.staticflickr.com/5334/8772554225_d6748eaae5_q.jpg	Beautiful flowers of native Southern California Dudleya aka Lanceleaf Liveforever (Dudleya lanceolata, Crassulaceae)	Treebeard	All Rights Reserved	133	
9172	25d7ce83-2c5a-4db0-8d50-9992671d90b7	404	https://symbiota.ccber.ucsb.edu/kummel/2026/8778035632.jpg	8778035632.jpg	8778035632	yes	200	https://www.flickr.com/photos/treebeard/8778035632/	https://live.staticflickr.com/3811/8778035632_0b13fe7e11_b.jpg	https://live.staticflickr.com/3811/8778035632_0b13fe7e11_q.jpg	Wonderful little Bee Fly (Bombylius, Bombyliidae, Diptera) flying into new flowers of Trask's Yerba Santa (Eriodictyon traskiae, Hydrophyllaceae or Boraginaceae)	Treebeard	All Rights Reserved	136	
9173	77371e57-74b8-46a1-a4cf-00cd7be77731	404	https://symbiota.ccber.ucsb.edu/kummel/2026/8778172588.jpg	8778172588.jpg	8778172588	yes	200	https://www.flickr.com/photos/treebeard/8778172588/	https://live.staticflickr.com/3688/8778172588_648452a86d_b.jpg	https://live.staticflickr.com/3688/8778172588_648452a86d_q.jpg	Wonderful little Bee Fly (Bombylius, Bombyliidae, Diptera) on Trask's Yerba Santa (Eriodictyon traskiae, Hydrophyllaceae or Boraginaceae)	Treebeard	All Rights Reserved	132	
9174	b8646789-2824-43a4-a79d-65c961ec080a	404	https://symbiota.ccber.ucsb.edu/kummel/2026/8778319012.jpg	8778319012.jpg	8778319012	yes	200	https://www.flickr.com/photos/treebeard/8778319012/	https://live.staticflickr.com/2819/8778319012_132f013ea8_b.jpg	https://live.staticflickr.com/2819/8778319012_132f013ea8_q.jpg	Western Fence Lizard (Sceloporus occidentalis) with mating colors - and ticks!	Treebeard	All Rights Reserved	121	
9175	5fb165c7-4560-40b7-a30a-01bfe679cc9c	404	https://symbiota.ccber.ucsb.edu/kummel/2026/8778527932.jpg	8778527932.jpg	8778527932	yes	200	https://www.flickr.com/photos/treebeard/8778527932/	https://live.staticflickr.com/7326/8778527932_6fba19a050_b.jpg	https://live.staticflickr.com/7326/8778527932_6fba19a050_q.jpg	Thick-headed Fly (Physocephala burgessi, Conopinae, Conopidae, Diptera) on Canyon Sunflower (Venegasia carpesioides, Asteraceae) - with a mite (Acari)	Treebeard	All Rights Reserved	127	
9176	c52a6c28-72d1-4074-8323-e795c3153b3c	404	https://symbiota.ccber.ucsb.edu/kummel/2026/8779324606.jpg	8779324606.jpg	8779324606	yes	200	https://www.flickr.com/photos/treebeard/8779324606/	https://live.staticflickr.com/2836/8779324606_d808731d29_b.jpg	https://live.staticflickr.com/2836/8779324606_d808731d29_q.jpg	Butterfly Mariposa Lily (Calochortus venustus, Liliaceae)	Treebeard	All Rights Reserved	129	
9177	89afc4d3-c8c4-4e90-81ea-fb4c3b674853	404	https://symbiota.ccber.ucsb.edu/kummel/2026/8785285825.jpg	8785285825.jpg	8785285825	yes	200	https://www.flickr.com/photos/treebeard/8785285825/	https://live.staticflickr.com/3829/8785285825_c6a26e84db_c.jpg	https://live.staticflickr.com/3829/8785285825_c6a26e84db_q.jpg	Rose-colored Butterfly Mariposa Lily (Calochortus venustus, Liliaceae)	Treebeard	All Rights Reserved	136	
9178	97c56740-0066-407b-8a8f-5c7f28b7d806	404	https://symbiota.ccber.ucsb.edu/kummel/2026/8785362961.jpg	8785362961.jpg	8785362961	yes	200	https://www.flickr.com/photos/treebeard/8785362961/	https://live.staticflickr.com/2827/8785362961_dfbd2b8270_c.jpg	https://live.staticflickr.com/2827/8785362961_dfbd2b8270_q.jpg	Another new weed in the mountains - Moth Mullein (Verbascum blattaria, Scrophulariaceae)	Treebeard	All Rights Reserved	131	
9179	fce93553-f40f-4298-b3aa-ef489bdb3fa0	404	https://symbiota.ccber.ucsb.edu/kummel/2026/8785920427.jpg	8785920427.jpg	8785920427	yes	200	https://www.flickr.com/photos/treebeard/8785920427/	https://live.staticflickr.com/7344/8785920427_d0ca5a3aab_c.jpg	https://live.staticflickr.com/7344/8785920427_d0ca5a3aab_q.jpg	"Gabb's Checkerspot (Chlosyne gabbii) butterfly ""puddling"" in the garden"	Treebeard	All Rights Reserved	137	
9180	69157790-5bfb-46c9-9f2e-45a2b8b41a01	404	https://symbiota.ccber.ucsb.edu/kummel/2026/8786014713.jpg	8786014713.jpg	8786014713	yes	200	https://www.flickr.com/photos/treebeard/8786014713/	https://live.staticflickr.com/2845/8786014713_cab970a0be_b.jpg	https://live.staticflickr.com/2845/8786014713_cab970a0be_q.jpg	"Beautiful Brown Elfin (Callophrys augustinus) butterfly ""puddling"" - taking moisture and salts - on a garden path"	Treebeard	All Rights Reserved	129	
9181	6681ed27-102c-423d-b759-c731526a7f5b	404	https://symbiota.ccber.ucsb.edu/kummel/2026/8786097897.jpg	8786097897.jpg	8786097897	yes	200	https://www.flickr.com/photos/treebeard/8786097897/	https://live.staticflickr.com/8542/8786097897_0e9ed71335_b.jpg	https://live.staticflickr.com/8542/8786097897_0e9ed71335_q.jpg	Hedgerow Hairstreak (Satyrium saepium) butterfly on Golden Yarrow (Eriophyllum confertflorum, Asteraceae)	Treebeard	All Rights Reserved	127	
9182	95f15081-b5b7-4b53-b26b-114416d5ddb7	404	https://symbiota.ccber.ucsb.edu/kummel/2026/8796166228.jpg	8796166228.jpg	8796166228	yes	200	https://www.flickr.com/photos/treebeard/8796166228/	https://live.staticflickr.com/5448/8796166228_f2ca0c111b_b.jpg	https://live.staticflickr.com/5448/8796166228_f2ca0c111b_q.jpg	Native flower of Indian Pink aka Cardinal Catchfly (Silene laciniata, Caryophyllaceae)	Treebeard	All Rights Reserved	116	
9183	5a191721-167b-4959-9f8c-3f1abf1549a4	404	https://symbiota.ccber.ucsb.edu/kummel/2026/8796257406.jpg	8796257406.jpg	8796257406	yes	200	https://www.flickr.com/photos/treebeard/8796257406/	https://live.staticflickr.com/3826/8796257406_4c86e69d05_b.jpg	https://live.staticflickr.com/3826/8796257406_4c86e69d05_q.jpg	Speckled Clarkia (Clarkia cylindrica, Onagraceae) - without speckles	Treebeard	All Rights Reserved	128	
9184	5c61ad91-79df-4d99-aa23-84af73e9e676	404	https://symbiota.ccber.ucsb.edu/kummel/2026/8796342826.jpg	8796342826.jpg	8796342826	yes	200	https://www.flickr.com/photos/treebeard/8796342826/	https://live.staticflickr.com/7366/8796342826_0fc8ac74f6_b.jpg	https://live.staticflickr.com/7366/8796342826_0fc8ac74f6_q.jpg	Carpenter Bee (Xylocopa, Anthophoridae, Hymenoptera) on White Sage (Salvia apiana, Lamiaceae)	Treebeard	All Rights Reserved	118	
9185	1223a07b-5423-4ee7-b5fc-50dc0d1c7a86	404	https://symbiota.ccber.ucsb.edu/kummel/2026/8797799001.jpg	8797799001.jpg	8797799001	yes	200	https://www.flickr.com/photos/treebeard/8797799001/	https://live.staticflickr.com/7391/8797799001_af6439e5bc_c.jpg	https://live.staticflickr.com/7391/8797799001_af6439e5bc_q.jpg	Feathery seed head of California Chicory (Rafinesquia californica, Asteraceae)	Treebeard	All Rights Reserved	123	
9186	9d73acb0-158d-4d3a-87f7-b1bc8a48e781	404	https://symbiota.ccber.ucsb.edu/kummel/2026/8798090147.jpg	8798090147.jpg	8798090147	yes	200	https://www.flickr.com/photos/treebeard/8798090147/	https://live.staticflickr.com/2828/8798090147_2a7838c958_b.jpg	https://live.staticflickr.com/2828/8798090147_2a7838c958_q.jpg	Tiny new flowers of native Phlox-leaved Bedstraw (Galium andrewii, Rubiacae)	Treebeard	All Rights Reserved	134	
9187	a9f6c076-7457-4bb4-9fec-db9a0a5a8b12	404	https://symbiota.ccber.ucsb.edu/kummel/2026/8798209915.jpg	8798209915.jpg	8798209915	yes	200	https://www.flickr.com/photos/treebeard/8798209915/	https://live.staticflickr.com/2877/8798209915_ee88a238f5_b.jpg	https://live.staticflickr.com/2877/8798209915_ee88a238f5_q.jpg	"House Wren (Troglodytes aedon) with neat little ""poop bag"" from babies inside the nest"	Treebeard	All Rights Reserved	129	
9188	33249c48-9d37-434a-9323-fa87caf07a55	404	https://symbiota.ccber.ucsb.edu/kummel/2026/8798299625.jpg	8798299625.jpg	8798299625	yes	200	https://www.flickr.com/photos/treebeard/8798299625/	https://live.staticflickr.com/7412/8798299625_06d27b28cf_c.jpg	https://live.staticflickr.com/7412/8798299625_06d27b28cf_q.jpg	House Wren (Troglodytes aedon) feeding her not-so-young baby	Treebeard	All Rights Reserved	126	
9189	a8bf3c74-d041-426f-8a67-6c300dea83b7	404	https://symbiota.ccber.ucsb.edu/kummel/2026/8798357841.jpg	8798357841.jpg	8798357841	yes	200	https://www.flickr.com/photos/treebeard/8798357841/	https://live.staticflickr.com/5455/8798357841_9933018829_c.jpg	https://live.staticflickr.com/5455/8798357841_9933018829_q.jpg	House Wren (Troglodytes aedon) delivering a cricket or grasshopper (Orthoptera) to her babies	Treebeard	All Rights Reserved	112	
9190	e6e76055-d6a4-40a2-b92d-0623b8ffffe6	404	https://symbiota.ccber.ucsb.edu/kummel/2026/8798601027.jpg	8798601027.jpg	8798601027	yes	200	https://www.flickr.com/photos/treebeard/8798601027/	https://live.staticflickr.com/8129/8798601027_cbafa31d6e_b.jpg	https://live.staticflickr.com/8129/8798601027_cbafa31d6e_q.jpg	"""Gotta sing, gotta dance...""  House Wren (Troglodytes aedon) with one of her always hungry babies"	Treebeard	All Rights Reserved	118	
9191	d1b1f676-56f5-42c1-aed9-84bad4ed6e7b	404	https://symbiota.ccber.ucsb.edu/kummel/2026/8808432296.jpg	8808432296.jpg	8808432296	yes	200	https://www.flickr.com/photos/treebeard/8808432296/	https://live.staticflickr.com/5453/8808432296_97a248f5af_b.jpg	https://live.staticflickr.com/5453/8808432296_97a248f5af_q.jpg	New flowers of native Coffeeberry (Rhamnus californica, Rhamnaceae) - with a gall	Treebeard	All Rights Reserved	116	
9192	b112c658-818d-4fb2-93b3-b3616cc7d133	404	https://symbiota.ccber.ucsb.edu/kummel/2026/8809048438.jpg	8809048438.jpg	8809048438	yes	200	https://www.flickr.com/photos/treebeard/8809048438/	https://live.staticflickr.com/3785/8809048438_3729ea3b42_b.jpg	https://live.staticflickr.com/3785/8809048438_3729ea3b42_q.jpg	House Wren (Troglodytes aedon) delivering sow bugs to her almost-fledged babies	Treebeard	All Rights Reserved	121	
9193	fcfc3935-857c-4d43-9cd3-a8d813dd1d1b	404	https://symbiota.ccber.ucsb.edu/kummel/2026/8809331743.jpg	8809331743.jpg	8809331743	yes	200	https://www.flickr.com/photos/treebeard/8809331743/	https://live.staticflickr.com/3774/8809331743_ec077db1d5_b.jpg	https://live.staticflickr.com/3774/8809331743_ec077db1d5_q.jpg	Bee Assassin (Apiomerus californicus, Reduviidae, Hemiptera) on flowers of Golden Yarrow (Eriophyllum confertflorum, Asteraceae)	Treebeard	All Rights Reserved	125	
9194	079928d9-eb75-4759-8b28-3be448568655	404	https://symbiota.ccber.ucsb.edu/kummel/2026/8809450597.jpg	8809450597.jpg	8809450597	yes	200	https://www.flickr.com/photos/treebeard/8809450597/	https://live.staticflickr.com/3773/8809450597_382aa6d7a3_c.jpg	https://live.staticflickr.com/3773/8809450597_382aa6d7a3_q.jpg	Another tattered Gabb's Checkerspot (Chlosyne gabbii) butterfly on Golden Yarrow (Eriophyllum confertflorum, Asteraceae)	Treebeard	All Rights Reserved	143	
9195	c1f36d20-4845-440b-93f3-4108cc96fe92	404	https://symbiota.ccber.ucsb.edu/kummel/2026/8809806767.jpg	8809806767.jpg	8809806767	yes	200	https://www.flickr.com/photos/treebeard/8809806767/	https://live.staticflickr.com/7369/8809806767_9ac393e59d_c.jpg	https://live.staticflickr.com/7369/8809806767_9ac393e59d_q.jpg	Another male Gorgon Copper (Lycaena gorgon) butterfly on Golden Yarrow (Eriophyllum confertflorum, Asteraceae)	Treebeard	All Rights Reserved	142	
9196	b723780c-d56d-4128-b641-5b45e15ba5d7	404	https://symbiota.ccber.ucsb.edu/kummel/2026/8819463194.jpg	8819463194.jpg	8819463194	yes	200	https://www.flickr.com/photos/treebeard/8819463194/	https://live.staticflickr.com/7346/8819463194_951cc946e5_b.jpg	https://live.staticflickr.com/7346/8819463194_951cc946e5_q.jpg	Invasive non-native weedy Spanish Broom (Spartium junceum, Fabaceae)	Treebeard	All Rights Reserved	135	
9197	d8b48d56-f4ea-48bf-bc82-b269f245c355	404	https://symbiota.ccber.ucsb.edu/kummel/2026/8819701576.jpg	8819701576.jpg	8819701576	yes	200	https://www.flickr.com/photos/treebeard/8819701576/	https://live.staticflickr.com/2845/8819701576_770c81fa5f_b.jpg	https://live.staticflickr.com/2845/8819701576_770c81fa5f_q.jpg	New flowers of Climbing Penstemon (Keckiella cordifolia, Scrophulariaceae or Plantaginaceae)	Treebeard	All Rights Reserved	142	
9198	cc9128f6-d078-4d57-9f0d-f6d3f9a7aa52	404	https://symbiota.ccber.ucsb.edu/kummel/2026/8819783380.jpg	8819783380.jpg	8819783380	yes	200	https://www.flickr.com/photos/treebeard/8819783380/	https://live.staticflickr.com/3678/8819783380_d7cfa5142e_b.jpg	https://live.staticflickr.com/3678/8819783380_d7cfa5142e_q.jpg	New flowers of native Chaparral Penstemon (Penstemon heterophyllus, Scrophulariaceae or Plantaginaceae)	Treebeard	All Rights Reserved	124	
9199	2488a880-d01a-4a38-ab81-9495ae6f9a91	404	https://symbiota.ccber.ucsb.edu/kummel/2026/8820195382.jpg	8820195382.jpg	8820195382	yes	200	https://www.flickr.com/photos/treebeard/8820195382/	https://live.staticflickr.com/8114/8820195382_09f34aab65_c.jpg	https://live.staticflickr.com/8114/8820195382_09f34aab65_q.jpg	Probably a lady Acmon Blue (Plebejus acmon butterfly on Golden Yarrow  (Eriophyllum confertflorum, Asteraceae)	Treebeard	All Rights Reserved	123	
9200	a01a8188-404f-4dc0-807b-f5143126727c	404	https://symbiota.ccber.ucsb.edu/kummel/2026/8820335228.jpg	8820335228.jpg	8820335228	yes	200	https://www.flickr.com/photos/treebeard/8820335228/	https://live.staticflickr.com/2809/8820335228_3cebbac605_c.jpg	https://live.staticflickr.com/2809/8820335228_3cebbac605_q.jpg	Probably a male Acmon Blue (Plebejus acmon) butterfly on Golden Yarrow (Eriophyllum confertflorum, Asteraceae)	Treebeard	All Rights Reserved	127	
9201	2fedd602-c2db-4734-97a3-b15c9d090d80	404	https://symbiota.ccber.ucsb.edu/kummel/2026/8833981652.jpg	8833981652.jpg	8833981652	yes	200	https://www.flickr.com/photos/treebeard/8833981652/	https://live.staticflickr.com/7294/8833981652_80a900a669_c.jpg	https://live.staticflickr.com/7294/8833981652_80a900a669_q.jpg	California Sister (Adelpha bredowii) butterfly on native Mugwort (Artemisia douglasiana, Asteraceae)	Treebeard	All Rights Reserved	134	
9202	859d416f-7241-4b7c-91f2-b6d27a19a5d0	404	https://symbiota.ccber.ucsb.edu/kummel/2026/8834099128.jpg	8834099128.jpg	8834099128	yes	200	https://www.flickr.com/photos/treebeard/8834099128/	https://live.staticflickr.com/2861/8834099128_2cec8eb0d2_c.jpg	https://live.staticflickr.com/2861/8834099128_2cec8eb0d2_q.jpg	California Hairstreak (Satyrium californica) butterfly on native Coffeeberry (Rhamnus californica, Rhamnaceae)	Treebeard	All Rights Reserved	141	
9203	2ee540a7-3ca8-4d96-b39f-38e305c25458	404	https://symbiota.ccber.ucsb.edu/kummel/2026/8834324418.jpg	8834324418.jpg	8834324418	yes	200	https://www.flickr.com/photos/treebeard/8834324418/	https://live.staticflickr.com/3815/8834324418_7a100b4f52_c.jpg	https://live.staticflickr.com/3815/8834324418_7a100b4f52_q.jpg	Upper-wings of a male Spring Azure (Celastrina ladon) butterfly on Coffeeberry (Rhamnus californica, Rhamnaceae)	Treebeard	All Rights Reserved	149	
9204	9083ed81-f70d-4532-ba45-c7f4b622a2a1	404	https://symbiota.ccber.ucsb.edu/kummel/2026/8834519922.jpg	8834519922.jpg	8834519922	yes	200	https://www.flickr.com/photos/treebeard/8834519922/	https://live.staticflickr.com/3680/8834519922_d5592d4ce7_c.jpg	https://live.staticflickr.com/3680/8834519922_d5592d4ce7_q.jpg	Lower-wings of Spring Azure (Celastrina ladon) butterfly on native Coffeeberry (Rhamnus californica, Rhamnaceae)	Treebeard	All Rights Reserved	135	
9205	100c6576-5aff-4a04-91ba-3f25ba7a6993	404	https://symbiota.ccber.ucsb.edu/kummel/2026/8834770688.jpg	8834770688.jpg	8834770688	yes	200	https://www.flickr.com/photos/treebeard/8834770688/	https://live.staticflickr.com/8118/8834770688_41a7118628_c.jpg	https://live.staticflickr.com/8118/8834770688_41a7118628_q.jpg	Upper-wings of a Silvery Blue (Glaucopsyche lygdamus) butterfly on Canyon Lupine (Lupinus latifolius, Fabaceae)	Treebeard	All Rights Reserved	113	
9206	593ef16d-b775-44fb-93d8-6988c2f372fa	404	https://symbiota.ccber.ucsb.edu/kummel/2026/8834925056.jpg	8834925056.jpg	8834925056	yes	200	https://www.flickr.com/photos/treebeard/8834925056/	https://live.staticflickr.com/7413/8834925056_29305c2051_c.jpg	https://live.staticflickr.com/7413/8834925056_29305c2051_q.jpg	Lower-wings of a Silvery Blue (Glaucopsyche lygdamus) butterfly on Canyon Lupine (Lupinus latifolius, Fabaceae)	Treebeard	All Rights Reserved	127	
9207	2bdbc803-bcff-42e0-abac-09bcd9538da5	404	https://symbiota.ccber.ucsb.edu/kummel/2026/8835041832.jpg	8835041832.jpg	8835041832	yes	200	https://www.flickr.com/photos/treebeard/8835041832/	https://live.staticflickr.com/7417/8835041832_9884519f7c_b.jpg	https://live.staticflickr.com/7417/8835041832_9884519f7c_q.jpg	Brown Elfin (Callophrys augustinus) butterfly on Coffeeberry (Rhamnus californica, Rhamnaceae)	Treebeard	All Rights Reserved	118	
9208	8844d853-555d-404e-9ee1-3e46076ffc98	404	https://symbiota.ccber.ucsb.edu/kummel/2026/8835298766.jpg	8835298766.jpg	8835298766	yes	200	https://www.flickr.com/photos/treebeard/8835298766/	https://live.staticflickr.com/2888/8835298766_2a5d5bcbcc_b.jpg	https://live.staticflickr.com/2888/8835298766_2a5d5bcbcc_q.jpg	Gold-Hunter's Hairstreak (Satyrium auretorum) butterfly on Coffeeberry (Rhamnus californica, Rhamnaceae)	Treebeard	All Rights Reserved	114	
9209	b7e132ee-bd8d-4430-8fa6-f5a8d9bfcf5d	404	https://symbiota.ccber.ucsb.edu/kummel/2026/8847478297.jpg	8847478297.jpg	8847478297	yes	200	https://www.flickr.com/photos/treebeard/8847478297/	https://live.staticflickr.com/5452/8847478297_2bff0a3ec1_c.jpg	https://live.staticflickr.com/5452/8847478297_2bff0a3ec1_q.jpg	Spring Azure (Celastrina ladon) butterfly on native Coffeeberry (Rhamnus californica, Rhamnaceae)	Treebeard	All Rights Reserved	124	
9210	cb9672f3-6d8b-4b69-aabf-def7695fa4c4	404	https://symbiota.ccber.ucsb.edu/kummel/2026/8847923717.jpg	8847923717.jpg	8847923717	yes	200	https://www.flickr.com/photos/treebeard/8847923717/	https://live.staticflickr.com/3730/8847923717_bc1c8160e7_c.jpg	https://live.staticflickr.com/3730/8847923717_bc1c8160e7_q.jpg	Mountain Mahogany Hairstreak (Satyrium tetra) butterfly on Golden Yarrow (Eriophyllum confertflorum, Asteraceae)	Treebeard	All Rights Reserved	127	
9211	616d9992-53d8-4a54-a962-00ad5ca06842	404	https://symbiota.ccber.ucsb.edu/kummel/2026/8848221156.jpg	8848221156.jpg	8848221156	yes	200	https://www.flickr.com/photos/treebeard/8848221156/	https://live.staticflickr.com/3831/8848221156_1c8c917122_c.jpg	https://live.staticflickr.com/3831/8848221156_1c8c917122_q.jpg	"Small ""Blue"" butterfly (Polyommatinae) on Golden Yarrow (Eriophyllum confertflorum, Asteraceae)"	Treebeard	All Rights Reserved	115	
9212	3cfd4ca0-4761-4068-8415-385205c35d56	404	https://symbiota.ccber.ucsb.edu/kummel/2026/8848319341.jpg	8848319341.jpg	8848319341	yes	200	https://www.flickr.com/photos/treebeard/8848319341/	https://live.staticflickr.com/8411/8848319341_5b327bd32e_b.jpg	https://live.staticflickr.com/8411/8848319341_5b327bd32e_q.jpg	Male (left) and female (right) Gorgon Copper (Lycaena gorgon) butterflies on Golden Yarrow (Eriophyllum confertflorum, Asteraceae)	Treebeard	All Rights Reserved	125	
9213	42512548-d59f-41d9-8bbe-0ce754e1911f	404	https://symbiota.ccber.ucsb.edu/kummel/2026/8848415797.jpg	8848415797.jpg	8848415797	yes	200	https://www.flickr.com/photos/treebeard/8848415797/	https://live.staticflickr.com/5336/8848415797_c107c70e58_b.jpg	https://live.staticflickr.com/5336/8848415797_c107c70e58_q.jpg	Mating pair of Gorgon Copper (Lycaena gorgon) butterflies on English Plantain (Plantago lanceolata, Plantaginaceae)	Treebeard	All Rights Reserved	136	
9214	d08562eb-f719-47ec-b16b-35dd06a9418c	404	https://symbiota.ccber.ucsb.edu/kummel/2026/8848458510.jpg	8848458510.jpg	8848458510	yes	200	https://www.flickr.com/photos/treebeard/8848458510/	https://live.staticflickr.com/8417/8848458510_fed684a7b0_c.jpg	https://live.staticflickr.com/8417/8848458510_fed684a7b0_q.jpg	Lupine Blue (Plebejus lupini) or Acmon Blue (Plebejus acmon) butterfly on Golden Yarrow (Eriophyllum confertflorum, Asteraceae)	Treebeard	All Rights Reserved	123	
9215	dc0d85c0-f7ec-460d-a156-5864284d3686	404	https://symbiota.ccber.ucsb.edu/kummel/2026/8848698788.jpg	8848698788.jpg	8848698788	yes	200	https://www.flickr.com/photos/treebeard/8848698788/	https://live.staticflickr.com/3735/8848698788_1c01ebda1a_c.jpg	https://live.staticflickr.com/3735/8848698788_1c01ebda1a_q.jpg	Tailed Copper aka Arota Copper (Lycaena arota) butterfly on Coffeeberry (Rhamnus californica, Rhamnaceae)	Treebeard	All Rights Reserved	122	
9216	e8a30934-54ea-4709-b5e0-26b93fb96167	404	https://symbiota.ccber.ucsb.edu/kummel/2026/8848772600.jpg	8848772600.jpg	8848772600	yes	200	https://www.flickr.com/photos/treebeard/8848772600/	https://live.staticflickr.com/5455/8848772600_9e5fa64842_c.jpg	https://live.staticflickr.com/5455/8848772600_9e5fa64842_q.jpg	Pretty female Gorgon Copper (Lycaena gorgon) butterfly on Golden Yarrow (Eriophyllum confertflorum, Asteraceae)	Treebeard	All Rights Reserved	115	
9217	534320ac-06bf-4b33-8db2-2031a6d848b1	404	https://symbiota.ccber.ucsb.edu/kummel/2026/8872493441.jpg	8872493441.jpg	8872493441	yes	200	https://www.flickr.com/photos/treebeard/8872493441/	https://live.staticflickr.com/7409/8872493441_d537ba4c70_c.jpg	https://live.staticflickr.com/7409/8872493441_d537ba4c70_q.jpg	Asparagus-like flower stalk of native Chaparral Orchid (Piperia elongata, Orchidaceae)	Treebeard	All Rights Reserved	122	
9218	3f4894cc-b8b3-4cae-ac6f-3862c5a911fc	404	https://symbiota.ccber.ucsb.edu/kummel/2026/8872573339.jpg	8872573339.jpg	8872573339	yes	200	https://www.flickr.com/photos/treebeard/8872573339/	https://live.staticflickr.com/8261/8872573339_572a64049a_b.jpg	https://live.staticflickr.com/8261/8872573339_572a64049a_q.jpg	Pale Swallowtail (Papilio eurymedon) butterfly on old-fashioned Geranium (Pelargonium, Geraniaceae)	Treebeard	All Rights Reserved	124	
9219	b530591d-ca4d-4db1-a85b-5e1eb02fe4e9	404	https://symbiota.ccber.ucsb.edu/kummel/2026/8872852813.jpg	8872852813.jpg	8872852813	yes	200	https://www.flickr.com/photos/treebeard/8872852813/	https://live.staticflickr.com/2834/8872852813_9e3a287cfa_b.jpg	https://live.staticflickr.com/2834/8872852813_9e3a287cfa_q.jpg	Tick (Ixodoidea, Arachnida) on native Western Rye aka Blue Wildrye (Elymus glaucus, Poaceae) grass - maybe a Pacific Coast Tick (Dermacentor occidentalis)?	Treebeard	All Rights Reserved	126	
9220	358bb3f8-6d16-4400-b3a3-87e67c6ca147	404	https://symbiota.ccber.ucsb.edu/kummel/2026/8872925826.jpg	8872925826.jpg	8872925826	yes	200	https://www.flickr.com/photos/treebeard/8872925826/	https://live.staticflickr.com/2808/8872925826_118d3f9f3a_b.jpg	https://live.staticflickr.com/2808/8872925826_118d3f9f3a_q.jpg	"Small casualty of the ""White Fire"" - a trampled Weed's Mariposa Lily (Calochortus weedii var. vestus or Calochortus fimbriata, Liliaceae)"	Treebeard	All Rights Reserved	131	
9221	2c2ebf00-3881-4efd-b1db-21f66a2d5980	404	https://symbiota.ccber.ucsb.edu/kummel/2026/8873309588.jpg	8873309588.jpg	8873309588	yes	200	https://www.flickr.com/photos/treebeard/8873309588/	https://live.staticflickr.com/3799/8873309588_2c92f84ef6_c.jpg	https://live.staticflickr.com/3799/8873309588_2c92f84ef6_q.jpg	Maybe a Bernardino Blue aka Square-spotted Blue (Euphilotes bernardino or Euphilotes battoides bernardino) butterfly on native California Buckwheat (Eriogonum fasciculatum, Polygonaceae)	Treebeard	All Rights Reserved	137	
9222	4d76e090-97fa-40de-a13b-b13c5f7fb3d2	404	https://symbiota.ccber.ucsb.edu/kummel/2026/8873332855.jpg	8873332855.jpg	8873332855	yes	200	https://www.flickr.com/photos/treebeard/8873332855/	https://live.staticflickr.com/3749/8873332855_2630872752_c.jpg	https://live.staticflickr.com/3749/8873332855_2630872752_q.jpg	Carrion Beetle (Silphidae, Polyphaga, Coleoptera) - maybe the Black Burying Beetle (Nicrophorus nigrita) - with mites!	Treebeard	All Rights Reserved	135	
9223	7fd4fe6b-f1ef-4040-aea0-a9dbe1e8c3c6	404	https://symbiota.ccber.ucsb.edu/kummel/2026/8873673420.jpg	8873673420.jpg	8873673420	yes	200	https://www.flickr.com/photos/treebeard/8873673420/	https://live.staticflickr.com/8137/8873673420_793b2d54f7_b.jpg	https://live.staticflickr.com/8137/8873673420_793b2d54f7_q.jpg	Carrion Beetle (Silphidae, Polyphaga, Coleoptera) - maybe the Black Burying Beetle (Nicrophorus nigrita) - with mites	Treebeard	All Rights Reserved	116	
9224	71007f00-0a36-441a-8b85-d7a60ef65df9	404	https://symbiota.ccber.ucsb.edu/kummel/2026/8883977111.jpg	8883977111.jpg	8883977111	yes	200	https://www.flickr.com/photos/treebeard/8883977111/	https://live.staticflickr.com/8133/8883977111_2740b1fc49_b.jpg	https://live.staticflickr.com/8133/8883977111_2740b1fc49_q.jpg	Long-horned Beetle (Cerambycidae, Coleoptera) on native Coffeeberry (Rhamnus californica, Rhamnaceae)	Treebeard	All Rights Reserved	122	
9225	6f2f4489-7d38-4c14-be1c-eda9ae96cb9c	404	https://symbiota.ccber.ucsb.edu/kummel/2026/8884068103.jpg	8884068103.jpg	8884068103	yes	200	https://www.flickr.com/photos/treebeard/8884068103/	https://live.staticflickr.com/7447/8884068103_e659d53431_b.jpg	https://live.staticflickr.com/7447/8884068103_e659d53431_q.jpg	Bee Fly (Bombyliidae, Diptera) above new flowers of Trask's Yerba Santa (Eriodictyon traskiae, Hydrophyllaceae or Boraginaceae)	Treebeard	All Rights Reserved	132	
9226	67a3b868-ff59-4be9-9a9b-a446d17ecc0e	404	https://symbiota.ccber.ucsb.edu/kummel/2026/8884123417.jpg	8884123417.jpg	8884123417	yes	200	https://www.flickr.com/photos/treebeard/8884123417/	https://live.staticflickr.com/3821/8884123417_29f2a80b86_b.jpg	https://live.staticflickr.com/3821/8884123417_29f2a80b86_q.jpg	Bee Fly (Bombyliidae, Diptera) on native Trask's Yerba Santa (Eriodictyon traskiae, Hydrophyllaceae or Boraginaceae)	Treebeard	All Rights Reserved	115	
9227	527ee124-69f5-4dca-8519-7b8bd9f53c18	404	https://symbiota.ccber.ucsb.edu/kummel/2026/8884337257.jpg	8884337257.jpg	8884337257	yes	200	https://www.flickr.com/photos/treebeard/8884337257/	https://live.staticflickr.com/2853/8884337257_4f16f656fe_b.jpg	https://live.staticflickr.com/2853/8884337257_4f16f656fe_q.jpg	"Valley Oak (Quercus lobata, Fagaceae) trees surrounded by burned grassland from the ""Olive Fire"""	Treebeard	All Rights Reserved	120	
9228	9d2a4c08-6127-4e4c-929e-a5a2889ccac0	404	https://symbiota.ccber.ucsb.edu/kummel/2026/8884457142.jpg	8884457142.jpg	8884457142	yes	200	https://www.flickr.com/photos/treebeard/8884457142/	https://live.staticflickr.com/5445/8884457142_792a21e95f_c.jpg	https://live.staticflickr.com/5445/8884457142_792a21e95f_q.jpg	Galls of Spined Turban Gall Wasps (Antron douglasii, Cynipidae, Hymenoptera) on Scrub Oak (Quercus berberidifolia, Fagaceae)	Treebeard	All Rights Reserved	120	
9229	01491423-0b13-4480-b618-96d4d733c7f5	404	https://symbiota.ccber.ucsb.edu/kummel/2026/8884471289.jpg	8884471289.jpg	8884471289	yes	200	https://www.flickr.com/photos/treebeard/8884471289/	https://live.staticflickr.com/7405/8884471289_ebc7b5a4d0_c.jpg	https://live.staticflickr.com/7405/8884471289_ebc7b5a4d0_q.jpg	"Tiny ""parasitic wasp"" (Hymenoptera) inserting her ovipositor into flower of Canyon Sunflower (Venegasia carpesioides, Asteraceae)"	Treebeard	All Rights Reserved	118	
9230	e693f67e-2f89-48c0-809a-ee049df6bcfa	404	https://symbiota.ccber.ucsb.edu/kummel/2026/8884518760.jpg	8884518760.jpg	8884518760	yes	200	https://www.flickr.com/photos/treebeard/8884518760/	https://live.staticflickr.com/8544/8884518760_8681df46dd_b.jpg	https://live.staticflickr.com/8544/8884518760_8681df46dd_q.jpg	Long-horned Beetle (Cerambycidae, Coleoptera) on native Coffeeberry (Rhamnus californica, Rhamnaceae)	Treebeard	All Rights Reserved	119	
9231	28405d72-b6f0-4f90-a9ab-41bc2606f0db	404	https://symbiota.ccber.ucsb.edu/kummel/2026/8884828620.jpg	8884828620.jpg	8884828620	yes	200	https://www.flickr.com/photos/treebeard/8884828620/	https://live.staticflickr.com/8133/8884828620_c56859ba79_b.jpg	https://live.staticflickr.com/8133/8884828620_c56859ba79_q.jpg	Cute little Treehopper (Membracidae, Homoptera) - maybe genus Cyrtolobus	Treebeard	All Rights Reserved	118	
9232	4c0e7d00-65da-4a5d-8a38-b461c428d020	404	https://symbiota.ccber.ucsb.edu/kummel/2026/8895902729.jpg	8895902729.jpg	8895902729	yes	200	https://www.flickr.com/photos/treebeard/8895902729/	https://live.staticflickr.com/5350/8895902729_53c10fb969_b.jpg	https://live.staticflickr.com/5350/8895902729_53c10fb969_q.jpg	Tick (Ixodoidea, Arachnida) on native Western Rye aka Blue Wildrye (Elymus glaucus, Poaceae) grass - maybe a Pacific Coast Tick (Dermacentor occidentalis)	Treebeard	All Rights Reserved	120	
9233	b4849d98-2862-46c9-ba4e-5ed1a2db9e76	404	https://symbiota.ccber.ucsb.edu/kummel/2026/8896090801.jpg	8896090801.jpg	8896090801	yes	200	https://www.flickr.com/photos/treebeard/8896090801/	https://live.staticflickr.com/7299/8896090801_3b51a4ae00_b.jpg	https://live.staticflickr.com/7299/8896090801_3b51a4ae00_q.jpg	New flowers of native Southern California Dudleya aka Lanceleaf Liveforever (Dudleya lanceolata, Crassulaceae)	Treebeard	All Rights Reserved	127	
9234	db295c6e-8264-4b49-9d72-b905acdffb8f	404	https://symbiota.ccber.ucsb.edu/kummel/2026/8896211431.jpg	8896211431.jpg	8896211431	yes	200	https://www.flickr.com/photos/treebeard/8896211431/	https://live.staticflickr.com/7398/8896211431_0f688cb770_c.jpg	https://live.staticflickr.com/7398/8896211431_0f688cb770_q.jpg	Ants (Formicidae, Hymenoptera) tending aphids (Aphididae, Homoptera) on native California Thistle (Cirsium occidentale var. californicum, Asteraceae)	Treebeard	All Rights Reserved	138	
9235	e84c92b9-c311-4faa-90cb-ab1220269fa4	404	https://symbiota.ccber.ucsb.edu/kummel/2026/8896336500.jpg	8896336500.jpg	8896336500	yes	200	https://www.flickr.com/photos/treebeard/8896336500/	https://live.staticflickr.com/5350/8896336500_d20446d7c9_c.jpg	https://live.staticflickr.com/5350/8896336500_d20446d7c9_q.jpg	Non-native Two-row Barley (Hordeum vulgare, Poaceae) grass	Treebeard	All Rights Reserved	136	
9236	6a032025-6b6e-4eb1-ba65-307a93df103f	404	https://symbiota.ccber.ucsb.edu/kummel/2026/8896395489.jpg	8896395489.jpg	8896395489	yes	200	https://www.flickr.com/photos/treebeard/8896395489/	https://live.staticflickr.com/7373/8896395489_72879839c4_b.jpg	https://live.staticflickr.com/7373/8896395489_72879839c4_q.jpg	Late-instar nymph of a Stilt Bug (Berytidae, Hemiptera) on Caterpillar Phacelia (Phacelia cicutaria var. hispida, Hydrophyllaceae or Boraginaceae)	Treebeard	All Rights Reserved	118	
9237	4346d782-dd23-493a-8881-aa97fa2a3667	404	https://symbiota.ccber.ucsb.edu/kummel/2026/8896465736.jpg	8896465736.jpg	8896465736	yes	200	https://www.flickr.com/photos/treebeard/8896465736/	https://live.staticflickr.com/5452/8896465736_9bcf9f2b6b_c.jpg	https://live.staticflickr.com/5452/8896465736_9bcf9f2b6b_q.jpg	California native Western Rye aka Blue Wildrye (Elymus glaucus, Poaceae) grass	Treebeard	All Rights Reserved	115	
9238	43bb4e70-6b2c-4cff-86ba-2ede94ea57b1	404	https://symbiota.ccber.ucsb.edu/kummel/2026/8896775932.jpg	8896775932.jpg	8896775932	yes	200	https://www.flickr.com/photos/treebeard/8896775932/	https://live.staticflickr.com/8253/8896775932_1f7619bce9_b.jpg	https://live.staticflickr.com/8253/8896775932_1f7619bce9_q.jpg	Galls of the Willow Apple Gall Sawfly (Potania californica, Tenthredinidae, Hymenoptera) on Arroyo Willow (Salix lasiolepis, Salicaceae)	Treebeard	All Rights Reserved	115	
9239	b0fbdc4e-a17e-450c-a854-4631c6167ee1	404	https://symbiota.ccber.ucsb.edu/kummel/2026/8897210694.jpg	8897210694.jpg	8897210694	yes	200	https://www.flickr.com/photos/treebeard/8897210694/	https://live.staticflickr.com/2809/8897210694_6f1c426256_b.jpg	https://live.staticflickr.com/2809/8897210694_6f1c426256_q.jpg	Tiny nymph of an Assassin Bug (Reduviidae, Hemiptera) on Nuttall's Snowberry (Symphoricarpos mollis, Caprifoliaceae)	Treebeard	All Rights Reserved	117	
9240	8ba52b83-03b4-4844-9a7c-c340b88e807d	404	https://symbiota.ccber.ucsb.edu/kummel/2026/8906589919.jpg	8906589919.jpg	8906589919	yes	200	https://www.flickr.com/photos/treebeard/8906589919/	https://live.staticflickr.com/5454/8906589919_627dcdc5dd_c.jpg	https://live.staticflickr.com/5454/8906589919_627dcdc5dd_q.jpg	Megachilid Bee (Megachilidae, Anthophila, Hymenoptera) on native Trask's Yerba Santa (Eriodictyon traskiae, Hydrophyllaceae or Boraginaceae)	Treebeard	All Rights Reserved	119	
9241	0dfedbab-5cb9-44f0-944e-d06dc43ebb6d	404	https://symbiota.ccber.ucsb.edu/kummel/2026/8906770203.jpg	8906770203.jpg	8906770203	yes	200	https://www.flickr.com/photos/treebeard/8906770203/	https://live.staticflickr.com/5343/8906770203_2bb87c470f_b.jpg	https://live.staticflickr.com/5343/8906770203_2bb87c470f_q.jpg	Pair of Wild Bees (Anthophila, Hymenoptera) - a Megachilid Bee (Megachilidae) on the left, and a Sweat Bee (Halictidae) on the right	Treebeard	All Rights Reserved	122	
9242	0af70f0e-7165-4426-8ffd-9db77269cdd2	404	https://symbiota.ccber.ucsb.edu/kummel/2026/8906870229.jpg	8906870229.jpg	8906870229	yes	200	https://www.flickr.com/photos/treebeard/8906870229/	https://live.staticflickr.com/5337/8906870229_f7a936edd3_c.jpg	https://live.staticflickr.com/5337/8906870229_f7a936edd3_q.jpg	"""Parasitic wasp"" (Hymenoptera) sticking its folded ovipositer into seed of Greenbark Ceanothus (Ceanothus spinosus, Rhamnaceae)"	Treebeard	All Rights Reserved	122	
9243	347931b5-2692-4ce8-bf54-f63e78eb0803	404	https://symbiota.ccber.ucsb.edu/kummel/2026/8907076395.jpg	8907076395.jpg	8907076395	yes	200	https://www.flickr.com/photos/treebeard/8907076395/	https://live.staticflickr.com/7323/8907076395_8624094e77_c.jpg	https://live.staticflickr.com/7323/8907076395_8624094e77_q.jpg	Jumping Spider (Salticidae) with a winged Termites (Isoptera) for breakfast	Treebeard	All Rights Reserved	131	
9244	9578d476-ed9c-4edc-909f-207366adcd8b	404	https://symbiota.ccber.ucsb.edu/kummel/2026/8907129578.jpg	8907129578.jpg	8907129578	yes	200	https://www.flickr.com/photos/treebeard/8907129578/	https://live.staticflickr.com/2881/8907129578_07c1c7277c_c.jpg	https://live.staticflickr.com/2881/8907129578_07c1c7277c_q.jpg	Nymph of an Assassin Bug (Reduviidae, Hemiptera) on native Wild Sweetpea (Lathyrus vestitus, Fabaceae)	Treebeard	All Rights Reserved	117	
9245	2d56ff45-7e68-4e39-b875-933d47cc5cf8	404	https://symbiota.ccber.ucsb.edu/kummel/2026/8907270875.jpg	8907270875.jpg	8907270875	yes	200	https://www.flickr.com/photos/treebeard/8907270875/	https://live.staticflickr.com/8266/8907270875_383bfc63a6_c.jpg	https://live.staticflickr.com/8266/8907270875_383bfc63a6_q.jpg	Wonderful new flowers of native Scarlet Larkspur (Delphinium cardinale, Ranunculaceae)	Treebeard	All Rights Reserved	124	
9246	1941e621-122d-4ece-b0f0-640bdd0b4460	404	https://symbiota.ccber.ucsb.edu/kummel/2026/8907601668.jpg	8907601668.jpg	8907601668	yes	200	https://www.flickr.com/photos/treebeard/8907601668/	https://live.staticflickr.com/7399/8907601668_2edd50dc4b_b.jpg	https://live.staticflickr.com/7399/8907601668_2edd50dc4b_q.jpg	Variable Checkerspot (Euphydryas chalcedona) butterfly on flowers of Trask's Yerba Santa (Eriodictyon traskiae, Hydrophyllaceae or Boraginaceae)	Treebeard	All Rights Reserved	118	
9247	76404cbe-79c7-4c12-b8a0-cb2d75d2e8b6	404	https://symbiota.ccber.ucsb.edu/kummel/2026/8907778070.jpg	8907778070.jpg	8907778070	yes	200	https://www.flickr.com/photos/treebeard/8907778070/	https://live.staticflickr.com/5344/8907778070_4b02fce7fc_b.jpg	https://live.staticflickr.com/5344/8907778070_4b02fce7fc_q.jpg	Hatch of winged (alate) Termites (Isoptera) - from our driveway, not the foundation of our house!	Treebeard	All Rights Reserved	119	
9248	8a44cb06-f69f-4a39-97fb-fb4ff9478ade	404	https://symbiota.ccber.ucsb.edu/kummel/2026/8918146865.jpg	8918146865.jpg	8918146865	yes	200	https://www.flickr.com/photos/treebeard/8918146865/	https://live.staticflickr.com/3713/8918146865_5550acf184_b.jpg	https://live.staticflickr.com/3713/8918146865_5550acf184_q.jpg	Brilliant native Red Thistle aka Cobweb Thistle (Cirsium occidentale var. venustum, Asteraceae)	Treebeard	All Rights Reserved	119	
9249	c4ba6a78-ac02-4498-86ea-fe7368a149ec	404	https://symbiota.ccber.ucsb.edu/kummel/2026/8918596697.jpg	8918596697.jpg	8918596697	yes	200	https://www.flickr.com/photos/treebeard/8918596697/	https://live.staticflickr.com/2818/8918596697_428ef81589_b.jpg	https://live.staticflickr.com/2818/8918596697_428ef81589_q.jpg	Gorgon Copper (Lycaena gorgon) butterfly on Golden Yarrow (Eriophyllum confertflorum, Asteraceae)	Treebeard	All Rights Reserved	126	
9250	29d19d05-9d06-41f8-ad74-f13efcbd9ec7	404	https://symbiota.ccber.ucsb.edu/kummel/2026/8918681604.jpg	8918681604.jpg	8918681604	yes	200	https://www.flickr.com/photos/treebeard/8918681604/	https://live.staticflickr.com/5336/8918681604_a8d6e16bf1_b.jpg	https://live.staticflickr.com/5336/8918681604_a8d6e16bf1_q.jpg	Flowers of native Sticky Snapdragon (Antirrhinum multiflorum, Scrophulariaceae or Plantaginaceae)	Treebeard	All Rights Reserved	133	
9251	301661a0-dc8c-4c9a-a8a3-f3457dc09017	404	https://symbiota.ccber.ucsb.edu/kummel/2026/8918754551.jpg	8918754551.jpg	8918754551	yes	200	https://www.flickr.com/photos/treebeard/8918754551/	https://live.staticflickr.com/5453/8918754551_b86509a355_b.jpg	https://live.staticflickr.com/5453/8918754551_b86509a355_q.jpg	Acmon Blue (Plebejus acmon) butterfly on Golden Yarrow (Eriophyllum confertflorum, Asteraceae)	Treebeard	All Rights Reserved	128	
9252	e288fce4-bcf8-4fdf-8340-15ad04c098a1	404	https://symbiota.ccber.ucsb.edu/kummel/2026/8918899615.jpg	8918899615.jpg	8918899615	yes	200	https://www.flickr.com/photos/treebeard/8918899615/	https://live.staticflickr.com/3718/8918899615_5acec0af6c_b.jpg	https://live.staticflickr.com/3718/8918899615_5acec0af6c_q.jpg	Marine Blue (Leptotes marina) butterfly ovipositing on new flowers of native Buck Lotus (Lotus crassifolius or Hosackia crassifolia, Fabaceae)	Treebeard	All Rights Reserved	119	
9253	4ac5df8d-9099-45fa-9c48-e923a5c978e0	404	https://symbiota.ccber.ucsb.edu/kummel/2026/8918922568.jpg	8918922568.jpg	8918922568	yes	200	https://www.flickr.com/photos/treebeard/8918922568/	https://live.staticflickr.com/3753/8918922568_4996df0dbf_c.jpg	https://live.staticflickr.com/3753/8918922568_4996df0dbf_q.jpg	Fly (Diptera) and Bee (Bombus, Anthophila, Hymenoptera) on Coyote Mint (Monardella hypoleuca, Lamiaceae) - maybe the fly is Thevenetimyia, Bombyliidae?	Treebeard	All Rights Reserved	121	
9254	eab697d2-c53a-4e93-b911-9c8bbcb67379	404	https://symbiota.ccber.ucsb.edu/kummel/2026/8919064224.jpg	8919064224.jpg	8919064224	yes	200	https://www.flickr.com/photos/treebeard/8919064224/	https://live.staticflickr.com/7302/8919064224_b914250ee6_b.jpg	https://live.staticflickr.com/7302/8919064224_b914250ee6_q.jpg	Interesting fly (Diptera) on Coyote Mint (Monardella hypoleuca, Lamiaceae) - maybe  genus Thevenetimyia, Bombyliidae?	Treebeard	All Rights Reserved	124	
9255	dc3d1fd4-5f7d-48ca-bc4f-e14a520d4455	404	https://symbiota.ccber.ucsb.edu/kummel/2026/8919313160.jpg	8919313160.jpg	8919313160	yes	200	https://www.flickr.com/photos/treebeard/8919313160/	https://live.staticflickr.com/3781/8919313160_aed29f0c8d_c.jpg	https://live.staticflickr.com/3781/8919313160_aed29f0c8d_q.jpg	A lady Gorgon Copper (Lycaena gorgon) butterfly showing a glimpse of her upper wings, on Golden Yarrow (Eriophyllum confertflorum, Asteraceae)	Treebeard	All Rights Reserved	129	
9256	4d180a1d-d466-4fce-bd4f-8b34882efce7	404	https://symbiota.ccber.ucsb.edu/kummel/2026/8930276511.jpg	8930276511.jpg	8930276511	yes	200	https://www.flickr.com/photos/treebeard/8930276511/	https://live.staticflickr.com/7402/8930276511_4591a2c573_b.jpg	https://live.staticflickr.com/7402/8930276511_4591a2c573_q.jpg	"After the ""White Fire"" - toasted stalks of Chaparral Yucca (Yucca whipplei, Liliaceae)"	Treebeard	All Rights Reserved	122	
9257	f8d09bec-8324-4f4a-b625-61ee25abe5a7	404	https://symbiota.ccber.ucsb.edu/kummel/2026/8930741749.jpg	8930741749.jpg	8930741749	yes	200	https://www.flickr.com/photos/treebeard/8930741749/	https://live.staticflickr.com/5454/8930741749_29ca0b9f31_b.jpg	https://live.staticflickr.com/5454/8930741749_29ca0b9f31_q.jpg	"After the ""White Fire"" - the Aliso Canyon trail"	Treebeard	All Rights Reserved	124	
9258	a415e379-1674-4da0-96ee-2fcde583218a	404	https://symbiota.ccber.ucsb.edu/kummel/2026/8931019528.jpg	8931019528.jpg	8931019528	yes	200	https://www.flickr.com/photos/treebeard/8931019528/	https://live.staticflickr.com/8276/8931019528_c3411fda3e_b.jpg	https://live.staticflickr.com/8276/8931019528_c3411fda3e_q.jpg	"After the ""White Fire"" - burned and broken Coast Live Oak (Quercus agrifolia, Fagaceae)"	Treebeard	All Rights Reserved	122	
9259	bbbc20fa-c09e-4098-845d-534a02e4c1d5	404	https://symbiota.ccber.ucsb.edu/kummel/2026/8942118673.jpg	8942118673.jpg	8942118673	yes	200	https://www.flickr.com/photos/treebeard/8942118673/	https://live.staticflickr.com/5463/8942118673_0c9de91945_b.jpg	https://live.staticflickr.com/5463/8942118673_0c9de91945_q.jpg	New acorns of Tanbark Oak aka Tanoak (Lithocarpus densiflorus, Fagaceae)	Treebeard	All Rights Reserved	121	
9260	55a70152-9997-4b85-a21b-fcdc3b7a4b82	404	https://symbiota.ccber.ucsb.edu/kummel/2026/8942203555.jpg	8942203555.jpg	8942203555	yes	200	https://www.flickr.com/photos/treebeard/8942203555/	https://live.staticflickr.com/8278/8942203555_b1bee0a9ae_b.jpg	https://live.staticflickr.com/8278/8942203555_b1bee0a9ae_q.jpg	Dreadlock-like male catkins of Tanbark Oak aka Tanoak (Lithocarpus densiflorus, Fagaceae)	Treebeard	All Rights Reserved	118	
9261	f45d0f86-1fba-4200-9d33-3c259e69041a	404	https://symbiota.ccber.ucsb.edu/kummel/2026/8942406369.jpg	8942406369.jpg	8942406369	yes	200	https://www.flickr.com/photos/treebeard/8942406369/	https://live.staticflickr.com/8541/8942406369_0124328de2_b.jpg	https://live.staticflickr.com/8541/8942406369_0124328de2_q.jpg	Cloud-drops on a seed head of non-native weedy Ripgut Grass (Bromus diandrus, Poaceae)	Treebeard	All Rights Reserved	138	
9262	2a665afa-41a5-41f7-b029-19e3e95e96ff	404	https://symbiota.ccber.ucsb.edu/kummel/2026/8942595490.jpg	8942595490.jpg	8942595490	yes	200	https://www.flickr.com/photos/treebeard/8942595490/	https://live.staticflickr.com/8551/8942595490_3bceeaa51b_b.jpg	https://live.staticflickr.com/8551/8942595490_3bceeaa51b_q.jpg	New flowers of native Buck Lotus (Lotus crassifolius or Hosackia crassifolia, Fabaceae)	Treebeard	All Rights Reserved	126	
9263	ccfdd092-6152-4ff3-98a3-7e4a9e5cfc67	404	https://symbiota.ccber.ucsb.edu/kummel/2026/8942925502.jpg	8942925502.jpg	8942925502	yes	200	https://www.flickr.com/photos/treebeard/8942925502/	https://live.staticflickr.com/3740/8942925502_13ea7f997a_b.jpg	https://live.staticflickr.com/3740/8942925502_13ea7f997a_q.jpg	New flower buds of native Chaparral Yucca (Yucca whipplei, Liliaceae) or (Hesperoyucca whipplei, Agavaceae)	Treebeard	All Rights Reserved	126	
9264	75afa2ce-557d-4775-979c-433bf4a6d5dd	404	https://symbiota.ccber.ucsb.edu/kummel/2026/8943188798.jpg	8943188798.jpg	8943188798	yes	200	https://www.flickr.com/photos/treebeard/8943188798/	https://live.staticflickr.com/3751/8943188798_ea99b7c586_b.jpg	https://live.staticflickr.com/3751/8943188798_ea99b7c586_q.jpg	Cloud-drops on flowers of native White Sage (Salvia apiana, Lamiaceae)	Treebeard	All Rights Reserved	153	
9265	280ae825-efb2-4c49-aa6c-6037e99b6492	404	https://symbiota.ccber.ucsb.edu/kummel/2026/8943318938.jpg	8943318938.jpg	8943318938	yes	200	https://www.flickr.com/photos/treebeard/8943318938/	https://live.staticflickr.com/8130/8943318938_31d1c105bd_b.jpg	https://live.staticflickr.com/8130/8943318938_31d1c105bd_q.jpg	Grass-Skipper (Hesperia, Hesperiidae) butterfly on Wild Blackberry (Rubus ursinus, Rosaceae)	Treebeard	All Rights Reserved	131	
9266	e7deaa66-80d3-455a-941a-d8e5ca2fd563	404	https://symbiota.ccber.ucsb.edu/kummel/2026/8943488926.jpg	8943488926.jpg	8943488926	yes	200	https://www.flickr.com/photos/treebeard/8943488926/	https://live.staticflickr.com/3755/8943488926_1f57bb18fa_b.jpg	https://live.staticflickr.com/3755/8943488926_1f57bb18fa_q.jpg	Cute little Snakefly (Agulla, Raphidiidae, Neuroptera) insect on Wild Sweetpea (Lathyrus vestitus, Fabaceae)	Treebeard	All Rights Reserved	125	
9267	8a57ec25-e0b4-4636-abe0-606992e452dd	404	https://symbiota.ccber.ucsb.edu/kummel/2026/8952990747.jpg	8952990747.jpg	8952990747	yes	200	https://www.flickr.com/photos/treebeard/8952990747/	https://live.staticflickr.com/5343/8952990747_5a2daf0dbb_b.jpg	https://live.staticflickr.com/5343/8952990747_5a2daf0dbb_q.jpg	Aphid-galled flowers of California Honeysuckle (Lonicera hispidula, Caprifoliaceae) with aphids - look very different	Treebeard	All Rights Reserved	119	
9268	872602b2-5f68-48b7-9812-e46894e49fd8	404	https://symbiota.ccber.ucsb.edu/kummel/2026/8953290143.jpg	8953290143.jpg	8953290143	yes	200	https://www.flickr.com/photos/treebeard/8953290143/	https://live.staticflickr.com/5444/8953290143_ae1e177a6b_c.jpg	https://live.staticflickr.com/5444/8953290143_ae1e177a6b_q.jpg	Large and bristly Tachinid Fly (Tachinidae, Diptera) on native Coffeeberry (Rhamnus californica, Rhamnaceae)	Treebeard	All Rights Reserved	121	
9269	e17a49c2-9c66-4ddb-b65e-ed120f7cd4a0	404	https://symbiota.ccber.ucsb.edu/kummel/2026/8954043878.jpg	8954043878.jpg	8954043878	yes	200	https://www.flickr.com/photos/treebeard/8954043878/	https://live.staticflickr.com/8547/8954043878_cb7d02f156_b.jpg	https://live.staticflickr.com/8547/8954043878_cb7d02f156_q.jpg	Beautiful flowers of California Honeysuckle (Lonicera hispidula, Caprifoliaceae)	Treebeard	All Rights Reserved	308	
9270	810d5f1e-6c9f-43d7-90fc-c7c09fc2bd92	404	https://symbiota.ccber.ucsb.edu/kummel/2026/8954327918.jpg	8954327918.jpg	8954327918	yes	200	https://www.flickr.com/photos/treebeard/8954327918/	https://live.staticflickr.com/3750/8954327918_475c7e5f09_c.jpg	https://live.staticflickr.com/3750/8954327918_475c7e5f09_q.jpg	Last seeds on native Large-flowered Mountain-dandelion (Agoseris grandiflora, Asteraceae)	Treebeard	All Rights Reserved	131	
9271	b6d22ea5-734a-47a3-b6da-aea12871dfb0	404	https://symbiota.ccber.ucsb.edu/kummel/2026/8954379068.jpg	8954379068.jpg	8954379068	yes	200	https://www.flickr.com/photos/treebeard/8954379068/	https://live.staticflickr.com/7326/8954379068_83dd75f0a2_b.jpg	https://live.staticflickr.com/7326/8954379068_83dd75f0a2_q.jpg	Another little Snakefly (Agulla, Raphidiidae, Neuroptera) on native Wild Blackberry (Rubus ursinus, Rosaceae)	Treebeard	All Rights Reserved	123	
9272	d59ad796-3e39-4565-9cb1-fbd67947ec4c	404	https://symbiota.ccber.ucsb.edu/kummel/2026/8954601258.jpg	8954601258.jpg	8954601258	yes	200	https://www.flickr.com/photos/treebeard/8954601258/	https://live.staticflickr.com/3719/8954601258_9588a735bf_c.jpg	https://live.staticflickr.com/3719/8954601258_9588a735bf_q.jpg	Plume Moth (Pterophoridae, Lepidoptera) on native Wild Blackberry (Rubus ursinus, Rosaceae)	Treebeard	All Rights Reserved	117	
9273	3c4391cf-740d-49c5-bd30-13dc168a56ac	404	https://symbiota.ccber.ucsb.edu/kummel/2026/8954650702.jpg	8954650702.jpg	8954650702	yes	200	https://www.flickr.com/photos/treebeard/8954650702/	https://live.staticflickr.com/5462/8954650702_aa0c493f1e_b.jpg	https://live.staticflickr.com/5462/8954650702_aa0c493f1e_q.jpg	California Hairstreak (Satyrium californica) butterfly trying to warm up on Coffeeberry (Rhamnus californica, Rhamnaceae)	Treebeard	All Rights Reserved	122	
9274	3d3a2ea0-df44-441a-8cca-f87520c1c547	404	https://symbiota.ccber.ucsb.edu/kummel/2026/8954786638.jpg	8954786638.jpg	8954786638	yes	200	https://www.flickr.com/photos/treebeard/8954786638/	https://live.staticflickr.com/3679/8954786638_d54d7d776c_c.jpg	https://live.staticflickr.com/3679/8954786638_d54d7d776c_q.jpg	Grass-Skipper (Hesperia, Hesperiidae) butterflies on violet flower of native California Thistle (Cirsium occidentale, Asteraceae)	Treebeard	All Rights Reserved	120	
9275	abb5de54-aa42-4d1e-8ef3-a1b24161f6b7	404	https://symbiota.ccber.ucsb.edu/kummel/2026/8963663761.jpg	8963663761.jpg	8963663761	yes	200	https://www.flickr.com/photos/treebeard/8963663761/	https://live.staticflickr.com/7381/8963663761_9cae839be6_b.jpg	https://live.staticflickr.com/7381/8963663761_9cae839be6_q.jpg	Early summer flowers of California Goldenrod (Solidago californica, Asteraceae)	Treebeard	All Rights Reserved	131	
9276	407170d1-21de-4c9b-830e-44bd350ec873	404	https://symbiota.ccber.ucsb.edu/kummel/2026/8963957953.jpg	8963957953.jpg	8963957953	yes	200	https://www.flickr.com/photos/treebeard/8963957953/	https://live.staticflickr.com/7389/8963957953_39bb21551a_b.jpg	https://live.staticflickr.com/7389/8963957953_39bb21551a_q.jpg	Remarkable little Stilt Bug (Berytidae, Hemiptera) on Chamise (Adenostoma fasciculatum, Rosaceae)	Treebeard	All Rights Reserved	125	
9277	b4175ce9-429e-411f-9377-1043b2da5670	404	https://symbiota.ccber.ucsb.edu/kummel/2026/8964160969.jpg	8964160969.jpg	8964160969	yes	200	https://www.flickr.com/photos/treebeard/8964160969/	https://live.staticflickr.com/8408/8964160969_65446f6175_b.jpg	https://live.staticflickr.com/8408/8964160969_65446f6175_q.jpg	Bee Assassin (Apiomerus californicus, Reduviidae, Hemiptera) with a small Wild Bee (Anthophila, Hymenoptera) on Toyon (Heteromeles arbutifolia, Rosaceae)	Treebeard	All Rights Reserved	122	
9278	2b46b187-6d8d-4762-80ff-abb6be89ad76	404	https://symbiota.ccber.ucsb.edu/kummel/2026/8964983262.jpg	8964983262.jpg	8964983262	yes	200	https://www.flickr.com/photos/treebeard/8964983262/	https://live.staticflickr.com/3834/8964983262_9982321223_c.jpg	https://live.staticflickr.com/3834/8964983262_9982321223_q.jpg	"Early ""flower"" of native Bird's Beak (Cordylanthus rigidus, Scrophulariaceae or Orobanchaceae)"	Treebeard	All Rights Reserved	125	
9279	3d7290d3-d31b-4ece-a14a-218a1b7e592b	404	https://symbiota.ccber.ucsb.edu/kummel/2026/8965077368.jpg	8965077368.jpg	8965077368	yes	200	https://www.flickr.com/photos/treebeard/8965077368/	https://live.staticflickr.com/2827/8965077368_454f340218_c.jpg	https://live.staticflickr.com/2827/8965077368_454f340218_q.jpg	Early flowers of Coyote Mint aka White-leaf Monardella (Monardella hypoleuca, Lamiaceae)	Treebeard	All Rights Reserved	114	
9280	0e7b144a-f36a-4e63-a4ad-65faad769a6f	404	https://symbiota.ccber.ucsb.edu/kummel/2026/8965490898.jpg	8965490898.jpg	8965490898	yes	200	https://www.flickr.com/photos/treebeard/8965490898/	https://live.staticflickr.com/2831/8965490898_bc9461a34c_b.jpg	https://live.staticflickr.com/2831/8965490898_bc9461a34c_q.jpg	Gold-Hunter's Hairstreak (Satyrium auretorum) butterfly on Toyon (Heteromeles arbutifolia, Rosaceae)	Treebeard	All Rights Reserved	127	
9281	721af5b8-f58d-41d0-b909-de5e882efce8	404	https://symbiota.ccber.ucsb.edu/kummel/2026/8965559044.jpg	8965559044.jpg	8965559044	yes	200	https://www.flickr.com/photos/treebeard/8965559044/	https://live.staticflickr.com/7429/8965559044_c26d34ee0e_b.jpg	https://live.staticflickr.com/7429/8965559044_c26d34ee0e_q.jpg	California Clearwing Moth (Hemaris thetis) snuggling into flower of native Woolly Blue Curls (Trichostema lanatum, Lamiaceae)	Treebeard	All Rights Reserved	126	
9282	47a3dbbc-06a5-4a18-8ed0-d95fc722d802	404	https://symbiota.ccber.ucsb.edu/kummel/2026/8965665570.jpg	8965665570.jpg	8965665570	yes	200	https://www.flickr.com/photos/treebeard/8965665570/	https://live.staticflickr.com/7427/8965665570_39ca034f01_c.jpg	https://live.staticflickr.com/7427/8965665570_39ca034f01_q.jpg	California Clearwing Moth (Hemaris thetis) approaching flowers of native Woolly Blue Curls (Trichostema lanatum, Lamiaceae)	Treebeard	All Rights Reserved	127	
9283	71b3df82-2dee-4344-ba23-ad362911dd69	404	https://symbiota.ccber.ucsb.edu/kummel/2026/8972783183.jpg	8972783183.jpg	8972783183	yes	200	https://www.flickr.com/photos/treebeard/8972783183/	https://live.staticflickr.com/2872/8972783183_06b0c293a5_b.jpg	https://live.staticflickr.com/2872/8972783183_06b0c293a5_q.jpg	Flowers of native White Sage (Salvia apiana, Lamiaceae) - with stamens crossed and pistils to the side	Treebeard	All Rights Reserved	115	
9284	2010e9fd-01cf-437c-b3bc-38e02f410258	404	https://symbiota.ccber.ucsb.edu/kummel/2026/8972839499.jpg	8972839499.jpg	8972839499	yes	200	https://www.flickr.com/photos/treebeard/8972839499/	https://live.staticflickr.com/3718/8972839499_c633e2d7eb_b.jpg	https://live.staticflickr.com/3718/8972839499_c633e2d7eb_q.jpg	Sweet-smelling Yerba Buena (Satureja douglasii or Clinopodium douglasii, Lamiaceae) - smells like peppermint	Treebeard	All Rights Reserved	136	
9285	c864527e-e1dd-4323-be8b-b6fd7bdba060	404	https://symbiota.ccber.ucsb.edu/kummel/2026/8973076601.jpg	8973076601.jpg	8973076601	yes	200	https://www.flickr.com/photos/treebeard/8973076601/	https://live.staticflickr.com/8402/8973076601_d4bee9e176_c.jpg	https://live.staticflickr.com/8402/8973076601_d4bee9e176_q.jpg	Crab Spider (Thomisidae) with Bernardino Blue (Euphilotes bernardino) butterfly on Deerweed (Lotus scoparius or Acmispon glaber, Fabaceae)	Treebeard	All Rights Reserved	124	
9286	15581d02-210a-4d5e-943b-9f2deb36d53d	404	https://symbiota.ccber.ucsb.edu/kummel/2026/8973304687.jpg	8973304687.jpg	8973304687	yes	200	https://www.flickr.com/photos/treebeard/8973304687/	https://live.staticflickr.com/3790/8973304687_05188e27e6_b.jpg	https://live.staticflickr.com/3790/8973304687_05188e27e6_q.jpg	Fantastic male Tailed Copper aka Arota Copper (Lycaena arota) butterfly on Trask's Yerba Santa (Eriodictyon traskiae, Hydrophyllaceae or Boraginaceae)	Treebeard	All Rights Reserved	144	
9287	933572c4-c07c-4236-8ec1-8d0402428610	404	https://symbiota.ccber.ucsb.edu/kummel/2026/8973934052.jpg	8973934052.jpg	8973934052	yes	200	https://www.flickr.com/photos/treebeard/8973934052/	https://live.staticflickr.com/2889/8973934052_1e2ffbb014_c.jpg	https://live.staticflickr.com/2889/8973934052_1e2ffbb014_q.jpg	New flowers of native Scarlet Larkspur (Delphinium cardinale, Ranunculaceae) - uncommon in our mountains	Treebeard	All Rights Reserved	134	
9288	ed67fc59-c107-4620-848e-ddf76fbdb6e6	404	https://symbiota.ccber.ucsb.edu/kummel/2026/8974201236.jpg	8974201236.jpg	8974201236	yes	200	https://www.flickr.com/photos/treebeard/8974201236/	https://live.staticflickr.com/2857/8974201236_6b007d2667_b.jpg	https://live.staticflickr.com/2857/8974201236_6b007d2667_q.jpg	Grass-Skipper (Hesperia, Hesperiidae) butterfly on sweet-smelling Yerba Buena (Satureja douglasii or Clinopodium douglasii, Lamiaceae)	Treebeard	All Rights Reserved	255	
9289	39662b01-b4d0-4b93-aac2-e4f267b3ba1d	404	https://symbiota.ccber.ucsb.edu/kummel/2026/8974433008.jpg	8974433008.jpg	8974433008	yes	200	https://www.flickr.com/photos/treebeard/8974433008/	https://live.staticflickr.com/2878/8974433008_7f7d4bfba3_b.jpg	https://live.staticflickr.com/2878/8974433008_7f7d4bfba3_q.jpg	Tailed Copper aka Arota Copper (Lycaena arota) butterfly on Scrub Oak (Quercus berberidifolia, Fagaceae)	Treebeard	All Rights Reserved	127	
9290	0fa1788f-0948-4e31-89cf-b78b4544eb80	404	https://symbiota.ccber.ucsb.edu/kummel/2026/8974583916.jpg	8974583916.jpg	8974583916	yes	200	https://www.flickr.com/photos/treebeard/8974583916/	https://live.staticflickr.com/2876/8974583916_bf16edb3f4_b.jpg	https://live.staticflickr.com/2876/8974583916_bf16edb3f4_q.jpg	"First caterpillar of an Anise Swallowtail (Papilio zelicaon) butterfly - showing its brilliant orange ""osmetarium"""	Treebeard	All Rights Reserved	128	
9291	bf8426d6-7fec-495d-a61e-4af74706ff4b	404	https://symbiota.ccber.ucsb.edu/kummel/2026/8981540977.jpg	8981540977.jpg	8981540977	yes	200	https://www.flickr.com/photos/treebeard/8981540977/	https://live.staticflickr.com/7390/8981540977_451e83ffa3_b.jpg	https://live.staticflickr.com/7390/8981540977_451e83ffa3_q.jpg	Hemp Dogbane aka Indian Hemp (Apocynum cannabinum, Apocynaceae)	Treebeard	All Rights Reserved	119	
9292	49646daf-432c-4b5f-ba94-42928746c11f	404	https://symbiota.ccber.ucsb.edu/kummel/2026/8981600627.jpg	8981600627.jpg	8981600627	yes	200	https://www.flickr.com/photos/treebeard/8981600627/	https://live.staticflickr.com/2822/8981600627_99a4f35986_b.jpg	https://live.staticflickr.com/2822/8981600627_99a4f35986_q.jpg	Cleistogamous flowers of Sacapellote (Acourtia microcephala, Asteraceae) - flowering without opening	Treebeard	All Rights Reserved	113	
9293	5f717220-6dd6-406f-aa6b-0ee272ee4daf	404	https://symbiota.ccber.ucsb.edu/kummel/2026/8981726037.jpg	8981726037.jpg	8981726037	yes	200	https://www.flickr.com/photos/treebeard/8981726037/	https://live.staticflickr.com/5336/8981726037_4af3408461_c.jpg	https://live.staticflickr.com/5336/8981726037_4af3408461_q.jpg	New flowers of Fleabane Daisy (Erigeron foliosus var. foliosus, Asteraceae)	Treebeard	All Rights Reserved	121	
9294	cb6a4ae9-3ba8-42b6-99c8-3a15dfe04f1e	404	https://symbiota.ccber.ucsb.edu/kummel/2026/8981933923.jpg	8981933923.jpg	8981933923	yes	200	https://www.flickr.com/photos/treebeard/8981933923/	https://live.staticflickr.com/7379/8981933923_2b865bcffc_b.jpg	https://live.staticflickr.com/7379/8981933923_2b865bcffc_q.jpg	Hedgerow Hairstreak (Satyrium saepium) butterfly on flowers of Toyon (Heteromeles arbutifolia, Rosaceae)	Treebeard	All Rights Reserved	125	
9295	9ae41b76-6dc9-46d3-bdaf-6e72c3f50d18	404	https://symbiota.ccber.ucsb.edu/kummel/2026/8982206133.jpg	8982206133.jpg	8982206133	yes	200	https://www.flickr.com/photos/treebeard/8982206133/	https://live.staticflickr.com/8115/8982206133_78156b7bcb_c.jpg	https://live.staticflickr.com/8115/8982206133_78156b7bcb_q.jpg	Single flower of native Humboldt Lily (Lilium humboldtii ssp. ocellatum, Liliaceae)	Treebeard	All Rights Reserved	125	
9296	e493163b-2543-41dc-a0db-28cf74c1a0cf	404	https://symbiota.ccber.ucsb.edu/kummel/2026/8983013408.jpg	8983013408.jpg	8983013408	yes	200	https://www.flickr.com/photos/treebeard/8983013408/	https://live.staticflickr.com/5456/8983013408_79c019abf6_b.jpg	https://live.staticflickr.com/5456/8983013408_79c019abf6_q.jpg	New flowers of native Chaparral Yucca (Yucca whipplei, Liliaceae) - now renamed Hesperoyucca whipplei, Agavaceae	Treebeard	All Rights Reserved	122	
9297	d50824e3-d78d-4628-91e4-127eef30df76	404	https://symbiota.ccber.ucsb.edu/kummel/2026/8983054588.jpg	8983054588.jpg	8983054588	yes	200	https://www.flickr.com/photos/treebeard/8983054588/	https://live.staticflickr.com/7376/8983054588_6ceaf2a4a9_c.jpg	https://live.staticflickr.com/7376/8983054588_6ceaf2a4a9_q.jpg	Gold-flecked little Bee Fly (Bombyliidae, Diptera) on Wild Blackberry (Rubus ursinus, Rosaceae)	Treebeard	All Rights Reserved	124	
9298	7d7dde77-dc79-461e-a02e-fac2789a70ae	404	https://symbiota.ccber.ucsb.edu/kummel/2026/8983243632.jpg	8983243632.jpg	8983243632	yes	200	https://www.flickr.com/photos/treebeard/8983243632/	https://live.staticflickr.com/3756/8983243632_aefa70a754_c.jpg	https://live.staticflickr.com/3756/8983243632_aefa70a754_q.jpg	Maybe another Hedgerow Hairstreak (Satyrium saepium) butterfly, maybe not	Treebeard	All Rights Reserved	121	
9299	85b0f6c2-60bc-451f-888d-7a92aaa4c6f4	404	https://symbiota.ccber.ucsb.edu/kummel/2026/8990193523.jpg	8990193523.jpg	8990193523	yes	200	https://www.flickr.com/photos/treebeard/8990193523/	https://live.staticflickr.com/7300/8990193523_5b29114094_b.jpg	https://live.staticflickr.com/7300/8990193523_5b29114094_q.jpg	Garden photo, showing a flowering native Chalk Lettuce (Dudleya pulverulenta, Crassulaceae)	Treebeard	All Rights Reserved	127	
9300	e9d0eab9-b510-46fa-89f6-3e0991ca1218	404	https://symbiota.ccber.ucsb.edu/kummel/2026/8990831957.jpg	8990831957.jpg	8990831957	yes	200	https://www.flickr.com/photos/treebeard/8990831957/	https://live.staticflickr.com/5328/8990831957_5f46099172_b.jpg	https://live.staticflickr.com/5328/8990831957_5f46099172_q.jpg	Odd gall on leaves of Goldencup Oak (Quercus chrysolepis, Fagaceae) - maybe a Yellow Wig Gall Wasp (Andricus fullawayi, Cynipidae, Hymenoptera)	Treebeard	All Rights Reserved	125	
9301	c9fbbb5f-0894-4e07-8751-209c541aae0d	404	https://symbiota.ccber.ucsb.edu/kummel/2026/8991268871.jpg	8991268871.jpg	8991268871	yes	200	https://www.flickr.com/photos/treebeard/8991268871/	https://live.staticflickr.com/5470/8991268871_24acbbc73b_c.jpg	https://live.staticflickr.com/5470/8991268871_24acbbc73b_q.jpg	"Nymph of a ""True Bug"" (Hemiptera) on seed pod of Wild Sweetpea (Lathyrus vestitus, Fabaceae)"	Treebeard	All Rights Reserved	120	
9302	9792178f-718a-4d43-aef2-ec36186f2de9	404	https://symbiota.ccber.ucsb.edu/kummel/2026/8991497212.jpg	8991497212.jpg	8991497212	yes	200	https://www.flickr.com/photos/treebeard/8991497212/	https://live.staticflickr.com/3744/8991497212_d33ddb50fe_b.jpg	https://live.staticflickr.com/3744/8991497212_d33ddb50fe_q.jpg	New flowers of native Chalk Lettuce (Dudleya pulverulenta, Crassulaceae) - in our garden	Treebeard	All Rights Reserved	120	
9303	3cc90a8a-1c23-47b2-9694-a46162240a26	404	https://symbiota.ccber.ucsb.edu/kummel/2026/8991590878.jpg	8991590878.jpg	8991590878	yes	200	https://www.flickr.com/photos/treebeard/8991590878/	https://live.staticflickr.com/8393/8991590878_16f4c6a312_b.jpg	https://live.staticflickr.com/8393/8991590878_16f4c6a312_q.jpg	Native trees - Madrone (Arbutus menziesii, Ericaceae), Tanbark Oak (Lithocarpus densiflorus, Fagaceae), and Coast Live Oak (Quercus agrifolia, Fagaceae)	Treebeard	All Rights Reserved	120	
9304	6bfa3a0f-2219-4bde-abb9-e8e621ab3f10	404	https://symbiota.ccber.ucsb.edu/kummel/2026/8991707068.jpg	8991707068.jpg	8991707068	yes	200	https://www.flickr.com/photos/treebeard/8991707068/	https://live.staticflickr.com/3665/8991707068_df08a621b9_b.jpg	https://live.staticflickr.com/3665/8991707068_df08a621b9_q.jpg	Triptych of native thistles, all considered the same species - Cirsium occidentale, Asteraceae	Treebeard	All Rights Reserved	145	
9305	04a85012-110e-4ca0-9432-9a543508e695	404	https://symbiota.ccber.ucsb.edu/kummel/2026/8992198958.jpg	8992198958.jpg	8992198958	yes	200	https://www.flickr.com/photos/treebeard/8992198958/	https://live.staticflickr.com/5446/8992198958_649fda5fc1_c.jpg	https://live.staticflickr.com/5446/8992198958_649fda5fc1_q.jpg	Beetle (Coleoptera) on Trask's Yerba Santa (Eriodictyon traskiae, Hydrophyllaceae or Boraginaceae) - maybe Trirhabda flavolimbata in the Chrysomelidae?	Treebeard	All Rights Reserved	127	
9306	9d212867-426b-4fa3-8407-45d3c09b8e94	404	https://symbiota.ccber.ucsb.edu/kummel/2026/8992307000.jpg	8992307000.jpg	8992307000	yes	200	https://www.flickr.com/photos/treebeard/8992307000/	https://live.staticflickr.com/5462/8992307000_e5ea7da221_c.jpg	https://live.staticflickr.com/5462/8992307000_e5ea7da221_q.jpg	Long-horned Beetle (Cerambycidae, Coleoptera) and Bee Flies (Bombyliidae, Diptera) on Branching Phacelia (Phacelia ramosissima var. latifolia, Hydrophyllaceae or Boraginaceae)	Treebeard	All Rights Reserved	139	
9307	fb2db58a-c68e-4e08-8554-908834c920af	404	https://symbiota.ccber.ucsb.edu/kummel/2026/9000960175.jpg	9000960175.jpg	9000960175	yes	200	https://www.flickr.com/photos/treebeard/9000960175/	https://live.staticflickr.com/2816/9000960175_085f6a87de_b.jpg	https://live.staticflickr.com/2816/9000960175_085f6a87de_q.jpg	Tall flower stalks of native Soap Plant (Chlorogalum pomeridianum, Liliaceae or Agavaceae)	Treebeard	All Rights Reserved	125	
9308	5b01f7f3-70ab-4231-b3ea-0be0dac8825d	404	https://symbiota.ccber.ucsb.edu/kummel/2026/9001441581.jpg	9001441581.jpg	9001441581	yes	200	https://www.flickr.com/photos/treebeard/9001441581/	https://live.staticflickr.com/3687/9001441581_c011e777b1_b.jpg	https://live.staticflickr.com/3687/9001441581_c011e777b1_q.jpg	Mule Deer (Odocoileus hemionus) in the woods	Treebeard	All Rights Reserved	125	
9309	33ae8a88-65a3-496d-8325-25f7cdc6c985	404	https://symbiota.ccber.ucsb.edu/kummel/2026/9001912434.jpg	9001912434.jpg	9001912434	yes	200	https://www.flickr.com/photos/treebeard/9001912434/	https://live.staticflickr.com/3775/9001912434_6f174c1cdd_b.jpg	https://live.staticflickr.com/3775/9001912434_6f174c1cdd_q.jpg	"The ""cactus corner"" of our garden, with mostly native ""Prickly Pear"" (Opuntia) cacti"	Treebeard	All Rights Reserved	123	
9310	e97b0b1d-64e7-4c3b-84a6-3aaae4bc564f	404	https://symbiota.ccber.ucsb.edu/kummel/2026/9002038172.jpg	9002038172.jpg	9002038172	yes	200	https://www.flickr.com/photos/treebeard/9002038172/	https://live.staticflickr.com/7429/9002038172_9d1e69e106_c.jpg	https://live.staticflickr.com/7429/9002038172_9d1e69e106_q.jpg	"Rose-like yellow flower of a native ""Prickly Pear"" (Opuntia, Cactaceae) - with cloud drops"	Treebeard	All Rights Reserved	126	
9311	28e6f4ee-858c-4069-ae57-1707fda14805	404	https://symbiota.ccber.ucsb.edu/kummel/2026/9002387764.jpg	9002387764.jpg	9002387764	yes	200	https://www.flickr.com/photos/treebeard/9002387764/	https://live.staticflickr.com/2813/9002387764_8d52dd54fb_c.jpg	https://live.staticflickr.com/2813/9002387764_8d52dd54fb_q.jpg	Nearly-open flowers of native Soap Plant or Amole (Chlorogalum pomeridianum, Liliaceae or Agavaceae)	Treebeard	All Rights Reserved	136	
9312	fe8f82a3-47ba-4cfb-bc15-c602ce3b0dc5	404	https://symbiota.ccber.ucsb.edu/kummel/2026/9002521482.jpg	9002521482.jpg	9002521482	yes	200	https://www.flickr.com/photos/treebeard/9002521482/	https://live.staticflickr.com/3747/9002521482_be7c506205_c.jpg	https://live.staticflickr.com/3747/9002521482_be7c506205_q.jpg	Issid Planthopper insect (Issidae, Fulgoroidea, Homoptera) on a drippy morning - maybe Danepteryx robusta	Treebeard	All Rights Reserved	130	
9400	9ae2eb10-57dc-473b-9bc6-31425a688430	404	https://symbiota.ccber.ucsb.edu/kummel/2026/9171867450.jpg	9171867450.jpg	9171867450	yes	200	https://www.flickr.com/photos/treebeard/9171867450/	https://live.staticflickr.com/5498/9171867450_bfc6429723_b.jpg	https://live.staticflickr.com/5498/9171867450_bfc6429723_q.jpg	Metallic Small-Headed Fly (Eulonchus, Acroceridae, Diptera) - maybe Eulonchus smaragdinus - on native Bush Monkey Flower (Mimulus aurantiacus var. pubescens, Scrophulariaceae or Phrymaceae)	Treebeard	All Rights Reserved	137	
9401	496f5dba-d833-4578-9b4f-867482439927	404	https://symbiota.ccber.ucsb.edu/kummel/2026/9177522665.jpg	9177522665.jpg	9177522665	yes	200	https://www.flickr.com/photos/treebeard/9177522665/	https://live.staticflickr.com/2819/9177522665_9759c0145e_c.jpg	https://live.staticflickr.com/2819/9177522665_9759c0145e_q.jpg	Flower head of native Giant Rye Grass (Leymus condensatus, Poaceae) with stamens dangling	Treebeard	All Rights Reserved	138	
9402	89b30a5a-5d59-4aa1-aec3-eaaabfb0f743	404	https://symbiota.ccber.ucsb.edu/kummel/2026/9177751151.jpg	9177751151.jpg	9177751151	yes	200	https://www.flickr.com/photos/treebeard/9177751151/	https://live.staticflickr.com/7345/9177751151_1ccb86d8b2_c.jpg	https://live.staticflickr.com/7345/9177751151_1ccb86d8b2_q.jpg	Whole flowering plant of Weed's Mariposa Lily (Calochortus weedii var. vestus, aka Calochortus fimbriata, Liliaceae)	Treebeard	All Rights Reserved	128	
9403	b8542f43-9f47-4358-be9b-7ceb7fcb80ce	404	https://symbiota.ccber.ucsb.edu/kummel/2026/9177877151.jpg	9177877151.jpg	9177877151	yes	200	https://www.flickr.com/photos/treebeard/9177877151/	https://live.staticflickr.com/3821/9177877151_f6420a5ed5_b.jpg	https://live.staticflickr.com/3821/9177877151_f6420a5ed5_q.jpg	Fantastic summer flower of Weed's Mariposa Lily (Calochortus weedii var. vestus, aka Calochortus fimbriata, Liliaceae)	Treebeard	All Rights Reserved	117	
9404	09f129ea-798b-48dc-abdc-dff1b0c57c51	404	https://symbiota.ccber.ucsb.edu/kummel/2026/9177936313.jpg	9177936313.jpg	9177936313	yes	200	https://www.flickr.com/photos/treebeard/9177936313/	https://live.staticflickr.com/7314/9177936313_967981dc02_c.jpg	https://live.staticflickr.com/7314/9177936313_967981dc02_q.jpg	Fantastic summer flower of Weed's Mariposa Lily (Calochortus weedii var. vestus, aka Calochortus fimbriata, Liliaceae)	Treebeard	All Rights Reserved	119	
9405	20d3766f-848c-43d3-8702-4d5677214a02	404	https://symbiota.ccber.ucsb.edu/kummel/2026/9178007297.jpg	9178007297.jpg	9178007297	yes	200	https://www.flickr.com/photos/treebeard/9178007297/	https://live.staticflickr.com/3768/9178007297_a9424dc18a_b.jpg	https://live.staticflickr.com/3768/9178007297_a9424dc18a_q.jpg	Fantastic summer flower of Weed's Mariposa Lily (Calochortus weedii var. vestus, aka Calochortus fimbriata, Liliaceae)	Treebeard	All Rights Reserved	123	
9406	d790e27e-665b-472d-a0cb-7bae40463910	404	https://symbiota.ccber.ucsb.edu/kummel/2026/9179795662.jpg	9179795662.jpg	9179795662	yes	200	https://www.flickr.com/photos/treebeard/9179795662/	https://live.staticflickr.com/7373/9179795662_eaa2c5f28d_b.jpg	https://live.staticflickr.com/7373/9179795662_eaa2c5f28d_q.jpg	Crab Spider (Thomisidae) waiting... waiting... on the tip of a leaf of Butterfly Bush (Buddleja davidii, Scrophulariaceae)	Treebeard	All Rights Reserved	126	
9407	f1980e7c-00ea-4ed6-997c-e47ca6effa38	404	https://symbiota.ccber.ucsb.edu/kummel/2026/9179890530.jpg	9179890530.jpg	9179890530	yes	200	https://www.flickr.com/photos/treebeard/9179890530/	https://live.staticflickr.com/7423/9179890530_c2d2bca10b_b.jpg	https://live.staticflickr.com/7423/9179890530_c2d2bca10b_q.jpg	Male California Dogface (Colias eurydice) butterfly on flowers of a Geranium (Pelargonium, Geraniaceae) in the garden	Treebeard	All Rights Reserved	128	
9408	51290771-abe3-4186-afce-b44f7497b085	404	https://symbiota.ccber.ucsb.edu/kummel/2026/9180173342.jpg	9180173342.jpg	9180173342	yes	200	https://www.flickr.com/photos/treebeard/9180173342/	https://live.staticflickr.com/2864/9180173342_88a4250828_b.jpg	https://live.staticflickr.com/2864/9180173342_88a4250828_q.jpg	Fantastic summer flower of Weed's Mariposa Lily (Calochortus weedii var. vestus, aka Calochortus fimbriata, Liliaceae)	Treebeard	All Rights Reserved	123	
9409	8c673f77-08bc-4291-9061-b19074f2cee8	404	https://symbiota.ccber.ucsb.edu/kummel/2026/9186474905.jpg	9186474905.jpg	9186474905	yes	200	https://www.flickr.com/photos/treebeard/9186474905/	https://live.staticflickr.com/2880/9186474905_9097c42594_b.jpg	https://live.staticflickr.com/2880/9186474905_9097c42594_q.jpg	Peeling bark - and green skin underneath - of a beautiful native Madrone (Arbutus menziesii, Ericaceae) tree	Treebeard	All Rights Reserved	116	
9410	36637f7e-2bdd-4399-be0f-a9b8e1c7c29d	404	https://symbiota.ccber.ucsb.edu/kummel/2026/9186536009.jpg	9186536009.jpg	9186536009	yes	200	https://www.flickr.com/photos/treebeard/9186536009/	https://live.staticflickr.com/7448/9186536009_59acdc4599_b.jpg	https://live.staticflickr.com/7448/9186536009_59acdc4599_q.jpg	Large dandelion-like seed head of native Large-flowered Mountain-dandelion (Agoseris grandiflora, Asteraceae)	Treebeard	All Rights Reserved	126	
9411	f1473340-c780-4136-8a3c-b139dd6bb95a	404	https://symbiota.ccber.ucsb.edu/kummel/2026/9186566911.jpg	9186566911.jpg	9186566911	yes	200	https://www.flickr.com/photos/treebeard/9186566911/	https://live.staticflickr.com/7348/9186566911_9bfb8d3f8b_c.jpg	https://live.staticflickr.com/7348/9186566911_9bfb8d3f8b_q.jpg	Short-horned Grasshopper (Oedaleonotus phryneicus,  Melanoplinae, Acrididae, Orthoptera) munching a leaf of Butterfly Bush (Buddleja davidii, Scrophulariaceae) in the garden	Treebeard	All Rights Reserved	118	
9412	88a0b51f-0269-4846-bb56-9c482478701c	404	https://symbiota.ccber.ucsb.edu/kummel/2026/9187096001.jpg	9187096001.jpg	9187096001	yes	200	https://www.flickr.com/photos/treebeard/9187096001/	https://live.staticflickr.com/3687/9187096001_5ebde5f9bf_b.jpg	https://live.staticflickr.com/3687/9187096001_5ebde5f9bf_q.jpg	Metallic Small-Headed Fly (Eulonchus, Acroceridae, Diptera) - maybe Eulonchus smaragdinus - on native Bush Monkey Flower (Mimulus aurantiacus var. pubescens, Scrophulariaceae or Phrymaceae)	Treebeard	All Rights Reserved	125	
9413	db7c7d0c-fdb7-4ac3-8d96-aa460f3f6cb9	404	https://symbiota.ccber.ucsb.edu/kummel/2026/9187391115.jpg	9187391115.jpg	9187391115	yes	200	https://www.flickr.com/photos/treebeard/9187391115/	https://live.staticflickr.com/7332/9187391115_11f60512f6_c.jpg	https://live.staticflickr.com/7332/9187391115_11f60512f6_q.jpg	Sand Wasp (Steniolia, Bembicini, Apoidea, Hymenoptera) on non-native English Lavender (Lavandula angustifolia, Lamiaceae)	Treebeard	All Rights Reserved	122	
9414	ce5868c1-3b32-4cbe-9c82-5133b30981d9	404	https://symbiota.ccber.ucsb.edu/kummel/2026/9189529310.jpg	9189529310.jpg	9189529310	yes	200	https://www.flickr.com/photos/treebeard/9189529310/	https://live.staticflickr.com/2873/9189529310_036027c198_c.jpg	https://live.staticflickr.com/2873/9189529310_036027c198_q.jpg	Bee Fly (Bombyliidae,Diptera) dragging its butt over gravel - oviposting?	Treebeard	All Rights Reserved	120	
9415	722d7617-518a-46b7-bc60-402010e9bf93	404	https://symbiota.ccber.ucsb.edu/kummel/2026/9189767612.jpg	9189767612.jpg	9189767612	yes	200	https://www.flickr.com/photos/treebeard/9189767612/	https://live.staticflickr.com/3721/9189767612_03a4b1b2ef_c.jpg	https://live.staticflickr.com/3721/9189767612_03a4b1b2ef_q.jpg	Bee Fly (Bombyliidae, Diptera) on the native Wild Blackberry (Rubus ursinus, Rosaceae)	Treebeard	All Rights Reserved	122	
9416	49102170-5912-4efe-9d10-baa1dc060acd	404	https://symbiota.ccber.ucsb.edu/kummel/2026/9189824468.jpg	9189824468.jpg	9189824468	yes	200	https://www.flickr.com/photos/treebeard/9189824468/	https://live.staticflickr.com/5328/9189824468_a4146aab8d_c.jpg	https://live.staticflickr.com/5328/9189824468_a4146aab8d_q.jpg	"""Steel Bridge Fly"" - a fairly large Bee Fly (Bombyliidae, Diptera) on steel bridge railing"	Treebeard	All Rights Reserved	128	
9417	08ecd458-e036-4809-ac8f-0a2704595ea0	404	https://symbiota.ccber.ucsb.edu/kummel/2026/9202386817.jpg	9202386817.jpg	9202386817	yes	200	https://www.flickr.com/photos/treebeard/9202386817/	https://live.staticflickr.com/7381/9202386817_a433c9baed_c.jpg	https://live.staticflickr.com/7381/9202386817_a433c9baed_q.jpg	Beautiful fungus-riddled leaf of native Wild Blackberry (Rubus ursinus, Rosaceae)	Treebeard	All Rights Reserved	126	
9418	e8d472ad-1a78-4a23-a64f-aa29f11f7cf9	404	https://symbiota.ccber.ucsb.edu/kummel/2026/9202431627.jpg	9202431627.jpg	9202431627	yes	200	https://www.flickr.com/photos/treebeard/9202431627/	https://live.staticflickr.com/3787/9202431627_aa2df82bbd_b.jpg	https://live.staticflickr.com/3787/9202431627_aa2df82bbd_q.jpg	Crab Spider (Thomisidae) waiting on native Wild Blackberry (Rubus ursinus, Rosaceae)	Treebeard	All Rights Reserved	126	
9419	1e853db6-10f5-4373-81f3-e6032e59da89	404	https://symbiota.ccber.ucsb.edu/kummel/2026/9202537221.jpg	9202537221.jpg	9202537221	yes	200	https://www.flickr.com/photos/treebeard/9202537221/	https://live.staticflickr.com/2856/9202537221_6d773d5f43_b.jpg	https://live.staticflickr.com/2856/9202537221_6d773d5f43_q.jpg	Odd tiny Planthopper insect (Fulgoroidea, Homoptera) on Wild Blackberry (Rubus ursinus, Rosaceae)	Treebeard	All Rights Reserved	126	
9420	84975390-ae65-4ec3-b27a-b47a4be2ab3e	404	https://symbiota.ccber.ucsb.edu/kummel/2026/9202611915.jpg	9202611915.jpg	9202611915	yes	200	https://www.flickr.com/photos/treebeard/9202611915/	https://live.staticflickr.com/5469/9202611915_2e8ace68d4_b.jpg	https://live.staticflickr.com/5469/9202611915_2e8ace68d4_q.jpg	New summer flowers of native California Buckwheat (Eriogonum fasciculatum, Polygonaceae)	Treebeard	All Rights Reserved	115	
9421	9680d52a-56fb-4f2c-96d2-830cfe273eee	404	https://symbiota.ccber.ucsb.edu/kummel/2026/9202810817.jpg	9202810817.jpg	9202810817	yes	200	https://www.flickr.com/photos/treebeard/9202810817/	https://live.staticflickr.com/2824/9202810817_07b4c0552f_c.jpg	https://live.staticflickr.com/2824/9202810817_07b4c0552f_q.jpg	Just a fly in the order Diptera, bristly enough to be family Tachinidae, on Wild Blackberry (Rubus ursinus, Rosaceae)	Treebeard	All Rights Reserved	120	
9422	7badd906-dfa2-4436-942b-ca0ad4c42d1c	404	https://symbiota.ccber.ucsb.edu/kummel/2026/9205261446.jpg	9205261446.jpg	9205261446	yes	200	https://www.flickr.com/photos/treebeard/9205261446/	https://live.staticflickr.com/7324/9205261446_1521f672f0_b.jpg	https://live.staticflickr.com/7324/9205261446_1521f672f0_q.jpg	New summer flowers and buds of native Yellow-flowered Hawkweed (Hiericium argutum, Asteracea)	Treebeard	All Rights Reserved	121	
9423	d0ec00b0-0865-453d-8e0d-730369a0caa4	404	https://symbiota.ccber.ucsb.edu/kummel/2026/9205469280.jpg	9205469280.jpg	9205469280	yes	200	https://www.flickr.com/photos/treebeard/9205469280/	https://live.staticflickr.com/5522/9205469280_6b9746b668_c.jpg	https://live.staticflickr.com/5522/9205469280_6b9746b668_q.jpg	Pacific Ambush Bug (Phymata pacifica, Phymatidae, Hemiptera) on native California Buckwheat (Eriogonum fasciculatum, Polygonaceae)	Treebeard	All Rights Reserved	122	
9424	934377ac-c7b7-445d-90d5-6f1b7cb6eb2a	404	https://symbiota.ccber.ucsb.edu/kummel/2026/9205542726.jpg	9205542726.jpg	9205542726	yes	200	https://www.flickr.com/photos/treebeard/9205542726/	https://live.staticflickr.com/7340/9205542726_11ee0c1e03_b.jpg	https://live.staticflickr.com/7340/9205542726_11ee0c1e03_q.jpg	Maybe a small Carrot Wasp (Gasteruption visaliae, Gasteruptiidae, Hymenoptera) on California Buckwheat (Eriogonum fasciculatum, Polygonaceae)	Treebeard	All Rights Reserved	133	
9425	af9dec97-4c81-40c5-9c36-503535efd59f	404	https://symbiota.ccber.ucsb.edu/kummel/2026/9210047881.jpg	9210047881.jpg	9210047881	yes	200	https://www.flickr.com/photos/treebeard/9210047881/	https://live.staticflickr.com/5538/9210047881_a66aa9556c_c.jpg	https://live.staticflickr.com/5538/9210047881_a66aa9556c_q.jpg	BLUE summer flowers of native Coyote Mint aka White-leaf Monardella (Monardella hypoleuca, Lamiaceae)	Treebeard	All Rights Reserved	125	
9426	8f99d4dc-a0af-4938-9490-ebd16ac5d401	404	https://symbiota.ccber.ucsb.edu/kummel/2026/9210143039.jpg	9210143039.jpg	9210143039	yes	200	https://www.flickr.com/photos/treebeard/9210143039/	https://live.staticflickr.com/2814/9210143039_879d7d7371_b.jpg	https://live.staticflickr.com/2814/9210143039_879d7d7371_q.jpg	Fantastic RED flowers of native Scarlet Larkspur (Delphinium cardinale, Ranunculaceae)	Treebeard	All Rights Reserved	117	
9427	7200365a-931b-4476-89a0-20094f48e034	404	https://symbiota.ccber.ucsb.edu/kummel/2026/9210237793.jpg	9210237793.jpg	9210237793	yes	200	https://www.flickr.com/photos/treebeard/9210237793/	https://live.staticflickr.com/3766/9210237793_a146230406_c.jpg	https://live.staticflickr.com/3766/9210237793_a146230406_q.jpg	BLUE summer flowers of native Woolly Blue Curls (Trichostema lanatum, Lamiaceae)	Treebeard	All Rights Reserved	117	
9428	e15d96d0-4be5-43be-832f-eaf8aa9b316d	404	https://symbiota.ccber.ucsb.edu/kummel/2026/9210271235.jpg	9210271235.jpg	9210271235	yes	200	https://www.flickr.com/photos/treebeard/9210271235/	https://live.staticflickr.com/7399/9210271235_d730179ac8_b.jpg	https://live.staticflickr.com/7399/9210271235_d730179ac8_q.jpg	WHITE summer flowers of native California Buckwheat (Eriogonum fasciculatum, Polygonaceae)	Treebeard	All Rights Reserved	127	
9429	27735d4e-8160-4a17-abbe-eb3091c96599	404	https://symbiota.ccber.ucsb.edu/kummel/2026/9210381875.jpg	9210381875.jpg	9210381875	yes	200	https://www.flickr.com/photos/treebeard/9210381875/	https://live.staticflickr.com/3730/9210381875_a43973eb2f_b.jpg	https://live.staticflickr.com/3730/9210381875_a43973eb2f_q.jpg	BLUE flowers of native Chaparral Penstemon (Penstemon heterophyllus, Scrophulariaceae or Plantaginaceae)	Treebeard	All Rights Reserved	125	
9430	9729b001-ca47-4ce7-85ff-ef55aa3f2e25	404	https://symbiota.ccber.ucsb.edu/kummel/2026/9210549309.jpg	9210549309.jpg	9210549309	yes	200	https://www.flickr.com/photos/treebeard/9210549309/	https://live.staticflickr.com/3666/9210549309_21bda8d504_c.jpg	https://live.staticflickr.com/3666/9210549309_21bda8d504_q.jpg	RED flower of native Red Thistle aka Cobweb Thistle (Cirsium occidentale var. venustum, Asteraceae)	Treebeard	All Rights Reserved	128	
9431	bd9f69ad-efd5-4fd4-9aac-9aeca9b6e8da	404	https://symbiota.ccber.ucsb.edu/kummel/2026/9212880348.jpg	9212880348.jpg	9212880348	yes	200	https://www.flickr.com/photos/treebeard/9212880348/	https://live.staticflickr.com/3805/9212880348_610f9e5ae5_c.jpg	https://live.staticflickr.com/3805/9212880348_610f9e5ae5_q.jpg	New WHITE (on the left) summer flower of Weed's Mariposa Lily (Calochortus weedii var. vestus, aka Calochortus fimbriata, Liliaceae)	Treebeard	All Rights Reserved	120	
9432	bee380b1-0212-4fa9-ab75-fca94b82de2a	404	https://symbiota.ccber.ucsb.edu/kummel/2026/9213074310.jpg	9213074310.jpg	9213074310	yes	200	https://www.flickr.com/photos/treebeard/9213074310/	https://live.staticflickr.com/7424/9213074310_c4835ddf8d_b.jpg	https://live.staticflickr.com/7424/9213074310_c4835ddf8d_q.jpg	Pale Swallowtail (Papilio eurymedon) butterfly on a RED flower of an old-fashioned Geranium (Pelargonium, Geraniaceae)	Treebeard	All Rights Reserved	121	
9433	ca7ac3f2-0143-4bbe-bf90-705c4d658807	404	https://symbiota.ccber.ucsb.edu/kummel/2026/9213262102.jpg	9213262102.jpg	9213262102	yes	200	https://www.flickr.com/photos/treebeard/9213262102/	https://live.staticflickr.com/2851/9213262102_ac604c394f_b.jpg	https://live.staticflickr.com/2851/9213262102_ac604c394f_q.jpg	WHITE dandelion-like seed head of native Large-flowered Mountain-dandelion (Agoseris grandiflora, Asteraceae)	Treebeard	All Rights Reserved	120	
9434	ba8568da-1c4c-4732-95f7-5b86e3522e61	404	https://symbiota.ccber.ucsb.edu/kummel/2026/9217214967.jpg	9217214967.jpg	9217214967	yes	200	https://www.flickr.com/photos/treebeard/9217214967/	https://live.staticflickr.com/3834/9217214967_c20d837113_c.jpg	https://live.staticflickr.com/3834/9217214967_c20d837113_q.jpg	Drosophilid Fly (Drosophilidae, Diptera) on a leaf of Wild Blackberry (Rubus ursinus, Rosaceae)	Treebeard	All Rights Reserved	130	
9435	ac61d9ea-8fb4-493a-9323-85768ffbc21e	404	https://symbiota.ccber.ucsb.edu/kummel/2026/9219884930.jpg	9219884930.jpg	9219884930	yes	200	https://www.flickr.com/photos/treebeard/9219884930/	https://live.staticflickr.com/3780/9219884930_76c4264297_c.jpg	https://live.staticflickr.com/3780/9219884930_76c4264297_q.jpg	Elegant curves of new seeds of an old-fashioned Geranium (Pelargonium, Geraniaceae) in the garden	Treebeard	All Rights Reserved	128	
9436	e30fa000-ec36-4191-ae8b-af9ba26894f3	404	https://symbiota.ccber.ucsb.edu/kummel/2026/9219917142.jpg	9219917142.jpg	9219917142	yes	200	https://www.flickr.com/photos/treebeard/9219917142/	https://live.staticflickr.com/2814/9219917142_4020ea6a11_b.jpg	https://live.staticflickr.com/2814/9219917142_4020ea6a11_q.jpg	Tiny nymph of a Tree Cricket (Oecanthus, Gryllidae, Orthoptera)	Treebeard	All Rights Reserved	126	
9437	af4bd838-43f6-4971-8a22-7119f48618f4	404	https://symbiota.ccber.ucsb.edu/kummel/2026/9220013830.jpg	9220013830.jpg	9220013830	yes	200	https://www.flickr.com/photos/treebeard/9220013830/	https://live.staticflickr.com/5461/9220013830_200c53fece_c.jpg	https://live.staticflickr.com/5461/9220013830_200c53fece_q.jpg	Honey Bee (Apis mellifera, Hymenoptera) on new flowers of Narrow-leaved Milkweed (Asclepias fascicularis, Asclepiadaceae)	Treebeard	All Rights Reserved	122	
9438	443acab8-60bf-4cd0-aad4-63302c29ea37	404	https://symbiota.ccber.ucsb.edu/kummel/2026/9220077324.jpg	9220077324.jpg	9220077324	yes	200	https://www.flickr.com/photos/treebeard/9220077324/	https://live.staticflickr.com/2891/9220077324_88854c6af8_b.jpg	https://live.staticflickr.com/2891/9220077324_88854c6af8_q.jpg	Large Milkweed Bug (Oncopeltus fasciatus, Lygaeidae, Hemiptera) on Narrow-leaved Milkweed (Asclepias fascicularis, Asclepiadaceae)	Treebeard	All Rights Reserved	126	
9439	3d38c7b1-d2da-49b2-aa6c-7a3fb174c872	404	https://symbiota.ccber.ucsb.edu/kummel/2026/9224744283.jpg	9224744283.jpg	9224744283	yes	200	https://www.flickr.com/photos/treebeard/9224744283/	https://live.staticflickr.com/2833/9224744283_84390aac04_c.jpg	https://live.staticflickr.com/2833/9224744283_84390aac04_q.jpg	Bee Fly (Bombyliidae, Diptera) on native Wild Blackberry (Rubus ursinus, Rosaceae)	Treebeard	All Rights Reserved	116	
9440	c58a3f39-0dc3-47d4-9a9d-1f848807240f	404	https://symbiota.ccber.ucsb.edu/kummel/2026/9224803029.jpg	9224803029.jpg	9224803029	yes	200	https://www.flickr.com/photos/treebeard/9224803029/	https://live.staticflickr.com/7309/9224803029_538069a707_c.jpg	https://live.staticflickr.com/7309/9224803029_538069a707_q.jpg	Different little Bee Fly (Bombyliidae, Diptera) on Wild Blackberry (Rubus ursinus, Rosaceae)	Treebeard	All Rights Reserved	116	
9441	ed2d0868-0f02-4806-a513-276335c504b2	404	https://symbiota.ccber.ucsb.edu/kummel/2026/9227372056.jpg	9227372056.jpg	9227372056	yes	200	https://www.flickr.com/photos/treebeard/9227372056/	https://live.staticflickr.com/3712/9227372056_27a8178200_c.jpg	https://live.staticflickr.com/3712/9227372056_27a8178200_q.jpg	I don't know what kind of Fly (Diptera) this is - maybe a tiny Robber Fly (family Asilidae)?	Treebeard	All Rights Reserved	132	
9442	1e623fc1-d5bf-4194-a1dc-7ba5daeef8e6	404	https://symbiota.ccber.ucsb.edu/kummel/2026/9227483822.jpg	9227483822.jpg	9227483822	yes	200	https://www.flickr.com/photos/treebeard/9227483822/	https://live.staticflickr.com/7313/9227483822_526873210d_b.jpg	https://live.staticflickr.com/7313/9227483822_526873210d_q.jpg	Not a Syrphid Flower Fly (Syrphidae), but a Stiletto Fly (Therevidae, Diptera) on Coast Live Oak (Quercus agrifolia, Fagaceae)	Treebeard	All Rights Reserved	122	
9443	d7fcd305-a377-4e54-b479-24174dba63e3	404	https://symbiota.ccber.ucsb.edu/kummel/2026/9227620350.jpg	9227620350.jpg	9227620350	yes	200	https://www.flickr.com/photos/treebeard/9227620350/	https://live.staticflickr.com/5509/9227620350_4dbbdd491b_b.jpg	https://live.staticflickr.com/5509/9227620350_4dbbdd491b_q.jpg	Maybe a Flesh Fly (Sarcophagidae, Diptera) on Western Bracken Fern (Pteridium aquilinum var. pubescens, Polypodiaceae)	Treebeard	All Rights Reserved	120	
9444	e0c4705f-89fe-426c-b628-98612e30253f	404	https://symbiota.ccber.ucsb.edu/kummel/2026/9227737642.jpg	9227737642.jpg	9227737642	yes	200	https://www.flickr.com/photos/treebeard/9227737642/	https://live.staticflickr.com/7286/9227737642_988f28e6bb_c.jpg	https://live.staticflickr.com/7286/9227737642_988f28e6bb_q.jpg	Interesting bristly Tachinid Fly (Tachinidae, Diptera) perched on a leaf in the woods	Treebeard	All Rights Reserved	118	
9445	8778540a-8efd-44e6-bcf8-d3f6ecf7990a	404	https://symbiota.ccber.ucsb.edu/kummel/2026/9227791206.jpg	9227791206.jpg	9227791206	yes	200	https://www.flickr.com/photos/treebeard/9227791206/	https://live.staticflickr.com/3718/9227791206_7b7fd97a53_c.jpg	https://live.staticflickr.com/3718/9227791206_7b7fd97a53_q.jpg	NOT a Tachinid Fly, but genus Metopia (Miltogramminae, Sarcophagidae, Diptera) on Wild Blackberry (Rubus ursinus, Rosaceae)	Treebeard	All Rights Reserved	117	
9446	09ef1cfa-6e45-4171-9245-a75ea664e972	404	https://symbiota.ccber.ucsb.edu/kummel/2026/9227879900.jpg	9227879900.jpg	9227879900	yes	200	https://www.flickr.com/photos/treebeard/9227879900/	https://live.staticflickr.com/3759/9227879900_700cb3c122_b.jpg	https://live.staticflickr.com/3759/9227879900_700cb3c122_q.jpg	Bee-like Robber Fly (Laphria, Asilidae, Diptera) on Bitter Gooseberry (Ribes amarum, Grossulariaceae)	Treebeard	All Rights Reserved	119	
9447	4a30e3b0-4bf0-4b93-8e38-7bcbf44986cd	404	https://symbiota.ccber.ucsb.edu/kummel/2026/9233214167.jpg	9233214167.jpg	9233214167	yes	200	https://www.flickr.com/photos/treebeard/9233214167/	https://live.staticflickr.com/5509/9233214167_11ca979aae_b.jpg	https://live.staticflickr.com/5509/9233214167_11ca979aae_q.jpg	Web-spinning caterpillars of Variable Checkerspot (Euphydryas chalcedona) butterflies on Climbing Penstemon (Keckiella cordifolia, Scrophulariaceae or Plantaginaceae)	Treebeard	All Rights Reserved	122	
9448	07a29927-46e5-4e7c-a7c8-37a03f837f0e	404	https://symbiota.ccber.ucsb.edu/kummel/2026/9233385275.jpg	9233385275.jpg	9233385275	yes	200	https://www.flickr.com/photos/treebeard/9233385275/	https://live.staticflickr.com/5445/9233385275_009c3fd870_b.jpg	https://live.staticflickr.com/5445/9233385275_009c3fd870_q.jpg	New galls of the Crystalline Gall Wasp (Andricus crystallinus, Cynipidae, Hymenoptera) under leaves of Scrub Oak (Quercus berberidifolia, Fagaceae)	Treebeard	All Rights Reserved	128	
9449	9d11ac81-6e43-4cee-9095-9b9c10756bfe	404	https://symbiota.ccber.ucsb.edu/kummel/2026/9233489319.jpg	9233489319.jpg	9233489319	yes	200	https://www.flickr.com/photos/treebeard/9233489319/	https://live.staticflickr.com/5545/9233489319_a2e9fd6937_c.jpg	https://live.staticflickr.com/5545/9233489319_a2e9fd6937_q.jpg	More galls of the Crystalline Gall Wasp (Andricus crystallinus, Cynipidae, Hymenoptera) under leaves of Scrub Oak (Quercus berberidifolia, Fagaceae)	Treebeard	All Rights Reserved	142	
9450	589e1b91-e6f2-48bc-852d-696c72bfedc3	404	https://symbiota.ccber.ucsb.edu/kummel/2026/9233531639.jpg	9233531639.jpg	9233531639	yes	200	https://www.flickr.com/photos/treebeard/9233531639/	https://live.staticflickr.com/7322/9233531639_07189064d9_c.jpg	https://live.staticflickr.com/7322/9233531639_07189064d9_q.jpg	"Window Fly aka Black Soldier Fly (Hermetia illucens or kin, Stratiomyidae, Diptera) ""puddling"" on damp soil in our garden"	Treebeard	All Rights Reserved	132	
9451	cf0eacdc-645a-47dc-a00b-5df976725f26	404	https://symbiota.ccber.ucsb.edu/kummel/2026/9233613299.jpg	9233613299.jpg	9233613299	yes	200	https://www.flickr.com/photos/treebeard/9233613299/	https://live.staticflickr.com/5465/9233613299_2ec75aac3d_b.jpg	https://live.staticflickr.com/5465/9233613299_2ec75aac3d_q.jpg	Another large Flesh Fly (Sarcophagidae, Diptera) on Poison Oak (Toxicodendron diversilobum, Anacardiaceae) - already turning red	Treebeard	All Rights Reserved	121	
9452	15a6dc95-7a7b-49f9-af46-66a90282b61a	404	https://symbiota.ccber.ucsb.edu/kummel/2026/9233892585.jpg	9233892585.jpg	9233892585	yes	200	https://www.flickr.com/photos/treebeard/9233892585/	https://live.staticflickr.com/7376/9233892585_7c5f341229_b.jpg	https://live.staticflickr.com/7376/9233892585_7c5f341229_q.jpg	Rather large Longhorned Beetle (Cerambycidae, Coleoptera) - maybe Yellow Douglas Fir Borer (Centrodera spurca)?	Treebeard	All Rights Reserved	122	
9453	95494678-9d00-4e05-acce-9fa398e35293	404	https://symbiota.ccber.ucsb.edu/kummel/2026/9236123642.jpg	9236123642.jpg	9236123642	yes	200	https://www.flickr.com/photos/treebeard/9236123642/	https://live.staticflickr.com/2827/9236123642_aa222e7b2e_c.jpg	https://live.staticflickr.com/2827/9236123642_aa222e7b2e_q.jpg	Gall of the Spined Turban Gall Wasp (Antron douglasii, Cynipidae, Hymenoptera) growing under a leaf of Scrub Oak (Quercus berberidifolia, Fagaceae)	Treebeard	All Rights Reserved	116	
9454	7cdacb30-fa5b-4bf1-a3cb-c9fe170eb489	404	https://symbiota.ccber.ucsb.edu/kummel/2026/9236513896.jpg	9236513896.jpg	9236513896	yes	200	https://www.flickr.com/photos/treebeard/9236513896/	https://live.staticflickr.com/3758/9236513896_ccc78d7397_c.jpg	https://live.staticflickr.com/3758/9236513896_ccc78d7397_q.jpg	Hedgerow Hairstreak (Satyrium saepium) butterfly or Mountain Mahogany Hairstreak (Satyrium tetra) - on Scrub Oak (Quercus berberidifolia, Fagaceae)	Treebeard	All Rights Reserved	116	
9455	4d046e99-8a16-4c3c-bc6b-b516c9b57cb6	404	https://symbiota.ccber.ucsb.edu/kummel/2026/9241907869.jpg	9241907869.jpg	9241907869	yes	200	https://www.flickr.com/photos/treebeard/9241907869/	https://live.staticflickr.com/7418/9241907869_e9f37457e8_b.jpg	https://live.staticflickr.com/7418/9241907869_e9f37457e8_q.jpg	Female California Dogface (Colias eurydice) butterfly on flowers of English Lavender (Lavandula angustifolia, Lamiaceae)	Treebeard	All Rights Reserved	136	
9456	9fe5ed42-a475-4a0c-a742-49b79ffae91c	404	https://symbiota.ccber.ucsb.edu/kummel/2026/9241952301.jpg	9241952301.jpg	9241952301	yes	200	https://www.flickr.com/photos/treebeard/9241952301/	https://live.staticflickr.com/7375/9241952301_948affa599_c.jpg	https://live.staticflickr.com/7375/9241952301_948affa599_q.jpg	Megachilid Bee (Megachilidae, Anthophila, Hymenoptera) on Branching Phacelia (Phacelia ramosissima var. latifolia, Hydrophyllaceae or Boraginaceae)	Treebeard	All Rights Reserved	134	
9457	071213af-4f82-4ca1-bdb2-2785467caafd	404	https://symbiota.ccber.ucsb.edu/kummel/2026/9242250289.jpg	9242250289.jpg	9242250289	yes	200	https://www.flickr.com/photos/treebeard/9242250289/	https://live.staticflickr.com/7389/9242250289_be39618f6f_b.jpg	https://live.staticflickr.com/7389/9242250289_be39618f6f_q.jpg	"Window Fly aka Black Soldier Fly (Hermetia illucens or kin, Stratiomyidae, Diptera) ""puddling"" in our garden"	Treebeard	All Rights Reserved	129	
9458	7373c188-3151-4a5a-852a-971f23a7520b	404	https://symbiota.ccber.ucsb.edu/kummel/2026/9242430681.jpg	9242430681.jpg	9242430681	yes	200	https://www.flickr.com/photos/treebeard/9242430681/	https://live.staticflickr.com/5449/9242430681_408e0e7651_c.jpg	https://live.staticflickr.com/5449/9242430681_408e0e7651_q.jpg	Sand Wasp (Steniolia, Bembicini, Apoidea, Hymenoptera) on a flower of English Lavender (Lavandula angustifolia, Lamiaceae) - showing it's proboscis	Treebeard	All Rights Reserved	132	
9459	577a0a08-b21f-4370-aca4-e1f9dfe40c2b	404	https://symbiota.ccber.ucsb.edu/kummel/2026/9244901042.jpg	9244901042.jpg	9244901042	yes	200	https://www.flickr.com/photos/treebeard/9244901042/	https://live.staticflickr.com/3782/9244901042_6daf1d372e_b.jpg	https://live.staticflickr.com/3782/9244901042_6daf1d372e_q.jpg	"Probably a Spider Wasp (family Pompilidae) in the order Hymenoptera ""puddling"" in the garden"	Treebeard	All Rights Reserved	125	
9460	d934d30b-e0c9-4396-b606-cd9544c9f57a	404	https://symbiota.ccber.ucsb.edu/kummel/2026/9244984704.jpg	9244984704.jpg	9244984704	yes	200	https://www.flickr.com/photos/treebeard/9244984704/	https://live.staticflickr.com/2888/9244984704_62dcff7108_c.jpg	https://live.staticflickr.com/2888/9244984704_62dcff7108_q.jpg	Large black Carpenter Bee (Xylocopa, Anthophoridae, Hymenoptera) on Aloe (Aloaceae or Asphodeloideae or Xanthorrhoeaceae)	Treebeard	All Rights Reserved	122	
9461	3bfe771d-38b6-48e6-b892-983f721f814e	404	https://symbiota.ccber.ucsb.edu/kummel/2026/9245082154.jpg	9245082154.jpg	9245082154	yes	200	https://www.flickr.com/photos/treebeard/9245082154/	https://live.staticflickr.com/5337/9245082154_574b7f16ee_b.jpg	https://live.staticflickr.com/5337/9245082154_574b7f16ee_q.jpg	Deer Fly (Tabanidae, Diptera) biting my left hand	Treebeard	All Rights Reserved	137	
9462	fb653c17-5ac1-4dfe-9714-5e2ba33f819c	404	https://symbiota.ccber.ucsb.edu/kummel/2026/9245357478.jpg	9245357478.jpg	9245357478	yes	200	https://www.flickr.com/photos/treebeard/9245357478/	https://live.staticflickr.com/3826/9245357478_3046482c4e_b.jpg	https://live.staticflickr.com/3826/9245357478_3046482c4e_q.jpg	Sand Wasp (Steniolia, Bembicini, Apoidea, Hymenoptera) on a flower of English Lavender (Lavandula angustifolia, Lamiaceae)	Treebeard	All Rights Reserved	146	
9463	4a3be37b-d6b5-4de7-ad92-197d7c3dc659	404	https://symbiota.ccber.ucsb.edu/kummel/2026/9249780325.jpg	9249780325.jpg	9249780325	yes	200	https://www.flickr.com/photos/treebeard/9249780325/	https://live.staticflickr.com/5549/9249780325_ca5fdda8a4_b.jpg	https://live.staticflickr.com/5549/9249780325_ca5fdda8a4_q.jpg	Small Leafhopper (Cicadellidae, Homoptera) on Wild Blackberry (Rubus ursinus, Rosaceae)	Treebeard	All Rights Reserved	132	
9464	69591e30-2179-4115-842d-c19476a4dff3	404	https://symbiota.ccber.ucsb.edu/kummel/2026/9249844893.jpg	9249844893.jpg	9249844893	yes	200	https://www.flickr.com/photos/treebeard/9249844893/	https://live.staticflickr.com/2822/9249844893_2e20f276ec_c.jpg	https://live.staticflickr.com/2822/9249844893_2e20f276ec_q.jpg	"Age gets us all, including this California Sister (Adelpha bredowii) butterfly ""puddling"" in the garden"	Treebeard	All Rights Reserved	112	
9465	6e3b20e6-5afc-4845-8c8c-870f3c6c9f51	404	https://symbiota.ccber.ucsb.edu/kummel/2026/9250126843.jpg	9250126843.jpg	9250126843	yes	200	https://www.flickr.com/photos/treebeard/9250126843/	https://live.staticflickr.com/3780/9250126843_8511a28aff_b.jpg	https://live.staticflickr.com/3780/9250126843_8511a28aff_q.jpg	Sand Wasp (Steniolia, Bembicini, Apoidea, Hymenoptera) on Mountain Monardella (Monardella odoratissima, Lamiaceae) in the garden	Treebeard	All Rights Reserved	116	
9466	3055744b-8f8c-4ede-a1cf-435af5eafe85	404	https://symbiota.ccber.ucsb.edu/kummel/2026/9252444954.jpg	9252444954.jpg	9252444954	yes	200	https://www.flickr.com/photos/treebeard/9252444954/	https://live.staticflickr.com/7316/9252444954_d79296ccd2_c.jpg	https://live.staticflickr.com/7316/9252444954_d79296ccd2_q.jpg	First new flower - and maybe the last - of native California Wild Rose (Rosa californica, Rosaceae)	Treebeard	All Rights Reserved	115	
9467	1c716813-3706-44f7-8294-9a8ee9cf94f1	404	https://symbiota.ccber.ucsb.edu/kummel/2026/9252475138.jpg	9252475138.jpg	9252475138	yes	200	https://www.flickr.com/photos/treebeard/9252475138/	https://live.staticflickr.com/2849/9252475138_8724d65c74_b.jpg	https://live.staticflickr.com/2849/9252475138_8724d65c74_q.jpg	Tiny insect eggs under a leaf of native Coyote Bush (Baccharis pilularis, Asteraceae)	Treebeard	All Rights Reserved	128	
9468	5a1001de-64a8-430a-8644-e4dd07c7efe9	404	https://symbiota.ccber.ucsb.edu/kummel/2026/9252594814.jpg	9252594814.jpg	9252594814	yes	200	https://www.flickr.com/photos/treebeard/9252594814/	https://live.staticflickr.com/3812/9252594814_fe557b55df_c.jpg	https://live.staticflickr.com/3812/9252594814_fe557b55df_q.jpg	Another female California Dogface (Colias eurydice) butterfly on a flower of English Lavender (Lavandula angustifolia, Lamiaceae)	Treebeard	All Rights Reserved	145	
9469	d8d3babb-d4c4-4f52-a844-25dd8cb26c16	404	https://symbiota.ccber.ucsb.edu/kummel/2026/9252862568.jpg	9252862568.jpg	9252862568	yes	200	https://www.flickr.com/photos/treebeard/9252862568/	https://live.staticflickr.com/2869/9252862568_40a0408495_b.jpg	https://live.staticflickr.com/2869/9252862568_40a0408495_q.jpg	"Newly emerged California Sister (Adelpha bredowii) butterfly ""puddling"" in the garden"	Treebeard	All Rights Reserved	128	
9470	91ab132b-1920-41ea-9745-4b0a3b34cde0	404	https://symbiota.ccber.ucsb.edu/kummel/2026/9253036022.jpg	9253036022.jpg	9253036022	yes	200	https://www.flickr.com/photos/treebeard/9253036022/	https://live.staticflickr.com/7323/9253036022_75ec29ff52_b.jpg	https://live.staticflickr.com/7323/9253036022_75ec29ff52_q.jpg	Metallic Small-Headed Fly (Eulonchus, Acroceridae, Diptera) - probably Eulonchus smaragdinus - dead on a leaf of Wild Blackberry (Rubus ursinus, Rosaceae)	Treebeard	All Rights Reserved	114	
9471	3418fcd4-6a88-44cf-9a40-d9e1ab126a8e	404	https://symbiota.ccber.ucsb.edu/kummel/2026/9256987163.jpg	9256987163.jpg	9256987163	yes	200	https://www.flickr.com/photos/treebeard/9256987163/	https://live.staticflickr.com/5334/9256987163_5a137f8293_c.jpg	https://live.staticflickr.com/5334/9256987163_5a137f8293_q.jpg	New acorns on native Scrub Oak (Quercus berberidifolia, Fagaceae)	Treebeard	All Rights Reserved	127	
9472	3f6e6b6c-0c5d-4854-839d-e4566d448284	404	https://symbiota.ccber.ucsb.edu/kummel/2026/9259799936.jpg	9259799936.jpg	9259799936	yes	200	https://www.flickr.com/photos/treebeard/9259799936/	https://live.staticflickr.com/5334/9259799936_26ff3c2203_b.jpg	https://live.staticflickr.com/5334/9259799936_26ff3c2203_q.jpg	New acorn on Goldencup Oak aka Canyon Live Oak (Quercus chrysolepis, Fagaceae)	Treebeard	All Rights Reserved	128	
9473	fe8fd84c-f00f-45a1-bb82-cbecb2daf3cc	404	https://symbiota.ccber.ucsb.edu/kummel/2026/9259896096.jpg	9259896096.jpg	9259896096	yes	200	https://www.flickr.com/photos/treebeard/9259896096/	https://live.staticflickr.com/3718/9259896096_b455217160_b.jpg	https://live.staticflickr.com/3718/9259896096_b455217160_q.jpg	"New seeds of native Foothill Ash (Fraxinus dipetala, Oleaceae) - half a ""samara"""	Treebeard	All Rights Reserved	117	
9474	4ebcf7e5-309b-4fa8-b84e-3abb60c81b8e	404	https://symbiota.ccber.ucsb.edu/kummel/2026/9259954584.jpg	9259954584.jpg	9259954584	yes	200	https://www.flickr.com/photos/treebeard/9259954584/	https://live.staticflickr.com/3803/9259954584_324fe8d5cf_b.jpg	https://live.staticflickr.com/3803/9259954584_324fe8d5cf_q.jpg	Feathery seed plumes of native Mountain Mahogany (Cercocarpus betuloides, Rosaceae)	Treebeard	All Rights Reserved	138	
9475	212ca818-8cdd-4898-ac6d-8cadbde3dbe9	404	https://symbiota.ccber.ucsb.edu/kummel/2026/9263902847.jpg	9263902847.jpg	9263902847	yes	200	https://www.flickr.com/photos/treebeard/9263902847/	https://live.staticflickr.com/7323/9263902847_33fde73ca3_c.jpg	https://live.staticflickr.com/7323/9263902847_33fde73ca3_q.jpg	Tiny nymph of an Assassin Bug (Reduviidae, Hemiptera) with an ant for prey	Treebeard	All Rights Reserved	130	
9476	42fdf68a-2b6c-4758-b167-d5ac49612c69	404	https://symbiota.ccber.ucsb.edu/kummel/2026/9263944691.jpg	9263944691.jpg	9263944691	yes	200	https://www.flickr.com/photos/treebeard/9263944691/	https://live.staticflickr.com/2860/9263944691_6d65d1e309_c.jpg	https://live.staticflickr.com/2860/9263944691_6d65d1e309_q.jpg	Humpbacked fly (Diptera) - maybe a Bee Fly (Bombyliidae) -  on Golden Yarrow (Eriophyllum confertflorum, Asteraceae)	Treebeard	All Rights Reserved	126	
9477	dfad25df-1a9c-4101-bc49-c5b378dadf60	404	https://symbiota.ccber.ucsb.edu/kummel/2026/9264264953.jpg	9264264953.jpg	9264264953	yes	200	https://www.flickr.com/photos/treebeard/9264264953/	https://live.staticflickr.com/5520/9264264953_a756dec6c2_b.jpg	https://live.staticflickr.com/5520/9264264953_a756dec6c2_q.jpg	Long-Horned Grasshopper (Ensifera, Orthoptera) - probably a California Angle-winged Katydid (Microcentrum californicum, Tettigoniidae)	Treebeard	All Rights Reserved	113	
9478	ad2856c8-af2e-4e8d-a262-99a9435e3d09	404	https://symbiota.ccber.ucsb.edu/kummel/2026/9266401296.jpg	9266401296.jpg	9266401296	yes	200	https://www.flickr.com/photos/treebeard/9266401296/	https://live.staticflickr.com/3831/9266401296_c3f07e22ae_b.jpg	https://live.staticflickr.com/3831/9266401296_c3f07e22ae_q.jpg	New flowers of native California Fuschia (Epilobium canum aka Zauschneria californica, Onagraceae)	Treebeard	All Rights Reserved	114	
9479	4ea69555-0112-4492-bf7d-8b1f25afc8fb	404	https://symbiota.ccber.ucsb.edu/kummel/2026/9266458576.jpg	9266458576.jpg	9266458576	yes	200	https://www.flickr.com/photos/treebeard/9266458576/	https://live.staticflickr.com/5495/9266458576_3f94433210_b.jpg	https://live.staticflickr.com/5495/9266458576_3f94433210_q.jpg	Flesh Fly (Sarcophagidae, Diptera) on Poison Oak (Toxicodendron diversilobum, Anacardiaceae)	Treebeard	All Rights Reserved	114	
9480	c6b9a0dc-0e05-4893-9c74-1b8bd2c83051	404	https://symbiota.ccber.ucsb.edu/kummel/2026/9266526486.jpg	9266526486.jpg	9266526486	yes	200	https://www.flickr.com/photos/treebeard/9266526486/	https://live.staticflickr.com/3672/9266526486_85c638520f_c.jpg	https://live.staticflickr.com/3672/9266526486_85c638520f_q.jpg	Green Lynx Spider (Peucetia viridans, Oxyopidae) - and its shadow!	Treebeard	All Rights Reserved	129	
9481	79b8eddd-f548-48ec-b2ba-7a47d6640612	404	https://symbiota.ccber.ucsb.edu/kummel/2026/9266588412.jpg	9266588412.jpg	9266588412	yes	200	https://www.flickr.com/photos/treebeard/9266588412/	https://live.staticflickr.com/7388/9266588412_20896b3136_c.jpg	https://live.staticflickr.com/7388/9266588412_20896b3136_q.jpg	Spent chrysalis of a Variable Checkerspot (Euphydryas chalcedona) butterfly on Coyote Bush (Baccharis pilularis, Asteraceae)	Treebeard	All Rights Reserved	129	
9482	ad0a9510-edd2-423e-a716-e1773a0503fe	404	https://symbiota.ccber.ucsb.edu/kummel/2026/9266864880.jpg	9266864880.jpg	9266864880	yes	200	https://www.flickr.com/photos/treebeard/9266864880/	https://live.staticflickr.com/2851/9266864880_66115a9937_c.jpg	https://live.staticflickr.com/2851/9266864880_66115a9937_q.jpg	Snakefly (Agulla, Raphidiidae, Neuroptera or Raphidioptera) on Nuttall's Snowberry (Symphoricarpos mollis, Caprifoliaceae)	Treebeard	All Rights Reserved	135	
9483	514e111b-3247-4966-b41d-1f8e47033758	404	https://symbiota.ccber.ucsb.edu/kummel/2026/9270948311.jpg	9270948311.jpg	9270948311	yes	200	https://www.flickr.com/photos/treebeard/9270948311/	https://live.staticflickr.com/3749/9270948311_14616d3407_b.jpg	https://live.staticflickr.com/3749/9270948311_14616d3407_q.jpg	Gall of a Beaked Twig Gall Wasp (Disholcaspis plumbella, Cynipidae, Hymenoptera) on Scrub Oak (Quercus berberidifolia, Fagaceae)	Treebeard	All Rights Reserved	134	
9484	3a289acc-bdd7-4592-9c3c-0f48d17294d7	404	https://symbiota.ccber.ucsb.edu/kummel/2026/9271087471.jpg	9271087471.jpg	9271087471	yes	200	https://www.flickr.com/photos/treebeard/9271087471/	https://live.staticflickr.com/7310/9271087471_02180a0c0b_b.jpg	https://live.staticflickr.com/7310/9271087471_02180a0c0b_q.jpg	Ants (Formicidae, Hymenoptera) protecting new galls of the Clasping Twig Gall Wasp (Disholcaspis prehensa, Cynipidae, Hymenoptera) on Scrub Oak (Quercus berberidifolia, Fagaceae)	Treebeard	All Rights Reserved	111	
9485	6b2296ef-259b-4fbe-ab8c-84f8ef1d04ce	404	https://symbiota.ccber.ucsb.edu/kummel/2026/9271137045.jpg	9271137045.jpg	9271137045	yes	200	https://www.flickr.com/photos/treebeard/9271137045/	https://live.staticflickr.com/7412/9271137045_efcfc9ebc8_b.jpg	https://live.staticflickr.com/7412/9271137045_efcfc9ebc8_q.jpg	Robber Fly (Asilidae, Diptera) sprawled across a leaf of Scrub Oak (Quercus berberidifolia, Fagaceae)	Treebeard	All Rights Reserved	120	
9486	2aae63cd-4f1b-42ff-8c54-5b8dab625f32	404	https://symbiota.ccber.ucsb.edu/kummel/2026/9271220209.jpg	9271220209.jpg	9271220209	yes	200	https://www.flickr.com/photos/treebeard/9271220209/	https://live.staticflickr.com/5461/9271220209_7e4a835b5d_b.jpg	https://live.staticflickr.com/5461/9271220209_7e4a835b5d_q.jpg	Beautiful female Tailed Copper aka Arota Copper (Lycaena arota) butterfly on Scrub Oak (Quercus berberidifolia, Fagaceae)	Treebeard	All Rights Reserved	130	
9487	6f0cadbb-a1d6-4afe-ad95-384ab44abfa8	404	https://symbiota.ccber.ucsb.edu/kummel/2026/9273583226.jpg	9273583226.jpg	9273583226	yes	200	https://www.flickr.com/photos/treebeard/9273583226/	https://live.staticflickr.com/3684/9273583226_1fb6b98c0a_c.jpg	https://live.staticflickr.com/3684/9273583226_1fb6b98c0a_q.jpg	Gall of the Saucer Gall Wasp (Andricus gigas, Cynipidae, Hymenoptera) on Scrub Oak (Quercus berberidifolia, Fagaceae)	Treebeard	All Rights Reserved	142	
9488	b6f5d3fa-072a-473b-8b99-23ed0cca1c1e	404	https://symbiota.ccber.ucsb.edu/kummel/2026/9273633040.jpg	9273633040.jpg	9273633040	yes	200	https://www.flickr.com/photos/treebeard/9273633040/	https://live.staticflickr.com/5327/9273633040_f66069b81c_c.jpg	https://live.staticflickr.com/5327/9273633040_f66069b81c_q.jpg	Odd solitary Crystalline Gall Wasp (Andricus crystallinus, Cynipidae, Hymenoptera) on Scrub Oak (Quercus berberidifolia, Fagaceae)	Treebeard	All Rights Reserved	125	
9489	4568050f-72a0-43e6-b91f-cc802397d89e	404	https://symbiota.ccber.ucsb.edu/kummel/2026/9273700550.jpg	9273700550.jpg	9273700550	yes	200	https://www.flickr.com/photos/treebeard/9273700550/	https://live.staticflickr.com/2856/9273700550_9930bfec32_c.jpg	https://live.staticflickr.com/2856/9273700550_9930bfec32_q.jpg	Perfect new gall of the Spined Turban Gall Wasp (Antron douglasii, Cynipidae, Hymenoptera) on Scrub Oak (Quercus berberidifolia, Fagaceae)	Treebeard	All Rights Reserved	131	
9490	78b83531-80a6-47b4-baa5-efe1ca00b37f	404	https://symbiota.ccber.ucsb.edu/kummel/2026/9274066596.jpg	9274066596.jpg	9274066596	yes	200	https://www.flickr.com/photos/treebeard/9274066596/	https://live.staticflickr.com/7330/9274066596_732cd6ae63_b.jpg	https://live.staticflickr.com/7330/9274066596_732cd6ae63_q.jpg	Great Basin Wood-Nymph (Cercyonis sthenele) butterfly on Scrub Oak (Quercus berberidifolia, Fagaceae)	Treebeard	All Rights Reserved	124	
9491	3a7e6172-37ff-4be2-a9e1-24a24c5993b5	404	https://symbiota.ccber.ucsb.edu/kummel/2026/9278316455.jpg	9278316455.jpg	9278316455	yes	200	https://www.flickr.com/photos/treebeard/9278316455/	https://live.staticflickr.com/5510/9278316455_b38640b2d8_b.jpg	https://live.staticflickr.com/5510/9278316455_b38640b2d8_q.jpg	Non-native Cabbage White (Pieris rapae) butterfly working flowers of Cat Mint (Nepeta cataria, Lamiaceae)	Treebeard	All Rights Reserved	119	
9492	157793b2-9eee-469e-b932-60f90b9052fc	404	https://symbiota.ccber.ucsb.edu/kummel/2026/9278407095.jpg	9278407095.jpg	9278407095	yes	200	https://www.flickr.com/photos/treebeard/9278407095/	https://live.staticflickr.com/2858/9278407095_a16163d1ba_c.jpg	https://live.staticflickr.com/2858/9278407095_a16163d1ba_q.jpg	New summer flower of native Small Wirelettuce (Stephanomeria exigua, Asteraceae)	Treebeard	All Rights Reserved	146	
9493	93f3bdd4-f899-4e89-8335-33e2a3a3686a	404	https://symbiota.ccber.ucsb.edu/kummel/2026/9278487781.jpg	9278487781.jpg	9278487781	yes	200	https://www.flickr.com/photos/treebeard/9278487781/	https://live.staticflickr.com/5343/9278487781_010101e1c6_b.jpg	https://live.staticflickr.com/5343/9278487781_010101e1c6_q.jpg	Long-Horned Grasshopper (Ensifera, Orthoptera) - probably a California Angle-winged Katydid (Microcentrum californicum, Tettigoniidae)	Treebeard	All Rights Reserved	149	
9494	317e02a3-5482-4778-82fd-fbd66d726e59	404	https://symbiota.ccber.ucsb.edu/kummel/2026/9278734961.jpg	9278734961.jpg	9278734961	yes	200	https://www.flickr.com/photos/treebeard/9278734961/	https://live.staticflickr.com/2813/9278734961_df16852e54_b.jpg	https://live.staticflickr.com/2813/9278734961_df16852e54_q.jpg	Unusual male Mealybug (Pseudococcidae, Homoptera) on my finger	Treebeard	All Rights Reserved	149	
9495	c0aca2c3-deb6-4489-8d27-204188ccd37c	404	https://symbiota.ccber.ucsb.edu/kummel/2026/9280981322.jpg	9280981322.jpg	9280981322	yes	200	https://www.flickr.com/photos/treebeard/9280981322/	https://live.staticflickr.com/7291/9280981322_0d0c7d219f_b.jpg	https://live.staticflickr.com/7291/9280981322_0d0c7d219f_q.jpg	Great Basin Wood-Nymph (Cercyonis sthenele) butterfly perched on Scrub Oak (Quercus berberidifolia, Fagaceae)	Treebeard	All Rights Reserved	126	
9496	374739ac-512e-4e1f-990b-244229f2ab32	404	https://symbiota.ccber.ucsb.edu/kummel/2026/9281135992.jpg	9281135992.jpg	9281135992	yes	200	https://www.flickr.com/photos/treebeard/9281135992/	https://live.staticflickr.com/7314/9281135992_1e66cb9e39_b.jpg	https://live.staticflickr.com/7314/9281135992_1e66cb9e39_q.jpg	Weed's Mariposa Lily aka Late-flowered Mariposa Lily (Calochortus weedii var. vestus aka Calochortus fimbriata, Liliaceae) in our canyon	Treebeard	All Rights Reserved	142	
9497	30a85909-8a0e-42f7-9689-81e9480dfd74	404	https://symbiota.ccber.ucsb.edu/kummel/2026/9281325778.jpg	9281325778.jpg	9281325778	yes	200	https://www.flickr.com/photos/treebeard/9281325778/	https://live.staticflickr.com/3672/9281325778_8e231a902f_b.jpg	https://live.staticflickr.com/3672/9281325778_8e231a902f_q.jpg	Tiny nymph of a Tree Cricket (Oecanthus, Gryllidae, Orthoptera)	Treebeard	All Rights Reserved	116	
9498	f32aa76b-5752-4d60-9d48-71ee7ae87908	404	https://symbiota.ccber.ucsb.edu/kummel/2026/9281387672.jpg	9281387672.jpg	9281387672	yes	200	https://www.flickr.com/photos/treebeard/9281387672/	https://live.staticflickr.com/3823/9281387672_2b00394819_c.jpg	https://live.staticflickr.com/3823/9281387672_2b00394819_q.jpg	Flesh Fly (Sarcophagidae, Diptera) on the carcass of a Crane Fly (Tipulidae, Diptera)	Treebeard	All Rights Reserved	130	
9499	38b08c77-ab73-4783-8221-e968a9e616c1	404	https://symbiota.ccber.ucsb.edu/kummel/2026/9286523901.jpg	9286523901.jpg	9286523901	yes	200	https://www.flickr.com/photos/treebeard/9286523901/	https://live.staticflickr.com/7439/9286523901_72de37a868_b.jpg	https://live.staticflickr.com/7439/9286523901_72de37a868_q.jpg	Unusual male Mealybug (Pseudococcidae, Homoptera) on my left hand	Treebeard	All Rights Reserved	139	
9500	0876bf73-0836-4dc1-b7a4-2d147cda00a3	404	https://symbiota.ccber.ucsb.edu/kummel/2026/9286632025.jpg	9286632025.jpg	9286632025	yes	200	https://www.flickr.com/photos/treebeard/9286632025/	https://live.staticflickr.com/5471/9286632025_4e3c51bd0d_c.jpg	https://live.staticflickr.com/5471/9286632025_4e3c51bd0d_q.jpg	Weed's Mariposa Lily aka Late-flowered Mariposa Lily (Calochortus weedii var. vestus aka Calochortus fimbriata, Liliaceae)	Treebeard	All Rights Reserved	147	
9501	3228220e-3222-4073-9d75-9637712f1ae8	404	https://symbiota.ccber.ucsb.edu/kummel/2026/9286758139.jpg	9286758139.jpg	9286758139	yes	200	https://www.flickr.com/photos/treebeard/9286758139/	https://live.staticflickr.com/5477/9286758139_2e6dd3a388_c.jpg	https://live.staticflickr.com/5477/9286758139_2e6dd3a388_q.jpg	Green Lynx Spider (Peucetia viridans, Oxyopidae) with spider prey under a flower of Green Everlasting (Gnaphalium californicum, Asteraceae)	Treebeard	All Rights Reserved	152	
9502	4ad2df19-e204-45b4-b455-d3b33c115fb1	404	https://symbiota.ccber.ucsb.edu/kummel/2026/9286841395.jpg	9286841395.jpg	9286841395	yes	200	https://www.flickr.com/photos/treebeard/9286841395/	https://live.staticflickr.com/3808/9286841395_fa1c97aef8_b.jpg	https://live.staticflickr.com/3808/9286841395_fa1c97aef8_q.jpg	Nymph of a Bush Katydid (Scudderia, Tettigoniidae, Orthoptera) on California Buckwheat (Eriogonum fasciculatum, Polygonaceae)	Treebeard	All Rights Reserved	139	
9503	c663414d-d72c-4848-8019-7d986b0efc85	404	https://symbiota.ccber.ucsb.edu/kummel/2026/9289371594.jpg	9289371594.jpg	9289371594	yes	200	https://www.flickr.com/photos/treebeard/9289371594/	https://live.staticflickr.com/2872/9289371594_89614b0316_b.jpg	https://live.staticflickr.com/2872/9289371594_89614b0316_q.jpg	Elegant seed pod of native Fairy Lantern (Calochortus albus, Liliaceae)	Treebeard	All Rights Reserved	131	
9504	3d193fbc-ac10-42da-a15e-d20062bd9efb	404	https://symbiota.ccber.ucsb.edu/kummel/2026/9289448014.jpg	9289448014.jpg	9289448014	yes	200	https://www.flickr.com/photos/treebeard/9289448014/	https://live.staticflickr.com/2892/9289448014_894afb1623_b.jpg	https://live.staticflickr.com/2892/9289448014_894afb1623_q.jpg	Sheetweb Spider (Linyphiidae) with small Leafhopper (Cicadellidae, Homoptera) for prey	Treebeard	All Rights Reserved	116	
9505	d45f3ea3-22c2-4b50-9948-dd3932cfa7b9	404	https://symbiota.ccber.ucsb.edu/kummel/2026/9294656535.jpg	9294656535.jpg	9294656535	yes	200	https://www.flickr.com/photos/treebeard/9294656535/	https://live.staticflickr.com/2838/9294656535_68be6f05c7_b.jpg	https://live.staticflickr.com/2838/9294656535_68be6f05c7_q.jpg	Galls of the Crystalline Gall Wasp (Andricus crystallinus, Cynipidae, Hymenoptera on Scrub Oak (Quercus berberidifolia, Fagaceae) - with an acorn	Treebeard	All Rights Reserved	116	
9506	73a03cec-dca2-48e5-8148-29959034ccaa	404	https://symbiota.ccber.ucsb.edu/kummel/2026/9294957779.jpg	9294957779.jpg	9294957779	yes	200	https://www.flickr.com/photos/treebeard/9294957779/	https://live.staticflickr.com/3717/9294957779_57fa008ca6_b.jpg	https://live.staticflickr.com/3717/9294957779_57fa008ca6_q.jpg	Long-Horned Grasshopper (Ensifera, Orthoptera) - maybe a Bush Katydid (genus Scudderia)?	Treebeard	All Rights Reserved	144	
9507	ab38f1bd-8916-455f-af91-1e8e5a289860	404	https://symbiota.ccber.ucsb.edu/kummel/2026/9295050285.jpg	9295050285.jpg	9295050285	yes	200	https://www.flickr.com/photos/treebeard/9295050285/	https://live.staticflickr.com/7307/9295050285_cd9f410a09_b.jpg	https://live.staticflickr.com/7307/9295050285_cd9f410a09_q.jpg	Flesh Fly (Sarcophagidae, Diptera) on Nuttall's Snowberry (Symphoricarpos mollis, Caprifoliaceae)	Treebeard	All Rights Reserved	141	
9508	6790c6a6-9dff-4e8c-922a-0e13e8728f0d	404	https://symbiota.ccber.ucsb.edu/kummel/2026/9297376300.jpg	9297376300.jpg	9297376300	yes	200	https://www.flickr.com/photos/treebeard/9297376300/	https://live.staticflickr.com/5451/9297376300_821097eed2_c.jpg	https://live.staticflickr.com/5451/9297376300_821097eed2_q.jpg	"New late-season ""flower"" of uncommon Rough-leaved Aster (Aster radulinus, Asteraceae) - mostly ""cleistogamous"", flowering without opening"	Treebeard	All Rights Reserved	132	
9509	cfefbf52-e8ad-4985-94fa-eddc65cf3d6a	404	https://symbiota.ccber.ucsb.edu/kummel/2026/9297619564.jpg	9297619564.jpg	9297619564	yes	200	https://www.flickr.com/photos/treebeard/9297619564/	https://live.staticflickr.com/3714/9297619564_633ed24a33_b.jpg	https://live.staticflickr.com/3714/9297619564_633ed24a33_q.jpg	"Labyrinth Spider (Metepeira, Araneidae) with ""house"" made of dead bodies of its prey, in California Buckwheat (Eriogonum fasciculatum, Polygonaceae)"	Treebeard	All Rights Reserved	130	
9510	a4b607e9-8dc0-44f5-b554-f685b7171327	404	https://symbiota.ccber.ucsb.edu/kummel/2026/9297765236.jpg	9297765236.jpg	9297765236	yes	200	https://www.flickr.com/photos/treebeard/9297765236/	https://live.staticflickr.com/3785/9297765236_b555abcb92_c.jpg	https://live.staticflickr.com/3785/9297765236_b555abcb92_q.jpg	Pacific Ambush Bug (Phymata pacifica, Phymatidae, Hemiptera) on last flowers of Coyote Mint (Monardella hypoleuca, Lamiaceae)	Treebeard	All Rights Reserved	119	
9511	8702c5c4-996d-4e96-9dff-d6d922cb2720	404	https://symbiota.ccber.ucsb.edu/kummel/2026/9297939714.jpg	9297939714.jpg	9297939714	yes	200	https://www.flickr.com/photos/treebeard/9297939714/	https://live.staticflickr.com/7364/9297939714_1f8514be0d_b.jpg	https://live.staticflickr.com/7364/9297939714_1f8514be0d_q.jpg	Different little Robber Fly (Asilidae, Diptera) on California Buckwheat (Eriogonum fasciculatum, Polygonaceae)	Treebeard	All Rights Reserved	125	
9512	61965d6c-ce7c-4f76-93fa-c6ce6129d8a6	404	https://symbiota.ccber.ucsb.edu/kummel/2026/9298014766.jpg	9298014766.jpg	9298014766	yes	200	https://www.flickr.com/photos/treebeard/9298014766/	https://live.staticflickr.com/3704/9298014766_8aefa7cf00_c.jpg	https://live.staticflickr.com/3704/9298014766_8aefa7cf00_q.jpg	Common Buckeye (Junonia coenia) butterfly on California Buckwheat (Eriogonum fasciculatum, Polygonaceae)	Treebeard	All Rights Reserved	132	
9513	3d2b9b25-4225-4f51-b226-e0bf51fa0092	404	https://symbiota.ccber.ucsb.edu/kummel/2026/9302285479.jpg	9302285479.jpg	9302285479	yes	200	https://www.flickr.com/photos/treebeard/9302285479/	https://live.staticflickr.com/7381/9302285479_13d69a3782_c.jpg	https://live.staticflickr.com/7381/9302285479_13d69a3782_q.jpg	Ant-like Black Scavenger Fly or Ensign Fly (Sepsis, Sepsidae, Diptera) on Nuttall's Snowberry (Symphoricarpos mollis, Caprifoliaceae)	Treebeard	All Rights Reserved	147	
9514	4d93a1c8-2a88-48d3-9338-b9158fcdabf8	404	https://symbiota.ccber.ucsb.edu/kummel/2026/9304712350.jpg	9304712350.jpg	9304712350	yes	200	https://www.flickr.com/photos/treebeard/9304712350/	https://live.staticflickr.com/3714/9304712350_0ae9c1e972_c.jpg	https://live.staticflickr.com/3714/9304712350_0ae9c1e972_q.jpg	Another native Speckled Clarkia (Clarkia cylindrica, Onagraceae) without the speckles - still flowering in mid-summer!	Treebeard	All Rights Reserved	148	
9515	b5db03f8-ac9e-484a-84bb-4c6770e8985d	404	https://symbiota.ccber.ucsb.edu/kummel/2026/9304764278.jpg	9304764278.jpg	9304764278	yes	200	https://www.flickr.com/photos/treebeard/9304764278/	https://live.staticflickr.com/3797/9304764278_daa1587796_c.jpg	https://live.staticflickr.com/3797/9304764278_daa1587796_q.jpg	New mid-summer flowers of Sticky False Gilyflower (Allophyllum glutinosum, Polemoniaceae)	Treebeard	All Rights Reserved	147	
9516	c4d6e11f-cac9-402f-b5a4-fca93169723a	404	https://symbiota.ccber.ucsb.edu/kummel/2026/9304845326.jpg	9304845326.jpg	9304845326	yes	200	https://www.flickr.com/photos/treebeard/9304845326/	https://live.staticflickr.com/5343/9304845326_3ff636fc64_c.jpg	https://live.staticflickr.com/5343/9304845326_3ff636fc64_q.jpg	Climbing Penstemon (Keckiella cordifolia, Scrophulariaceae or Plantaginaceae) shrouded by web-spinning caterpillars of Variable Checkerspot (Euphydryas chalcedona) butterflies	Treebeard	All Rights Reserved	119	
9517	74fb3f49-a955-4028-b3da-3d73a1042938	404	https://symbiota.ccber.ucsb.edu/kummel/2026/9304928538.jpg	9304928538.jpg	9304928538	yes	200	https://www.flickr.com/photos/treebeard/9304928538/	https://live.staticflickr.com/5466/9304928538_b47ce91a63_c.jpg	https://live.staticflickr.com/5466/9304928538_b47ce91a63_q.jpg	New caterpillars of Variable Checkerspot (Euphydryas chalcedona) butterflies munching seed heads of Climbing Penstemon (Keckiella cordifolia, Scrophulariaceae or Plantaginaceae)	Treebeard	All Rights Reserved	121	
9518	eb494cd5-ea27-4d56-a173-231c5d92a408	404	https://symbiota.ccber.ucsb.edu/kummel/2026/9304996236.jpg	9304996236.jpg	9304996236	yes	200	https://www.flickr.com/photos/treebeard/9304996236/	https://live.staticflickr.com/5500/9304996236_6498afae70_b.jpg	https://live.staticflickr.com/5500/9304996236_6498afae70_q.jpg	Handsome little Damselfly (Zygoptera, Odonata) on Coyote Bush (Baccharis pilularis, Asteraceae)	Treebeard	All Rights Reserved	117	
9519	71f3a8c1-f8dd-4755-a5ee-fa4babb438cc	404	https://symbiota.ccber.ucsb.edu/kummel/2026/9305308804.jpg	9305308804.jpg	9305308804	yes	200	https://www.flickr.com/photos/treebeard/9305308804/	https://live.staticflickr.com/3772/9305308804_72f73a4215_b.jpg	https://live.staticflickr.com/3772/9305308804_72f73a4215_q.jpg	Tiny nymph of a Tree Cricket (Oecanthus, Gryllidae, Orthoptera) trying to hide on Wild Blackberry (Rubus ursinus, Rosaceae)	Treebeard	All Rights Reserved	120	
9520	87cdca16-c34d-43e3-a291-773038738370	404	https://symbiota.ccber.ucsb.edu/kummel/2026/9305418326.jpg	9305418326.jpg	9305418326	yes	200	https://www.flickr.com/photos/treebeard/9305418326/	https://live.staticflickr.com/5322/9305418326_7328880190_b.jpg	https://live.staticflickr.com/5322/9305418326_7328880190_q.jpg	Remarkably thin Stilt Bug (Berytidae, Hemiptera) on Wild Blackberry (Rubus ursinus, Rosaceae)	Treebeard	All Rights Reserved	126	
9521	acbc0d2d-a6b1-4ab5-bc7e-f384c74cebc7	404	https://symbiota.ccber.ucsb.edu/kummel/2026/9309118215.jpg	9309118215.jpg	9309118215	yes	200	https://www.flickr.com/photos/treebeard/9309118215/	https://live.staticflickr.com/3777/9309118215_4667abd648_b.jpg	https://live.staticflickr.com/3777/9309118215_4667abd648_q.jpg	Unripe fruit of native Holly-leaved Cherry aka Islay (Prunus ilicifolia, Rosaceae)	Treebeard	All Rights Reserved	135	
9522	b144e91f-2f88-4ea0-bb51-a083fd06951d	404	https://symbiota.ccber.ucsb.edu/kummel/2026/9309188287.jpg	9309188287.jpg	9309188287	yes	200	https://www.flickr.com/photos/treebeard/9309188287/	https://live.staticflickr.com/3744/9309188287_0702cbdd29_c.jpg	https://live.staticflickr.com/3744/9309188287_0702cbdd29_q.jpg	Rather thin Green Lynx Spider (Peucetia viridans, Oxyopidae) on California Buckwheat (Eriogonum fasciculatum, Polygonaceae)	Treebeard	All Rights Reserved	115	
9523	d58c00cc-243a-48d5-a559-e553f03e4619	404	https://symbiota.ccber.ucsb.edu/kummel/2026/9309255259.jpg	9309255259.jpg	9309255259	yes	200	https://www.flickr.com/photos/treebeard/9309255259/	https://live.staticflickr.com/2829/9309255259_58cf127e33_b.jpg	https://live.staticflickr.com/2829/9309255259_58cf127e33_q.jpg	"Interesting ""true bug"" (Hemiptera) on new summer flowers of native California Buckwheat (Eriogonum fasciculatum, Polygonaceae)"	Treebeard	All Rights Reserved	115	
9524	afb8d101-dcfd-428a-9fa8-1894ad73c4f7	404	https://symbiota.ccber.ucsb.edu/kummel/2026/9309338441.jpg	9309338441.jpg	9309338441	yes	200	https://www.flickr.com/photos/treebeard/9309338441/	https://live.staticflickr.com/7405/9309338441_46d8f6504e_c.jpg	https://live.staticflickr.com/7405/9309338441_46d8f6504e_q.jpg	Small but gorgeous Long-legged Fly (Dolichopodidae, Diptera) on Wild Blackberry (Rubus ursinus, Rosaceae)	Treebeard	All Rights Reserved	118	
9525	b2eca94c-f929-4681-b291-17e1539a2ba5	404	https://symbiota.ccber.ucsb.edu/kummel/2026/9309366465.jpg	9309366465.jpg	9309366465	yes	200	https://www.flickr.com/photos/treebeard/9309366465/	https://live.staticflickr.com/7422/9309366465_a44dd38b18_c.jpg	https://live.staticflickr.com/7422/9309366465_a44dd38b18_q.jpg	Ant-like Black Scavenger Fly or Ensign Fly (Sepsis, Sepsidae, Diptera) on Wild Blackberry (Rubus ursinus, Rosaceae)	Treebeard	All Rights Reserved	115	
9526	eb5e1f80-64d0-4404-b8b4-ebefc1d5d33d	404	https://symbiota.ccber.ucsb.edu/kummel/2026/9311936476.jpg	9311936476.jpg	9311936476	yes	200	https://www.flickr.com/photos/treebeard/9311936476/	https://live.staticflickr.com/2855/9311936476_f5d17d7c02_b.jpg	https://live.staticflickr.com/2855/9311936476_f5d17d7c02_q.jpg	Pom-pom-like seed heads of Chaparral Clematis (Clematis lasiantha, Ranunculaceae)	Treebeard	All Rights Reserved	115	
9527	5e5b6167-8486-40a6-b799-3f08bf4c2c53	404	https://symbiota.ccber.ucsb.edu/kummel/2026/9315512789.jpg	9315512789.jpg	9315512789	yes	200	https://www.flickr.com/photos/treebeard/9315512789/	https://live.staticflickr.com/2868/9315512789_27a03fdaf4_b.jpg	https://live.staticflickr.com/2868/9315512789_27a03fdaf4_q.jpg	Katydid (Tettigoniidae, Ensifera, Orthoptera) - maybe a Bush Katydid (genus Scudderia)?	Treebeard	All Rights Reserved	117	
9528	88cee92a-a532-4d75-acd6-b7d389cbbbfb	404	https://symbiota.ccber.ucsb.edu/kummel/2026/9315778446.jpg	9315778446.jpg	9315778446	yes	200	https://www.flickr.com/photos/treebeard/9315778446/	https://live.staticflickr.com/7368/9315778446_f8c576b720_b.jpg	https://live.staticflickr.com/7368/9315778446_f8c576b720_q.jpg	Small but wonderful Robber Fly (Asilidae, Diptera) on Scrub Oak (Quercus berberidifolia, Fagaceae)	Treebeard	All Rights Reserved	115	
9529	44d215dd-6f4c-47f7-9497-6a58850a9f98	404	https://symbiota.ccber.ucsb.edu/kummel/2026/9315857264.jpg	9315857264.jpg	9315857264	yes	200	https://www.flickr.com/photos/treebeard/9315857264/	https://live.staticflickr.com/7350/9315857264_babdab2d52_b.jpg	https://live.staticflickr.com/7350/9315857264_babdab2d52_q.jpg	Great Basin Wood-Nymph (Cercyonis sthenele) butterfly on native Coyote Bush (Baccharis pilularis, Asteraceae)	Treebeard	All Rights Reserved	113	
9530	df1ade7c-2e9d-4614-97d5-bdcdffc4c2d7	404	https://symbiota.ccber.ucsb.edu/kummel/2026/9315867829.jpg	9315867829.jpg	9315867829	yes	200	https://www.flickr.com/photos/treebeard/9315867829/	https://live.staticflickr.com/3712/9315867829_ce3e2e9b70_c.jpg	https://live.staticflickr.com/3712/9315867829_ce3e2e9b70_q.jpg	Tiny Jumping Spider (Salticidae) with a tiny fly (Diptera) on California Buckwheat (Eriogonum fasciculatum, Polygonaceae)	Treebeard	All Rights Reserved	128	
9531	a6216c97-db6a-4992-b357-2653c477ee1c	404	https://symbiota.ccber.ucsb.edu/kummel/2026/9318256494.jpg	9318256494.jpg	9318256494	yes	200	https://www.flickr.com/photos/treebeard/9318256494/	https://live.staticflickr.com/5511/9318256494_43202c6e08_b.jpg	https://live.staticflickr.com/5511/9318256494_43202c6e08_q.jpg	Nymph of a Tree Cricket (Oecanthus, Gryllidae, Orthoptera) on Green Everlasting (Gnaphalium californicum, Asteraceae)	Treebeard	All Rights Reserved	122	
9532	f1a3a3b1-9393-4e5a-933e-98eba85fc0f6	404	https://symbiota.ccber.ucsb.edu/kummel/2026/9318459428.jpg	9318459428.jpg	9318459428	yes	200	https://www.flickr.com/photos/treebeard/9318459428/	https://live.staticflickr.com/7392/9318459428_c8810a6509_b.jpg	https://live.staticflickr.com/7392/9318459428_c8810a6509_q.jpg	Western Paper Wasp (Mischocyttarus flavitarsis, Vespidae, Hymenoptera) on Wild Blackberry (Rubus ursinus, Rosaceae) - next to a bird splat!	Treebeard	All Rights Reserved	117	
9533	ec55b8c7-3ea2-4831-bf5e-cb34acbc36e1	404	https://symbiota.ccber.ucsb.edu/kummel/2026/9318507766.jpg	9318507766.jpg	9318507766	yes	200	https://www.flickr.com/photos/treebeard/9318507766/	https://live.staticflickr.com/2843/9318507766_86a46243d9_b.jpg	https://live.staticflickr.com/2843/9318507766_86a46243d9_q.jpg	"Small ""looper"" type caterpillar (Lepidoptera) on new flowers of native California Buckwheat (Eriogonum fasciculatum, Polygonaceae)"	Treebeard	All Rights Reserved	127	
9534	66ef153e-f159-44fe-ae62-b682f0acac01	404	https://symbiota.ccber.ucsb.edu/kummel/2026/9318590810.jpg	9318590810.jpg	9318590810	yes	200	https://www.flickr.com/photos/treebeard/9318590810/	https://live.staticflickr.com/3738/9318590810_f6ca6f16ba_c.jpg	https://live.staticflickr.com/3738/9318590810_f6ca6f16ba_q.jpg	Pacific Ambush Bug (Phymata pacifica, Phymatidae, Hemiptera) on California Buckwheat (Eriogonum fasciculatum, Polygonaceae)	Treebeard	All Rights Reserved	118	
9535	4411ef79-fda2-41b2-baeb-da566d7d2176	404	https://symbiota.ccber.ucsb.edu/kummel/2026/9318702922.jpg	9318702922.jpg	9318702922	yes	200	https://www.flickr.com/photos/treebeard/9318702922/	https://live.staticflickr.com/7336/9318702922_3f397c9bbd_c.jpg	https://live.staticflickr.com/7336/9318702922_3f397c9bbd_q.jpg	Tiny gold-flecked Bee Fly (Bombyliidae, Diptera) on California Buckwheat (Eriogonum fasciculatum, Polygonaceae) - maybe Toxophorinae?	Treebeard	All Rights Reserved	120	
9536	0deba66f-9cd6-46d2-9443-4b3537194467	404	https://symbiota.ccber.ucsb.edu/kummel/2026/9318804860.jpg	9318804860.jpg	9318804860	yes	200	https://www.flickr.com/photos/treebeard/9318804860/	https://live.staticflickr.com/2840/9318804860_dd9f4c2d73_c.jpg	https://live.staticflickr.com/2840/9318804860_dd9f4c2d73_q.jpg	Net-winged Planthopper (Fulgoroidea, Homoptera) - family Issidae, genus Neaethus	Treebeard	All Rights Reserved	134	
9537	0cd54c4d-277d-414a-8bcc-5cac0e9a38ec	404	https://symbiota.ccber.ucsb.edu/kummel/2026/9322637979.jpg	9322637979.jpg	9322637979	yes	200	https://www.flickr.com/photos/treebeard/9322637979/	https://live.staticflickr.com/2832/9322637979_35ab3ee404_b.jpg	https://live.staticflickr.com/2832/9322637979_35ab3ee404_q.jpg	New flowers of California Goldenrod (Solidago californica, Asteraceae) and Longstem Buckwheat (Eriogonum elongatum, Polygonaceae)	Treebeard	All Rights Reserved	131	
9538	19df09e0-6f76-4fe6-a8db-051788e1e6df	404	https://symbiota.ccber.ucsb.edu/kummel/2026/9322807249.jpg	9322807249.jpg	9322807249	yes	200	https://www.flickr.com/photos/treebeard/9322807249/	https://live.staticflickr.com/3667/9322807249_7ebea70c01_b.jpg	https://live.staticflickr.com/3667/9322807249_7ebea70c01_q.jpg	Damselfly (Zygoptera, Odonata) on dead stem of California Buckwheat (Eriogonum fasciculatum, Polygonaceae)	Treebeard	All Rights Reserved	123	
9539	d4257430-848d-4af4-ae1f-0216a5deb80a	404	https://symbiota.ccber.ucsb.edu/kummel/2026/9322845603.jpg	9322845603.jpg	9322845603	yes	200	https://www.flickr.com/photos/treebeard/9322845603/	https://live.staticflickr.com/2853/9322845603_386e60d4fa_c.jpg	https://live.staticflickr.com/2853/9322845603_386e60d4fa_q.jpg	Acmon Blue (Plebejus acmon) butterfly on California Buckwheat (Eriogonum fasciculatum, Polygonaceae) - or is it a Bernardino Blue (Euphilotes bernardino)?	Treebeard	All Rights Reserved	122	
9540	baf9f11f-897c-48d0-b087-8da4b4b93dea	404	https://symbiota.ccber.ucsb.edu/kummel/2026/9322993355.jpg	9322993355.jpg	9322993355	yes	200	https://www.flickr.com/photos/treebeard/9322993355/	https://live.staticflickr.com/7380/9322993355_f71358a627_b.jpg	https://live.staticflickr.com/7380/9322993355_f71358a627_q.jpg	Mating pair of Pacific Ambush Bugs (Phymata pacifica, Phymatidae, Hemiptera) on California Goldenrod (Solidago californica, Asteraceae)	Treebeard	All Rights Reserved	116	
9541	66c08221-96ea-42e8-8e53-ab019134fb7f	404	https://symbiota.ccber.ucsb.edu/kummel/2026/9325305868.jpg	9325305868.jpg	9325305868	yes	200	https://www.flickr.com/photos/treebeard/9325305868/	https://live.staticflickr.com/3826/9325305868_32ef72dd03_c.jpg	https://live.staticflickr.com/3826/9325305868_32ef72dd03_q.jpg	Another photo of net-winged Planthopper (Fulgoroidea, Homoptera) - family Issidae, genus Neaethus	Treebeard	All Rights Reserved	117	
9542	b6151b46-2264-4b4f-9190-e6fd3531cd17	404	https://symbiota.ccber.ucsb.edu/kummel/2026/9325337484.jpg	9325337484.jpg	9325337484	yes	200	https://www.flickr.com/photos/treebeard/9325337484/	https://live.staticflickr.com/3770/9325337484_fd0af9029c_b.jpg	https://live.staticflickr.com/3770/9325337484_fd0af9029c_q.jpg	New summer flowers of the Northern Blue-stemmed Keckiella (Keckiella ternata ssp. septentrionalis, Scrophulariaceae or Plantaginaceae)	Treebeard	All Rights Reserved	141	
9543	da9adc5e-3b45-40e9-b79a-80c6fd8f84a1	404	https://symbiota.ccber.ucsb.edu/kummel/2026/9325525306.jpg	9325525306.jpg	9325525306	yes	200	https://www.flickr.com/photos/treebeard/9325525306/	https://live.staticflickr.com/5334/9325525306_30b4c7b9fd_b.jpg	https://live.staticflickr.com/5334/9325525306_30b4c7b9fd_q.jpg	Late-season flowers of native composite Bush Groundsel (Senecio douglasii, Asteraceae)	Treebeard	All Rights Reserved	151	
9544	e18dde50-024d-49b3-b449-9aa74451e6e9		https://symbiota.ccber.ucsb.edu/kummel/2026/9325556342.jpg	9325556342.jpg	9325556342	yes	200	https://www.flickr.com/photos/treebeard/9325556342/	https://live.staticflickr.com/2832/9325556342_41cd94d621_b.jpg	https://live.staticflickr.com/2832/9325556342_41cd94d621_q.jpg	Megachilid Bee (Megachilidae, Hymenoptera) on native composite Bush Groundsel (Senecio douglasii, Asteraceae)	Treebeard	All Rights Reserved	163	
9545	4759d697-9794-4136-afab-0ee5604dc2a9	404	https://symbiota.ccber.ucsb.edu/kummel/2026/9329074033.jpg	9329074033.jpg	9329074033	yes	200	https://www.flickr.com/photos/treebeard/9329074033/	https://live.staticflickr.com/5518/9329074033_ebe5771d11_b.jpg	https://live.staticflickr.com/5518/9329074033_ebe5771d11_q.jpg	Nymph of a Bush Katydid (Scudderia, Tettigoniidae, Orthoptera) on non-native Butterfly Bush (Buddleja davidii, Scrophulariaceae)	Treebeard	All Rights Reserved	132	
9546	f9dd322b-9ae8-436a-a0e9-aa6ce70450ee	404	https://symbiota.ccber.ucsb.edu/kummel/2026/9329118249.jpg	9329118249.jpg	9329118249	yes	200	https://www.flickr.com/photos/treebeard/9329118249/	https://live.staticflickr.com/7350/9329118249_4d68702731_c.jpg	https://live.staticflickr.com/7350/9329118249_4d68702731_q.jpg	Mournful Duskywing (Erynnis tristis) butterfly working flowers of Cat Mint (Nepeta cataria, Lamiaceae) in the garden	Treebeard	All Rights Reserved	153	
9547	9103a066-50a8-4f7a-beec-eace2999a4e0	404	https://symbiota.ccber.ucsb.edu/kummel/2026/9329187905.jpg	9329187905.jpg	9329187905	yes	200	https://www.flickr.com/photos/treebeard/9329187905/	https://live.staticflickr.com/7429/9329187905_52f0f4ed28_c.jpg	https://live.staticflickr.com/7429/9329187905_52f0f4ed28_q.jpg	"Spider embracing a fly (Diptera) in a ""kiss of death"" on Wild Blackberry (Rubus ursinus, Rosaceae)"	Treebeard	All Rights Reserved	129	
9548	27fce49f-85d3-40d1-85b1-8c9a31a559a9	404	https://symbiota.ccber.ucsb.edu/kummel/2026/9329287301.jpg	9329287301.jpg	9329287301	yes	200	https://www.flickr.com/photos/treebeard/9329287301/	https://live.staticflickr.com/3753/9329287301_cac064dd3a_b.jpg	https://live.staticflickr.com/3753/9329287301_cac064dd3a_q.jpg	Green Lynx Spider (Peucetia viridans, Oxyopidae) with Sweat Bee (Halictidae, Anthophila, Hymenoptera) on Fort Tejon Milk-Aster (Stephanomeria cichoriacea, Asteraceae)	Treebeard	All Rights Reserved	132	
9549	ade8ebb4-bb77-4688-ac4a-1c001f2476c0	404	https://symbiota.ccber.ucsb.edu/kummel/2026/9329437493.jpg	9329437493.jpg	9329437493	yes	200	https://www.flickr.com/photos/treebeard/9329437493/	https://live.staticflickr.com/7414/9329437493_2fb27e5f28_b.jpg	https://live.staticflickr.com/7414/9329437493_2fb27e5f28_q.jpg	Sand Wasp (Steniolia, Bembicini, Apoidea, Hymenoptera) on Fort Tejon Milk-Aster (Stephanomeria cichoriacea, Asteraceae)	Treebeard	All Rights Reserved	123	
9550	afba6cf1-72a2-4e9b-9179-39235084ecd0	404	https://symbiota.ccber.ucsb.edu/kummel/2026/9331738552.jpg	9331738552.jpg	9331738552	yes	200	https://www.flickr.com/photos/treebeard/9331738552/	https://live.staticflickr.com/5471/9331738552_229232e843_b.jpg	https://live.staticflickr.com/5471/9331738552_229232e843_q.jpg	New nuts on native Snowdrop Bush (Styrax redivivus, Styracaceae)	Treebeard	All Rights Reserved	124	
9551	84b020b1-4bae-43f4-bf23-9fe8e6f92f56	404	https://symbiota.ccber.ucsb.edu/kummel/2026/9331784886.jpg	9331784886.jpg	9331784886	yes	200	https://www.flickr.com/photos/treebeard/9331784886/	https://live.staticflickr.com/7430/9331784886_ec29946289_c.jpg	https://live.staticflickr.com/7430/9331784886_ec29946289_q.jpg	Tiny humpbacked Bee Fly (Bombyliidae, Diptera) on Butterfly Bush (Buddleja davidii, Scrophulariaceae) - maybe Toxophorinae?	Treebeard	All Rights Reserved	138	
9552	6ae69fb4-ed25-40d1-ab94-ef70cad54f55	404	https://symbiota.ccber.ucsb.edu/kummel/2026/9332177172.jpg	9332177172.jpg	9332177172	yes	200	https://www.flickr.com/photos/treebeard/9332177172/	https://live.staticflickr.com/2823/9332177172_676ef3e11c_c.jpg	https://live.staticflickr.com/2823/9332177172_676ef3e11c_q.jpg	Metallic Wood-boring Beetle (Buprestidae, Coleoptera) on Fort Tejon Milk-Aster (Stephanomeria cichoriacea, Asteraceae) - with Green Lynx Spider (Peucetia viridans, Oxyopidae) looming!	Treebeard	All Rights Reserved	130	
9553	0186628e-5eec-469f-9270-f0bab211a713	404	https://symbiota.ccber.ucsb.edu/kummel/2026/9336651939.jpg	9336651939.jpg	9336651939	yes	200	https://www.flickr.com/photos/treebeard/9336651939/	https://live.staticflickr.com/7375/9336651939_99156e8a9e_c.jpg	https://live.staticflickr.com/7375/9336651939_99156e8a9e_q.jpg	Summer flower of Fort Tejon Milk-Aster aka Chicory-leaved Stephanomeria (Stephanomeria cichoriacea, Asteraceae)	Treebeard	All Rights Reserved	128	
9554	1975bcc3-9740-4b15-af3d-512c4f1d113f	404	https://symbiota.ccber.ucsb.edu/kummel/2026/9336760935.jpg	9336760935.jpg	9336760935	yes	200	https://www.flickr.com/photos/treebeard/9336760935/	https://live.staticflickr.com/7311/9336760935_ebd0c941c7_b.jpg	https://live.staticflickr.com/7311/9336760935_ebd0c941c7_q.jpg	Weed's Mariposa Lily aka Late-flowered Mariposa Lily (Calochortus weedii var. vestus aka Calochortus fimbriata, Liliaceae)	Treebeard	All Rights Reserved	134	
9555	456fa5d5-d039-4b49-9878-e451b2b43f6f	404	https://symbiota.ccber.ucsb.edu/kummel/2026/9337058985.jpg	9337058985.jpg	9337058985	yes	200	https://www.flickr.com/photos/treebeard/9337058985/	https://live.staticflickr.com/7301/9337058985_fb29504c83_c.jpg	https://live.staticflickr.com/7301/9337058985_fb29504c83_q.jpg	Another different Planthopper (Fulgoroidea, Homoptera) on a leaf of Coast Live Oak (Quercus agrifolia, Fagaceae)	Treebeard	All Rights Reserved	137	
9556	d3ed10f5-fdd4-43b5-bf26-6e65059475ed	404	https://symbiota.ccber.ucsb.edu/kummel/2026/9337244637.jpg	9337244637.jpg	9337244637	yes	200	https://www.flickr.com/photos/treebeard/9337244637/	https://live.staticflickr.com/7344/9337244637_184709034d_b.jpg	https://live.staticflickr.com/7344/9337244637_184709034d_q.jpg	My favorite Katydid (Tettigoniidae, Ensifera, Orthoptera) - maybe a Bush Katydid (genus Scudderia)?	Treebeard	All Rights Reserved	135	
9557	c8de9678-3a76-45fd-9534-17de6a969a77	404	https://symbiota.ccber.ucsb.edu/kummel/2026/9337412337.jpg	9337412337.jpg	9337412337	yes	200	https://www.flickr.com/photos/treebeard/9337412337/	https://live.staticflickr.com/2870/9337412337_853b7992cc_b.jpg	https://live.staticflickr.com/2870/9337412337_853b7992cc_q.jpg	Another remarkably thin Stilt Bug (Berytidae, Hemiptera), showing its sharp proboscis	Treebeard	All Rights Reserved	141	
9558	49c385ba-3349-49bb-af9c-5c1bfe1d6bb6	404	https://symbiota.ccber.ucsb.edu/kummel/2026/9337534267.jpg	9337534267.jpg	9337534267	yes	200	https://www.flickr.com/photos/treebeard/9337534267/	https://live.staticflickr.com/7404/9337534267_4a2b4cdaa8_b.jpg	https://live.staticflickr.com/7404/9337534267_4a2b4cdaa8_q.jpg	Ripening fruit of a native California Bay (Umbellularia californica, Lauraceae) - like little avocados	Treebeard	All Rights Reserved	142	
9559	ce7ed74c-ce32-4f7f-8c9a-41284abd119f	404	https://symbiota.ccber.ucsb.edu/kummel/2026/9339594180.jpg	9339594180.jpg	9339594180	yes	200	https://www.flickr.com/photos/treebeard/9339594180/	https://live.staticflickr.com/3832/9339594180_846d5af1df_c.jpg	https://live.staticflickr.com/3832/9339594180_846d5af1df_q.jpg	Net-winged Planthopper (Fulgoroidea, Homoptera) - family Issidae, genus Neaethus	Treebeard	All Rights Reserved	147	
9560	f32c1998-bfba-44b6-a095-ab47e3873d00	404	https://symbiota.ccber.ucsb.edu/kummel/2026/9339638148.jpg	9339638148.jpg	9339638148	yes	200	https://www.flickr.com/photos/treebeard/9339638148/	https://live.staticflickr.com/7394/9339638148_e1c47cb09c_c.jpg	https://live.staticflickr.com/7394/9339638148_e1c47cb09c_q.jpg	A different Planthopper (Fulgoroidea, Homoptera) on leaf of Coast Live Oak (Quercus agrifolia, Fagaceae)	Treebeard	All Rights Reserved	134	
9561	d72237c3-d6d5-434d-a488-3ec22083b84a	404	https://symbiota.ccber.ucsb.edu/kummel/2026/9345208443.jpg	9345208443.jpg	9345208443	yes	200	https://www.flickr.com/photos/treebeard/9345208443/	https://live.staticflickr.com/5451/9345208443_49fb7d9ec2_c.jpg	https://live.staticflickr.com/5451/9345208443_49fb7d9ec2_q.jpg	Maybe the gall of a Red Cone Gall Wasp (Andricus kingi, Cynipidae, Hymenoptera) on Scrub Oak (Quercus berberidifolia, Fagaceae)	Treebeard	All Rights Reserved	153	
9562	4ff3bb08-5875-458a-bf8c-f8361cf085c7	404	https://symbiota.ccber.ucsb.edu/kummel/2026/9345335827.jpg	9345335827.jpg	9345335827	yes	200	https://www.flickr.com/photos/treebeard/9345335827/	https://live.staticflickr.com/7453/9345335827_24107784c4_c.jpg	https://live.staticflickr.com/7453/9345335827_24107784c4_q.jpg	Gall of the Spined Turban Gall Wasp (Antron douglasii, Cynipidae, Hymenoptera) on Scrub Oak (Quercus berberidifolia, Fagaceae)	Treebeard	All Rights Reserved	151	
9563	bb5cd279-1cd1-4197-bc05-09ca5bedb3ce	404	https://symbiota.ccber.ucsb.edu/kummel/2026/9345603431.jpg	9345603431.jpg	9345603431	yes	200	https://www.flickr.com/photos/treebeard/9345603431/	https://live.staticflickr.com/3684/9345603431_b5e16d1466_b.jpg	https://live.staticflickr.com/3684/9345603431_b5e16d1466_q.jpg	Thick-headed Fly (Zodion, Conopidae, Diptera) on non-native Butterfly Bush (Buddleja davidii, Scrophulariaceae)	Treebeard	All Rights Reserved	137	
9564	52cae1f7-21a8-4ca6-8e99-ff4d1983661f	404	https://symbiota.ccber.ucsb.edu/kummel/2026/9345740331.jpg	9345740331.jpg	9345740331	yes	200	https://www.flickr.com/photos/treebeard/9345740331/	https://live.staticflickr.com/3669/9345740331_cbe930d13c_b.jpg	https://live.staticflickr.com/3669/9345740331_cbe930d13c_q.jpg	Mournful Duskywing (Erynnis tristis) butterfly on foliage of non-native Butterfly Bush (Buddleja davidii, Scrophulariaceae)	Treebeard	All Rights Reserved	135	
9565	420131f6-b9aa-4481-8ba8-15c4e93b0cc0	404	https://symbiota.ccber.ucsb.edu/kummel/2026/9345786189.jpg	9345786189.jpg	9345786189	yes	200	https://www.flickr.com/photos/treebeard/9345786189/	https://live.staticflickr.com/3795/9345786189_d337451229_c.jpg	https://live.staticflickr.com/3795/9345786189_d337451229_q.jpg	Summer form of a Common Ringlet (Coenonympha tullia) butterfly on Snowdrop Bush (Styrax redivivus, Styracaceae)	Treebeard	All Rights Reserved	129	
9566	994e67aa-c3ab-4480-be25-a394fec62d86	404	https://symbiota.ccber.ucsb.edu/kummel/2026/9347893748.jpg	9347893748.jpg	9347893748	yes	200	https://www.flickr.com/photos/treebeard/9347893748/	https://live.staticflickr.com/5458/9347893748_4310347e65_b.jpg	https://live.staticflickr.com/5458/9347893748_4310347e65_q.jpg	Unknown (to me) galls on Canyon Live Oak (Quercus chrysolepis, Fagaceae)	Treebeard	All Rights Reserved	120	
9567	21976fc6-879a-4727-8ffb-34887e8212c1	404	https://symbiota.ccber.ucsb.edu/kummel/2026/9348161702.jpg	9348161702.jpg	9348161702	yes	200	https://www.flickr.com/photos/treebeard/9348161702/	https://live.staticflickr.com/5526/9348161702_e0fb662def_c.jpg	https://live.staticflickr.com/5526/9348161702_e0fb662def_q.jpg	Just a fly - maybe family Muscidae in the order Diptera, on Wild Blackberry (Rubus ursinus, Rosaceae)	Treebeard	All Rights Reserved	121	
9568	11f8c027-f23c-4257-b65e-1fefeb0d6f24	404	https://symbiota.ccber.ucsb.edu/kummel/2026/9348341336.jpg	9348341336.jpg	9348341336	yes	200	https://www.flickr.com/photos/treebeard/9348341336/	https://live.staticflickr.com/5335/9348341336_d0cf515774_b.jpg	https://live.staticflickr.com/5335/9348341336_d0cf515774_q.jpg	Crab Spider (Thomisidae) waiting for prey on a single flower of non-native Butterfly Bush (Buddleja davidii, Scrophulariaceae)	Treebeard	All Rights Reserved	121	
9569	c703a2e9-9dec-4add-8ad2-65b812f5b001	404	https://symbiota.ccber.ucsb.edu/kummel/2026/9352859371.jpg	9352859371.jpg	9352859371	yes	200	https://www.flickr.com/photos/treebeard/9352859371/	https://live.staticflickr.com/5525/9352859371_09fe25491b_b.jpg	https://live.staticflickr.com/5525/9352859371_09fe25491b_q.jpg	Galls of the Crystalline Gall Wasp (Andricus crystallinus, Cynipidae, Hymenoptera on Scrub Oak (Quercus berberidifolia, Fagaceae) - with acorns!	Treebeard	All Rights Reserved	131	
9570	8846ffed-c410-426a-b4cf-b0787d47171c	404	https://symbiota.ccber.ucsb.edu/kummel/2026/9353029715.jpg	9353029715.jpg	9353029715	yes	200	https://www.flickr.com/photos/treebeard/9353029715/	https://live.staticflickr.com/5324/9353029715_e063476fae_c.jpg	https://live.staticflickr.com/5324/9353029715_e063476fae_q.jpg	New acorns of a different Scrub Oak (Quercus wislizenii var. frutescens, Fagaceae)	Treebeard	All Rights Reserved	138	
9571	08b4bae2-df1d-400e-bbf2-22aa46e64eb1	404	https://symbiota.ccber.ucsb.edu/kummel/2026/9353261775.jpg	9353261775.jpg	9353261775	yes	200	https://www.flickr.com/photos/treebeard/9353261775/	https://live.staticflickr.com/3694/9353261775_e2277a77dd_b.jpg	https://live.staticflickr.com/3694/9353261775_e2277a77dd_q.jpg	Silver Argiope (Argiope argenatata, Araneidae) spider sitting on its web	Treebeard	All Rights Reserved	129	
9572	f082f750-7590-48c5-aa1f-388fd67cb27f	404	https://symbiota.ccber.ucsb.edu/kummel/2026/9353420023.jpg	9353420023.jpg	9353420023	yes	200	https://www.flickr.com/photos/treebeard/9353420023/	https://live.staticflickr.com/2854/9353420023_715a0ccf5c_b.jpg	https://live.staticflickr.com/2854/9353420023_715a0ccf5c_q.jpg	California Clearwing Moth (Hemaris thetis) on Butterfly Bush (Buddleja davidii, Scrophulariaceae) in the garden	Treebeard	All Rights Reserved	118	
9573	89d44fa9-0359-49f7-943f-455427bedfdb	404	https://symbiota.ccber.ucsb.edu/kummel/2026/9355712262.jpg	9355712262.jpg	9355712262	yes	200	https://www.flickr.com/photos/treebeard/9355712262/	https://live.staticflickr.com/7380/9355712262_68e7213f71_b.jpg	https://live.staticflickr.com/7380/9355712262_68e7213f71_q.jpg	Large acorn of Scrub Oak (Quercus berberidifolia, Fagaceae)	Treebeard	All Rights Reserved	127	
9574	10ccbc77-8e7f-40cf-a94e-12e0c2c7e7cc	404	https://symbiota.ccber.ucsb.edu/kummel/2026/9355901666.jpg	9355901666.jpg	9355901666	yes	200	https://www.flickr.com/photos/treebeard/9355901666/	https://live.staticflickr.com/5517/9355901666_70885ca0fa_b.jpg	https://live.staticflickr.com/5517/9355901666_70885ca0fa_q.jpg	New acorns of Goldencup Oak aka Canyon Live Oak (Quercus chrysolepis, Fagaceae)	Treebeard	All Rights Reserved	126	
9575	744837d9-07c3-4d82-8ec2-ea295af32b81	404	https://symbiota.ccber.ucsb.edu/kummel/2026/9356172128.jpg	9356172128.jpg	9356172128	yes	200	https://www.flickr.com/photos/treebeard/9356172128/	https://live.staticflickr.com/2817/9356172128_16646f6717_c.jpg	https://live.staticflickr.com/2817/9356172128_16646f6717_q.jpg	My favorite Katydid (Tettigoniidae, Ensifera, Orthoptera) - maybe a Bush Katydid (genus Scudderia)?	Treebeard	All Rights Reserved	123	
9576	dc5f5c4b-9aa7-4e81-8fc8-80ee71d02a6a	404	https://symbiota.ccber.ucsb.edu/kummel/2026/9356261502.jpg	9356261502.jpg	9356261502	yes	200	https://www.flickr.com/photos/treebeard/9356261502/	https://live.staticflickr.com/5478/9356261502_2829578320_b.jpg	https://live.staticflickr.com/5478/9356261502_2829578320_q.jpg	California Clearwing Moth (Hemaris thetis) on Butterfly Bush (Buddleja davidii, Scrophulariaceae) in the garden	Treebeard	All Rights Reserved	133	
9577	b1b0c3c4-0a6e-4d19-81a4-170313a843d7	404	https://symbiota.ccber.ucsb.edu/kummel/2026/9359406459.jpg	9359406459.jpg	9359406459	yes	200	https://www.flickr.com/photos/treebeard/9359406459/	https://live.staticflickr.com/7410/9359406459_7d1153a76d_b.jpg	https://live.staticflickr.com/7410/9359406459_7d1153a76d_q.jpg	Female California Dogface (Colias eurydice) butterfly on non-native flower of Fuchsia (Onagraceae) in the garden	Treebeard	All Rights Reserved	126	
9578	7073ec4e-6e71-4921-8b46-a0a3f2aabcf6	404	https://symbiota.ccber.ucsb.edu/kummel/2026/9362004408.jpg	9362004408.jpg	9362004408	yes	200	https://www.flickr.com/photos/treebeard/9362004408/	https://live.staticflickr.com/3677/9362004408_a69e24dbc9_b.jpg	https://live.staticflickr.com/3677/9362004408_a69e24dbc9_q.jpg	Sad-looking Labyrinth Spider (genus Metepeira, Araneidae) - note the cat face on its abdomen!	Treebeard	All Rights Reserved	118	
9579	828d755f-babd-49c7-ac95-eacd15b237e4	404	https://symbiota.ccber.ucsb.edu/kummel/2026/9362049838.jpg	9362049838.jpg	9362049838	yes	200	https://www.flickr.com/photos/treebeard/9362049838/	https://live.staticflickr.com/7437/9362049838_edbfbeb277_b.jpg	https://live.staticflickr.com/7437/9362049838_edbfbeb277_q.jpg	Sand Wasp (Steniolia, Bembicini, Hymenoptera) and California Clearwing Moth (Hemaris thetis) on Butterfly Bush (Buddleja davidii, Scrophulariaceae)	Treebeard	All Rights Reserved	131	
9580	c0baedd4-79c8-40bc-aff2-067c8eeeeba0	404	https://symbiota.ccber.ucsb.edu/kummel/2026/9362141352.jpg	9362141352.jpg	9362141352	yes	200	https://www.flickr.com/photos/treebeard/9362141352/	https://live.staticflickr.com/7378/9362141352_1c8d6db672_b.jpg	https://live.staticflickr.com/7378/9362141352_1c8d6db672_q.jpg	California Clearwing Moth (Hemaris thetis) on non-native Butterfly Bush (Buddleja davidii, Scrophulariaceae) in the garden	Treebeard	All Rights Reserved	129	
9581	2942ef7b-1f1e-4ffe-87f9-1ce8ba0220bb	404	https://symbiota.ccber.ucsb.edu/kummel/2026/9366147961.jpg	9366147961.jpg	9366147961	yes	200	https://www.flickr.com/photos/treebeard/9366147961/	https://live.staticflickr.com/7328/9366147961_8221753d33_c.jpg	https://live.staticflickr.com/7328/9366147961_8221753d33_q.jpg	"""Behr's Metalmark"" (Apodemia virgulti) on California Buckwheat (Eriogonum fasciculatum, Polygonaceae)"	Treebeard	All Rights Reserved	138	
9582	14541a94-ce15-4f66-8495-db5f6c4840aa	404	https://symbiota.ccber.ucsb.edu/kummel/2026/9368996906.jpg	9368996906.jpg	9368996906	yes	200	https://www.flickr.com/photos/treebeard/9368996906/	https://live.staticflickr.com/5542/9368996906_12dc4ee50c_b.jpg	https://live.staticflickr.com/5542/9368996906_12dc4ee50c_q.jpg	Large female European Mantis (Mantis religiosa, Mantidae, Mantodea) on California Buckwheat (Eriogonum fasciculatum, Polygonaceae)	Treebeard	All Rights Reserved	125	
9583	2756d25e-0964-48a4-bb1c-363bb72e0ae3	404	https://symbiota.ccber.ucsb.edu/kummel/2026/9372054039.jpg	9372054039.jpg	9372054039	yes	200	https://www.flickr.com/photos/treebeard/9372054039/	https://live.staticflickr.com/7390/9372054039_83f6a4ea9a_b.jpg	https://live.staticflickr.com/7390/9372054039_83f6a4ea9a_q.jpg	"Recovering native Chaparral Yucca (Yucca whipplei, Liliaceae or Hesperoyucca whipplei, Agavaceae) burned by the ""White Fire"""	Treebeard	All Rights Reserved	135	
9584	c88a7521-7412-455c-8527-0e7282fc13aa	404	https://symbiota.ccber.ucsb.edu/kummel/2026/9372213489.jpg	9372213489.jpg	9372213489	yes	200	https://www.flickr.com/photos/treebeard/9372213489/	https://live.staticflickr.com/5536/9372213489_7c408a1a2a_b.jpg	https://live.staticflickr.com/5536/9372213489_7c408a1a2a_q.jpg	"Bigberry Manzanita (Arctostaphylos glauca, Ericaceae) two months after the ""White Fire"" - not stump-sprouting"	Treebeard	All Rights Reserved	119	
9585	2aaea8fe-c296-43ee-9235-f2858de290ca	404	https://symbiota.ccber.ucsb.edu/kummel/2026/9372434509.jpg	9372434509.jpg	9372434509	yes	200	https://www.flickr.com/photos/treebeard/9372434509/	https://live.staticflickr.com/5548/9372434509_0e44669a68_c.jpg	https://live.staticflickr.com/5548/9372434509_0e44669a68_q.jpg	Crab Spider (Thomisidae) on flower of non-native Butterfly Bush (Buddleja davidii, Scrophulariaceae) in the garden	Treebeard	All Rights Reserved	129	
9586	7ec8d49b-8b6f-4802-a042-f64a625a78f4	404	https://symbiota.ccber.ucsb.edu/kummel/2026/9374757734.jpg	9374757734.jpg	9374757734	yes	200	https://www.flickr.com/photos/treebeard/9374757734/	https://live.staticflickr.com/3827/9374757734_454199df0c_b.jpg	https://live.staticflickr.com/3827/9374757734_454199df0c_q.jpg	"Western Sycamore (Platanus racemosa, Platanaceae) trees stump-sprouting after the ""White Fire"""	Treebeard	All Rights Reserved	127	
9587	93e3d1c4-8c0e-4846-91bd-6fc9e0912150	404	https://symbiota.ccber.ucsb.edu/kummel/2026/9375105092.jpg	9375105092.jpg	9375105092	yes	200	https://www.flickr.com/photos/treebeard/9375105092/	https://live.staticflickr.com/2887/9375105092_c2041fa030_b.jpg	https://live.staticflickr.com/2887/9375105092_c2041fa030_q.jpg	Damselfly (Zygoptera, Odonata) on California Buckwheat (Eriogonum fasciculatum, Polygonaceae)	Treebeard	All Rights Reserved	139	
9588	dae3a5d9-4bb2-45d5-839c-6b4574d4448a	404	https://symbiota.ccber.ucsb.edu/kummel/2026/9375136588.jpg	9375136588.jpg	9375136588	yes	200	https://www.flickr.com/photos/treebeard/9375136588/	https://live.staticflickr.com/7423/9375136588_cf1fbb28c1_b.jpg	https://live.staticflickr.com/7423/9375136588_cf1fbb28c1_q.jpg	Umber Skipper (Poanes melane, Hesperia, Hesperiidae) butterfly on Butterfly Bush (Buddleja davidii, Scrophulariaceae) in the garden	Treebeard	All Rights Reserved	137	
9589	b74810c7-dc30-47f7-b562-8bcb23fd0c99	404	https://symbiota.ccber.ucsb.edu/kummel/2026/9375240948.jpg	9375240948.jpg	9375240948	yes	200	https://www.flickr.com/photos/treebeard/9375240948/	https://live.staticflickr.com/5334/9375240948_9b3e2d065f_c.jpg	https://live.staticflickr.com/5334/9375240948_9b3e2d065f_q.jpg	European Mantis (Mantis religiosa, Mantidae, Mantodea) on California Buckwheat (Eriogonum fasciculatum, Polygonaceae)	Treebeard	All Rights Reserved	129	
9590	4c8f4846-6fd2-4a32-8d2e-0ab086d90093	404	https://symbiota.ccber.ucsb.edu/kummel/2026/9378567037.jpg	9378567037.jpg	9378567037	yes	200	https://www.flickr.com/photos/treebeard/9378567037/	https://live.staticflickr.com/5547/9378567037_fc9bb161b7_b.jpg	https://live.staticflickr.com/5547/9378567037_fc9bb161b7_q.jpg	Fremont Cottonwood (Populus fremontii, Salicaceae) hanging over a spring-fed pool in Paradise	Treebeard	All Rights Reserved	129	
9591	fbca1780-eb4e-416c-8bad-dbcc2f0fed3e	404	https://symbiota.ccber.ucsb.edu/kummel/2026/9378635611.jpg	9378635611.jpg	9378635611	yes	200	https://www.flickr.com/photos/treebeard/9378635611/	https://live.staticflickr.com/5453/9378635611_086d16ce17_c.jpg	https://live.staticflickr.com/5453/9378635611_086d16ce17_q.jpg	"Life goes on - new growth on Coast Live Oak (Quercus agrifolia, Fagaceae) after the ""White Fire"""	Treebeard	All Rights Reserved	133	
9592	fb0cad63-ed9b-456d-9b28-4fbbda74d4f5	404	https://symbiota.ccber.ucsb.edu/kummel/2026/9378708109.jpg	9378708109.jpg	9378708109	yes	200	https://www.flickr.com/photos/treebeard/9378708109/	https://live.staticflickr.com/3780/9378708109_8a8ddc4ce0_b.jpg	https://live.staticflickr.com/3780/9378708109_8a8ddc4ce0_q.jpg	New acorns of Coast Live Oak (Quercus agrifolia, Fagaceae)	Treebeard	All Rights Reserved	123	
9593	9e7bb901-b24a-4223-a9c9-ddffe6127344	404	https://symbiota.ccber.ucsb.edu/kummel/2026/9378814091.jpg	9378814091.jpg	9378814091	yes	200	https://www.flickr.com/photos/treebeard/9378814091/	https://live.staticflickr.com/3688/9378814091_bb01fcf8b2_c.jpg	https://live.staticflickr.com/3688/9378814091_bb01fcf8b2_q.jpg	"Odd new ""flowers"" of native Bird's Beak (Cordylanthus rigidus, Scrophulariaceae or Orobanchaceae)"	Treebeard	All Rights Reserved	138	
9594	ca6b6ab9-2667-4b00-b14f-6081403564d1	404	https://symbiota.ccber.ucsb.edu/kummel/2026/9378931641.jpg	9378931641.jpg	9378931641	yes	200	https://www.flickr.com/photos/treebeard/9378931641/	https://live.staticflickr.com/3688/9378931641_0edd7c2c0d_b.jpg	https://live.staticflickr.com/3688/9378931641_0edd7c2c0d_q.jpg	New flowers of Longstem Buckwheat (Eriogonum elongatum, Polygonaceae)	Treebeard	All Rights Reserved	133	
9595	46d31c51-65d8-4da7-a422-400d4d0c1a04	404	https://symbiota.ccber.ucsb.edu/kummel/2026/9381535768.jpg	9381535768.jpg	9381535768	yes	200	https://www.flickr.com/photos/treebeard/9381535768/	https://live.staticflickr.com/5332/9381535768_590a67d3fe_b.jpg	https://live.staticflickr.com/5332/9381535768_590a67d3fe_q.jpg	Acorn of native Tanbark Oak (Lithocarpus densiflorus, Fagaceae)	Treebeard	All Rights Reserved	132	
9596	155277e8-8d22-4340-a11e-53561289f170	404	https://symbiota.ccber.ucsb.edu/kummel/2026/9381654632.jpg	9381654632.jpg	9381654632	yes	200	https://www.flickr.com/photos/treebeard/9381654632/	https://live.staticflickr.com/5509/9381654632_2baa9ef077_b.jpg	https://live.staticflickr.com/5509/9381654632_2baa9ef077_q.jpg	New flowers of Ms. Plummer's Baccharis (Baccharis plummerae, Asteraceae) - staminate on left, pistillate on right	Treebeard	All Rights Reserved	123	
9597	fed42e54-c885-4683-9d34-2d9e5d51d8ec	404	https://symbiota.ccber.ucsb.edu/kummel/2026/9381782802.jpg	9381782802.jpg	9381782802	yes	200	https://www.flickr.com/photos/treebeard/9381782802/	https://live.staticflickr.com/3780/9381782802_07dfa36106_c.jpg	https://live.staticflickr.com/3780/9381782802_07dfa36106_q.jpg	Red Thistle (Cirsium occidentale var. venustum, Asteraceae) with a Megachilid Bee (Megachilidae, Anthophila, Hymenoptera)	Treebeard	All Rights Reserved	117	
9598	cff01474-4ce7-42e5-88e8-fbda35c2e1c9	404	https://symbiota.ccber.ucsb.edu/kummel/2026/9386599097.jpg	9386599097.jpg	9386599097	yes	200	https://www.flickr.com/photos/treebeard/9386599097/	https://live.staticflickr.com/7366/9386599097_d4be3ceeec_b.jpg	https://live.staticflickr.com/7366/9386599097_d4be3ceeec_q.jpg	Calabazilla aka Coyote Melon or Buffalo Gourd  (Cucurbita foetidissima, Cucurbitaceae)	Treebeard	All Rights Reserved	116	
9599	aa0ed4cc-02c6-4ce8-afc8-a64e1438bb6c	404	https://symbiota.ccber.ucsb.edu/kummel/2026/9386841197.jpg	9386841197.jpg	9386841197	yes	200	https://www.flickr.com/photos/treebeard/9386841197/	https://live.staticflickr.com/7311/9386841197_19b21e1fec_b.jpg	https://live.staticflickr.com/7311/9386841197_19b21e1fec_q.jpg	New flowers of native Chaparral Mallow (Malacothamnus fasciculatus, Malvaceae)	Treebeard	All Rights Reserved	132	
9600	f752eb57-8d80-4106-b613-09fdc1efd923	404	https://symbiota.ccber.ucsb.edu/kummel/2026/9386903601.jpg	9386903601.jpg	9386903601	yes	200	https://www.flickr.com/photos/treebeard/9386903601/	https://live.staticflickr.com/7414/9386903601_dabcd6da52_b.jpg	https://live.staticflickr.com/7414/9386903601_dabcd6da52_q.jpg	New summer flowers of Cliff Desert Dandelion (Malacothrix saxatilis var. tenuifolia, Asteraceae)	Treebeard	All Rights Reserved	137	
9601	2aca8f7d-9618-464e-b1b3-1d88f8d6b6bb	404	https://symbiota.ccber.ucsb.edu/kummel/2026/9387102123.jpg	9387102123.jpg	9387102123	yes	200	https://www.flickr.com/photos/treebeard/9387102123/	https://live.staticflickr.com/5448/9387102123_b9057ac605_b.jpg	https://live.staticflickr.com/5448/9387102123_b9057ac605_q.jpg	Remarkably thin Stilt Bug (Berytidae, Hemiptera) about to take wing from a leaf of Wild Blackberry (Rubus ursinus, Rosaceae)	Treebeard	All Rights Reserved	125	
9602	04fa54fc-4d26-4b18-aa0d-8da4d0ec8d18	404	https://symbiota.ccber.ucsb.edu/kummel/2026/9389987340.jpg	9389987340.jpg	9389987340	yes	200	https://www.flickr.com/photos/treebeard/9389987340/	https://live.staticflickr.com/3770/9389987340_5e9808f177_b.jpg	https://live.staticflickr.com/3770/9389987340_5e9808f177_q.jpg	Pair of pretty Bee Flies (Bombyliidae, Diptera) on Scale Broom (Lepidospartum squamatum, Asteraceae)	Treebeard	All Rights Reserved	129	
9603	217d4564-f52e-4857-810b-eef783f43f41	404	https://symbiota.ccber.ucsb.edu/kummel/2026/9390095824.jpg	9390095824.jpg	9390095824	yes	200	https://www.flickr.com/photos/treebeard/9390095824/	https://live.staticflickr.com/7286/9390095824_5f353495e4_c.jpg	https://live.staticflickr.com/7286/9390095824_5f353495e4_q.jpg	A male Northern White-Skipper (Heliopetes ericetorum) butterfly on Scale Broom (Lepidospartum squamatum, Asteraceae)	Treebeard	All Rights Reserved	115	
9604	c0e774cf-d053-4997-b4dc-92ff446be540	404	https://symbiota.ccber.ucsb.edu/kummel/2026/9390214432.jpg	9390214432.jpg	9390214432	yes	200	https://www.flickr.com/photos/treebeard/9390214432/	https://live.staticflickr.com/3791/9390214432_4336faa595_c.jpg	https://live.staticflickr.com/3791/9390214432_4336faa595_q.jpg	Mighty male Tarantula Hawk (Pepsis mildei, Pompilidae, Hymenoptera) on Scale Broom (Lepidospartum squamatum, Asteraceae)	Treebeard	All Rights Reserved	127	
9605	a3508d21-66c8-4d8d-99b2-690adfaad8ee	404	https://symbiota.ccber.ucsb.edu/kummel/2026/9390313682.jpg	9390313682.jpg	9390313682	yes	200	https://www.flickr.com/photos/treebeard/9390313682/	https://live.staticflickr.com/5337/9390313682_afef89b1ca_c.jpg	https://live.staticflickr.com/5337/9390313682_afef89b1ca_q.jpg	Large male Tarantula Hawk (Pepsis mildei, Pompilidae, Hymenoptera) on Scale Broom (Lepidospartum squamatum, Asteraceae)	Treebeard	All Rights Reserved	155	
9606	610bcba9-8725-4895-8536-26d52d7e24a7	404	https://symbiota.ccber.ucsb.edu/kummel/2026/9395030715.jpg	9395030715.jpg	9395030715	yes	200	https://www.flickr.com/photos/treebeard/9395030715/	https://live.staticflickr.com/3683/9395030715_8f039a9960_c.jpg	https://live.staticflickr.com/3683/9395030715_8f039a9960_q.jpg	New yellow composite flowers of native Southern Goldenrod (Solidago confinis, Asteraceae)	Treebeard	All Rights Reserved	132	
9607	8bf479d6-3774-4d2c-b7d9-62b7fb2e01f0	404	https://symbiota.ccber.ucsb.edu/kummel/2026/9395416823.jpg	9395416823.jpg	9395416823	yes	200	https://www.flickr.com/photos/treebeard/9395416823/	https://live.staticflickr.com/3710/9395416823_26a840be69_b.jpg	https://live.staticflickr.com/3710/9395416823_26a840be69_q.jpg	Beautiful new red flower of native Scarlet Monkeyflower (Mimulus cardinalis, Scrophulariaceae or Phrymaceae)	Treebeard	All Rights Reserved	128	
9608	c1eacdca-ecd5-423d-982b-4a3d824ee22a	404	https://symbiota.ccber.ucsb.edu/kummel/2026/9395548023.jpg	9395548023.jpg	9395548023	yes	200	https://www.flickr.com/photos/treebeard/9395548023/	https://live.staticflickr.com/3723/9395548023_0e2f955de4_c.jpg	https://live.staticflickr.com/3723/9395548023_0e2f955de4_q.jpg	Blue-belly Lizard aka Western Fence Lizard (Sceloporus occidentalis) molting it's old skin	Treebeard	All Rights Reserved	135	
9609	d2eca00f-22a9-4840-aa86-9a4ac0ebd90d	404	https://symbiota.ccber.ucsb.edu/kummel/2026/9395607437.jpg	9395607437.jpg	9395607437	yes	200	https://www.flickr.com/photos/treebeard/9395607437/	https://live.staticflickr.com/5450/9395607437_0017ddd460_b.jpg	https://live.staticflickr.com/5450/9395607437_0017ddd460_q.jpg	Just a fly... maybe a Drosophilid Fly (Drosophilidae, Diptera) on Wild Blackberry (Rubus ursinus, Rosaceae)	Treebeard	All Rights Reserved	123	
9610	7c697bda-e7db-495b-b2c9-da32df7824ff	404	https://symbiota.ccber.ucsb.edu/kummel/2026/9395712487.jpg	9395712487.jpg	9395712487	yes	200	https://www.flickr.com/photos/treebeard/9395712487/	https://live.staticflickr.com/3786/9395712487_8f71fc1005_b.jpg	https://live.staticflickr.com/3786/9395712487_8f71fc1005_q.jpg	Caterpillar (Lepidoptera) munching glandular flowers of native Coast Tarweed (Madia sativa, Asteraceae)	Treebeard	All Rights Reserved	138	
9611	fac77ef6-9f11-40b9-9aaf-5c5b2df5e620	404	https://symbiota.ccber.ucsb.edu/kummel/2026/9397956932.jpg	9397956932.jpg	9397956932	yes	200	https://www.flickr.com/photos/treebeard/9397956932/	https://live.staticflickr.com/5494/9397956932_f784265c54_c.jpg	https://live.staticflickr.com/5494/9397956932_f784265c54_q.jpg	New yellow composite flowers of native Coastal Goldenbush (Isocoma menziesii, Asteraceae)	Treebeard	All Rights Reserved	123	
9612	415a2865-419a-4428-878a-d8329f59219a	404	https://symbiota.ccber.ucsb.edu/kummel/2026/9398032748.jpg	9398032748.jpg	9398032748	yes	200	https://www.flickr.com/photos/treebeard/9398032748/	https://live.staticflickr.com/7383/9398032748_515f431cda_b.jpg	https://live.staticflickr.com/7383/9398032748_515f431cda_q.jpg	New yellow composite flowers of native Scale Broom (Lepidospartum squamatum, Asteraceae)	Treebeard	All Rights Reserved	122	
9613	05ab391d-f4f6-451f-bd3d-e0ae06c0fa92	404	https://symbiota.ccber.ucsb.edu/kummel/2026/9398137020.jpg	9398137020.jpg	9398137020	yes	200	https://www.flickr.com/photos/treebeard/9398137020/	https://live.staticflickr.com/5525/9398137020_34ca82c1cb_b.jpg	https://live.staticflickr.com/5525/9398137020_34ca82c1cb_q.jpg	New flower stalks of native Mugwort (Artemisia douglasiana, Asteraceae)	Treebeard	All Rights Reserved	113	
9614	d6291582-f68c-48cc-a2d7-0bc248ca82d7	404	https://symbiota.ccber.ucsb.edu/kummel/2026/9402794447.jpg	9402794447.jpg	9402794447	yes	200	https://www.flickr.com/photos/treebeard/9402794447/	https://live.staticflickr.com/3745/9402794447_b0d63e7a35_b.jpg	https://live.staticflickr.com/3745/9402794447_b0d63e7a35_q.jpg	New flowers of native Fort Tejon Milk-Aster aka Chicory-leaved Stephanomeria (Stephanomeria cichoriacea, Asteraceae)	Treebeard	All Rights Reserved	113	
9615	83057377-5f30-45f2-b277-d9efbb3ad00a	404	https://symbiota.ccber.ucsb.edu/kummel/2026/9402941587.jpg	9402941587.jpg	9402941587	yes	200	https://www.flickr.com/photos/treebeard/9402941587/	https://live.staticflickr.com/3825/9402941587_c0f279b94f_c.jpg	https://live.staticflickr.com/3825/9402941587_c0f279b94f_q.jpg	Nest of an American Lady (Vanessa virginiensis) butterfly caterpillar on Fragrant Everlasting (Gnaphalium canescens, Asteraceae)	Treebeard	All Rights Reserved	114	
9616	304d2322-5f4f-4eed-b034-2ef2bf0bef1b	404	https://symbiota.ccber.ucsb.edu/kummel/2026/9403181053.jpg	9403181053.jpg	9403181053	yes	200	https://www.flickr.com/photos/treebeard/9403181053/	https://live.staticflickr.com/3747/9403181053_9be1fa94ef_b.jpg	https://live.staticflickr.com/3747/9403181053_9be1fa94ef_q.jpg	Odd husk of an insect on a leaflet of Wild Sweetpea (Lathyrus vestitus, Fabaceae) - maybe a Planthopper (Fulgoroidea, Homoptera)?	Treebeard	All Rights Reserved	120	
9617	f2bb6ec2-d6a1-4f3a-84a3-049597c1a013	404	https://symbiota.ccber.ucsb.edu/kummel/2026/9403478917.jpg	9403478917.jpg	9403478917	yes	200	https://www.flickr.com/photos/treebeard/9403478917/	https://live.staticflickr.com/5543/9403478917_5a67169b23_b.jpg	https://live.staticflickr.com/5543/9403478917_5a67169b23_q.jpg	Large mature female Bush Katydid (Scudderia, Tettigoniidae, Ensifera, Orthoptera) on Western Bracken Fern (Pteridium aquilinum var. pubescens, Polypodiaceae)	Treebeard	All Rights Reserved	122	
9618	8db312e1-08cd-4cd0-beba-ce000cea9011	404	https://symbiota.ccber.ucsb.edu/kummel/2026/9405482886.jpg	9405482886.jpg	9405482886	yes	200	https://www.flickr.com/photos/treebeard/9405482886/	https://live.staticflickr.com/2851/9405482886_5a88cececc_b.jpg	https://live.staticflickr.com/2851/9405482886_5a88cececc_q.jpg	Fall colors in July - native Poison Oak (Toxicodendron diversilobum, Anacardiaceae) is already turning red	Treebeard	All Rights Reserved	136	
9619	2585e5f0-1ccb-4cb2-809d-1a53ea62cb35	404	https://symbiota.ccber.ucsb.edu/kummel/2026/9405583262.jpg	9405583262.jpg	9405583262	yes	200	https://www.flickr.com/photos/treebeard/9405583262/	https://live.staticflickr.com/3831/9405583262_30dc906e5a_b.jpg	https://live.staticflickr.com/3831/9405583262_30dc906e5a_q.jpg	New summer flowers of native California Aster (Corethrogyne filaginifolia aka Lessingia filaginifolia, Asteraceae)	Treebeard	All Rights Reserved	146	
9620	4b83f3fc-2573-4575-971e-fbc39cd7c387	404	https://symbiota.ccber.ucsb.edu/kummel/2026/9405858560.jpg	9405858560.jpg	9405858560	yes	200	https://www.flickr.com/photos/treebeard/9405858560/	https://live.staticflickr.com/3802/9405858560_990ce572fc_b.jpg	https://live.staticflickr.com/3802/9405858560_990ce572fc_q.jpg	Just a fly... maybe a Flesh Fly (Sarcophagidae, Diptera) on Wild Blackberry (Rubus ursinus, Rosaceae)	Treebeard	All Rights Reserved	154	
9621	2326aab3-2fb7-4526-98ec-d527609b2236	404	https://symbiota.ccber.ucsb.edu/kummel/2026/9406068888.jpg	9406068888.jpg	9406068888	yes	200	https://www.flickr.com/photos/treebeard/9406068888/	https://live.staticflickr.com/3760/9406068888_a9349ae9db_b.jpg	https://live.staticflickr.com/3760/9406068888_a9349ae9db_q.jpg	Large mature male Bush Katydid (Scudderia, Tettigoniidae, Ensifera, Orthoptera) on Wild Blackberry (Rubus ursinus, Rosaceae)	Treebeard	All Rights Reserved	140	
9622	10c95e98-0cd9-4e51-b413-89aec61766a9	404	https://symbiota.ccber.ucsb.edu/kummel/2026/9410273089.jpg	9410273089.jpg	9410273089	yes	200	https://www.flickr.com/photos/treebeard/9410273089/	https://live.staticflickr.com/3750/9410273089_877a4a070f_c.jpg	https://live.staticflickr.com/3750/9410273089_877a4a070f_q.jpg	Small flowered Nightshade (Solanum americanum aka S. nodiflorum, Solanaceae) - now considered a native weed?	Treebeard	All Rights Reserved	118	
9623	cb3f12f1-c523-4aa0-9258-4d78ed3d4810	404	https://symbiota.ccber.ucsb.edu/kummel/2026/9410589529.jpg	9410589529.jpg	9410589529	yes	200	https://www.flickr.com/photos/treebeard/9410589529/	https://live.staticflickr.com/2864/9410589529_e74e7f2123_c.jpg	https://live.staticflickr.com/2864/9410589529_e74e7f2123_q.jpg	Perfect mandala of new flowers of native Scale Broom (Lepidospartum squamatum, Asteraceae)	Treebeard	All Rights Reserved	121	
9624	1b6bb510-660d-40c0-b8ae-62f43a3e037e	404	https://symbiota.ccber.ucsb.edu/kummel/2026/9410618799.jpg	9410618799.jpg	9410618799	yes	200	https://www.flickr.com/photos/treebeard/9410618799/	https://live.staticflickr.com/5533/9410618799_fd13e8a413_b.jpg	https://live.staticflickr.com/5533/9410618799_fd13e8a413_q.jpg	Remarkably thin Stilt Bug (Berytidae, Hemiptera) on Wild Blackberry (Rubus ursinus, Rosaceae) - again!	Treebeard	All Rights Reserved	116	
9625	52b40253-8525-4182-bb06-a5bfd4a58a56	404	https://symbiota.ccber.ucsb.edu/kummel/2026/9410835017.jpg	9410835017.jpg	9410835017	yes	200	https://www.flickr.com/photos/treebeard/9410835017/	https://live.staticflickr.com/5481/9410835017_298a1c58ef_b.jpg	https://live.staticflickr.com/5481/9410835017_298a1c58ef_q.jpg	White-fringed Mournful Duskywing (Erynnis tristis) butterfly on Cat Mint (Nepeta cataria, Lamiaceae)	Treebeard	All Rights Reserved	118	
9626	8eda864e-b5ba-4fa4-9cd4-d3b2fa40c552	404	https://symbiota.ccber.ucsb.edu/kummel/2026/9413176988.jpg	9413176988.jpg	9413176988	yes	200	https://www.flickr.com/photos/treebeard/9413176988/	https://live.staticflickr.com/3674/9413176988_1e1ab72b64_b.jpg	https://live.staticflickr.com/3674/9413176988_1e1ab72b64_q.jpg	New weed in the mountains - Common Beggar-ticks (Bidens pilosa, Asteraceae) by the old Goddard Campground	Treebeard	All Rights Reserved	126	
9627	ea3428bb-4a23-4832-bd27-117af90ba7cb	404	https://symbiota.ccber.ucsb.edu/kummel/2026/9413318790.jpg	9413318790.jpg	9413318790	yes	200	https://www.flickr.com/photos/treebeard/9413318790/	https://live.staticflickr.com/3714/9413318790_ddcb12ecd1_c.jpg	https://live.staticflickr.com/3714/9413318790_ddcb12ecd1_q.jpg	Soft white flowers and stems of native Fragrant Everlasting (Gnaphalium canescens, Asteraceae)	Treebeard	All Rights Reserved	126	
9628	20970134-5d40-4f45-be85-b9d5f10c4302	404	https://symbiota.ccber.ucsb.edu/kummel/2026/9413468546.jpg	9413468546.jpg	9413468546	yes	200	https://www.flickr.com/photos/treebeard/9413468546/	https://live.staticflickr.com/2865/9413468546_8d82366472_c.jpg	https://live.staticflickr.com/2865/9413468546_8d82366472_q.jpg	Flesh Fly (Sarcophagidae, Diptera) with a bright red Mite (Acari) on its butt!	Treebeard	All Rights Reserved	126	
9629	050ae4a2-e0e5-4fea-ad06-307fb874f432	404	https://symbiota.ccber.ucsb.edu/kummel/2026/9413525324.jpg	9413525324.jpg	9413525324	yes	200	https://www.flickr.com/photos/treebeard/9413525324/	https://live.staticflickr.com/3719/9413525324_83b80914ab_b.jpg	https://live.staticflickr.com/3719/9413525324_83b80914ab_q.jpg	Large mature female Bush Katydid (Scudderia, Tettigoniidae, Ensifera, Orthoptera) on Western Bracken Fern (Pteridium aquilinum var. pubescens, Polypodiaceae)	Treebeard	All Rights Reserved	119	
9630	fdf4b259-3bd4-4c1c-a137-15f8cf34b347	404	https://symbiota.ccber.ucsb.edu/kummel/2026/9416816749.jpg	9416816749.jpg	9416816749	yes	200	https://www.flickr.com/photos/treebeard/9416816749/	https://live.staticflickr.com/7413/9416816749_a416b6ef6b_c.jpg	https://live.staticflickr.com/7413/9416816749_a416b6ef6b_q.jpg	Narrow-leaved Milkweed (Asclepias fascicularis, Asclepiadaceae), with nymphs of Large Milkweed Bug (Oncopeltus fasciatus, Lygaeidae, Hemiptera)	Treebeard	All Rights Reserved	124	
9631	abfc1ff7-c137-48d0-b4e8-d1bfb074d885	404	https://symbiota.ccber.ucsb.edu/kummel/2026/9416874679.jpg	9416874679.jpg	9416874679	yes	200	https://www.flickr.com/photos/treebeard/9416874679/	https://live.staticflickr.com/3711/9416874679_d784e0870d_c.jpg	https://live.staticflickr.com/3711/9416874679_d784e0870d_q.jpg	Nymphs of the Large Milkweed Bug (Oncopeltus fasciatus, Lygaeidae, Hemiptera) on Narrow-leaved Milkweed (Asclepias fascicularis, Asclepiadaceae)	Treebeard	All Rights Reserved	119	
9632	ac8f495d-5d17-4116-829b-cbd38648a2cf	404	https://symbiota.ccber.ucsb.edu/kummel/2026/9417093263.jpg	9417093263.jpg	9417093263	yes	200	https://www.flickr.com/photos/treebeard/9417093263/	https://live.staticflickr.com/7297/9417093263_ec391c96f1_c.jpg	https://live.staticflickr.com/7297/9417093263_ec391c96f1_q.jpg	Green Lynx Spider (Peucetia viridans, Oxyopidae) has a Honey Bee (Apis mellifera, Hymenoptera) on California Buckwheat (Eriogonum fasciculatum, Polygonaceae)	Treebeard	All Rights Reserved	123	
9633	94373e09-5fa0-45de-93f3-518fd2c5e008	404	https://symbiota.ccber.ucsb.edu/kummel/2026/9417209731.jpg	9417209731.jpg	9417209731	yes	200	https://www.flickr.com/photos/treebeard/9417209731/	https://live.staticflickr.com/5502/9417209731_089b43e6c3_b.jpg	https://live.staticflickr.com/5502/9417209731_089b43e6c3_q.jpg	Pacific Ambush Bug (Phymata pacifica, Phymatidae, Hemiptera) on California Buckwheat (Eriogonum fasciculatum, Polygonaceae)	Treebeard	All Rights Reserved	119	
9634	376735d5-1056-411e-98c2-bb84cf3b4ebf	404	https://symbiota.ccber.ucsb.edu/kummel/2026/9419518786.jpg	9419518786.jpg	9419518786	yes	200	https://www.flickr.com/photos/treebeard/9419518786/	https://live.staticflickr.com/7421/9419518786_dac7bbba2f_b.jpg	https://live.staticflickr.com/7421/9419518786_dac7bbba2f_q.jpg	Another day, another large mature female Bush Katydid (Scudderia, Tettigoniidae, Ensifera, Orthoptera)!	Treebeard	All Rights Reserved	116	
9635	12703e04-b553-4b72-a35f-5fb85d14bc96	404	https://symbiota.ccber.ucsb.edu/kummel/2026/9419705134.jpg	9419705134.jpg	9419705134	yes	200	https://www.flickr.com/photos/treebeard/9419705134/	https://live.staticflickr.com/7359/9419705134_b86b150c41_c.jpg	https://live.staticflickr.com/7359/9419705134_b86b150c41_q.jpg	Mexican Cactus Fly (Copestylum mexicanum, Syrphidae, Diptera) on Butterfly Bush (Buddleia davidii, Scrophulariaceae)	Treebeard	All Rights Reserved	124	
9636	20037e52-e10c-4a7c-89e2-93dcd4cfa534	404	https://symbiota.ccber.ucsb.edu/kummel/2026/9419738600.jpg	9419738600.jpg	9419738600	yes	200	https://www.flickr.com/photos/treebeard/9419738600/	https://live.staticflickr.com/5487/9419738600_9f67ca9291_b.jpg	https://live.staticflickr.com/5487/9419738600_9f67ca9291_q.jpg	Red-shouldered Leaf Beetle (Saxinis saucia, Chrysomelidae, Coleoptera) on California Buckwheat (Eriogonum fasciculatum, Polygonaceae)	Treebeard	All Rights Reserved	122	
9637	8b7b3c4d-6f19-4094-ba20-0fa21f4f345b	404	https://symbiota.ccber.ucsb.edu/kummel/2026/9419940550.jpg	9419940550.jpg	9419940550	yes	200	https://www.flickr.com/photos/treebeard/9419940550/	https://live.staticflickr.com/2837/9419940550_6110eef913_c.jpg	https://live.staticflickr.com/2837/9419940550_6110eef913_q.jpg	Pacific Ambush Bug (Phymata pacifica, Phymatidae, Hemiptera) on California Buckwheat (Eriogonum fasciculatum, Polygonaceae)	Treebeard	All Rights Reserved	117	
9638	756b2179-2471-4ed7-bf02-c03abe0d012a	404	https://symbiota.ccber.ucsb.edu/kummel/2026/9423703587.jpg	9423703587.jpg	9423703587	yes	200	https://www.flickr.com/photos/treebeard/9423703587/	https://live.staticflickr.com/5542/9423703587_5d1df1a07d_b.jpg	https://live.staticflickr.com/5542/9423703587_5d1df1a07d_q.jpg	New berries of native Coffeeberry (Rhamnus californica, Rhamnaceae)	Treebeard	All Rights Reserved	126	
9639	4e2a6a86-d0b6-4de7-8c37-1626352a0a4b	404	https://symbiota.ccber.ucsb.edu/kummel/2026/9423776253.jpg	9423776253.jpg	9423776253	yes	200	https://www.flickr.com/photos/treebeard/9423776253/	https://live.staticflickr.com/7411/9423776253_4f387c78ea_b.jpg	https://live.staticflickr.com/7411/9423776253_4f387c78ea_q.jpg	Western Fence Lizard (Sceloporus occidentalis) on the bark of Coast Live Oak (Quercus agrifolia, Fagaceae) tree - it's molting	Treebeard	All Rights Reserved	141	
9640	02bbaf70-8bd9-4c39-a30d-2557705b9f02	404	https://symbiota.ccber.ucsb.edu/kummel/2026/9423819769.jpg	9423819769.jpg	9423819769	yes	200	https://www.flickr.com/photos/treebeard/9423819769/	https://live.staticflickr.com/7312/9423819769_8aef251ff2_b.jpg	https://live.staticflickr.com/7312/9423819769_8aef251ff2_q.jpg	Tiny nymph of a Tree Cricket (Oecanthus, Gryllidae, Orthoptera) on Nuttall's Snowberry (Symphoricarpos mollis, Caprifoliaceae)	Treebeard	All Rights Reserved	132	
9641	066d5b07-ba23-475c-9205-c781a5352518	404	https://symbiota.ccber.ucsb.edu/kummel/2026/9423969499.jpg	9423969499.jpg	9423969499	yes	200	https://www.flickr.com/photos/treebeard/9423969499/	https://live.staticflickr.com/2834/9423969499_8f39e0b318_b.jpg	https://live.staticflickr.com/2834/9423969499_8f39e0b318_q.jpg	California Sister (Adelpha bredowii) butterfly on a sandstone river rock in the garden	Treebeard	All Rights Reserved	114	
9642	b7b790d6-dfb2-45b3-898f-815d670bc499	404	https://symbiota.ccber.ucsb.edu/kummel/2026/9426219812.jpg	9426219812.jpg	9426219812	yes	200	https://www.flickr.com/photos/treebeard/9426219812/	https://live.staticflickr.com/7345/9426219812_4e87ec8a86_b.jpg	https://live.staticflickr.com/7345/9426219812_4e87ec8a86_q.jpg	Non-native weedy Bull Thistle (Cirsium vulgare, Asteraceae) spreading thousands of seeds	Treebeard	All Rights Reserved	115	
9643	de289837-a472-4c29-976b-31fd75352f8f	404	https://symbiota.ccber.ucsb.edu/kummel/2026/9426282304.jpg	9426282304.jpg	9426282304	yes	200	https://www.flickr.com/photos/treebeard/9426282304/	https://live.staticflickr.com/3763/9426282304_69c0822b18_c.jpg	https://live.staticflickr.com/3763/9426282304_69c0822b18_q.jpg	Native plant of Red Thistle aka Cobweb Thistle (Cirsium occidentale var. venustum, Asteraceae) going to seed	Treebeard	All Rights Reserved	118	
9644	7302a047-4b9a-4f41-bc71-94461b38b8d3	404	https://symbiota.ccber.ucsb.edu/kummel/2026/9426373436.jpg	9426373436.jpg	9426373436	yes	200	https://www.flickr.com/photos/treebeard/9426373436/	https://live.staticflickr.com/7384/9426373436_e0ac6bd4b4_c.jpg	https://live.staticflickr.com/7384/9426373436_e0ac6bd4b4_q.jpg	New morning flowers of Evening Primrose (Oenothera elata ssp. hookeri, Onagraceae) - or a hybrid?	Treebeard	All Rights Reserved	117	
9645	de34bef5-48c0-44db-b5ac-d2ece8a075d1	404	https://symbiota.ccber.ucsb.edu/kummel/2026/9426626608.jpg	9426626608.jpg	9426626608	yes	200	https://www.flickr.com/photos/treebeard/9426626608/	https://live.staticflickr.com/5509/9426626608_0ee6d47e43_b.jpg	https://live.staticflickr.com/5509/9426626608_0ee6d47e43_q.jpg	Nymph of a different Tree Cricket (Oecanthus, Gryllidae, Orthoptera) on a chile pepper plant in the garden	Treebeard	All Rights Reserved	130	
9646	19c1864c-fd00-4f3a-aef3-d821c2e3942c	404	https://symbiota.ccber.ucsb.edu/kummel/2026/9656855321.jpg	9656855321.jpg	9656855321	yes	200	https://www.flickr.com/photos/treebeard/9656855321/	https://live.staticflickr.com/3774/9656855321_59da74c95d_b.jpg	https://live.staticflickr.com/3774/9656855321_59da74c95d_q.jpg	Summer-run Steelhead Trout (Oncorhynchus mykiss) holding in Big Bend Pool on Steamboat Creek	Treebeard	All Rights Reserved	122	
9647	47e03b1f-b5b3-49c0-848b-e7cd7f23b137	404	https://symbiota.ccber.ucsb.edu/kummel/2026/9657213381.jpg	9657213381.jpg	9657213381	yes	200	https://www.flickr.com/photos/treebeard/9657213381/	https://live.staticflickr.com/5486/9657213381_fa62c0d282_b.jpg	https://live.staticflickr.com/5486/9657213381_fa62c0d282_q.jpg	Summer-run Steelhead Trout (Oncorhynchus mykiss) holding in Big Bend Pool on Steamboat Creek	Treebeard	All Rights Reserved	116	
9648	996fb7d8-21de-4974-ac65-aefa37afba2c	404	https://symbiota.ccber.ucsb.edu/kummel/2026/9660477954.jpg	9660477954.jpg	9660477954	yes	200	https://www.flickr.com/photos/treebeard/9660477954/	https://live.staticflickr.com/5483/9660477954_350d8c14ba_b.jpg	https://live.staticflickr.com/5483/9660477954_350d8c14ba_q.jpg	Summer-run Steelhead Trout (Oncorhynchus mykiss) holding in Big Bend Pool on Steamboat Creek off the North Umpqua River	Treebeard	All Rights Reserved	114	
9649	c4642de1-33d0-4d08-b248-e725c0e872b7	404	https://symbiota.ccber.ucsb.edu/kummel/2026/9665880049.jpg	9665880049.jpg	9665880049	yes	200	https://www.flickr.com/photos/treebeard/9665880049/	https://live.staticflickr.com/2809/9665880049_cebd1abe98_b.jpg	https://live.staticflickr.com/2809/9665880049_cebd1abe98_q.jpg	Pine White (Neophasia menapia) butterfly working flowers of some kind of Aster (Asteraceae)	Treebeard	All Rights Reserved	119	
9650	52e18967-b728-45e3-bae4-55748bd594d3	404	https://symbiota.ccber.ucsb.edu/kummel/2026/9665965225.jpg	9665965225.jpg	9665965225	yes	200	https://www.flickr.com/photos/treebeard/9665965225/	https://live.staticflickr.com/3830/9665965225_a96ea40b33_c.jpg	https://live.staticflickr.com/3830/9665965225_a96ea40b33_q.jpg	White Crab Spider (Thomisidae) has a Pine White (Neophasia menapia) butterfly	Treebeard	All Rights Reserved	124	
9651	ea737753-c257-4ed2-bc6b-294f617878f0	404	https://symbiota.ccber.ucsb.edu/kummel/2026/9666091011.jpg	9666091011.jpg	9666091011	yes	200	https://www.flickr.com/photos/treebeard/9666091011/	https://live.staticflickr.com/3681/9666091011_b7bc643423_b.jpg	https://live.staticflickr.com/3681/9666091011_b7bc643423_q.jpg	White Crab Spider (Thomisidae) has a Pine White (Neophasia menapia) butterfly	Treebeard	All Rights Reserved	130	
9652	60afdfef-8dff-4cfa-a8c3-0f933a1f37af	404	https://symbiota.ccber.ucsb.edu/kummel/2026/9666147537.jpg	9666147537.jpg	9666147537	yes	200	https://www.flickr.com/photos/treebeard/9666147537/	https://live.staticflickr.com/5503/9666147537_5fc60f84cc_b.jpg	https://live.staticflickr.com/5503/9666147537_5fc60f84cc_q.jpg	Grass-Skipper (Hesperia, Hesperiidae) butterfly on Spotted Knapweed (Centaurea maculosa, Asteraceae)	Treebeard	All Rights Reserved	121	
9653	832bfa49-5a2d-491e-a4ff-0d097e6e87eb	404	https://symbiota.ccber.ucsb.edu/kummel/2026/9666249241.jpg	9666249241.jpg	9666249241	yes	200	https://www.flickr.com/photos/treebeard/9666249241/	https://live.staticflickr.com/3822/9666249241_a5b4ae2e41_c.jpg	https://live.staticflickr.com/3822/9666249241_a5b4ae2e41_q.jpg	Common Checkered-Skipper (Pyrgus communis) butterfly on Pennyroyal (Mentha pulegium, Lamiaceae)	Treebeard	All Rights Reserved	113	
9654	772d66c2-8fd8-4deb-9d75-96168233cad2	404	https://symbiota.ccber.ucsb.edu/kummel/2026/9666359281.jpg	9666359281.jpg	9666359281	yes	200	https://www.flickr.com/photos/treebeard/9666359281/	https://live.staticflickr.com/3720/9666359281_1bffc5b2be_b.jpg	https://live.staticflickr.com/3720/9666359281_1bffc5b2be_q.jpg	Mylitta Crescent (Phyciodes mylitta) butterfly on non-native Pennyroyal (Mentha pulegium, Lamiaceae)	Treebeard	All Rights Reserved	115	
9655	32708b1a-7bd8-486d-b2bb-ed9bf6ad0952	404	https://symbiota.ccber.ucsb.edu/kummel/2026/9666395113.jpg	9666395113.jpg	9666395113	yes	200	https://www.flickr.com/photos/treebeard/9666395113/	https://live.staticflickr.com/7358/9666395113_0bdd6c7988_c.jpg	https://live.staticflickr.com/7358/9666395113_0bdd6c7988_q.jpg	Great Spangled Fritillary (Speyeria cybele) butterfly on non-native Bull Thistle (Cirsium vulgare, Asteraceae)	Treebeard	All Rights Reserved	119	
9656	2ae5c70e-d897-4283-a42e-6d2d5a1922f0	404	https://symbiota.ccber.ucsb.edu/kummel/2026/9669549480.jpg	9669549480.jpg	9669549480	yes	200	https://www.flickr.com/photos/treebeard/9669549480/	https://live.staticflickr.com/5462/9669549480_e8f92b6d9b_b.jpg	https://live.staticflickr.com/5462/9669549480_e8f92b6d9b_q.jpg	Gray Hairstreak (Strymon melinus) butterfly on flowers of non-native Pennyroyal (Mentha pulegium, Lamiaceae)	Treebeard	All Rights Reserved	118	
9657	5b215d8e-19c0-4a51-9649-92e8ac577166	404	https://symbiota.ccber.ucsb.edu/kummel/2026/9673837583.jpg	9673837583.jpg	9673837583	yes	200	https://www.flickr.com/photos/treebeard/9673837583/	https://live.staticflickr.com/2888/9673837583_36a3e12f7e_c.jpg	https://live.staticflickr.com/2888/9673837583_36a3e12f7e_q.jpg	Short-horned Grasshopper (Acrididae, Orthoptera) on Himalayan Blackberry (Rubus discolor, Rosaceae)	Treebeard	All Rights Reserved	130	
9658	9286c0f5-f04c-43b3-a5bf-86af1818b63d	404	https://symbiota.ccber.ucsb.edu/kummel/2026/9674187745.jpg	9674187745.jpg	9674187745	yes	200	https://www.flickr.com/photos/treebeard/9674187745/	https://live.staticflickr.com/7384/9674187745_fe7dfeb59d_c.jpg	https://live.staticflickr.com/7384/9674187745_fe7dfeb59d_q.jpg	Behr's Metalmark (Apodemia virgulti) on Ms. Plummer's Baccharis (Baccharis plummerae, Asteraceae)	Treebeard	All Rights Reserved	152	
9659	fd6609cd-bbbc-4d65-becd-10f9cddb8113	404	https://symbiota.ccber.ucsb.edu/kummel/2026/9676915056.jpg	9676915056.jpg	9676915056	yes	200	https://www.flickr.com/photos/treebeard/9676915056/	https://live.staticflickr.com/7438/9676915056_b62086b3da_c.jpg	https://live.staticflickr.com/7438/9676915056_b62086b3da_q.jpg	Great Spangled Fritillary (Speyeria cybele) butterfly on non-native Bull Thistle (Cirsium vulgare, Asteraceae)	Treebeard	All Rights Reserved	135	
9660	8f671c4e-4133-4018-83ad-a0f7a3c8d926	404	https://symbiota.ccber.ucsb.edu/kummel/2026/9676948284.jpg	9676948284.jpg	9676948284	yes	200	https://www.flickr.com/photos/treebeard/9676948284/	https://live.staticflickr.com/3720/9676948284_385da27c4d_b.jpg	https://live.staticflickr.com/3720/9676948284_385da27c4d_q.jpg	Short-horned Grasshopper (Acrididae, Orthoptera) on Perennial Sweet Pea (Lathyrus latifolius, Fabaceae)	Treebeard	All Rights Reserved	125	
9661	eae8ca0a-449d-4ccb-be5a-585b99b2b299	404	https://symbiota.ccber.ucsb.edu/kummel/2026/9677115398.jpg	9677115398.jpg	9677115398	yes	200	https://www.flickr.com/photos/treebeard/9677115398/	https://live.staticflickr.com/3752/9677115398_c6dbc75279_c.jpg	https://live.staticflickr.com/3752/9677115398_c6dbc75279_q.jpg	Cicada (Cicadidae, Homoptera) on Perennial Sweet Pea (Lathyrus latifolius, Fabaceae)	Treebeard	All Rights Reserved	118	
9662	de9ecafd-6b7b-4429-93ab-c31bcd35dbe9	404	https://symbiota.ccber.ucsb.edu/kummel/2026/9677195140.jpg	9677195140.jpg	9677195140	yes	200	https://www.flickr.com/photos/treebeard/9677195140/	https://live.staticflickr.com/5326/9677195140_3835791b2f_c.jpg	https://live.staticflickr.com/5326/9677195140_3835791b2f_q.jpg	Snout-nosed Weevil beetle (Curculionidae, Coleoptera)	Treebeard	All Rights Reserved	127	
9663	62a126a3-252d-49fa-bfdf-2ca0a83e12b5	404	https://symbiota.ccber.ucsb.edu/kummel/2026/9677224810.jpg	9677224810.jpg	9677224810	yes	200	https://www.flickr.com/photos/treebeard/9677224810/	https://live.staticflickr.com/3704/9677224810_a6df34ddb6_c.jpg	https://live.staticflickr.com/3704/9677224810_a6df34ddb6_q.jpg	Dragonfly (Libellulidae, Odonata) - maybe a Striped Meadowhawk (Sympetrum pallipes)?	Treebeard	All Rights Reserved	125	
9664	07e00cb0-7735-4833-ac76-26e7cb53e834	404	https://symbiota.ccber.ucsb.edu/kummel/2026/9677312564.jpg	9677312564.jpg	9677312564	yes	200	https://www.flickr.com/photos/treebeard/9677312564/	https://live.staticflickr.com/3695/9677312564_f8fe8edc28_c.jpg	https://live.staticflickr.com/3695/9677312564_f8fe8edc28_q.jpg	Dragonflies (Libellulidae, Odonata) in tandem - maybe Striped Meadowhawks (Sympetrum pallipes)?	Treebeard	All Rights Reserved	127	
9665	e6b36221-111b-4767-8a00-5a76ea01cd4d	404	https://symbiota.ccber.ucsb.edu/kummel/2026/9680316145.jpg	9680316145.jpg	9680316145	yes	200	https://www.flickr.com/photos/treebeard/9680316145/	https://live.staticflickr.com/5467/9680316145_59a20dbc5d_c.jpg	https://live.staticflickr.com/5467/9680316145_59a20dbc5d_q.jpg	Bottle cap-sized Orb-Weaver Spider (Araneus, Araneidae)	Treebeard	All Rights Reserved	152	
9666	4120e8ad-4d94-4157-a622-da5ead3f4429	404	https://symbiota.ccber.ucsb.edu/kummel/2026/9680781835.jpg	9680781835.jpg	9680781835	yes	200	https://www.flickr.com/photos/treebeard/9680781835/	https://live.staticflickr.com/3714/9680781835_f03a1c44c1_b.jpg	https://live.staticflickr.com/3714/9680781835_f03a1c44c1_q.jpg	Late-instar nymph of an Assassin Bug (Reduviidae, Hemiptera) - maybe genus Pselliopus?	Treebeard	All Rights Reserved	151	
9667	d6172e0b-3eb7-407b-8c7d-4ccc3e6c9f7b	404	https://symbiota.ccber.ucsb.edu/kummel/2026/9680880637.jpg	9680880637.jpg	9680880637	yes	200	https://www.flickr.com/photos/treebeard/9680880637/	https://live.staticflickr.com/7325/9680880637_4e1a25cb17_b.jpg	https://live.staticflickr.com/7325/9680880637_4e1a25cb17_q.jpg	Late-instar nymph of an Assassin Bug (Reduviidae, Hemiptera) - maybe genus Pselliopus?	Treebeard	All Rights Reserved	136	
9668	77806488-30eb-4834-89d7-d11dce2356c1	404	https://symbiota.ccber.ucsb.edu/kummel/2026/9683681716.jpg	9683681716.jpg	9683681716	yes	200	https://www.flickr.com/photos/treebeard/9683681716/	https://live.staticflickr.com/3699/9683681716_9b217d1475_c.jpg	https://live.staticflickr.com/3699/9683681716_9b217d1475_q.jpg	Blister Beetle (Meloidae) and Rove Beetle (Staphylinidae) - both Coleoptera - on Pearly Everlasting (Anaphalis margaritacea, Asteraceae)	Treebeard	All Rights Reserved	116	
9669	9f1d5083-c005-4877-8dd5-0ff21be4f03a	404	https://symbiota.ccber.ucsb.edu/kummel/2026/9683799236.jpg	9683799236.jpg	9683799236	yes	200	https://www.flickr.com/photos/treebeard/9683799236/	https://live.staticflickr.com/5539/9683799236_056533b350_c.jpg	https://live.staticflickr.com/5539/9683799236_056533b350_q.jpg	Tachinid Fly (Tachinidae, Diptera) on Salal (Gaultheria shallon, Ericaceae)	Treebeard	All Rights Reserved	119	
9670	7f077909-07cf-4d21-b5a0-de5d441bcbae	404	https://symbiota.ccber.ucsb.edu/kummel/2026/9683893680.jpg	9683893680.jpg	9683893680	yes	200	https://www.flickr.com/photos/treebeard/9683893680/	https://live.staticflickr.com/5330/9683893680_7507dc8d28_b.jpg	https://live.staticflickr.com/5330/9683893680_7507dc8d28_q.jpg	Short-winged Short-horned Grasshopper (Acrididae, Orthoptera) sucking a berry of Himalayan Blackberry (Rubus discolor, Rosaceae)	Treebeard	All Rights Reserved	115	
9671	571bd144-3ef5-4dee-bdf5-609035e15416	404	https://symbiota.ccber.ucsb.edu/kummel/2026/9687358059.jpg	9687358059.jpg	9687358059	yes	200	https://www.flickr.com/photos/treebeard/9687358059/	https://live.staticflickr.com/2819/9687358059_01b6e11ed8_c.jpg	https://live.staticflickr.com/2819/9687358059_01b6e11ed8_q.jpg	Pinedrops (Pterospora andromedea, Ericaceae), a total saprophyte without chlorophyll	Treebeard	All Rights Reserved	149	
9672	baefc14a-da20-446a-a983-72b58f2b71f5	404	https://symbiota.ccber.ucsb.edu/kummel/2026/9687524235.jpg	9687524235.jpg	9687524235	yes	200	https://www.flickr.com/photos/treebeard/9687524235/	https://live.staticflickr.com/7308/9687524235_e1d2819b9a_c.jpg	https://live.staticflickr.com/7308/9687524235_e1d2819b9a_q.jpg	New flowers of Rattlesnake Orchid (Goodyera oblongifolia, Orchidaceae)	Treebeard	All Rights Reserved	136	
9673	3c5e60f7-6279-48c7-bd8f-6d9806a3e3fc	404	https://symbiota.ccber.ucsb.edu/kummel/2026/9687574795.jpg	9687574795.jpg	9687574795	yes	200	https://www.flickr.com/photos/treebeard/9687574795/	https://live.staticflickr.com/2824/9687574795_ae041161fa_c.jpg	https://live.staticflickr.com/2824/9687574795_ae041161fa_q.jpg	Denseflower Rein Orchid (Piperia elongata, Orchidaceae) aka Chaparral Orchid	Treebeard	All Rights Reserved	154	
9674	52d72972-ae3e-42c2-87ac-b8c081dc6fae	404	https://symbiota.ccber.ucsb.edu/kummel/2026/9687801401.jpg	9687801401.jpg	9687801401	yes	200	https://www.flickr.com/photos/treebeard/9687801401/	https://live.staticflickr.com/5465/9687801401_b987543e3b_c.jpg	https://live.staticflickr.com/5465/9687801401_b987543e3b_q.jpg	Four-spurred Assassin Bug (Zelus tetracanthus, Reduviidae, Hemiptera) on Coastal Goldenbush (Isocoma menziesii, Asteraceae)	Treebeard	All Rights Reserved	132	
9675	63b88775-b88c-46fe-a281-04b8606a5cfd	404	https://symbiota.ccber.ucsb.edu/kummel/2026/9690673448.jpg	9690673448.jpg	9690673448	yes	200	https://www.flickr.com/photos/treebeard/9690673448/	https://live.staticflickr.com/7442/9690673448_6cf6e4be9c_b.jpg	https://live.staticflickr.com/7442/9690673448_6cf6e4be9c_q.jpg	Strange white flowers of Indian Pipes (Monotropa uniflora, Ericaceae) in the Oregon woods	Treebeard	All Rights Reserved	117	
9676	8a44a3fd-c87f-433f-87f2-9d19701fe0ad	404	https://symbiota.ccber.ucsb.edu/kummel/2026/9690888880.jpg	9690888880.jpg	9690888880	yes	200	https://www.flickr.com/photos/treebeard/9690888880/	https://live.staticflickr.com/7372/9690888880_239f707d74_c.jpg	https://live.staticflickr.com/7372/9690888880_239f707d74_q.jpg	Four-spurred Assassin Bug (Zelus tetracanthus, Reduviidae, Hemiptera) on Coastal Goldenbush (Isocoma menziesii, Asteraceae)	Treebeard	All Rights Reserved	117	
9677	6ecf5e2f-c504-4789-9d7e-e9fee98d4c28	404	https://symbiota.ccber.ucsb.edu/kummel/2026/9698094328.jpg	9698094328.jpg	9698094328	yes	200	https://www.flickr.com/photos/treebeard/9698094328/	https://live.staticflickr.com/5482/9698094328_94e4c042d7_b.jpg	https://live.staticflickr.com/5482/9698094328_94e4c042d7_q.jpg	Native terrestrial Land Snail (Gastropoda) in the Oregon woods - maybe a Pacific Sideband (Monadena fidelis)?	Treebeard	All Rights Reserved	115	
9678	8a4f32a1-172b-4eb8-b9eb-c6c1cd2bc602	404	https://symbiota.ccber.ucsb.edu/kummel/2026/9698164270.jpg	9698164270.jpg	9698164270	yes	200	https://www.flickr.com/photos/treebeard/9698164270/	https://live.staticflickr.com/2854/9698164270_8bdfec3967_b.jpg	https://live.staticflickr.com/2854/9698164270_8bdfec3967_q.jpg	Native terrestrial Land Snail (Gastropoda) in the Oregon woods - maybe a Pacific Sideband (Monadena fidelis)?	Treebeard	All Rights Reserved	123	
9679	76e3acde-71b1-460f-9466-7e8bae25aabc	404	https://symbiota.ccber.ucsb.edu/kummel/2026/9703288525.jpg	9703288525.jpg	9703288525	yes	200	https://www.flickr.com/photos/treebeard/9703288525/	https://live.staticflickr.com/5539/9703288525_d60caf5a84_b.jpg	https://live.staticflickr.com/5539/9703288525_d60caf5a84_q.jpg	Large shrub of native Golden Fleece (Ericameria arborescens, Asteraceae)	Treebeard	All Rights Reserved	140	
9680	606ea7bc-5116-4fd5-8ed3-50e31f7e0281	404	https://symbiota.ccber.ucsb.edu/kummel/2026/9703342587.jpg	9703342587.jpg	9703342587	yes	200	https://www.flickr.com/photos/treebeard/9703342587/	https://live.staticflickr.com/3747/9703342587_f451cb190d_b.jpg	https://live.staticflickr.com/3747/9703342587_f451cb190d_q.jpg	Late summer flowers of native California Aster (Corethrogyne filaginifolia aka Lessingia filaginifolia, Asteraceae)	Treebeard	All Rights Reserved	127	
9681	9491f2fe-d462-44ee-bf97-584cf4529e79	404	https://symbiota.ccber.ucsb.edu/kummel/2026/9703711645.jpg	9703711645.jpg	9703711645	yes	200	https://www.flickr.com/photos/treebeard/9703711645/	https://live.staticflickr.com/3795/9703711645_3b46603fc2_c.jpg	https://live.staticflickr.com/3795/9703711645_3b46603fc2_q.jpg	"Honey-making galls of Twig Gall Wasp (Disholcaspis mellifica, Cynipidae, Hymenoptera) on Scrub Oak (Quercus berberidifolia, Fagaceae) with a ""true bug"" and wasps"	Treebeard	All Rights Reserved	118	
9682	3e71e188-3003-47db-a518-7f0004a40703	404	https://symbiota.ccber.ucsb.edu/kummel/2026/9703964173.jpg	9703964173.jpg	9703964173	yes	200	https://www.flickr.com/photos/treebeard/9703964173/	https://live.staticflickr.com/3704/9703964173_ea86935fda_c.jpg	https://live.staticflickr.com/3704/9703964173_ea86935fda_q.jpg	Behr's Metalmark (Apodemia virgulti) on Douglas' Groundsel (Senecio flaccidus var. douglasii, Asteraceae)	Treebeard	All Rights Reserved	116	
9683	cd91cc59-72f7-46e3-8527-ae54136874c7	404	https://symbiota.ccber.ucsb.edu/kummel/2026/9706666124.jpg	9706666124.jpg	9706666124	yes	200	https://www.flickr.com/photos/treebeard/9706666124/	https://live.staticflickr.com/7458/9706666124_6ea56e5a67_c.jpg	https://live.staticflickr.com/7458/9706666124_6ea56e5a67_q.jpg	Fort Tejon Milk-Aster aka Chicory-leaved Stephanomeria (Stephanomeria cichoriacea, Asteraceae)	Treebeard	All Rights Reserved	118	
9684	5c53b62b-124e-4363-b605-8a9b1ac837a9	404	https://symbiota.ccber.ucsb.edu/kummel/2026/9706792784.jpg	9706792784.jpg	9706792784	yes	200	https://www.flickr.com/photos/treebeard/9706792784/	https://live.staticflickr.com/3782/9706792784_6b12456053_c.jpg	https://live.staticflickr.com/3782/9706792784_6b12456053_q.jpg	"""True Bug"" (Hemiptera) - maybe Melanopleurus belfragei in the family Lygaeidae?"	Treebeard	All Rights Reserved	116	
9685	fb63a27b-6890-4ed3-ae47-217c0e7d3e70	404	https://symbiota.ccber.ucsb.edu/kummel/2026/9711187489.jpg	9711187489.jpg	9711187489	yes	200	https://www.flickr.com/photos/treebeard/9711187489/	https://live.staticflickr.com/7371/9711187489_a37273e82c_b.jpg	https://live.staticflickr.com/7371/9711187489_a37273e82c_q.jpg	New flowers of native composite Sawtooth Goldenbush (Hazardia squarrosa, Asteraceae)	Treebeard	All Rights Reserved	113	
9686	5d571deb-9c2e-4652-a7eb-7138a56f534a	404	https://symbiota.ccber.ucsb.edu/kummel/2026/9711325021.jpg	9711325021.jpg	9711325021	yes	200	https://www.flickr.com/photos/treebeard/9711325021/	https://live.staticflickr.com/2840/9711325021_8013710543_b.jpg	https://live.staticflickr.com/2840/9711325021_8013710543_q.jpg	New flowers of Sticky False Gilyflower (Allophyllum glutinosum, Polemoniaceae)	Treebeard	All Rights Reserved	114	
9687	6754cbec-7a96-486f-8749-b13ecd1af5d9	404	https://symbiota.ccber.ucsb.edu/kummel/2026/9711362957.jpg	9711362957.jpg	9711362957	yes	200	https://www.flickr.com/photos/treebeard/9711362957/	https://live.staticflickr.com/7331/9711362957_192737fc2d_b.jpg	https://live.staticflickr.com/7331/9711362957_192737fc2d_q.jpg	Tricolored berries of native Coffeeberry (Rhamnus californica, Rhamnaceae)	Treebeard	All Rights Reserved	114	
9688	8f1050f6-cce9-461f-a66a-4365f9477e09	404	https://symbiota.ccber.ucsb.edu/kummel/2026/9714379008.jpg	9714379008.jpg	9714379008	yes	200	https://www.flickr.com/photos/treebeard/9714379008/	https://live.staticflickr.com/7364/9714379008_d6ce4897eb_c.jpg	https://live.staticflickr.com/7364/9714379008_d6ce4897eb_q.jpg	Bush Groundsel (Senecio douglasii, Asteraceae) - now renamed as Douglas' Groundsel (Senecio flaccidus var. Douglasii)	Treebeard	All Rights Reserved	118	
9689	53713a46-2882-47e8-8061-b096b929cb9d	404	https://symbiota.ccber.ucsb.edu/kummel/2026/9714459036.jpg	9714459036.jpg	9714459036	yes	200	https://www.flickr.com/photos/treebeard/9714459036/	https://live.staticflickr.com/3798/9714459036_f6aa521442_b.jpg	https://live.staticflickr.com/3798/9714459036_f6aa521442_q.jpg	New flowers of native Mugwort (Artemisia douglasiana, Asteraceae)	Treebeard	All Rights Reserved	113	
9690	7092b4dd-166c-42ef-a768-a68b85436db9	404	https://symbiota.ccber.ucsb.edu/kummel/2026/9714732790.jpg	9714732790.jpg	9714732790	yes	200	https://www.flickr.com/photos/treebeard/9714732790/	https://live.staticflickr.com/3689/9714732790_0c1f696ca2_c.jpg	https://live.staticflickr.com/3689/9714732790_0c1f696ca2_q.jpg	Syrphid Flower Fly (Eristalis?, Syrphidae, Diptera) caught by a Crab Spider (Thomisidae) on Coyote Bush (Baccharis pilularis, Asteraceae)	Treebeard	All Rights Reserved	119	
9691	b7297709-6d20-44d9-a10f-252bc5aa327a	404	https://symbiota.ccber.ucsb.edu/kummel/2026/9718267853.jpg	9718267853.jpg	9718267853	yes	200	https://www.flickr.com/photos/treebeard/9718267853/	https://live.staticflickr.com/2875/9718267853_00b267a82d_b.jpg	https://live.staticflickr.com/2875/9718267853_00b267a82d_q.jpg	Lovely foliage of native Vine Maple (Acer circinatum, Aceraceae) in the Oregon woods	Treebeard	All Rights Reserved	133	
9692	4186b142-032a-4c71-927a-771b6110a488	404	https://symbiota.ccber.ucsb.edu/kummel/2026/9718318163.jpg	9718318163.jpg	9718318163	yes	200	https://www.flickr.com/photos/treebeard/9718318163/	https://live.staticflickr.com/7291/9718318163_657ee1ba66_b.jpg	https://live.staticflickr.com/7291/9718318163_657ee1ba66_q.jpg	New seeds and foliage of Bigleaf Maple (Acer macrophyllum, Aceraceae) in the Oregon woods	Treebeard	All Rights Reserved	135	
9693	ab667bb8-17cf-43da-93c0-b69cf7e39a5f	404	https://symbiota.ccber.ucsb.edu/kummel/2026/9718555849.jpg	9718555849.jpg	9718555849	yes	200	https://www.flickr.com/photos/treebeard/9718555849/	https://live.staticflickr.com/2841/9718555849_75150e0ac8_c.jpg	https://live.staticflickr.com/2841/9718555849_75150e0ac8_q.jpg	Insect galls on leaves of huckleberry or blueberry (Vaccinium, Ericaceae) in the Oregon woods	Treebeard	All Rights Reserved	123	
9694	ff60c57d-a85f-4d5c-8494-92cf934fc8b1	404	https://symbiota.ccber.ucsb.edu/kummel/2026/9718752255.jpg	9718752255.jpg	9718752255	yes	200	https://www.flickr.com/photos/treebeard/9718752255/	https://live.staticflickr.com/2853/9718752255_bb31851647_b.jpg	https://live.staticflickr.com/2853/9718752255_bb31851647_q.jpg	Gall of a Mossy Rose Gall Wasp (Diplolepis bassetti, Cynipidae, Hymenoptera) on Wild Rose (Rosa, Rosaceae)	Treebeard	All Rights Reserved	117	
9695	d44b0351-ff32-4810-bfc6-5270132c37bd	404	https://symbiota.ccber.ucsb.edu/kummel/2026/9721612420.jpg	9721612420.jpg	9721612420	yes	200	https://www.flickr.com/photos/treebeard/9721612420/	https://live.staticflickr.com/3760/9721612420_703efbe446_b.jpg	https://live.staticflickr.com/3760/9721612420_703efbe446_q.jpg	Leaf Blight on Madrone (Arbutus menziesii, Ericaceae) trees, March and August	Treebeard	All Rights Reserved	116	
9696	495c09f3-b2cd-48c5-bd20-9a03d131feec	404	https://symbiota.ccber.ucsb.edu/kummel/2026/9722085598.jpg	9722085598.jpg	9722085598	yes	200	https://www.flickr.com/photos/treebeard/9722085598/	https://live.staticflickr.com/3768/9722085598_4daaaf4891_b.jpg	https://live.staticflickr.com/3768/9722085598_4daaaf4891_q.jpg	Gall of a Speckled Gall Wasp (Besbicus mirabilis, Cynipidae, Hymenoptera) on Oregon White Oak (Quercus garryana, Fagaceae)	Treebeard	All Rights Reserved	115	
9697	60d4ebcd-03f6-4225-8369-018237fd5076	404	https://symbiota.ccber.ucsb.edu/kummel/2026/9725653261.jpg	9725653261.jpg	9725653261	yes	200	https://www.flickr.com/photos/treebeard/9725653261/	https://live.staticflickr.com/2893/9725653261_215fa52451_c.jpg	https://live.staticflickr.com/2893/9725653261_215fa52451_q.jpg	New summer flowers of California Fuschia (Epilobium canum ssp. angustifolium aka Zauschneria californica, Onagraceae)	Treebeard	All Rights Reserved	117	
9698	259239a1-7bc8-4af7-b732-bfb525a03006	404	https://symbiota.ccber.ucsb.edu/kummel/2026/9728910872.jpg	9728910872.jpg	9728910872	yes	200	https://www.flickr.com/photos/treebeard/9728910872/	https://live.staticflickr.com/3695/9728910872_4e3702be94_c.jpg	https://live.staticflickr.com/3695/9728910872_4e3702be94_q.jpg	Crab Spider (Thomisidae) on a twig of Coast Live Oak (Quercus agrifolia, Fagaceae)	Treebeard	All Rights Reserved	123	
9699	26c9105d-040c-4297-9205-d08e8971af94	404	https://symbiota.ccber.ucsb.edu/kummel/2026/9728943882.jpg	9728943882.jpg	9728943882	yes	200	https://www.flickr.com/photos/treebeard/9728943882/	https://live.staticflickr.com/7305/9728943882_b50d7c60ed_b.jpg	https://live.staticflickr.com/7305/9728943882_b50d7c60ed_q.jpg	Crab Spider (Thomisidae) on a small Black-Eyed Susan aka Gloriosa Daisy (Rudbeckia hirta, Asteraceae)	Treebeard	All Rights Reserved	117	
9700	42b9c555-2e6c-4f7b-811e-8a732514dcce	404	https://symbiota.ccber.ucsb.edu/kummel/2026/9729006502.jpg	9729006502.jpg	9729006502	yes	200	https://www.flickr.com/photos/treebeard/9729006502/	https://live.staticflickr.com/7415/9729006502_1b6490b8e1_b.jpg	https://live.staticflickr.com/7415/9729006502_1b6490b8e1_q.jpg	Late-instar nymph of an Assassin Bug (Reduviidae, Hemiptera) on Wild Blackberry (Rubus ursinus, Rosaceae)	Treebeard	All Rights Reserved	114	
9701	cfbb2526-87aa-49b4-8cfb-33e5f7589b51	404	https://symbiota.ccber.ucsb.edu/kummel/2026/9729110962.jpg	9729110962.jpg	9729110962	yes	200	https://www.flickr.com/photos/treebeard/9729110962/	https://live.staticflickr.com/3819/9729110962_87b04b0696_b.jpg	https://live.staticflickr.com/3819/9729110962_87b04b0696_q.jpg	Fully adult Assassin Bug (Reduviidae, Hemiptera) on Wild Blackberry (Rubus ursinus, Rosaceae)	Treebeard	All Rights Reserved	128	
9702	a81fc80c-0701-42af-b21c-eed1c54ab439	404	https://symbiota.ccber.ucsb.edu/kummel/2026/9729177600.jpg	9729177600.jpg	9729177600	yes	200	https://www.flickr.com/photos/treebeard/9729177600/	https://live.staticflickr.com/7442/9729177600_b5fbac8b56_c.jpg	https://live.staticflickr.com/7442/9729177600_b5fbac8b56_q.jpg	Acmon Blue (Plebejus acmon) butterfly working staminate flowers of Coyote Bush (Baccharis pilularis, Asteraceae)	Treebeard	All Rights Reserved	116	
9703	6fd79e0d-1c48-46a7-b992-7243cb7905ec	404	https://symbiota.ccber.ucsb.edu/kummel/2026/9732793119.jpg	9732793119.jpg	9732793119	yes	200	https://www.flickr.com/photos/treebeard/9732793119/	https://live.staticflickr.com/7390/9732793119_3d269b7793_b.jpg	https://live.staticflickr.com/7390/9732793119_3d269b7793_q.jpg	Spider Wasp (Pompilidae, Hymenoptera) - maybe genus Aporus - working Scale Broom (Lepidospartum squamatum, Asteraceae)	Treebeard	All Rights Reserved	114	
9704	63323e73-4b15-491b-8603-57c972fe5bc2	404	https://symbiota.ccber.ucsb.edu/kummel/2026/9735568586.jpg	9735568586.jpg	9735568586	yes	200	https://www.flickr.com/photos/treebeard/9735568586/	https://live.staticflickr.com/7360/9735568586_86c924acf4_c.jpg	https://live.staticflickr.com/7360/9735568586_86c924acf4_q.jpg	Behr's Metalmark (Apodemia virgulti) on Coastal Goldenbush (Isocoma menziesii, Asteraceae)	Treebeard	All Rights Reserved	118	
9705	24677bac-e374-455a-82bd-80df6e817d10	404	https://symbiota.ccber.ucsb.edu/kummel/2026/9735665352.jpg	9735665352.jpg	9735665352	yes	200	https://www.flickr.com/photos/treebeard/9735665352/	https://live.staticflickr.com/3705/9735665352_ba48812a18_c.jpg	https://live.staticflickr.com/3705/9735665352_ba48812a18_q.jpg	Northern White-Skipper (Heliopetes ericetorum) butterfly working Scale Broom (Lepidospartum squamatum, Asteraceae)	Treebeard	All Rights Reserved	127	
9706	a5487b92-3f87-4784-b4ee-1dcae478156c	404	https://symbiota.ccber.ucsb.edu/kummel/2026/9735710238.jpg	9735710238.jpg	9735710238	yes	200	https://www.flickr.com/photos/treebeard/9735710238/	https://live.staticflickr.com/5465/9735710238_99a8ae95ef_c.jpg	https://live.staticflickr.com/5465/9735710238_99a8ae95ef_q.jpg	"California Sister (Adelpha bredowii) butterfly ""puddling"" on damp garden soil"	Treebeard	All Rights Reserved	121	
9707	1122afa2-3b72-4ca7-9cb3-f4869c01df29	404	https://symbiota.ccber.ucsb.edu/kummel/2026/9735820224.jpg	9735820224.jpg	9735820224	yes	200	https://www.flickr.com/photos/treebeard/9735820224/	https://live.staticflickr.com/2871/9735820224_a3486a47ca_c.jpg	https://live.staticflickr.com/2871/9735820224_a3486a47ca_q.jpg	Bagrada Bug (Bagrada hilaris, Pentatomidae, Hemiptera) on Scale Broom (Lepidospartum squamatum, Asteraceae)	Treebeard	All Rights Reserved	121	
9708	e53bb430-27d5-41f1-9088-c4e07d86f0e5	404	https://symbiota.ccber.ucsb.edu/kummel/2026/9735824637.jpg	9735824637.jpg	9735824637	yes	200	https://www.flickr.com/photos/treebeard/9735824637/	https://live.staticflickr.com/7303/9735824637_729d4bcc5e_b.jpg	https://live.staticflickr.com/7303/9735824637_729d4bcc5e_q.jpg	Composite flowers of native Hairy Golden Aster (Heterotheca sessiliflora ssp. echoides, Asteraceae)	Treebeard	All Rights Reserved	116	
9709	28578f92-8a8f-4f06-b477-fb3d1547f179	404	https://symbiota.ccber.ucsb.edu/kummel/2026/9735899767.jpg	9735899767.jpg	9735899767	yes	200	https://www.flickr.com/photos/treebeard/9735899767/	https://live.staticflickr.com/7286/9735899767_8d1fef736c_b.jpg	https://live.staticflickr.com/7286/9735899767_8d1fef736c_q.jpg	Southern Goldenrod (Solidago confinis, Asteraceae) along the road	Treebeard	All Rights Reserved	117	
9710	1692cac8-8285-4196-b3cc-8b1fb3f78a87	404	https://symbiota.ccber.ucsb.edu/kummel/2026/9735911882.jpg	9735911882.jpg	9735911882	yes	200	https://www.flickr.com/photos/treebeard/9735911882/	https://live.staticflickr.com/2826/9735911882_6d728e67fd_b.jpg	https://live.staticflickr.com/2826/9735911882_6d728e67fd_q.jpg	Paper Wasp (Polistes, Vespidae, Hymenoptera) - maybe Polistes dorsalis californicus - on Scale Broom (Lepidospartum squamatum, Asteraceae)	Treebeard	All Rights Reserved	121	
9711	459d89b0-49e6-4003-aa6e-70314f3a5d97	404	https://symbiota.ccber.ucsb.edu/kummel/2026/9736019731.jpg	9736019731.jpg	9736019731	yes	200	https://www.flickr.com/photos/treebeard/9736019731/	https://live.staticflickr.com/7433/9736019731_da41250358_b.jpg	https://live.staticflickr.com/7433/9736019731_da41250358_q.jpg	Native composite California Goldenrod (Solidago californica, Asteraceae) - with butterflies	Treebeard	All Rights Reserved	134	
9712	0b100ff7-9ffe-49d7-bfaa-faffb27360c4	404	https://symbiota.ccber.ucsb.edu/kummel/2026/9736071771.jpg	9736071771.jpg	9736071771	yes	200	https://www.flickr.com/photos/treebeard/9736071771/	https://live.staticflickr.com/7401/9736071771_bd430952b8_b.jpg	https://live.staticflickr.com/7401/9736071771_bd430952b8_q.jpg	New yellow composite flowers of Golden Fleece (Ericameria arborescens, Asteraceae)	Treebeard	All Rights Reserved	131	
9713	71432c7f-e341-49d1-ad1b-db214162826b	404	https://symbiota.ccber.ucsb.edu/kummel/2026/9736187045.jpg	9736187045.jpg	9736187045	yes	200	https://www.flickr.com/photos/treebeard/9736187045/	https://live.staticflickr.com/7428/9736187045_d06fd80dcd_b.jpg	https://live.staticflickr.com/7428/9736187045_d06fd80dcd_q.jpg	New yellow composite flowers of Coastal Goldenbush (Isocoma menziesii, Asteraceae) - or maybe Isocoma acradenia?	Treebeard	All Rights Reserved	139	
9714	2b944422-f5be-405d-8d47-ee1e8766b13c	404	https://symbiota.ccber.ucsb.edu/kummel/2026/9736273823.jpg	9736273823.jpg	9736273823	yes	200	https://www.flickr.com/photos/treebeard/9736273823/	https://live.staticflickr.com/7384/9736273823_92a8b11e1c_b.jpg	https://live.staticflickr.com/7384/9736273823_92a8b11e1c_q.jpg	Yellow composite flowers of native Scale Broom (Lepidospartum squamatum, Asteraceae)	Treebeard	All Rights Reserved	128	
9715	7bed9d68-a045-43c2-9cb1-50db1b6b1759	404	https://symbiota.ccber.ucsb.edu/kummel/2026/9752764954.jpg	9752764954.jpg	9752764954	yes	200	https://www.flickr.com/photos/treebeard/9752764954/	https://live.staticflickr.com/7308/9752764954_109654e16a_b.jpg	https://live.staticflickr.com/7308/9752764954_109654e16a_q.jpg	Behr's Metalmark (Apodemia virgulti) butterfly on Douglas' Groundsel (Senecio flaccidus var. douglasii, Asteraceae)	Treebeard	All Rights Reserved	122	
9716	19a4766f-c312-437d-8517-0c9200633312	404	https://symbiota.ccber.ucsb.edu/kummel/2026/9752994643.jpg	9752994643.jpg	9752994643	yes	200	https://www.flickr.com/photos/treebeard/9752994643/	https://live.staticflickr.com/7288/9752994643_64fd2aa72a_c.jpg	https://live.staticflickr.com/7288/9752994643_64fd2aa72a_q.jpg	Small diurnal (daytime) moth (Lepidoptera) - maybe a Crambid Snout Moth (Crambidae)?	Treebeard	All Rights Reserved	122	
9717	2e76a68e-1f61-4adf-bb68-e38fa3a5f4f8	404	https://symbiota.ccber.ucsb.edu/kummel/2026/9753217673.jpg	9753217673.jpg	9753217673	yes	200	https://www.flickr.com/photos/treebeard/9753217673/	https://live.staticflickr.com/7433/9753217673_3b29e0fa06_b.jpg	https://live.staticflickr.com/7433/9753217673_3b29e0fa06_q.jpg	"Not an ""oak apple"" gall, but maybe an ""oak lemon""? - on Scrub Oak (Quercus berberidifolia, Fagaceae)"	Treebeard	All Rights Reserved	118	
9718	9a108697-4873-4406-b090-0e850ce883ca	404	https://symbiota.ccber.ucsb.edu/kummel/2026/9753252732.jpg	9753252732.jpg	9753252732	yes	200	https://www.flickr.com/photos/treebeard/9753252732/	https://live.staticflickr.com/7429/9753252732_fea685796b_b.jpg	https://live.staticflickr.com/7429/9753252732_fea685796b_q.jpg	Galls of the Clasping Twig Gall Wasp (Disholcaspis prehensa, Cynipidae, Hymenoptera) on Scrub Oak (Quercus berberidifolia, Fagaceae)	Treebeard	All Rights Reserved	116	
9719	766e7246-bc90-4457-b2c3-2d5ddd64ee31	404	https://symbiota.ccber.ucsb.edu/kummel/2026/9753304535.jpg	9753304535.jpg	9753304535	yes	200	https://www.flickr.com/photos/treebeard/9753304535/	https://live.staticflickr.com/7452/9753304535_32f0a265fc_b.jpg	https://live.staticflickr.com/7452/9753304535_32f0a265fc_q.jpg	Galls on Scrub Oak (Quercus berberidifolia, Fagaceae) - Woolybear Gall Wasp (Sphaeroteras timaculosum, Cynipidae, Hymenoptera)	Treebeard	All Rights Reserved	129	
9720	da28bf0a-a2ce-4b9e-869a-4b8860dc03e2	404	https://symbiota.ccber.ucsb.edu/kummel/2026/9753426092.jpg	9753426092.jpg	9753426092	yes	200	https://www.flickr.com/photos/treebeard/9753426092/	https://live.staticflickr.com/7455/9753426092_8334dd19df_c.jpg	https://live.staticflickr.com/7455/9753426092_8334dd19df_q.jpg	Paper Wasp (Vespidae, Hymenoptera) on a gall of the Clasping Twig Gall Wasp (Disholcaspis prehensa, Cynipidae, Hymenoptera)	Treebeard	All Rights Reserved	122	
9721	39075989-0ab5-407d-9090-5670891511b1	404	https://symbiota.ccber.ucsb.edu/kummel/2026/9765550572.jpg	9765550572.jpg	9765550572	yes	200	https://www.flickr.com/photos/treebeard/9765550572/	https://live.staticflickr.com/3809/9765550572_d5d93ee748_b.jpg	https://live.staticflickr.com/3809/9765550572_d5d93ee748_q.jpg	Blue-belly Lizard aka Western Fence Lizard (Sceloporus occidentalis) in the garden	Treebeard	All Rights Reserved	126	
9722	04a51131-7db1-443b-ba1b-fbb81f36cf37	404	https://symbiota.ccber.ucsb.edu/kummel/2026/9765833882.jpg	9765833882.jpg	9765833882	yes	200	https://www.flickr.com/photos/treebeard/9765833882/	https://live.staticflickr.com/3673/9765833882_ab393a963d_c.jpg	https://live.staticflickr.com/3673/9765833882_ab393a963d_q.jpg	Blue-belly Lizard aka Western Fence Lizard (Sceloporus occidentalis) on fossil of a Mussel	Treebeard	All Rights Reserved	118	
9723	b4ca9f46-00d5-462d-a73e-ffe0208c2f9b	404	https://symbiota.ccber.ucsb.edu/kummel/2026/9765846065.jpg	9765846065.jpg	9765846065	yes	200	https://www.flickr.com/photos/treebeard/9765846065/	https://live.staticflickr.com/3746/9765846065_3f1b1c17e6_b.jpg	https://live.staticflickr.com/3746/9765846065_3f1b1c17e6_q.jpg	Blue-belly Lizard aka Western Fence Lizard (Sceloporus occidentalis) on fossilized whale bone	Treebeard	All Rights Reserved	125	
9724	3d916b7f-cbde-4f13-8f1a-11cffe5a7f7f	404	https://symbiota.ccber.ucsb.edu/kummel/2026/9766136772.jpg	9766136772.jpg	9766136772	yes	200	https://www.flickr.com/photos/treebeard/9766136772/	https://live.staticflickr.com/7432/9766136772_7b785faa11_b.jpg	https://live.staticflickr.com/7432/9766136772_7b785faa11_q.jpg	Fully adult Assassin Bug (Reduviidae, Hemiptera) on Wild Blackberry (Rubus ursinus, Rosaceae)	Treebeard	All Rights Reserved	127	
9725	0fe8c537-2551-40c7-9ce8-c6d61a572f9b	404	https://symbiota.ccber.ucsb.edu/kummel/2026/9766534813.jpg	9766534813.jpg	9766534813	yes	200	https://www.flickr.com/photos/treebeard/9766534813/	https://live.staticflickr.com/7430/9766534813_7b165f10d1_b.jpg	https://live.staticflickr.com/7430/9766534813_7b165f10d1_q.jpg	Same adult Assassin Bug (Reduviidae, Hemiptera) yesterday, with wings still soft after molting	Treebeard	All Rights Reserved	119	
9726	13806200-a04c-4678-a5da-74be680d5f8a	404	https://symbiota.ccber.ucsb.edu/kummel/2026/9766614734.jpg	9766614734.jpg	9766614734	yes	200	https://www.flickr.com/photos/treebeard/9766614734/	https://live.staticflickr.com/5346/9766614734_79419612b3_b.jpg	https://live.staticflickr.com/5346/9766614734_79419612b3_q.jpg	Assassin Bug (Reduviidae, Hemiptera) with an Ensign fly (Sepsis, Sepsidae, Diptera) for prey	Treebeard	All Rights Reserved	131	
9727	320e3e4a-e358-472a-8261-2ae8c31f44e8	404	https://symbiota.ccber.ucsb.edu/kummel/2026/9778928651.jpg	9778928651.jpg	9778928651	yes	200	https://www.flickr.com/photos/treebeard/9778928651/	https://live.staticflickr.com/5503/9778928651_dbd201aa01_b.jpg	https://live.staticflickr.com/5503/9778928651_dbd201aa01_q.jpg	Toasted succulent Chalk Lettuce (Dudleya pulverulenta, Crassulaceae) in the path of the White Fire last May	Treebeard	All Rights Reserved	110	
9728	8a64331b-8a75-47a5-b8c2-5f3253583182	404	https://symbiota.ccber.ucsb.edu/kummel/2026/9779075111.jpg	9779075111.jpg	9779075111	yes	200	https://www.flickr.com/photos/treebeard/9779075111/	https://live.staticflickr.com/7442/9779075111_0f085eef8e_b.jpg	https://live.staticflickr.com/7442/9779075111_0f085eef8e_q.jpg	Horseweed (Conyza canadensis) and Telegraph Weed (Heterotheca grandiflora) - weedy natives in the Asteraceae	Treebeard	All Rights Reserved	112	
9729	59065328-3bf8-427c-b0b2-223c39aecaec	404	https://symbiota.ccber.ucsb.edu/kummel/2026/9779529713.jpg	9779529713.jpg	9779529713	yes	200	https://www.flickr.com/photos/treebeard/9779529713/	https://live.staticflickr.com/7429/9779529713_bc3d3082e1_b.jpg	https://live.staticflickr.com/7429/9779529713_bc3d3082e1_q.jpg	Late-summer flowers of native Autumn Willowherb (Epilobium brachycarpum, Onagraceae)	Treebeard	All Rights Reserved	122	
9730	893c7683-3fb4-4a75-9eba-84139b9a81f7	404	https://symbiota.ccber.ucsb.edu/kummel/2026/9779690113.jpg	9779690113.jpg	9779690113	yes	200	https://www.flickr.com/photos/treebeard/9779690113/	https://live.staticflickr.com/7346/9779690113_eefb0aa4d6_b.jpg	https://live.staticflickr.com/7346/9779690113_eefb0aa4d6_q.jpg	"Scale Broom (Lepidospartum squamatum, Asteraceae) ""stump-sprouting"" from a stem burned by the ""White Fire"""	Treebeard	All Rights Reserved	125	
9731	085ac323-1858-45de-b709-ae5895ebc4dd	404	https://symbiota.ccber.ucsb.edu/kummel/2026/9779713624.jpg	9779713624.jpg	9779713624	yes	200	https://www.flickr.com/photos/treebeard/9779713624/	https://live.staticflickr.com/3768/9779713624_c93b34646c_c.jpg	https://live.staticflickr.com/3768/9779713624_c93b34646c_q.jpg	Behr's Metalmark (Apodemia virgulti) butterfly on staminate flowers of Coyote Bush (Baccharis pilularis, Asteraceae)	Treebeard	All Rights Reserved	117	
9732	3854766f-74a8-4d96-ad1d-0c1d4117b8b1	404	https://symbiota.ccber.ucsb.edu/kummel/2026/9779867676.jpg	9779867676.jpg	9779867676	yes	200	https://www.flickr.com/photos/treebeard/9779867676/	https://live.staticflickr.com/2843/9779867676_a3e8f4b630_b.jpg	https://live.staticflickr.com/2843/9779867676_a3e8f4b630_q.jpg	Sweet little Southern Mule Deer (Odocoileus hemionus) along Paradise Road	Treebeard	All Rights Reserved	122	
9733	e5a48775-e6dd-4d64-8d40-281f9c750569	404	https://symbiota.ccber.ucsb.edu/kummel/2026/9792500363.jpg	9792500363.jpg	9792500363	yes	200	https://www.flickr.com/photos/treebeard/9792500363/	https://live.staticflickr.com/2823/9792500363_1cc0036422_b.jpg	https://live.staticflickr.com/2823/9792500363_1cc0036422_q.jpg	New weed - non-native Skeleton Weed (Chondrilla juncea, Asteraceae)	Treebeard	All Rights Reserved	131	
9734	9f72f22f-fab5-4008-a9e9-74bc523016b0	404	https://symbiota.ccber.ucsb.edu/kummel/2026/9792844843.jpg	9792844843.jpg	9792844843	yes	200	https://www.flickr.com/photos/treebeard/9792844843/	https://live.staticflickr.com/3754/9792844843_4a0301731d_b.jpg	https://live.staticflickr.com/3754/9792844843_4a0301731d_q.jpg	Tanbark Oak (Lithocarpus densiflorus, Fagaceae) with old erect dreadlock-like male catkins	Treebeard	All Rights Reserved	117	
9735	6e516c52-c1a4-43b8-8917-6d28805a9ade	404	https://symbiota.ccber.ucsb.edu/kummel/2026/9792901934.jpg	9792901934.jpg	9792901934	yes	200	https://www.flickr.com/photos/treebeard/9792901934/	https://live.staticflickr.com/3811/9792901934_25be7d1bfd_c.jpg	https://live.staticflickr.com/3811/9792901934_25be7d1bfd_q.jpg	New composite flowers of native California Brickellbush (Brickellia californica, Asteraceae)	Treebeard	All Rights Reserved	122	
9736	4b084b92-1866-48c1-8ebb-44b93e580f60	404	https://symbiota.ccber.ucsb.edu/kummel/2026/9793106185.jpg	9793106185.jpg	9793106185	yes	200	https://www.flickr.com/photos/treebeard/9793106185/	https://live.staticflickr.com/3687/9793106185_b15126ef80_c.jpg	https://live.staticflickr.com/3687/9793106185_b15126ef80_q.jpg	"Odd ""flowers"" of native Bird's Beak (Cordylanthus rigidus, Scrophulariaceae or Orobanchaceae)"	Treebeard	All Rights Reserved	119	
9737	b671da0f-59cd-4d4c-a3c2-fee5d274c382	404	https://symbiota.ccber.ucsb.edu/kummel/2026/9793232235.jpg	9793232235.jpg	9793232235	yes	200	https://www.flickr.com/photos/treebeard/9793232235/	https://live.staticflickr.com/7402/9793232235_6f1e3fb2c2_c.jpg	https://live.staticflickr.com/7402/9793232235_6f1e3fb2c2_q.jpg	"Very pale little ""True Bug"" (Pentatomidae, Hemiptera) on native Bird's Beak (Cordylanthus rigidus, Scrophulariaceae)"	Treebeard	All Rights Reserved	114	
9738	69549a55-774a-4a96-8f51-b64448695763	404	https://symbiota.ccber.ucsb.edu/kummel/2026/9793415653.jpg	9793415653.jpg	9793415653	yes	200	https://www.flickr.com/photos/treebeard/9793415653/	https://live.staticflickr.com/5513/9793415653_8253115568_b.jpg	https://live.staticflickr.com/5513/9793415653_8253115568_q.jpg	Very tiny Damselfly (Zygoptera, Odonata) on flowers of California Buckwheat (Eriogonum fasciculatum, Polygonaceae)	Treebeard	All Rights Reserved	117	
9739	9adf7dfb-4488-41af-95fe-ddeafa06efbb	404	https://symbiota.ccber.ucsb.edu/kummel/2026/9810041754.jpg	9810041754.jpg	9810041754	yes	200	https://www.flickr.com/photos/treebeard/9810041754/	https://live.staticflickr.com/5326/9810041754_e5016372ce_c.jpg	https://live.staticflickr.com/5326/9810041754_e5016372ce_q.jpg	New flower of magical Toloache (Datura wrightii, Solanaceae)	Treebeard	All Rights Reserved	124	
9740	572e5394-76ba-4176-91ab-f778b6c0ebb0	404	https://symbiota.ccber.ucsb.edu/kummel/2026/9810341874.jpg	9810341874.jpg	9810341874	yes	200	https://www.flickr.com/photos/treebeard/9810341874/	https://live.staticflickr.com/7331/9810341874_be2e5bde41_b.jpg	https://live.staticflickr.com/7331/9810341874_be2e5bde41_q.jpg	New flower of Calabazilla aka Coyote Melon or Buffalo Gourd (Cucurbita foetidissima, Cucurbitaceae)	Treebeard	All Rights Reserved	124	
9741	f1801205-e0fb-4ac9-b381-ddde7eb26536	404	https://symbiota.ccber.ucsb.edu/kummel/2026/9810471435.jpg	9810471435.jpg	9810471435	yes	200	https://www.flickr.com/photos/treebeard/9810471435/	https://live.staticflickr.com/3755/9810471435_8ee9267cf0_b.jpg	https://live.staticflickr.com/3755/9810471435_8ee9267cf0_q.jpg	Honey Bees (Apis mellifera, Hymenoptera) working pistillate flowers of native Mule Fat (Baccharis salicifolia, Asteraceae)	Treebeard	All Rights Reserved	118	
9742	8674283e-7d9a-44f7-9ce4-e2333b364491	404	https://symbiota.ccber.ucsb.edu/kummel/2026/9810575955.jpg	9810575955.jpg	9810575955	yes	200	https://www.flickr.com/photos/treebeard/9810575955/	https://live.staticflickr.com/2826/9810575955_5b684d6e5d_b.jpg	https://live.staticflickr.com/2826/9810575955_5b684d6e5d_q.jpg	Very tiny Crab Spider (Thomisidae) on some kind of Aster (Asteraceae) in the garden	Treebeard	All Rights Reserved	124	
9743	4ed7602a-7a40-438e-a579-a795a7a4c77c	404	https://symbiota.ccber.ucsb.edu/kummel/2026/9810847276.jpg	9810847276.jpg	9810847276	yes	200	https://www.flickr.com/photos/treebeard/9810847276/	https://live.staticflickr.com/2816/9810847276_31475a74ee_b.jpg	https://live.staticflickr.com/2816/9810847276_31475a74ee_q.jpg	New flowers of Chaparral Mallow (Malacothamnus fasciculatus, Malvaceae) - with a tiny Crab Spider and an interesting fly	Treebeard	All Rights Reserved	115	
9744	63380f4c-0c6c-4612-93f6-a487fad58187	404	https://symbiota.ccber.ucsb.edu/kummel/2026/9811076363.jpg	9811076363.jpg	9811076363	yes	200	https://www.flickr.com/photos/treebeard/9811076363/	https://live.staticflickr.com/3714/9811076363_1bd00258dd_b.jpg	https://live.staticflickr.com/3714/9811076363_1bd00258dd_q.jpg	"Blow Fly (Calliphoridae, Diptera) on Scale Broom (Lepidospartum squamatum, Asteraceae) - ""Secondary Screwworm"" (Cochliomyia macellaria)?"	Treebeard	All Rights Reserved	117	
9745	2fdde3de-91a1-4f1e-8002-e7c5ec7a00dd	404	https://symbiota.ccber.ucsb.edu/kummel/2026/9827614434.jpg	9827614434.jpg	9827614434	yes	200	https://www.flickr.com/photos/treebeard/9827614434/	https://live.staticflickr.com/5494/9827614434_86aee54e57_b.jpg	https://live.staticflickr.com/5494/9827614434_86aee54e57_q.jpg	Crab Spider (Thomisidae) waiting for action on native Mugwort (Artemisia douglasiana, Asteraceae)	Treebeard	All Rights Reserved	125	
9746	88817593-9458-4256-90f6-cfe861ecded0	404	https://symbiota.ccber.ucsb.edu/kummel/2026/9827777416.jpg	9827777416.jpg	9827777416	yes	200	https://www.flickr.com/photos/treebeard/9827777416/	https://live.staticflickr.com/3825/9827777416_2ae6f4bc5e_b.jpg	https://live.staticflickr.com/3825/9827777416_2ae6f4bc5e_q.jpg	Late-instar nymph of a Tree Cricket (Oecanthus, Gryllidae, Orthoptera) on Nuttall's Snowberry (Symphoricarpos mollis, Caprifoliaceae)	Treebeard	All Rights Reserved	123	
9747	eaeea071-094e-4086-90b6-61193a1ca849	404	https://symbiota.ccber.ucsb.edu/kummel/2026/9827861194.jpg	9827861194.jpg	9827861194	yes	200	https://www.flickr.com/photos/treebeard/9827861194/	https://live.staticflickr.com/7305/9827861194_17cef68967_b.jpg	https://live.staticflickr.com/7305/9827861194_17cef68967_q.jpg	Single native ant (Formicidae, Hymenoptera) on non-native Fennel (Foeniculum vulgare, Apiaceae)	Treebeard	All Rights Reserved	116	
9748	bfe857a2-50a8-4afa-aecb-e92a1a7030e4	404	https://symbiota.ccber.ucsb.edu/kummel/2026/9828141413.jpg	9828141413.jpg	9828141413	yes	200	https://www.flickr.com/photos/treebeard/9828141413/	https://live.staticflickr.com/5441/9828141413_bc99284bf1_b.jpg	https://live.staticflickr.com/5441/9828141413_bc99284bf1_q.jpg	Western Conenose Bug (Triatoma protracta, Reduviidae, Hemiptera)	Treebeard	All Rights Reserved	119	
9749	0a5dfeda-63e8-4a50-aa05-70189238265d	404	https://symbiota.ccber.ucsb.edu/kummel/2026/9828497685.jpg	9828497685.jpg	9828497685	yes	200	https://www.flickr.com/photos/treebeard/9828497685/	https://live.staticflickr.com/7353/9828497685_3fb877145a_b.jpg	https://live.staticflickr.com/7353/9828497685_3fb877145a_q.jpg	Monarch Butterfly (Danaus plexippus, Lepidoptera) working flowers of Butterfly Bush (Buddleia davidii, Scrophulariaceae)	Treebeard	All Rights Reserved	116	
9750	a9922f71-c852-43ce-a6b4-f13d42202d70	404	https://symbiota.ccber.ucsb.edu/kummel/2026/9828709216.jpg	9828709216.jpg	9828709216	yes	200	https://www.flickr.com/photos/treebeard/9828709216/	https://live.staticflickr.com/3685/9828709216_b27f1e0db1_b.jpg	https://live.staticflickr.com/3685/9828709216_b27f1e0db1_q.jpg	Monarch Butterfly (Danaus plexippus, Lepidoptera) working flowers of Butterfly Bush (Buddleia davidii, Scrophulariaceae)	Treebeard	All Rights Reserved	115	
9751	cc745946-3652-46b2-867c-65363a662702	404	https://symbiota.ccber.ucsb.edu/kummel/2026/9857140866.jpg	9857140866.jpg	9857140866	yes	200	https://www.flickr.com/photos/treebeard/9857140866/	https://live.staticflickr.com/7291/9857140866_3c2f79e6ef_b.jpg	https://live.staticflickr.com/7291/9857140866_3c2f79e6ef_q.jpg	Dry bed of the Santa Ynez River, with Cattails (Typhaceae)	Treebeard	All Rights Reserved	128	
9752	a70af6ed-f81a-4c62-845f-c932f54794cf	404	https://symbiota.ccber.ucsb.edu/kummel/2026/9857327446.jpg	9857327446.jpg	9857327446	yes	200	https://www.flickr.com/photos/treebeard/9857327446/	https://live.staticflickr.com/7296/9857327446_618745e522_b.jpg	https://live.staticflickr.com/7296/9857327446_618745e522_q.jpg	Dried-out Cattails (Typhaceae) by the mostly dry Santa Ynez River	Treebeard	All Rights Reserved	126	
9753	f81ce79c-0d24-44f4-922d-c3e8e917279b	404	https://symbiota.ccber.ucsb.edu/kummel/2026/9864429165.jpg	9864429165.jpg	9864429165	yes	200	https://www.flickr.com/photos/treebeard/9864429165/	https://live.staticflickr.com/7336/9864429165_0e89404832_b.jpg	https://live.staticflickr.com/7336/9864429165_0e89404832_q.jpg	Water and fresh Cattails (Typhaceae) on the Santa Ynez River - if you know where to look!	Treebeard	All Rights Reserved	123	
9754	67d3f800-39f2-4331-a0fc-954b21f8df23	404	https://symbiota.ccber.ucsb.edu/kummel/2026/9864906036.jpg	9864906036.jpg	9864906036	yes	200	https://www.flickr.com/photos/treebeard/9864906036/	https://live.staticflickr.com/7383/9864906036_277a95f920_b.jpg	https://live.staticflickr.com/7383/9864906036_277a95f920_q.jpg	Fort Tejon Milk-Aster aka Chicory-leaved Stephanomeria (Stephanomeria cichoriacea, Asteraceae)	Treebeard	All Rights Reserved	250	
9755	bf65b020-f274-4911-b27b-ed1b23459fc1	404	https://symbiota.ccber.ucsb.edu/kummel/2026/9865150984.jpg	9865150984.jpg	9865150984	yes	200	https://www.flickr.com/photos/treebeard/9865150984/	https://live.staticflickr.com/7367/9865150984_56cd3063e0_b.jpg	https://live.staticflickr.com/7367/9865150984_56cd3063e0_q.jpg	New flowers of native Small Wirelettuce (Stephanomeria exigua, Asteraceae)	Treebeard	All Rights Reserved	115	
9756	fc5768c0-d486-448b-8168-bf62265d176e	404	https://symbiota.ccber.ucsb.edu/kummel/2026/9865550836.jpg	9865550836.jpg	9865550836	yes	200	https://www.flickr.com/photos/treebeard/9865550836/	https://live.staticflickr.com/5489/9865550836_0e8b0a0b4e_c.jpg	https://live.staticflickr.com/5489/9865550836_0e8b0a0b4e_q.jpg	New flowers of native Rod Wirelettuce (Stephanomeria virgata ssp. pleurocarpa, Asteraceae)	Treebeard	All Rights Reserved	119	
9757	c1e5d191-5c14-4de8-a54e-d84e713feaa9	404	https://symbiota.ccber.ucsb.edu/kummel/2026/9865821594.jpg	9865821594.jpg	9865821594	yes	200	https://www.flickr.com/photos/treebeard/9865821594/	https://live.staticflickr.com/5342/9865821594_0d0599b6ba_c.jpg	https://live.staticflickr.com/5342/9865821594_0d0599b6ba_q.jpg	Caterpillar hanging by flower of Rod Wirelettuce (Stephanomeria virgata ssp. pleurocarpa, Asteraceae)	Treebeard	All Rights Reserved	132	
9758	681888cc-2769-4ac3-8951-5a0a223660ff	404	https://symbiota.ccber.ucsb.edu/kummel/2026/9884268856.jpg	9884268856.jpg	9884268856	yes	200	https://www.flickr.com/photos/treebeard/9884268856/	https://live.staticflickr.com/3749/9884268856_4f37aece1c_c.jpg	https://live.staticflickr.com/3749/9884268856_4f37aece1c_q.jpg	Pretty flower of native Rod Wirelettuce (Stephanomeria virgata ssp. pleurocarpa, Asteraceae)	Treebeard	All Rights Reserved	125	
9759	43db74b7-af6e-498f-8dea-dea730778a96	404	https://symbiota.ccber.ucsb.edu/kummel/2026/9884517063.jpg	9884517063.jpg	9884517063	yes	200	https://www.flickr.com/photos/treebeard/9884517063/	https://live.staticflickr.com/5465/9884517063_28050fccf4_b.jpg	https://live.staticflickr.com/5465/9884517063_28050fccf4_q.jpg	New berries of native Coffeeberry (Rhamnus californica, Rhamnaceae)	Treebeard	All Rights Reserved	117	
9760	ab4d7e12-f042-40f1-8306-d81b9b47d057	404	https://symbiota.ccber.ucsb.edu/kummel/2026/9884755694.jpg	9884755694.jpg	9884755694	yes	200	https://www.flickr.com/photos/treebeard/9884755694/	https://live.staticflickr.com/3828/9884755694_1aa0d1a0e9_b.jpg	https://live.staticflickr.com/3828/9884755694_1aa0d1a0e9_q.jpg	Grayish Sagebrush Grasshopper (Melanoplus cinereus ssp. cyanipes, Melanoplinae, Acrididae, Orthoptera)	Treebeard	All Rights Reserved	120	
9761	04be4a1d-e306-4404-bb1f-7b826cb5451f	404	https://symbiota.ccber.ucsb.edu/kummel/2026/9885153076.jpg	9885153076.jpg	9885153076	yes	200	https://www.flickr.com/photos/treebeard/9885153076/	https://live.staticflickr.com/5340/9885153076_e0937052e3_b.jpg	https://live.staticflickr.com/5340/9885153076_e0937052e3_q.jpg	New flower buds of native Sugar Bush (Rhus ovata, Anacardiaceae)	Treebeard	All Rights Reserved	118	
9762	cc1f0c0c-3cdb-4f4e-bce6-c47c7c001726	404	https://symbiota.ccber.ucsb.edu/kummel/2026/9885360495.jpg	9885360495.jpg	9885360495	yes	200	https://www.flickr.com/photos/treebeard/9885360495/	https://live.staticflickr.com/7337/9885360495_2d6412f616_c.jpg	https://live.staticflickr.com/7337/9885360495_2d6412f616_q.jpg	Seed head of native Humboldt Lily (Lilium humboldtii ssp. ocellatum, Liliaceae) - full of seeds	Treebeard	All Rights Reserved	124	
9763	fbc0ba45-fd7c-4f47-8be7-07e7191c1ec1	404	https://symbiota.ccber.ucsb.edu/kummel/2026/9885597776.jpg	9885597776.jpg	9885597776	yes	200	https://www.flickr.com/photos/treebeard/9885597776/	https://live.staticflickr.com/3755/9885597776_c25f2b5b63_b.jpg	https://live.staticflickr.com/3755/9885597776_c25f2b5b63_q.jpg	First new flowers of native Chaparral Currant (Ribes malvaceum, Grossulariaceae)	Treebeard	All Rights Reserved	130	
9764	36202110-99f2-4e0a-8158-3c33a95df7a1	404	https://symbiota.ccber.ucsb.edu/kummel/2026/9905682516.jpg	9905682516.jpg	9905682516	yes	200	https://www.flickr.com/photos/treebeard/9905682516/	https://live.staticflickr.com/5499/9905682516_154ea1a323_c.jpg	https://live.staticflickr.com/5499/9905682516_154ea1a323_q.jpg	Gall of Irregular Spindle Gall Wasp (Andricus chrysolepidicola, Cynipidae, Hymenoptera) on Scrub Oak (Quercus berberidifolia, Fagaceae)	Treebeard	All Rights Reserved	124	
9765	1c9b0de6-9835-4d6e-b45e-487dcab5039a	404	https://symbiota.ccber.ucsb.edu/kummel/2026/9905940513.jpg	9905940513.jpg	9905940513	yes	200	https://www.flickr.com/photos/treebeard/9905940513/	https://live.staticflickr.com/7367/9905940513_e5093fc2b2_c.jpg	https://live.staticflickr.com/7367/9905940513_e5093fc2b2_q.jpg	"Odd ""fuzzy gall"" on Goldencup Oak aka Canyon Live Oak (Quercus chrysolepis, Fagaceae)"	Treebeard	All Rights Reserved	121	
9766	252081d1-c3c6-4c40-8597-55bd223f0a77	404	https://symbiota.ccber.ucsb.edu/kummel/2026/9906032064.jpg	9906032064.jpg	9906032064	yes	200	https://www.flickr.com/photos/treebeard/9906032064/	https://live.staticflickr.com/3690/9906032064_5b43a04c7d_c.jpg	https://live.staticflickr.com/3690/9906032064_5b43a04c7d_q.jpg	"""Oak apple"" gall of a California Gall Wasp (Andricus quercuscalifornicus, Cynipidae, Hymenoptera) on Scrub Oak (Quercus berberidifolia, Fagaceae)"	Treebeard	All Rights Reserved	109	
9767	881f755a-2a4d-4dba-a174-e7ec2fa9ae2e	404	https://symbiota.ccber.ucsb.edu/kummel/2026/9906354855.jpg	9906354855.jpg	9906354855	yes	200	https://www.flickr.com/photos/treebeard/9906354855/	https://live.staticflickr.com/7436/9906354855_a6187a9ed5_b.jpg	https://live.staticflickr.com/7436/9906354855_a6187a9ed5_q.jpg	Galls of the Crystalline Gall Wasp (Andricus crystallinus, Cynipidae, Hymenoptera) on Scrub Oak (Quercus berberidifolia, Fagaceae)	Treebeard	All Rights Reserved	117	
9768	73e86e77-2c4e-4861-9692-db1695999c5c	404	https://symbiota.ccber.ucsb.edu/kummel/2026/9906538224.jpg	9906538224.jpg	9906538224	yes	200	https://www.flickr.com/photos/treebeard/9906538224/	https://live.staticflickr.com/2833/9906538224_d0a0636548_c.jpg	https://live.staticflickr.com/2833/9906538224_d0a0636548_q.jpg	Parasitic wasp on galls of Woolybear Gall Wasp (Sphaeroteras timaculosum, Cynipidae, Hymenoptera) on Scrub Oak (Quercus berberidifolia, Fagaceae)	Treebeard	All Rights Reserved	126	
9769	95a5bbc9-07e3-4cda-be46-6a3dddad09aa	404	https://symbiota.ccber.ucsb.edu/kummel/2026/9906805313.jpg	9906805313.jpg	9906805313	yes	200	https://www.flickr.com/photos/treebeard/9906805313/	https://live.staticflickr.com/3679/9906805313_6aa5319157_c.jpg	https://live.staticflickr.com/3679/9906805313_6aa5319157_q.jpg	Fly (Diptera) on gall of Clasping Twig Gall Wasp (Disholcaspis prehensa, Cynipidae, Hymenoptera) on Scrub Oak (Quercus berberidifolia, Fagaceae)	Treebeard	All Rights Reserved	129	
9770	930087b1-ffc6-495b-9633-98fd173231f1	404	https://symbiota.ccber.ucsb.edu/kummel/2026/9924635864.jpg	9924635864.jpg	9924635864	yes	200	https://www.flickr.com/photos/treebeard/9924635864/	https://live.staticflickr.com/3740/9924635864_c9349a17b5_c.jpg	https://live.staticflickr.com/3740/9924635864_c9349a17b5_q.jpg	Behr's Metalmark (Apodemia virgulti) butterfly on Scale Broom (Lepidospartum squamatum, Asteraceae)	Treebeard	All Rights Reserved	133	
9771	ef8e03dd-8592-413f-88f1-72c49f7e9cb9	404	https://symbiota.ccber.ucsb.edu/kummel/2026/9924643973.jpg	9924643973.jpg	9924643973	yes	200	https://www.flickr.com/photos/treebeard/9924643973/	https://live.staticflickr.com/7407/9924643973_9f16a5c335_b.jpg	https://live.staticflickr.com/7407/9924643973_9f16a5c335_q.jpg	Diurnal moth (Lepidoptera) working flowers of native Scale Broom - maybe Darker-spotted Straw Moth (Heliothis phloxiphaga, Noctuidae)	Treebeard	All Rights Reserved	118	
9772	8d016065-29df-4af2-8c5d-6d4c0ef63867	404	https://symbiota.ccber.ucsb.edu/kummel/2026/9925323486.jpg	9925323486.jpg	9925323486	yes	200	https://www.flickr.com/photos/treebeard/9925323486/	https://live.staticflickr.com/3776/9925323486_32e44aa40a_c.jpg	https://live.staticflickr.com/3776/9925323486_32e44aa40a_q.jpg	A female Northern White-Skipper (Heliopetes ericetorum) butterfly on flowers of Goldenbush (Isocoma, Asteraceae)	Treebeard	All Rights Reserved	121	
9773	1cdbfdab-f812-4452-932e-fbdf795a971e	404	https://symbiota.ccber.ucsb.edu/kummel/2026/9925672394.jpg	9925672394.jpg	9925672394	yes	200	https://www.flickr.com/photos/treebeard/9925672394/	https://live.staticflickr.com/3735/9925672394_5e24849150_c.jpg	https://live.staticflickr.com/3735/9925672394_5e24849150_q.jpg	Gray Hairstreak (Strymon melinus) butterfly on Scale Broom (Lepidospartum squamatum, Asteraceae)	Treebeard	All Rights Reserved	113	
9774	c1a4b985-d58b-43eb-82a5-7d5fd09fd025	404	https://symbiota.ccber.ucsb.edu/kummel/2026/9925690873.jpg	9925690873.jpg	9925690873	yes	200	https://www.flickr.com/photos/treebeard/9925690873/	https://live.staticflickr.com/5482/9925690873_a32d0b4005_b.jpg	https://live.staticflickr.com/5482/9925690873_a32d0b4005_q.jpg	Common Buckeye (Junonia coenia) butterfly on Scale Broom (Lepidospartum squamatum, Asteraceae)	Treebeard	All Rights Reserved	114	
9775	8f657650-e976-41e3-a113-d12ef2686731	404	https://symbiota.ccber.ucsb.edu/kummel/2026/9925876044.jpg	9925876044.jpg	9925876044	yes	200	https://www.flickr.com/photos/treebeard/9925876044/	https://live.staticflickr.com/3768/9925876044_1a57d3fffe_b.jpg	https://live.staticflickr.com/3768/9925876044_1a57d3fffe_q.jpg	Very tattered Great Purple Hairstreak (Atlides halesus) butterfly on Scale Broom (Lepidospartum squamatum, Asteraceae)	Treebeard	All Rights Reserved	123	
9776	dbe78804-181f-4762-8269-66c8c3f2776c	404	https://symbiota.ccber.ucsb.edu/kummel/2026/9941617626.jpg	9941617626.jpg	9941617626	yes	200	https://www.flickr.com/photos/treebeard/9941617626/	https://live.staticflickr.com/7332/9941617626_0e9b7e4a5d_c.jpg	https://live.staticflickr.com/7332/9941617626_0e9b7e4a5d_q.jpg	Behr's Metalmark (Apodemia virgulti) butterfly taking wing from Douglas' Groundsel (Senecio flaccidus var. douglasii, Asteraceae)	Treebeard	All Rights Reserved	120	
9777	d9bb37df-7e4a-4a36-bfe1-913b86ac2fce	404	https://symbiota.ccber.ucsb.edu/kummel/2026/9941737996.jpg	9941737996.jpg	9941737996	yes	200	https://www.flickr.com/photos/treebeard/9941737996/	https://live.staticflickr.com/7338/9941737996_e73083a82c_c.jpg	https://live.staticflickr.com/7338/9941737996_e73083a82c_q.jpg	Pacific Ambush Bug (Phymata pacifica, Phymatidae, Hemiptera) on Scale Broom (Lepidospartum squamatum, Asteraceae)	Treebeard	All Rights Reserved	118	
9778	f02655ad-57be-429a-bf1e-cf173efb0d6b	404	https://symbiota.ccber.ucsb.edu/kummel/2026/9941873605.jpg	9941873605.jpg	9941873605	yes	200	https://www.flickr.com/photos/treebeard/9941873605/	https://live.staticflickr.com/3678/9941873605_3a1b0967a3_b.jpg	https://live.staticflickr.com/3678/9941873605_3a1b0967a3_q.jpg	Nymph of an Assassin Bug (Reduviidae, Hemiptera) on a leaf of Wild Blackberry (Rubus ursinus, Rosaceae)	Treebeard	All Rights Reserved	119	
9779	e8361595-b0bc-4b08-a1d1-e7777f5947a5	404	https://symbiota.ccber.ucsb.edu/kummel/2026/9941974515.jpg	9941974515.jpg	9941974515	yes	200	https://www.flickr.com/photos/treebeard/9941974515/	https://live.staticflickr.com/3670/9941974515_2c99e98ebb_b.jpg	https://live.staticflickr.com/3670/9941974515_2c99e98ebb_q.jpg	"Adult female Tree Cricket (Oecanthus, Gryllidae, Orthoptera) on pad of ""Prickly Pear"" (Opuntia, Cactaceae)"	Treebeard	All Rights Reserved	113	
9780	c2987731-7b6e-4612-bc71-9f98b1e43189	404	https://symbiota.ccber.ucsb.edu/kummel/2026/9942310984.jpg	9942310984.jpg	9942310984	yes	200	https://www.flickr.com/photos/treebeard/9942310984/	https://live.staticflickr.com/5500/9942310984_7a71352216_c.jpg	https://live.staticflickr.com/5500/9942310984_7a71352216_q.jpg	Crab Spider (Thomisidae) waiting for action on an Aster (Asteraceae) in the garden	Treebeard	All Rights Reserved	124	
9781	0bdabf68-8987-4ba4-9309-3697a7c50c0d	404	https://symbiota.ccber.ucsb.edu/kummel/2026/9942480074.jpg	9942480074.jpg	9942480074	yes	200	https://www.flickr.com/photos/treebeard/9942480074/	https://live.staticflickr.com/3724/9942480074_fed34a721b_b.jpg	https://live.staticflickr.com/3724/9942480074_fed34a721b_q.jpg	Green Lynx Spider (Peucetia viridans, Oxyopidae) is straw-yellow, not green - perched on egg case	Treebeard	All Rights Reserved	123	
9782	63891831-f114-409b-b05e-c7701b6b5033	404	https://symbiota.ccber.ucsb.edu/kummel/2026/9958625715.jpg	9958625715.jpg	9958625715	yes	200	https://www.flickr.com/photos/treebeard/9958625715/	https://live.staticflickr.com/7406/9958625715_5267e18f2b_c.jpg	https://live.staticflickr.com/7406/9958625715_5267e18f2b_q.jpg	New flowers of Palmer's Goldenbush (Ericameria palmeri var. pachylepis, Asteraceae)	Treebeard	All Rights Reserved	123	
9783	084c8f69-72c4-480d-b7b9-c1e11e31c847	404	https://symbiota.ccber.ucsb.edu/kummel/2026/9958636163.jpg	9958636163.jpg	9958636163	yes	200	https://www.flickr.com/photos/treebeard/9958636163/	https://live.staticflickr.com/2892/9958636163_1609cf58ed_b.jpg	https://live.staticflickr.com/2892/9958636163_1609cf58ed_q.jpg	Big-leaved Mistletoe (Phoradendron macrophyllum, Viscaceae) in a Western Sycamore (Platanus racemosa, Platanaceae)	Treebeard	All Rights Reserved	125	
9784	71d16f28-9781-4845-a757-8a98aa08d035	404	https://symbiota.ccber.ucsb.edu/kummel/2026/9958841146.jpg	9958841146.jpg	9958841146	yes	200	https://www.flickr.com/photos/treebeard/9958841146/	https://live.staticflickr.com/7333/9958841146_c4627eb981_b.jpg	https://live.staticflickr.com/7333/9958841146_c4627eb981_q.jpg	New stump-sprouting shrubs of native Scale Broom (Lepidospartum squamatum, Asteraceae)	Treebeard	All Rights Reserved	135	
9785	fdf62e7d-7801-441d-a0cc-f600a5e9b785	404	https://symbiota.ccber.ucsb.edu/kummel/2026/9972931533.jpg	9972931533.jpg	9972931533	yes	200	https://www.flickr.com/photos/treebeard/9972931533/	https://live.staticflickr.com/3807/9972931533_2a69e7a2f8_c.jpg	https://live.staticflickr.com/3807/9972931533_2a69e7a2f8_q.jpg	Tachinid Fly (Tachinidae, Diptera) on flowers of Scale Broom (Lepidospartum squamatum, Asteraceae)	Treebeard	All Rights Reserved	118	
9786	879a5bb8-b334-4b89-8916-1c6286b71947	404	https://symbiota.ccber.ucsb.edu/kummel/2026/9973007043.jpg	9973007043.jpg	9973007043	yes	200	https://www.flickr.com/photos/treebeard/9973007043/	https://live.staticflickr.com/7412/9973007043_3c467ac3b1_c.jpg	https://live.staticflickr.com/7412/9973007043_3c467ac3b1_q.jpg	Drosophilid Fly (Drosophilidae, Diptera) on flowers of Scale Broom (Lepidospartum squamatum, Asteraceae)	Treebeard	All Rights Reserved	126	
9787	78ab7a04-1619-49d6-9e9a-04a7bd2a70f5	404	https://symbiota.ccber.ucsb.edu/kummel/2026/9973040116.jpg	9973040116.jpg	9973040116	yes	200	https://www.flickr.com/photos/treebeard/9973040116/	https://live.staticflickr.com/2862/9973040116_027c9d783a_c.jpg	https://live.staticflickr.com/2862/9973040116_027c9d783a_q.jpg	Handsome male Northern White-Skipper (Heliopetes ericetorum) butterfly working Goldenbush (Isocoma, Asteraceae)	Treebeard	All Rights Reserved	124	
9788	400b02c4-0b88-4667-84b6-8dddcad22664	404	https://symbiota.ccber.ucsb.edu/kummel/2026/9973097215.jpg	9973097215.jpg	9973097215	yes	200	https://www.flickr.com/photos/treebeard/9973097215/	https://live.staticflickr.com/3788/9973097215_65832438f4_b.jpg	https://live.staticflickr.com/3788/9973097215_65832438f4_q.jpg	Maybe the Carmel Valley Malacothrix (Malacothrix saxatilis var. arachnoidea, Asteraceae) - in Santa Barbara County?	Treebeard	All Rights Reserved	128	
9789	ac5c55e8-94fb-4646-97fc-9a1c3a12b8c5	404	https://symbiota.ccber.ucsb.edu/kummel/2026/9973402664.jpg	9973402664.jpg	9973402664	yes	200	https://www.flickr.com/photos/treebeard/9973402664/	https://live.staticflickr.com/3817/9973402664_eda13e19b5_c.jpg	https://live.staticflickr.com/3817/9973402664_eda13e19b5_q.jpg	Green Lynx Spider (Peucetia viridans, Oxyopidae) with egg case on California Buckwheat (Eriogonum fasciculatum, Polygonaceae)	Treebeard	All Rights Reserved	126	
9790	b1321ae3-d2be-4e1d-a068-5f5ef9fc17b1	404	https://symbiota.ccber.ucsb.edu/kummel/2026/9973592864.jpg	9973592864.jpg	9973592864	yes	200	https://www.flickr.com/photos/treebeard/9973592864/	https://live.staticflickr.com/2879/9973592864_3872bbd436_c.jpg	https://live.staticflickr.com/2879/9973592864_3872bbd436_q.jpg	"Adult male Tree Cricket (Oecanthus, Gryllidae, Orthoptera) on fruit of a ""Prickly Pear"" (Opuntia, Cactaceae)"	Treebeard	All Rights Reserved	123	
9791	c622a1a2-51a4-46dd-bf60-d966f73ac7b5	404	https://symbiota.ccber.ucsb.edu/kummel/2026/9973800694.jpg	9973800694.jpg	9973800694	yes	200	https://www.flickr.com/photos/treebeard/9973800694/	https://live.staticflickr.com/2821/9973800694_5c34de21ed_b.jpg	https://live.staticflickr.com/2821/9973800694_5c34de21ed_q.jpg	Adult female Tree Cricket (Oecanthus, Gryllidae, Orthoptera) - done in by cactus spines	Treebeard	All Rights Reserved	121	
9792	cfa38897-d33b-4612-a438-ac8fa6e525f3	404	https://symbiota.ccber.ucsb.edu/kummel/2026/9974173543.jpg	9974173543.jpg	9974173543	yes	200	https://www.flickr.com/photos/treebeard/9974173543/	https://live.staticflickr.com/7403/9974173543_b568dd8e12_b.jpg	https://live.staticflickr.com/7403/9974173543_b568dd8e12_q.jpg	Branching Phacelia (Phacelia ramosissima var. latifolia, Hydrophyllaceae or Boraginaceae) with insects on the wing	Treebeard	All Rights Reserved	123	
9793	3471566e-6b49-4b0c-8b23-23b9ea042581	404	https://symbiota.ccber.ucsb.edu/kummel/2026/9974280395.jpg	9974280395.jpg	9974280395	yes	200	https://www.flickr.com/photos/treebeard/9974280395/	https://live.staticflickr.com/3778/9974280395_b2ffbe29b8_c.jpg	https://live.staticflickr.com/3778/9974280395_b2ffbe29b8_q.jpg	Common Buckeye (Junonia coenia) butterfly on California Buckwheat (Eriogonum fasciculatum, Polygonaceae)	Treebeard	All Rights Reserved	132	
